category,amt,city,state,lat,long,city_pop,job,merch_lat,merch_long,trans_hour,trans_dayofweek,trans_month,customer_age,merchant_distance_km,is_fraud
grocery_pos,94.91,Rocky Mount,MO,38.2911,-92.7059,1847,Tax inspector,38.91648,-93.564426,4,4,12,32.16427104722793,101.98567985666789,0
grocery_net,15.13,Grenada,CA,41.6125,-122.5258,589,Systems analyst,42.367414,-121.558093,1,2,7,73.53045859000684,115.94164568100616,1
shopping_net,1128.83,Carlotta,CA,40.507,-123.9743,1139,"""Therapist, occupational""",39.674539,-124.877603,22,1,12,69.89733059548254,120.30193436005824,1
shopping_pos,1183.93,Craig,AK,55.4732,-133.1171,1920,Commissioning editor,54.539825,-132.377864,23,2,12,23.460643394934976,113.98882720051286,1
health_fitness,96.19,Phoenix,AZ,33.5623,-112.0559,1312922,Contractor,33.22243,-112.509349,22,0,1,37.223819301848046,56.57232247223836,0
home,71.28,Luray,MO,40.4931,-91.8912,519,Town planner,40.780326,-92.88831,14,0,1,52.91718001368925,89.99405807949381,0
travel,9.25,Santa Monica,CA,34.0287,-118.4924,92043,"""Civil engineer, contracting""",33.880463,-119.473564,22,3,7,59.26351813826147,91.98520390406276,1
gas_transport,54.79,Oakland,CA,37.7878,-122.1884,381459,Barista,38.011698,-123.080952,2,6,12,46.98151950718686,82.17633245504604,0
home,82.3,Dumont,CO,39.7532,-105.6356,565,Mental health nurse,39.915597,-106.236003,22,2,12,42.34360027378508,54.35346882500783,0
shopping_net,97.17,Alva,WY,44.6873,-104.4414,110,"""Administrator, local government""",44.563474,-104.009001,10,0,12,47.61943874058864,36.8857841892388,0
shopping_net,924.55,Howells,NE,41.6964,-96.9858,1063,Research scientist (maths),40.972334,-97.794005,22,6,12,91.66324435318276,105.04984779517132,1
food_dining,1.77,Espanola,NM,35.9866,-106.0654,18408,Historic buildings inspector/conservation officer,35.81718,-105.177265,23,2,1,46.49691991786448,82.18261484993735,0
kids_pets,57.88,Greenview,CA,41.5403,-122.9366,308,Call centre manager,41.196176,-122.037594,15,0,12,62.27241615331965,84.21582206208832,0
kids_pets,55.3,Helm,CA,36.4992,-120.0936,123,Early years teacher,36.527792,-119.577223,23,0,1,45.95208761122519,46.25754013740411,0
shopping_pos,7.41,Altonah,UT,40.3207,-110.436,302,"""Sales professional, IT""",40.048142,-111.406167,20,0,1,28.99110198494182,87.81068718018396,0
kids_pets,47.2,Glendale,CA,34.1556,-118.2322,172817,Advertising account planner,34.065075,-117.602362,12,6,12,38.41204654346338,58.85304123609207,0
food_dining,112.24,Iliff,CO,40.7692,-103.0968,648,Community arts worker,40.400313,-103.095867,22,1,3,50.5242984257358,41.01843857303496,1
entertainment,163.69,Meridian,ID,43.6498,-116.4306,84106,Intelligence analyst,43.792165,-117.060102,14,5,1,47.898699520876114,53.00696895901032,0
misc_pos,5.56,Thompson,UT,38.9999,-109.615,46,"""Surveyor, minerals""",39.385666,-108.944685,18,6,12,33.68104038329911,71.95111301366555,0
misc_pos,66.87,Burbank,WA,46.1966,-118.9017,3684,Musician,46.113919,-119.821778,4,3,12,39.08829568788501,71.46285818178359,0
health_fitness,17.8,Tomales,CA,38.2427,-122.9145,337,Occupational psychologist,38.902476,-122.899358,18,3,12,66.49144421629022,73.37555224777263,0
kids_pets,31.82,Port Costa,CA,38.046,-122.1866,198,Armed forces training and education officer,38.899084,-123.135764,14,4,1,59.80287474332649,125.79902599574314,0
food_dining,36.15,Corona,CA,33.8419,-117.6043,233717,Wellsite geologist,32.89611,-117.457339,2,4,12,54.59548254620123,106.0488072058978,0
shopping_pos,1044.27,Aurora,CO,39.6662,-104.835,389246,"""Scientist, marine""",40.319769,-105.135741,19,0,10,49.83709787816564,77.05711298062685,1
shopping_pos,788.66,Conway,WA,48.34,-122.3456,85,"""Research officer, political party""",48.80396,-122.159966,23,0,6,34.75154004106776,53.36727439432304,1
misc_pos,18.33,Camden,MO,39.2048,-94.0259,464,Colour technologist,39.785376,-94.032972,7,6,12,61.58521560574949,64.55995762316319,0
shopping_pos,5.03,Centerview,MO,38.7897,-93.8702,2368,Electronics engineer,38.408192,-93.483807,17,6,12,31.44695414099932,54.10272971715386,0
kids_pets,51.6,Fort Washakie,WY,43.0048,-108.8964,1645,Freight forwarder,43.284115,-109.590868,12,2,12,44.84325804243669,64.33609278238383,0
kids_pets,46.61,Williamsburg,MO,38.8874,-91.7689,710,Glass blower/designer,39.789688,-91.820402,15,5,1,48.29295003422313,100.42755897707696,0
kids_pets,49.74,Parks,AZ,35.2563,-111.95,759,"""Geologist, engineering""",34.434389,-112.822496,18,4,1,61.77138945927447,121.21000765816082,0
home,10.57,Powell Butte,OR,44.2415,-121.0113,2016,Local government officer,43.544413,-120.040694,18,4,1,65.04585900068446,109.80394652067024,0
misc_pos,66.87,Burbank,WA,46.1966,-118.9017,3684,Musician,46.113919,-119.821778,4,3,12,39.08829568788501,71.46285818178359,0
shopping_net,1030.02,Azusa,CA,34.1248,-117.9031,59705,Civil Service fast streamer,33.782994,-118.279099,3,6,9,37.26488706365503,51.45137957893113,1
shopping_pos,3.92,Port Costa,CA,38.046,-122.1866,198,Armed forces training and education officer,38.36601,-121.385511,8,5,12,61.74127310061601,78.52108895544607,0
home,261.79,Fort Washakie,WY,43.0048,-108.8964,1645,Information systems manager,42.20423,-109.34123,22,5,3,33.034907597535934,96.17596630838044,1
home,6.33,Norwalk,CA,33.9056,-118.0818,105549,Firefighter,32.986484,-118.602793,16,5,1,45.30595482546201,113.05551493454853,0
misc_net,1.45,San Diego,CA,33.0067,-117.069,1241364,Chartered public finance accountant,32.737089,-116.889152,5,5,12,61.39356605065024,34.36384783870787,0
misc_net,64.54,Moriarty,NM,34.9889,-106.0609,7268,"""Therapist, art""",35.174244,-106.072575,4,2,1,30.431211498973305,20.63667543397668,0
shopping_pos,1.95,Littleton,CO,39.5994,-105.0044,320420,Water engineer,38.626888,-105.166294,22,1,12,45.4154688569473,109.0366638609004,0
personal_care,5.75,Nelson,NE,40.201,-98.0684,732,Television/film/video producer,40.388168,-98.727415,20,4,12,64.03285420944559,59.64104140321991,0
grocery_pos,98.84,Santa Monica,CA,34.0287,-118.4924,92043,"""Civil engineer, contracting""",34.606818,-118.763664,5,1,1,57.7056810403833,68.94218054805485,0
misc_net,23.57,Hatch,UT,37.7175,-112.4777,258,Geoscientist,37.437406,-111.695693,9,1,1,57.10335386721424,75.6252570282364,0
shopping_net,8.87,Manville,WY,42.73,-104.7024,241,Educational psychologist,43.237098,-105.047018,23,2,12,40.03832991101985,62.97048209991191,0
home,53.68,Superior,AZ,33.2887,-111.0985,2872,Petroleum engineer,33.007566,-110.870739,12,6,1,31.19233401779603,37.77368168362289,0
gas_transport,32.6,Browning,MO,40.029,-93.1607,602,Cytogeneticist,39.335685,-92.982647,5,1,1,64.46817248459959,78.58436720502772,0
home,56.25,Independence,MO,39.1412,-94.3515,123373,"""Engineer, production""",38.688464,-94.646476,15,0,1,26.130047912388772,56.44127938787828,0
shopping_pos,6.23,Llano,NM,36.1486,-105.6648,247,Architectural technologist,35.443383,-106.23191,1,0,12,59.17864476386037,93.62258558424683,0
gas_transport,60.37,Nelson,NE,40.201,-98.0684,732,Television/film/video producer,40.591257,-97.96032,5,0,12,64.04106776180699,44.34930903611449,0
entertainment,13.48,San Jose,CA,37.3304,-121.7913,973849,Geoscientist,38.110652,-121.872653,18,1,12,23.94524298425736,87.05462110507756,0
shopping_pos,848.7,High Rolls Mountain Park,NM,32.9396,-105.8189,899,Naval architect,32.679348,-105.198466,23,6,2,52.48459958932238,64.80387910671713,1
entertainment,589.69,Manley,NE,40.9207,-96.168,206,Human resources officer,41.349658,-95.26557,23,4,7,51.80835044490075,89.36850954519817,1
food_dining,36.78,Sutherland,NE,41.1558,-101.136,1789,Insurance broker,41.161226,-100.844865,18,0,1,36.9034907597536,24.380617309743048,0
gas_transport,58.9,Rocky Mount,MO,38.2911,-92.7059,1847,Tax inspector,38.484985,-92.459222,8,3,12,32.18069815195072,30.447158465335924,0
shopping_net,19.51,Mound City,MO,40.1362,-95.2138,1631,Architect,40.424518,-94.77025,8,2,12,67.94250513347022,49.432016806567525,0
misc_net,9.69,Thompson,UT,38.9999,-109.615,46,"""Surveyor, minerals""",39.475588,-109.382289,10,2,12,33.68925393566051,56.56373209985189,0
grocery_net,79.32,American Fork,UT,40.3928,-111.7941,42384,Futures trader,40.174027,-110.873396,3,1,12,28.0,81.79977422256619,0
kids_pets,17.05,Issaquah,WA,47.4974,-122.0107,50489,Osteopath,48.186298,-122.079857,18,2,12,36.83504449007529,76.7756358664609,0
gas_transport,43.26,Blairstown,MO,38.5319,-93.9221,467,Agricultural consultant,37.785401,-93.880707,2,2,1,68.60232717316906,83.08575770647255,0
gas_transport,9.79,Thompson,UT,38.9999,-109.615,46,"""Surveyor, minerals""",39.157345,-109.126592,8,3,1,31.73716632443532,45.64915392632874,1
misc_net,42.89,Daly City,CA,37.6787,-122.478,107941,"""Buyer, industrial""",37.32033,-122.324565,11,3,1,27.28815879534565,42.08501902226784,0
shopping_net,1170.45,Carroll,NE,42.277,-97.1926,566,Metallurgist,42.705451,-96.567359,22,6,2,45.07597535934291,69.9843185994079,1
misc_net,764.72,Sixes,OR,42.825,-124.4409,217,Retail merchandiser,42.091866,-123.995989,23,0,2,91.35934291581108,89.31812054488111,1
health_fitness,71.85,Alva,WY,44.6873,-104.4414,110,"""Administrator, local government""",45.137535,-104.823764,21,1,1,45.667351129363446,58.42068813734421,0
grocery_pos,182.15,Kansas City,MO,38.9621,-94.5959,545147,Counsellor,38.398077,-95.400727,3,5,12,33.106091718001366,93.88261935360896,0
shopping_net,5.53,Kansas City,MO,38.9621,-94.5959,545147,Counsellor,38.059289,-95.398069,16,3,12,33.11978097193703,122.26575116498806,0
shopping_net,9.49,Cascade Locks,OR,45.671,-121.8686,1288,Barrister,45.33744,-121.966647,6,5,1,82.68035592060232,37.86905306541125,0
grocery_pos,89.23,Espanola,NM,35.9866,-106.0654,18408,Historic buildings inspector/conservation officer,36.573664,-105.970744,0,2,12,48.4517453798768,65.82763291360013,0
grocery_pos,182.81,Laramie,WY,41.4247,-105.4781,35371,"""Pilot, airline""",40.766215,-106.39636,5,1,12,32.323066392881586,106.21679609808632,0
shopping_pos,7.59,Ruidoso,NM,33.3305,-105.6933,8874,Licensed conveyancer,32.692582,-105.307324,12,1,1,18.39561943874059,79.54094361813979,0
gas_transport,56.81,Centerview,MO,38.7897,-93.8702,2368,Electronics engineer,39.477397,-93.749625,1,5,12,31.444216290212182,77.17233898075776,0
gas_transport,60.53,Nelson,NE,40.201,-98.0684,732,Television/film/video producer,39.283875,-98.302553,10,2,12,64.04654346338124,103.92608944825244,0
personal_care,8.87,Greenview,CA,41.5403,-122.9366,308,Call centre manager,42.049686,-122.097644,22,3,1,60.28747433264887,89.6947859219676,0
shopping_pos,7.7,Conway,WA,48.34,-122.3456,85,"""Research officer, political party""",48.905955,-121.574867,14,2,1,34.35455167693361,84.6722259149533,0
shopping_net,979.57,Honokaa,HI,20.0827,-155.488,4878,Physiotherapist,20.184493,-156.069084,15,1,7,53.63175906913073,61.71208036944439,1
gas_transport,62.75,Mountain Center,CA,33.6401,-116.5567,1661,"""Therapist, music""",33.553284,-116.01521,5,0,12,32.27378507871321,51.07343816339733,0
misc_net,3.54,Arnold,MO,38.4305,-90.387,35439,Land/geomatics surveyor,38.910523,-90.593086,7,3,12,35.75359342915811,56.294852381803246,0
home,144.94,Arnold,MO,38.4305,-90.387,35439,Land/geomatics surveyor,39.04423,-89.498053,21,4,1,33.76317590691308,102.96487854526517,0
misc_pos,7.94,Newhall,CA,34.3795,-118.523,34882,Health physicist,34.514045,-118.583977,1,2,12,49.68377823408624,15.97144561387661,0
shopping_pos,15.14,Wheaton,MO,36.7651,-94.0492,760,Production manager,36.241693,-94.775059,14,0,12,35.3264887063655,87.15681664259611,0
travel,3.85,Freedom,WY,43.0172,-111.0292,471,"""Education officer, museum""",43.97906,-111.122623,13,2,1,51.43874058863792,107.21906227712634,0
home,372.73,Camden,MO,39.2048,-94.0259,464,Colour technologist,39.986908,-94.848004,22,3,10,61.385352498288846,111.91358859230772,1
kids_pets,107.79,Espanola,NM,35.9866,-106.0654,18408,Historic buildings inspector/conservation officer,36.133754,-106.519649,16,1,12,48.44900752908966,43.988855545221774,0
grocery_pos,102.05,Carroll,NE,42.277,-97.1926,566,Metallurgist,43.179064,-96.440183,10,3,12,45.93018480492813,117.63488404161328,0
kids_pets,99.91,Mound City,MO,40.1362,-95.2138,1631,Architect,40.56556,-94.321265,21,3,1,65.99041752224504,89.44143050772743,0
entertainment,38.48,Moriarty,NM,34.9889,-106.0609,7268,"""Therapist, art""",35.809178,-106.986629,15,5,12,32.394250513347025,123.93337572545224,0
kids_pets,29.25,Oakland,CA,37.7878,-122.1884,381459,Barista,38.010877,-123.142114,15,1,1,44.99383983572896,87.28015143850578,0
kids_pets,29.66,Rock Springs,WY,41.606,-109.23,27971,Music therapist,40.721514,-110.048806,19,4,1,34.42573579739904,119.87746563978163,0
kids_pets,6.83,Altonah,UT,40.3207,-110.436,302,"""Sales professional, IT""",40.019633,-109.600183,13,3,12,30.954140999315538,78.51184963697885,0
misc_pos,22.83,Kansas City,MO,38.9621,-94.5959,545147,Counsellor,38.159154,-93.866536,5,3,12,33.11978097193703,109.51296013969534,0
shopping_pos,7.73,Honokaa,HI,20.0827,-155.488,4878,Physiotherapist,20.417444,-155.494826,8,5,1,52.12867898699521,37.22864560035474,0
misc_net,2.38,Orient,WA,48.8878,-118.2105,149,Special educational needs teacher,48.804191,-117.630155,1,1,12,42.5242984257358,43.47278285585365,0
kids_pets,23.46,Conway,WA,48.34,-122.3456,85,"""Research officer, political party""",48.987651,-122.482622,19,6,1,34.365503080082135,72.71515606262807,0
misc_net,5.69,June Lake,CA,37.7773,-119.0825,633,Health service manager,37.818461,-119.837639,10,6,12,93.30047912388775,66.50683388644035,0
health_fitness,88.51,Red River,NM,36.6659,-105.4694,606,"""Surveyor, land/geomatics""",37.297191,-105.809133,16,0,1,30.33538672142368,76.40783071520536,0
gas_transport,41.38,Conway,WA,48.34,-122.3456,85,"""Research officer, political party""",48.892568,-121.47255,5,2,1,34.37371663244353,88.84766384511137,0
gas_transport,64.78,Mound City,MO,40.1362,-95.2138,1631,Architect,40.155844,-95.088866,9,6,12,67.93429158110882,10.841442006241945,0
health_fitness,29.37,Tomales,CA,38.2427,-122.9145,337,Occupational psychologist,38.250964,-123.084335,13,6,1,64.50650239561944,14.859629835580488,0
shopping_pos,221.77,Independence,MO,39.1412,-94.3515,123373,"""Engineer, production""",39.216487,-93.447693,20,5,12,28.079397672826836,78.35257378249517,0
grocery_pos,304.91,Sixes,OR,42.825,-124.4409,217,Retail merchandiser,43.217792,-123.73671,7,0,2,91.35934291581108,72.00529128126577,1
food_dining,11.31,Arnold,MO,38.4305,-90.387,35439,Land/geomatics surveyor,38.513694,-90.469694,18,6,1,33.78781656399726,11.721851303897024,0
grocery_pos,110.81,Carroll,NE,42.277,-97.1926,566,Metallurgist,41.743849,-96.35235,0,1,1,43.969883641341546,91.28955006000332,0
personal_care,48.12,Parks,AZ,35.2563,-111.95,759,"""Geologist, engineering""",34.981798,-112.352708,22,1,11,62.66392881587954,47.67838411023632,1
home,99.5,Orient,WA,48.8878,-118.2105,149,Special educational needs teacher,48.238306,-118.523531,15,0,1,40.54757015742642,75.80497200155382,0
entertainment,463.74,Daly City,CA,37.6787,-122.478,107941,"""Buyer, industrial""",38.408105,-122.911673,0,5,3,27.44695414099932,89.55674506627155,1
personal_care,30.53,Llano,NM,36.1486,-105.6648,247,Architectural technologist,36.904547,-106.075642,18,6,12,59.175906913073234,91.72382459265432,0
misc_net,20.02,Unionville,MO,40.4815,-92.9951,3805,"""Investment banker, corporate""",40.761089,-92.040368,0,5,1,68.30663928815879,86.36830077841323,0
personal_care,81.79,Vancouver,WA,45.6892,-122.6616,299480,Teaching laboratory technician,45.260214,-122.456348,21,2,12,35.9917864476386,50.314167913510126,0
personal_care,45.59,Broomfield,CO,39.8854,-105.1139,92337,"""Engineer, electronics""",39.133092,-105.031427,18,0,12,53.19644079397673,83.95149891171967,0
misc_pos,149.72,Newhall,CA,34.3795,-118.523,34882,Health physicist,34.616976,-119.141914,8,6,1,47.73990417522245,62.56319488043689,0
grocery_net,9.27,Tekoa,WA,47.2271,-117.0819,895,Clothing/textile technologist,46.775306,-117.135449,3,6,8,20.197125256673512,50.401050771125206,1
shopping_net,7.11,Albuquerque,NM,35.1506,-106.569,641349,Civil Service administrator,35.480344,-107.169558,13,6,1,42.776180698151954,65.67771950980787,0
misc_pos,527.92,Ballwin,MO,38.577,-90.5255,92608,"""Engineer, communications""",39.296264,-90.461661,13,6,1,17.467488021902806,80.16887293060412,0
gas_transport,49.48,Newhall,CA,34.3795,-118.523,34882,Health physicist,33.387959,-118.557761,9,1,12,49.68104038329911,110.3010104017692,0
entertainment,46.28,Lake Oswego,OR,45.4093,-122.6847,42817,Planning and development surveyor,46.10548,-122.6413,19,6,12,38.5845311430527,77.48486875462392,0
personal_care,71.36,Centerview,MO,38.7897,-93.8702,2368,Electronics engineer,38.846172,-93.824245,22,1,1,29.45927446954141,7.435206091131105,0
grocery_pos,139.34,Greenview,CA,41.5403,-122.9366,308,Call centre manager,41.637234,-122.303342,9,5,12,62.26694045174538,53.756951443047136,0
misc_net,135.45,Omaha,NE,41.2064,-95.9953,518429,"""Surveyor, land/geomatics""",41.09935,-95.747545,20,1,1,23.227926078028748,23.9159762539366,0
travel,10.62,Sutherland,NE,41.1558,-101.136,1789,Insurance broker,40.66627,-101.860761,22,5,8,38.48870636550308,81.6833302073054,1
misc_net,806.03,Lamy,NM,35.4311,-105.9409,923,Public relations account executive,35.933504,-106.014046,23,6,2,54.65571526351814,56.25405367054388,1
shopping_pos,3.96,Rock Springs,WY,41.606,-109.23,27971,Music therapist,41.385538,-108.969724,13,0,12,36.40793976728269,32.723819592685,0
gas_transport,60.37,Nelson,NE,40.201,-98.0684,732,Television/film/video producer,40.591257,-97.96032,5,0,12,64.04106776180699,44.34930903611449,0
shopping_pos,588.42,Meridian,ID,43.6498,-116.4306,84106,Intelligence analyst,43.846518,-117.223864,16,0,1,47.90417522245038,67.36912158248491,0
gas_transport,46.16,Rocky Mount,MO,38.2911,-92.7059,1847,Tax inspector,38.03615,-93.064465,2,5,1,30.23134839151266,42.26559362328206,0
kids_pets,11.58,Meridian,ID,43.6498,-116.4306,84106,Intelligence analyst,43.189379,-116.732987,15,3,1,47.912388774811774,56.7231818859198,0
food_dining,60.29,Alva,WY,44.6873,-104.4414,110,"""Administrator, local government""",44.572457,-103.864062,19,1,1,45.6290212183436,47.437468073743005,0
misc_pos,66.43,Lowell,OR,43.921,-122.7806,1420,Systems analyst,44.584287,-122.077455,8,3,12,55.13757700205339,92.60554539489472,0
misc_pos,6.1,Rocky Mount,MO,38.2911,-92.7059,1847,Tax inspector,38.584293,-93.104308,20,6,12,32.16974674880219,47.61260980152593,0
shopping_pos,715.29,San Diego,CA,32.7185,-117.1593,1241364,Comptroller,32.785261,-117.276053,23,1,1,31.16495550992471,13.203033127488892,1
misc_pos,99.08,Newhall,CA,34.3795,-118.523,34882,Health physicist,34.370236,-118.195791,2,1,1,47.68788501026694,30.047576783625896,0
personal_care,22.25,June Lake,CA,37.7773,-119.0825,633,Health service manager,37.466982,-119.36131,23,4,1,91.34017796030116,42.35109476430934,0
food_dining,49.3,Westerville,NE,41.4193,-99.3844,73,Product designer,41.326645,-98.489611,20,2,12,85.88637919233402,75.37120201042292,0
travel,5.86,Westerville,NE,41.4193,-99.3844,73,Product designer,40.973687,-99.014111,12,2,12,85.88637919233402,58.438400836527954,0
misc_net,5.73,Holstein,NE,40.4542,-98.6538,331,Telecommunications researcher,40.969853,-97.984753,10,6,1,68.3832991101985,80.42076631579062,0
shopping_pos,20.73,Llano,NM,36.1486,-105.6648,247,Architectural technologist,36.866231,-106.220302,9,0,12,59.17864476386037,93.98111018333968,0
grocery_pos,88.58,Carroll,NE,42.277,-97.1926,566,Metallurgist,42.286658,-97.699895,6,0,12,45.921971252566735,41.74736818590764,0
shopping_net,6.48,Newhall,CA,34.3795,-118.523,34882,Health physicist,35.253252,-117.74474,21,1,1,47.68788501026694,120.36131598325753,0
kids_pets,166.11,Greenview,CA,41.5403,-122.9366,308,Call centre manager,40.788462,-122.178549,16,2,1,60.284736481861735,104.95515016362693,0
shopping_net,7.68,Daly City,CA,37.6787,-122.478,107941,"""Buyer, industrial""",36.988085,-122.574711,15,5,12,29.229295003422312,77.26743425624205,0
personal_care,59.04,Orient,WA,48.8878,-118.2105,149,Special educational needs teacher,49.099876,-118.599969,17,5,12,42.5160848733744,36.92602695219552,0
grocery_pos,311.52,Glendale,CA,34.1556,-118.2322,172817,"""Accountant, chartered""",34.235686,-118.773812,22,5,9,77.95482546201232,50.60275988746469,1
kids_pets,89.77,Manley,NE,40.9207,-96.168,206,Human resources officer,40.77597,-96.689685,12,2,1,51.28542094455853,46.73827634594124,0
grocery_net,53.6,Newhall,CA,34.3795,-118.523,34882,Health physicist,33.39244,-118.978439,7,3,1,47.71252566735113,117.53177540057716,0
shopping_pos,134.66,Carroll,NE,42.277,-97.1926,566,Metallurgist,42.25157,-97.388137,3,1,1,43.950718685831625,16.33727929808579,0
shopping_pos,725.52,Saint Louis,MO,38.6171,-90.4504,927396,Occupational hygienist,39.106587,-90.9344,9,6,1,58.83915126625599,68.69175415141196,0
shopping_net,99.88,Red Cliff,CO,39.4584,-106.3851,277,Human resources officer,40.364098,-107.228696,3,2,12,35.742642026009584,123.76948763486683,0
gas_transport,45.88,Blairstown,MO,38.5319,-93.9221,467,Agricultural consultant,37.595224,-93.355742,8,0,1,68.61601642710473,115.35280788759432,0
travel,8.88,Meridian,ID,43.6498,-116.4306,84106,Intelligence analyst,43.004619,-116.656525,20,1,1,47.90691307323751,74.03176468144724,0
misc_net,73.53,Colorado Springs,CO,38.8881,-104.6556,525713,Museum/gallery exhibitions officer,38.867904,-104.56843,8,6,1,26.699520876112253,7.872821373269251,0
kids_pets,38.52,Colton,WA,46.5901,-117.1692,761,Chief Marketing Officer,46.479329,-116.508983,12,4,1,75.53456536618754,51.98193150711173,0
grocery_pos,162.39,Napa,CA,38.4549,-122.2564,94014,Airline pilot,38.798232,-121.447119,1,3,1,33.36892539356605,79.99796980796557,0
misc_pos,1.65,Moab,UT,38.5677,-109.5271,9772,Location manager,39.275339,-109.256945,21,3,12,31.082819986310746,82.08324562776322,0
home,119.04,Sacramento,CA,38.5662,-121.3286,757530,Magazine features editor,37.806834,-121.843654,23,6,12,41.661875427789184,95.68707902051813,0
misc_pos,138.18,Phoenix,AZ,33.8155,-112.1202,1312922,Counselling psychologist,34.681123,-112.929078,16,4,1,19.134839151266256,121.62194475702196,0
shopping_pos,671.44,Lamy,NM,35.4311,-105.9409,923,Public relations account executive,36.411315,-105.841668,21,6,2,54.65571526351814,109.36058354459183,1
entertainment,164.73,Mesa,ID,44.6255,-116.4493,129,Cartographer,45.053886,-115.556936,17,3,1,53.08966461327858,84.96688611269694,0
home,298.27,San Jose,CA,37.3304,-121.7913,973849,Science writer,36.763071,-120.998138,13,6,12,65.54414784394251,94.52308767535769,0
gas_transport,65.57,Altonah,UT,40.3207,-110.436,302,"""Sales professional, IT""",41.052873,-110.955319,10,3,1,28.980150581793293,92.44184240003284,0
shopping_net,931.13,Hawthorne,CA,33.9143,-118.3493,93193,"""Editor, magazine features""",34.844533,-118.528868,21,2,9,24.37782340862423,104.74158570604264,1
personal_care,6.51,Claremont,CA,34.1092,-117.7183,35705,Wellsite geologist,33.207768,-118.494393,23,5,12,64.61601642710473,123.31387276446618,0
health_fitness,72.56,Blairsden-Graeagle,CA,39.8127,-120.6405,1725,Chartered legal executive (England and Wales),39.951573,-121.53471,21,0,1,51.65503080082136,77.84690626080334,0
misc_net,23.71,Sutherland,NE,41.1558,-101.136,1789,Insurance broker,41.346464,-101.940393,12,6,1,36.91991786447639,70.50922553821665,0
kids_pets,133.85,Palmdale,CA,34.5715,-118.0231,171170,Chemical engineer,34.848885,-118.828423,14,2,1,55.58110882956879,79.81249075605105,0
health_fitness,69.65,Norwalk,CA,33.9056,-118.0818,105549,Firefighter,33.010193,-117.956897,13,4,12,47.2580424366872,100.2366580920369,0
personal_care,6.52,Portland,OR,45.5303,-122.7033,841711,"""Engineer, building services""",44.670833,-123.050022,14,0,12,57.73579739904175,99.36720982063171,0
entertainment,99.15,Nelson,NE,40.201,-98.0684,732,Television/film/video producer,40.877659,-98.236331,18,5,1,62.09993155373032,76.56752749759468,0
grocery_pos,311.52,Glendale,CA,34.1556,-118.2322,172817,"""Accountant, chartered""",34.235686,-118.773812,22,5,9,77.95482546201232,50.60275988746469,1
entertainment,8.06,Glendale,CA,34.1556,-118.2322,172817,Advertising account planner,33.630822,-118.71488,19,2,1,36.46543463381246,73.41553828947217,0
shopping_net,8.11,Jelm,WY,41.0539,-106.0763,100,Public librarian,42.041938,-105.799743,16,6,12,46.69952087611225,112.24930370197735,0
food_dining,50.37,Lamy,NM,35.4311,-105.9409,923,Public relations account executive,35.808921,-106.603115,14,6,1,54.55989048596852,73.12921641890567,0
shopping_net,7.7,Newhall,CA,34.3795,-118.523,34882,Health physicist,33.382175,-117.875074,19,4,1,47.696098562628336,125.99829511065754,0
health_fitness,102.54,Daly City,CA,37.6787,-122.478,107941,"""Buyer, industrial""",37.049231,-122.916859,15,6,1,27.29637234770705,80.02107757950807,0
shopping_net,1.48,Ruidoso,NM,33.3305,-105.6933,8874,Licensed conveyancer,33.129809,-104.813704,20,4,1,18.42299794661191,84.80146833559293,0
misc_net,196.13,Carlotta,CA,40.507,-123.9743,1139,"""Therapist, occupational""",40.100628,-124.427893,0,0,1,68.0164271047228,59.340809129224894,0
grocery_net,23.66,Browning,MO,40.029,-93.1607,602,Cytogeneticist,41.027079,-92.673069,0,1,1,64.50650239561944,118.38610613155556,0
health_fitness,24.19,Napa,CA,38.4549,-122.2564,94014,Airline pilot,39.043179,-122.069835,13,6,1,33.37713894592745,67.38469445964533,0
grocery_pos,299.02,Mendon,UT,41.71,-111.9817,2078,"""Scientist, audiological""",41.643167,-112.296253,3,6,3,56.71731690622861,27.1608664986989,1
kids_pets,63.72,Owensville,MO,38.3511,-91.4867,6703,Naval architect,38.289823,-91.579178,17,0,12,22.60917180013689,10.559984235002576,0
personal_care,8.2,Mesa,ID,44.6255,-116.4493,129,Cartographer,43.749837,-116.684895,13,1,1,53.04585900068447,99.16461053076792,0
gas_transport,69.28,Thompson,UT,38.9999,-109.615,46,"""Surveyor, minerals""",39.02913,-110.192456,10,0,12,33.68377823408624,49.99611621857554,0
misc_net,796.91,Paauilo,HI,20.0271,-155.3697,1490,"""Scientist, research (maths)""",20.445248,-155.365041,3,6,12,28.692676249144423,46.49847690142535,1
shopping_pos,3.88,Newhall,CA,34.3795,-118.523,34882,Health physicist,34.015955,-118.324432,12,0,1,47.742642026009584,44.35803249521369,0
gas_transport,59.36,Greenview,CA,41.5403,-122.9366,308,Call centre manager,40.580401,-122.734192,4,1,1,60.32032854209446,108.07648915033668,0
personal_care,54.51,Sutherland,NE,41.1558,-101.136,1789,Insurance broker,41.461037,-101.370676,14,1,12,38.88021902806297,39.194329957536645,0
shopping_pos,2.86,Honokaa,HI,20.0827,-155.488,4878,Physiotherapist,19.733236,-155.750594,7,0,12,54.06981519507187,47.57859343289713,0
kids_pets,45.26,Glendale,CA,34.1556,-118.2322,172817,Advertising account planner,34.028767,-118.410304,15,0,1,36.47912388774812,21.630544335860375,0
grocery_pos,87.61,Sutherland,NE,41.1558,-101.136,1789,Insurance broker,40.403898,-101.022827,4,2,12,38.8829568788501,84.14894703164266,0
personal_care,10.28,Rocky Mount,MO,38.2911,-92.7059,1847,Tax inspector,39.133583,-92.0917,17,2,1,30.223134839151268,107.77608077362262,0
gas_transport,22.57,Campbell,NE,40.2967,-98.737,493,"""Surveyor, minerals""",40.465727,-99.673822,1,3,5,78.6694045174538,81.54650133656435,1
health_fitness,94.85,Meridian,ID,43.6498,-116.4306,84106,Intelligence analyst,43.884781,-116.149261,12,1,12,49.88090349075976,34.54102458570824,0
food_dining,3.17,Glendale,CA,34.1556,-118.2322,172817,Advertising account planner,33.492558,-117.233357,23,3,12,38.40383299110199,118.10512244569586,0
shopping_net,25.21,Colton,WA,46.5901,-117.1692,761,Chief Marketing Officer,46.606186,-116.88467,10,0,12,77.49760438056126,21.812470626513843,0
food_dining,63.44,Meadville,MO,39.7795,-93.3014,964,Tourist information centre manager,39.317839,-94.201777,15,3,12,46.02327173169062,92.7078056357459,0
grocery_pos,381.39,Napa,CA,38.4549,-122.2564,94014,Airline pilot,39.04434,-122.602069,1,6,3,33.568788501026695,72.07221780856602,1
shopping_net,1071.55,High Rolls Mountain Park,NM,32.9396,-105.8189,899,Naval architect,32.192921,-105.631445,23,0,2,52.48733744010951,84.86488640052472,1
gas_transport,42.52,Rocky Mount,MO,38.2911,-92.7059,1847,Tax inspector,37.839981,-93.685203,4,3,12,32.18069815195072,99.32839743129227,0
gas_transport,84.78,Hawthorne,CA,33.9143,-118.3493,93193,"""Editor, magazine features""",32.963391,-117.744034,11,5,12,25.689253935660503,119.72541639870752,0
shopping_pos,6.56,Ballwin,MO,38.577,-90.5255,92608,"""Engineer, communications""",39.254627,-90.782687,13,0,12,19.42505133470226,78.56539154305642,0
gas_transport,63.18,Fort Washakie,WY,43.0048,-108.8964,1645,Information systems manager,43.699163,-108.461665,2,1,12,34.86379192334018,84.83419674824752,0
shopping_net,52.27,Meredith,CO,39.3199,-106.6596,61,Public relations account executive,38.507893,-105.915424,0,4,12,81.14168377823408,110.89542050952365,0
entertainment,90.49,Helm,CA,36.4992,-120.0936,123,Early years teacher,37.354562,-119.605056,21,5,12,47.88227241615332,104.5563709433518,0
gas_transport,52.46,North Loup,NE,41.4972,-98.7858,509,"""Nurse, children's""",42.41485,-98.553726,5,5,1,38.30527036276523,103.82679823589584,0
home,41.47,Sun City,CA,33.7467,-117.1721,54287,"""Designer, exhibition/display""",32.792966,-117.164765,19,0,12,48.26557152635181,106.05257453461184,0
kids_pets,10.51,Blairstown,MO,38.5319,-93.9221,467,Agricultural consultant,38.097708,-93.716987,17,0,12,70.59000684462697,51.489662380933375,0
personal_care,43.74,Rocky Mount,MO,38.2911,-92.7059,1847,Tax inspector,37.438254,-93.264888,17,0,12,32.172484599589325,106.77500681442386,0
shopping_net,826.45,Arnold,MO,38.4305,-90.387,35439,Land/geomatics surveyor,38.369595,-90.519745,23,0,3,33.94387405886379,13.404376463156638,1
misc_net,1.51,Conway,WA,48.34,-122.3456,85,"""Research officer, political party""",48.468928,-122.743,14,0,1,34.36824093086927,32.65113950581042,0
home,19.03,June Lake,CA,37.7773,-119.0825,633,Health service manager,38.39875,-118.660037,22,4,1,91.32101300479124,78.37125985641211,0
travel,2.28,Laguna Hills,CA,33.615,-117.7114,45303,Sales executive,33.868964,-117.398804,19,4,1,49.034907597535934,40.409124002153824,0
grocery_pos,69.02,Fullerton,NE,41.366,-98.0054,1749,"""Surveyor, mining""",41.889762,-98.336071,11,5,12,47.63860369609856,64.39878761849228,0
entertainment,41.3,Fullerton,NE,41.366,-98.0054,1749,"""Surveyor, mining""",41.444209,-98.226178,13,4,1,45.70020533880904,20.36365221562248,0
food_dining,35.49,Sutherland,NE,41.1558,-101.136,1789,Insurance broker,41.417483,-100.842518,22,3,1,36.930869267624914,38.052410429789866,0
gas_transport,52.65,Hatch,UT,37.7175,-112.4777,258,Geoscientist,38.07027,-111.871426,0,5,1,57.15263518138261,66.09783490342406,0
grocery_pos,204.55,Littleton,CO,39.5994,-105.0044,320420,Water engineer,39.047851,-105.812008,0,1,1,43.441478439425055,92.66650525364668,0
home,52.25,Holstein,NE,40.4542,-98.6538,331,Telecommunications researcher,40.792448,-99.341685,17,6,1,68.3832991101985,69.17411809990891,0
shopping_net,8.11,Red River,NM,36.6659,-105.4694,606,"""Surveyor, land/geomatics""",37.184733,-105.218084,23,1,1,30.31895961670089,61.86581145936953,0
gas_transport,9.31,Portland,OR,45.5303,-122.7033,841711,"""Engineer, building services""",44.901522,-122.60014,2,2,7,57.30047912388775,70.3822997517158,1
personal_care,36.12,Phoenix,AZ,33.5623,-112.0559,1312922,Contractor,32.762467,-112.827902,23,1,12,39.181382614647504,114.34001305989926,0
gas_transport,63.78,Luray,MO,40.4931,-91.8912,519,Town planner,40.747793,-92.568119,10,1,1,52.90075290896646,63.76662341932988,0
home,87.58,Laguna Hills,CA,33.615,-117.7114,45303,Sales executive,34.383176,-118.561676,13,4,1,49.054072553045856,115.93017686377073,0
misc_pos,36.62,Helm,CA,36.4992,-120.0936,123,Early years teacher,35.590437,-120.030031,8,1,1,45.89733059548254,101.21132520880496,0
kids_pets,46.36,Vinton,CA,40.0235,-120.7986,128,Education administrator,39.683926,-120.085842,14,5,1,52.90896646132786,71.60674455686384,0
grocery_pos,218.32,Independence,MO,39.1412,-94.3515,123373,"""Engineer, production""",39.590333,-93.940436,3,2,1,26.13552361396304,61.17891783131849,0
food_dining,44.3,Saint Louis,MO,38.6171,-90.4504,927396,Occupational hygienist,38.406662,-90.831319,6,2,1,58.82819986310746,40.57078789310224,0
shopping_net,9.23,Glendale,CA,34.1556,-118.2322,172817,Advertising account planner,34.708327,-119.229282,18,1,12,38.417522245037645,110.17934379503524,0
health_fitness,72.56,Alva,WY,44.6873,-104.4414,110,"""Administrator, local government""",45.652002,-104.548604,18,4,12,47.611225188227245,107.59864411644809,0
gas_transport,49.29,Thompson,UT,38.9999,-109.615,46,"""Surveyor, minerals""",39.933463,-108.7095,0,5,12,33.67830253251198,129.68213454218852,0
travel,9.24,San Diego,CA,33.0067,-117.069,1241364,"""Pharmacist, hospital""",32.37112,-117.544276,16,1,1,58.85557837097878,83.50418107593404,0
entertainment,41.99,Carlotta,CA,40.507,-123.9743,1139,"""Therapist, occupational""",39.749717,-123.608072,17,6,12,69.94934976043805,89.77807103724578,0
entertainment,25.63,Redford,MO,37.3272,-91.0243,241,Investment analyst,38.256228,-92.02378,17,6,1,44.2135523613963,135.58872795950103,0
misc_pos,179.96,Littleton,CO,39.5994,-105.0044,320420,Water engineer,39.682749,-104.063447,11,2,1,43.42505133470226,81.10125951334818,0
home,46.12,Laramie,WY,41.4247,-105.4781,35371,"""Pilot, airline""",41.171586,-105.10149,21,0,1,30.34633812457221,42.21339502932012,0
gas_transport,63.18,Fort Washakie,WY,43.0048,-108.8964,1645,Information systems manager,43.699163,-108.461665,2,1,12,34.86379192334018,84.83419674824752,0
gas_transport,49.07,Conway,WA,48.34,-122.3456,85,"""Research officer, political party""",48.166257,-122.454618,7,3,1,34.37645448323067,20.93765967085583,0
misc_net,1.98,Colton,WA,46.5901,-117.1692,761,Chief Marketing Officer,46.43526,-117.98747,7,0,12,77.49760438056126,64.94064458165232,0
travel,1.38,Rocky Mount,MO,38.2911,-92.7059,1847,Tax inspector,38.560604,-93.282033,20,6,12,32.16974674880219,58.45381117051704,0
personal_care,8.29,Freedom,WY,43.0172,-111.0292,471,"""Education officer, museum""",42.621833,-110.988931,16,6,12,53.40451745379877,44.08531798993469,0
shopping_pos,17.16,Saint Louis,MO,38.6171,-90.4504,927396,Occupational hygienist,39.53574,-90.8623,8,3,12,60.80492813141684,108.15897213895188,0
personal_care,55.77,Manville,WY,42.73,-104.7024,241,Educational psychologist,42.915965,-105.219093,13,6,1,38.05612594113621,46.93980745715757,0
food_dining,44.46,Claremont,CA,34.1092,-117.7183,35705,Wellsite geologist,33.172693,-117.447305,18,1,1,62.63107460643395,107.11383002100838,0
gas_transport,64.3,Espanola,NM,35.9866,-106.0654,18408,Historic buildings inspector/conservation officer,36.515165,-105.454634,11,0,1,46.51060917180013,80.33590232251647,0
grocery_pos,328.72,Yellowstone National Park,WY,44.7957,-110.6137,369,Materials engineer,44.203374,-110.246206,22,5,10,77.88364134154689,72.02419868244849,1
home,35.47,Stayton,OR,44.8021,-122.7624,9587,"""Engineer, biomedical""",45.352251,-122.199776,18,1,12,52.766598220396986,75.45762792657659,0
personal_care,11.79,Utica,MO,39.7417,-93.6289,271,Land/geomatics surveyor,38.821138,-92.85945,17,1,12,48.69815195071869,121.9163003601577,0
home,223.89,Jelm,WY,41.0539,-106.0763,100,Public librarian,40.41506,-106.529194,23,3,7,45.215605749486656,80.63607366789924,1
kids_pets,8.09,Grenada,CA,41.6125,-122.5258,589,Systems analyst,40.940619,-122.058826,19,0,1,73.06502395619438,84.28713471880323,0
shopping_net,9.85,Lamy,NM,35.4311,-105.9409,923,Public relations account executive,35.492498,-106.34697,8,2,1,54.548939082819984,37.40545302923378,0
gas_transport,54.15,North Loup,NE,41.4972,-98.7858,509,"""Nurse, children's""",41.47854,-98.73455,3,1,12,40.28747433264887,4.746444232444562,0
kids_pets,22.65,Redford,MO,37.3272,-91.0243,241,Investment analyst,36.362522,-90.885173,21,0,1,44.21629021218344,107.97932131308112,0
grocery_pos,333.53,Parks,AZ,35.2563,-111.95,759,"""Geologist, engineering""",35.149764,-112.192014,22,2,11,62.66666666666666,24.97710565491779,1
grocery_pos,88.86,Orient,WA,48.8878,-118.2105,149,Special educational needs teacher,48.092487,-118.225929,7,0,12,42.521560574948666,88.44207937246858,0
grocery_net,110.13,Burbank,WA,46.1966,-118.9017,3684,Musician,46.871007,-119.361706,2,5,12,39.07460643394935,82.83539212024696,0
grocery_net,90.49,Lake Oswego,OR,45.4093,-122.6847,42817,Planning and development surveyor,45.321593,-122.516963,9,0,1,36.65160848733744,16.33502326042288,0
shopping_pos,7.05,Conway,WA,48.34,-122.3456,85,"""Research officer, political party""",49.096636,-121.932747,12,5,1,34.362765229295,89.41938242976218,0
health_fitness,19.89,Burbank,WA,46.1966,-118.9017,3684,Musician,45.367824,-118.164693,18,4,4,38.40109514031485,108.43777979266872,1
home,37.28,Ballwin,MO,38.577,-90.5255,92608,"""Engineer, communications""",39.237672,-90.768338,13,2,1,17.456536618754278,76.40920303880233,0
home,23.14,Sutherland,NE,41.1558,-101.136,1789,Insurance broker,41.684838,-101.268369,21,1,12,38.88021902806297,59.852790354537184,0
grocery_pos,324.59,Kent,OR,45.0838,-120.6649,60,Museum education officer,44.098726,-120.147531,0,3,9,77.44284736481862,116.94524454277642,1
shopping_pos,261.23,Independence,MO,39.1412,-94.3515,123373,"""Engineer, production""",38.16714,-94.800098,12,4,12,28.076659822039694,115.1020976750417,0
grocery_pos,178.43,Manley,NE,40.9207,-96.168,206,Human resources officer,41.250835,-96.000376,10,5,1,51.29363449691992,39.30570648820056,0
misc_net,6.91,Lamy,NM,35.4311,-105.9409,923,Public relations account executive,35.771016,-106.567271,6,4,1,54.554414784394254,68.08567148290061,0
grocery_net,41.07,Daly City,CA,37.6787,-122.478,107941,"""Buyer, industrial""",38.591314,-121.729813,6,4,12,29.22655715263518,120.74585618414724,0
grocery_pos,348.48,Issaquah,WA,47.4974,-122.0107,50489,Osteopath,47.635992,-122.36239,2,1,6,36.33401779603012,30.55677576612238,1
grocery_pos,222.9,Issaquah,WA,47.4974,-122.0107,50489,Osteopath,47.364261,-122.118202,5,0,12,36.82956878850103,16.86889931327123,0
gas_transport,49.84,Redford,MO,37.3272,-91.0243,241,Investment analyst,36.432416,-91.023871,5,1,1,44.219028062970565,99.49544855908094,0
kids_pets,100.14,Rock Springs,WY,41.606,-109.23,27971,Music therapist,40.859689,-109.784285,12,3,12,36.41615331964408,95.05244088247542,0
shopping_pos,2.91,Rocky Mount,MO,38.2911,-92.7059,1847,Tax inspector,38.712983,-92.783748,14,5,12,32.167008898015055,47.39784653438712,0
shopping_net,5.73,Rocky Mount,MO,38.2911,-92.7059,1847,Tax inspector,38.19867,-92.53183,17,3,12,32.18069815195072,18.349804534114803,0
health_fitness,95.81,Sacramento,CA,38.5662,-121.3286,757530,Magazine features editor,38.382202,-121.143745,23,3,1,39.69883641341547,26.029904416341644,0
grocery_net,36.26,Thompson,UT,38.9999,-109.615,46,"""Surveyor, minerals""",39.028003,-110.1184,7,1,1,31.71252566735113,43.6046353284538,0
shopping_net,1079.81,Pueblo,CO,38.2352,-104.66,151815,Further education lecturer,37.811132,-105.182532,23,0,5,31.353867214236825,65.71525039262724,1
shopping_pos,37.94,Meredith,CO,39.3199,-106.6596,61,Public relations account executive,40.156376,-106.205455,9,0,1,79.17590691307323,100.79216457980397,0
gas_transport,36.53,Thompson,UT,38.9999,-109.615,46,"""Surveyor, minerals""",38.217398,-110.156118,6,4,12,33.67556468172484,98.90085034428506,0
grocery_net,26.08,Sacramento,CA,38.5662,-121.3286,757530,Magazine features editor,39.439143,-121.509226,5,1,12,41.667351129363446,98.31363244356696,0
shopping_net,267.13,Lakeport,CA,39.047,-122.9328,11256,Podiatrist,39.12545,-122.676064,22,5,1,46.21492128678987,23.81391108710404,0
gas_transport,59.23,Glendale,CA,34.1556,-118.2322,172817,Advertising account planner,33.304544,-118.410626,7,1,12,38.417522245037645,96.0607709692042,0
shopping_pos,33.54,Mound City,MO,40.1362,-95.2138,1631,Architect,40.387881,-94.908391,4,4,1,65.95482546201232,38.14137887739408,0
home,10.16,Fort Washakie,WY,43.0048,-108.8964,1645,Information systems manager,43.11581,-108.808064,21,0,12,34.861054072553046,14.278402515774738,0
gas_transport,58.93,Owensville,MO,38.3511,-91.4867,6703,Naval architect,39.002186,-91.533462,9,6,1,20.670773442847366,72.51117038749945,0
shopping_net,998.47,Newberg,OR,45.3099,-122.9685,28278,Research scientist (physical sciences),45.06605,-122.814893,23,2,8,43.11019849418207,29.666942474001885,1
shopping_net,2.36,Jelm,WY,41.0539,-106.0763,100,Public librarian,40.817449,-105.17045,18,1,1,44.7501711156742,80.50675476783037,0
grocery_pos,323.37,Kent,OR,45.0838,-120.6649,60,Museum education officer,45.16569,-119.894344,0,4,9,77.44558521560575,61.13588457073936,1
entertainment,57.19,Holstein,NE,40.4542,-98.6538,331,Telecommunications researcher,39.561089,-99.215353,23,4,12,70.35181382614647,110.2257363532058,0
home,4.26,Carlotta,CA,40.507,-123.9743,1139,"""Therapist, occupational""",41.321026,-123.337995,22,1,12,69.95482546201232,105.12730608799006,0
home,72.16,Smith River,CA,41.9404,-124.1587,1930,Web designer,42.263105,-124.525364,16,1,12,37.54688569472964,46.932691702053546,0
home,47.05,Burbank,WA,46.1966,-118.9017,3684,Musician,45.716706,-119.886246,23,3,12,39.08829568788501,92.95021454833343,0
health_fitness,26.69,Colton,WA,46.5901,-117.1692,761,Chief Marketing Officer,45.858168,-116.397662,13,2,12,77.50308008213553,100.72977242583856,0
home,17.91,Ruidoso,NM,33.3305,-105.6933,8874,Licensed conveyancer,33.272984,-105.004163,17,3,12,20.3750855578371,64.36382539959057,0
grocery_pos,34.39,Moab,UT,38.5677,-109.5271,9772,Location manager,38.04684,-110.339518,5,5,12,31.08829568788501,91.53807821414198,0
personal_care,83.65,Rocky Mount,MO,38.2911,-92.7059,1847,Tax inspector,38.281533,-92.869853,16,3,12,32.18069815195072,14.349239104757237,0
misc_net,5.47,San Jose,CA,37.3304,-121.7913,973849,Geoscientist,36.865664,-121.573545,13,4,1,21.998631074606436,55.16710382616536,0
gas_transport,59.56,Holstein,NE,40.4542,-98.6538,331,Telecommunications researcher,39.867618,-99.487955,2,0,1,68.42436687200548,96.32713847168068,0
kids_pets,78.55,Eugene,OR,44.0385,-123.0614,191096,"""Scientist, physiological""",44.398931,-122.136405,12,1,1,54.7378507871321,83.90420888271949,0
misc_pos,318.03,Phoenix,AZ,33.8155,-112.1202,1312922,Counselling psychologist,33.289565,-112.720108,21,6,12,21.07597535934292,80.68751948281154,0
home,34.81,Lakeport,CA,39.047,-122.9328,11256,Podiatrist,38.952357,-122.163084,21,3,1,46.209445585215605,67.34223092160343,0
grocery_pos,115.3,Tomales,CA,38.2427,-122.9145,337,Occupational psychologist,37.960341,-122.116173,0,0,1,64.50924024640658,76.58580444572407,0
shopping_pos,24.04,Kansas City,MO,38.9621,-94.5959,545147,Counsellor,39.709742,-94.527375,12,1,12,33.11430527036276,83.3426158326442,0
misc_net,667.18,Bay City,OR,45.5197,-123.8761,1530,Colour technologist,45.496242,-124.115698,2,0,3,33.308692676249144,18.85235260705711,1
entertainment,146.03,Blairstown,MO,38.5319,-93.9221,467,Agricultural consultant,37.851494,-93.342335,18,1,1,68.63791923340177,91.05599084702035,0
health_fitness,31.56,Red River,NM,36.6659,-105.4694,606,"""Surveyor, land/geomatics""",36.180107,-106.062372,12,6,1,30.3709787816564,75.71479381334923,0
gas_transport,43.38,Matthews,MO,36.7154,-89.6287,1019,Aeronautical engineer,36.633173,-90.510471,4,6,12,41.9192334017796,79.16861326292027,0
entertainment,70.57,Fiddletown,CA,38.5234,-120.6763,832,Immigration officer,38.208901,-120.66471,12,5,1,31.652292950034223,34.98528835694126,0
shopping_pos,6.56,Browning,MO,40.029,-93.1607,602,Cytogeneticist,40.021948,-92.355354,6,6,1,64.5201916495551,68.57822870545071,0
personal_care,28.35,Fort Washakie,WY,43.0048,-108.8964,1645,Information systems manager,42.581214,-108.776638,12,6,12,34.85831622176591,48.10364680261374,0
gas_transport,84.88,Burbank,WA,46.1966,-118.9017,3684,Musician,46.050263,-119.492104,7,2,12,39.08555783709788,48.3242463811235,0
shopping_pos,254.56,Camden,MO,39.2048,-94.0259,464,Colour technologist,38.817497,-93.865115,3,1,12,61.59069130732375,45.251262561120406,0
personal_care,48.12,Parks,AZ,35.2563,-111.95,759,"""Geologist, engineering""",34.981798,-112.352708,22,1,11,62.66392881587954,47.67838411023632,1
misc_net,1.61,Sixes,OR,42.825,-124.4409,217,Retail merchandiser,42.942871,-124.568586,1,6,1,90.26420260095824,16.733637047387568,0
home,145.34,Brashear,MO,40.1959,-92.4333,805,Private music teacher,39.467607,-93.161019,17,4,12,50.49691991786448,102.0751238913042,0
shopping_net,1024.16,Huntington Beach,CA,33.6773,-118.0051,190249,"""Therapist, horticultural""",33.859784,-118.310472,5,3,12,43.27173169062286,34.763558511704616,1
kids_pets,12.9,Tekoa,WA,47.2271,-117.0819,895,Clothing/textile technologist,47.154839,-116.375102,20,5,1,19.600273785078716,54.00882420066241,0
food_dining,3.04,Tekoa,WA,47.2271,-117.0819,895,Clothing/textile technologist,47.666435,-117.773931,13,0,12,21.579739904175224,71.37604850944578,0
kids_pets,43.16,Thompson,UT,38.9999,-109.615,46,"""Surveyor, minerals""",39.425733,-109.421257,19,6,12,33.68104038329911,50.206355164102256,0
kids_pets,24.92,Sun City,CA,33.7467,-117.1721,54287,"""Designer, exhibition/display""",34.43631,-117.930864,19,4,12,48.257357973990416,103.73908276214016,0
entertainment,3.83,Kirtland Afb,NM,35.0203,-106.5503,310,"""Surveyor, land/geomatics""",35.797289,-105.852863,16,1,12,42.247775496235455,107.04902361258932,0
shopping_net,4.1,Napa,CA,38.4549,-122.2564,94014,Airline pilot,37.661961,-122.451258,13,6,12,35.351129363449694,89.80608292444073,0
gas_transport,39.95,Thompson,UT,38.9999,-109.615,46,"""Surveyor, minerals""",39.256614,-109.06873,7,1,12,33.686516084873375,55.09189061541599,0
food_dining,2.34,Roseland,NE,40.4591,-98.5551,463,"""Nurse, mental health""",39.720231,-98.889838,13,6,1,70.62012320328542,86.95308942520153,0
grocery_net,96.21,Phoenix,AZ,33.8155,-112.1202,1312922,Counselling psychologist,34.650818,-112.658866,10,6,1,19.10198494182067,105.25875104019588,0
personal_care,37.67,Meridian,ID,43.6498,-116.4306,84106,Intelligence analyst,43.096253,-115.480229,16,0,1,47.9233401779603,98.43305352736546,0
personal_care,47.29,Westfir,OR,43.7575,-122.481,597,Forensic psychologist,43.14733,-123.208161,22,4,11,58.45311430527036,89.71388888476604,1
grocery_pos,102.47,Fort Washakie,WY,43.0048,-108.8964,1645,Information systems manager,42.160425,-108.379704,10,6,1,32.884325804243666,102.97979905994715,0
home,62.62,San Diego,CA,33.0067,-117.069,1241364,Chartered public finance accountant,33.729165,-117.571746,18,0,1,59.44421629021218,92.9154432639324,0
health_fitness,76.06,Grenada,CA,41.6125,-122.5258,589,Systems analyst,40.672319,-122.755969,17,1,12,75.02258726899385,106.3050867447576,0
entertainment,41.33,Greenview,CA,41.5403,-122.9366,308,Call centre manager,41.667472,-122.771923,16,5,1,60.29295003422313,19.683572741042337,0
grocery_pos,125.24,Sixes,OR,42.825,-124.4409,217,Retail merchandiser,42.015625,-125.326846,5,6,12,92.23819301848047,115.70690400259063,0
personal_care,22.82,Lagrange,WY,41.6423,-104.1974,635,Product/process development scientist,40.705987,-103.204693,22,0,7,46.04243668720055,133.20096781052868,1
shopping_pos,234.37,Daly City,CA,37.6787,-122.478,107941,"""Buyer, industrial""",38.395896,-123.438086,18,0,1,27.279945242984255,115.88526349687002,0
grocery_pos,83.65,Hooper,NE,41.6414,-96.5232,1745,"""Engineer, automotive""",40.668201,-97.037502,6,6,12,47.00342231348392,116.46602547409267,0
health_fitness,179.83,Sun City,CA,33.7467,-117.1721,54287,"""Designer, exhibition/display""",34.250093,-116.379008,13,0,12,48.26557152635181,92.078690653732,0
grocery_pos,166.18,Fields Landing,CA,40.7268,-124.2174,276,"""Scientist, audiological""",41.545449,-124.565302,5,2,12,91.65229295003422,95.57834690915732,0
gas_transport,16.33,Humboldt,AZ,34.5189,-112.2523,1179,"""Civil engineer, contracting""",34.085224,-112.885194,2,5,9,64.64887063655031,75.53168005803066,1
personal_care,108.91,Parks,AZ,35.2563,-111.95,759,"""Geologist, engineering""",35.066539,-111.834679,21,3,12,63.76180698151951,23.56117653501425,0
misc_pos,112.02,Tekoa,WA,47.2271,-117.0819,895,Clothing/textile technologist,46.957529,-117.290573,12,4,1,19.616700889801507,33.8828702072346,0
entertainment,156.9,Glendale,CA,34.1556,-118.2322,172817,Advertising account planner,35.062421,-118.777548,22,0,1,36.47912388774812,112.50911872373328,0
travel,1.82,Howells,NE,41.6964,-96.9858,1063,Research scientist (maths),42.643403,-96.879872,20,3,12,92.74743326488706,105.66314554999776,0
misc_pos,34.48,Dumont,CO,39.7532,-105.6356,565,Mental health nurse,38.810173,-106.422359,4,2,1,40.38877481177276,124.82268871311426,0
kids_pets,29.3,Fullerton,NE,41.366,-98.0054,1749,"""Surveyor, mining""",41.160243,-98.044328,18,0,1,45.67008898015058,23.109342143412537,0
grocery_pos,60.06,Hawthorne,CA,33.9143,-118.3493,93193,"""Editor, magazine features""",32.989346,-117.680936,2,6,12,25.69199178644764,120.09545854407502,0
home,274.01,Lake Oswego,OR,45.4093,-122.6847,42817,Planning and development surveyor,44.510266,-122.022782,23,0,7,38.14647501711157,112.71997065649482,1
grocery_pos,226.17,Newhall,CA,34.3795,-118.523,34882,Health physicist,33.773804,-118.033908,7,1,1,47.72621492128679,81.02573127031279,0
health_fitness,25.1,Redford,MO,37.3272,-91.0243,241,Investment analyst,37.877852,-91.448093,20,0,12,46.17111567419576,71.71397927667284,0
personal_care,25.19,Redford,MO,37.3272,-91.0243,241,Investment analyst,37.11555,-90.101085,20,3,12,46.16016427104723,85.06594388236678,0
misc_net,6.33,Laguna Hills,CA,33.615,-117.7114,45303,Sales executive,32.746921,-118.563847,6,6,12,51.01437371663244,124.94224805598787,0
kids_pets,48.31,Newhall,CA,34.3795,-118.523,34882,Health physicist,35.200044,-118.365529,22,6,1,47.7015742642026,92.36653074461977,0
travel,461.28,Meadville,MO,39.7795,-93.3014,964,Tourist information centre manager,39.656496,-92.400368,18,1,1,44.02464065708419,78.2701135503246,0
food_dining,31.41,Phoenix,AZ,33.5623,-112.0559,1312922,Contractor,33.451396,-111.154783,12,1,1,37.22655715263518,84.45336872189385,0
health_fitness,12.13,Laramie,WY,41.4247,-105.4781,35371,"""Pilot, airline""",41.888756,-105.760742,15,6,12,32.31759069130732,56.692103910722274,0
grocery_pos,137.92,Sixes,OR,42.825,-124.4409,217,Retail merchandiser,42.219381,-123.55609,7,4,12,92.23271731690625,98.9582052814129,0
shopping_net,119.7,Riverton,WY,43.0351,-108.2024,19408,"""Lecturer, higher education""",42.596904,-109.091653,17,0,1,25.36071184120465,87.3784990371502,0
grocery_pos,71.9,Sacramento,CA,38.6865,-121.3494,757530,Soil scientist,38.153241,-120.662439,9,3,12,54.28336755646817,84.24711244434204,0
shopping_pos,53.93,Burlington,WA,48.4786,-122.3345,14871,Public house manager,48.216844,-121.491026,16,5,12,46.79808350444901,68.79364200616035,0
misc_net,103.84,Phoenix,AZ,33.5623,-112.0559,1312922,Contractor,34.238756,-112.786671,7,3,1,37.21286789869952,101.02706997375044,0
gas_transport,91.24,Centerview,MO,38.7897,-93.8702,2368,Electronics engineer,38.270808,-94.762634,1,3,1,29.50308008213552,96.72198866187436,0
health_fitness,53.69,Browning,MO,40.029,-93.1607,602,Cytogeneticist,39.413508,-93.171425,17,4,1,64.49555099247091,68.44573433579416,0
entertainment,2.46,Valentine,NE,42.8062,-100.6215,4005,Network engineer,43.315234,-100.387415,10,6,12,75.78644763860369,59.71136927735899,0
shopping_pos,8.62,Hawthorne,CA,33.9143,-118.3493,93193,"""Editor, magazine features""",34.827012,-118.931478,12,1,12,25.697467488021903,114.6948136313261,0
kids_pets,281.27,Littleton,CO,39.5994,-105.0044,320420,Water engineer,39.408998,-105.568473,20,3,12,45.40177960301163,52.8232903916184,0
shopping_net,100.42,Meadville,MO,39.7795,-93.3014,964,Tourist information centre manager,40.202695,-93.378622,11,0,1,44.07939767282683,47.514756921564064,0
misc_pos,3.17,Laguna Hills,CA,33.615,-117.7114,45303,Sales executive,32.866735,-116.760463,8,0,1,49.06228610540725,121.423585523062,0
grocery_pos,80.37,Dumont,CO,39.7532,-105.6356,565,Mental health nurse,39.939983,-106.132646,3,6,1,40.39972621492129,47.24357013529364,0
kids_pets,21.69,Independence,MO,39.1412,-94.3515,123373,"""Engineer, production""",38.182304,-93.837303,22,0,8,26.72416153319644,115.59353130752174,1
travel,5.97,Wendel,CA,40.3406,-120.2824,104,"""Teacher, adult education""",39.441444,-120.94705,12,2,12,31.37303216974675,114.94168360914456,0
home,8.89,Glendale,CA,34.1556,-118.2322,172817,Advertising account planner,35.135587,-117.442376,13,3,12,38.42299794661191,130.74536926171743,0
shopping_pos,5.18,American Fork,UT,40.3928,-111.7941,42384,Futures trader,40.020626,-112.235388,19,0,1,26.023271731690624,55.82992113334711,0
home,223.89,Jelm,WY,41.0539,-106.0763,100,Public librarian,40.41506,-106.529194,23,3,7,45.215605749486656,80.63607366789924,1
health_fitness,25.58,Meridian,ID,43.6498,-116.4306,84106,Intelligence analyst,43.768473,-116.465761,23,1,12,49.88090349075976,13.495084723581892,0
kids_pets,19.37,Greenview,CA,41.5403,-122.9366,308,Call centre manager,42.057552,-122.861679,20,3,12,62.26146475017112,57.85012513305836,0
misc_net,732.99,Palmdale,CA,34.5715,-118.0231,171170,Chemical engineer,34.929289,-117.407429,22,2,9,57.28678986995209,68.89656609831417,1
grocery_pos,47.37,Norwalk,CA,33.9056,-118.0818,105549,Firefighter,34.400941,-117.546379,0,3,12,47.27446954140999,73.89910250975664,0
entertainment,165.8,Burlington,WA,48.4786,-122.3345,14871,Public house manager,49.142858,-123.210427,23,1,12,46.8062970568104,97.82383442353851,0
shopping_pos,7.7,Conway,WA,48.34,-122.3456,85,"""Research officer, political party""",48.905955,-121.574867,14,2,1,34.35455167693361,84.6722259149533,0
shopping_net,966.11,Wales,AK,64.7556,-165.6723,145,"""Administrator, education""",65.468863,-165.473127,15,4,1,79.15400410677618,79.85689576539214,1
grocery_pos,84.75,Glendale,CA,34.1556,-118.2322,172817,Advertising account planner,33.299229,-118.28235,8,1,1,36.46269678302532,95.33698094194962,0
grocery_pos,56.99,Riverton,WY,43.0351,-108.2024,19408,"""Lecturer, higher education""",43.148563,-108.44015,0,0,1,25.34154688569473,23.06254532147695,0
shopping_net,5.3,Red River,NM,36.6659,-105.4694,606,"""Surveyor, land/geomatics""",36.564244,-105.829017,22,4,12,32.30116358658453,34.02870710762463,0
shopping_net,4.3,Meridian,ID,43.6498,-116.4306,84106,Intelligence analyst,44.126671,-117.049778,12,6,12,49.87542778918549,72.62047131130686,0
personal_care,26.45,Thompson,UT,38.9999,-109.615,46,"""Surveyor, minerals""",39.964612,-110.312814,13,5,12,33.67830253251198,122.85524247131376,0
shopping_pos,64.12,Phoenix,AZ,33.5623,-112.0559,1312922,Contractor,34.065058,-111.422991,20,1,1,37.18822724161533,80.89631156476705,0
personal_care,20.27,Arvada,CO,39.8422,-105.1097,122111,Hotel manager,40.015831,-104.719839,13,1,1,31.61122518822724,38.44275811425247,0
food_dining,87.61,Lagrange,WY,41.6423,-104.1974,635,Product/process development scientist,41.362255,-103.542928,14,3,1,45.49486652977413,62.77076430340404,0
entertainment,594.09,Fort Washakie,WY,43.0048,-108.8964,1645,Information systems manager,42.468523,-109.687147,23,5,3,33.034907597535934,87.90004967278122,1
grocery_pos,130.35,Greenview,CA,41.5403,-122.9366,308,Call centre manager,40.602389,-123.808382,6,2,1,60.303901437371664,127.34574354188466,0
shopping_pos,644.55,Syracuse,MO,38.6547,-92.8929,628,"""Radiographer, diagnostic""",38.933978,-93.300914,8,6,12,59.02532511978097,47.06098491867899,0
home,12.46,Howells,NE,41.6964,-96.9858,1063,Research scientist (maths),42.262466,-97.202262,21,0,1,90.76522929500342,65.43738655811912,0
health_fitness,51.08,Fullerton,NE,41.366,-98.0054,1749,"""Surveyor, mining""",40.607907,-97.859465,16,6,1,45.686516084873375,85.18138986213988,0
kids_pets,50.01,Pueblo,CO,38.2352,-104.66,151815,Further education lecturer,38.839754,-105.333396,12,5,1,31.041752224503764,89.15879779001556,0
grocery_pos,181.17,Kansas City,MO,38.9621,-94.5959,545147,Counsellor,38.108795,-94.125446,11,4,12,33.10335386721424,103.33029132812898,0
shopping_pos,7.8,Tomales,CA,38.2427,-122.9145,337,Occupational psychologist,37.334308,-122.794864,4,3,1,64.5366187542779,101.55417419577849,0
food_dining,61.31,Phoenix,AZ,33.5623,-112.0559,1312922,Contractor,34.019144,-112.601445,21,0,12,39.17864476386037,71.56882402802145,0
kids_pets,23.41,Lake Oswego,OR,45.4093,-122.6847,42817,Planning and development surveyor,45.447702,-122.178414,15,5,12,38.58179329226557,39.73878782732552,0
kids_pets,47.96,Meadville,MO,39.7795,-93.3014,964,Tourist information centre manager,39.206677,-93.033773,12,1,1,44.02464065708419,67.70839206016022,0
kids_pets,160.84,Superior,AZ,33.2887,-111.0985,2872,Petroleum engineer,34.111589,-111.88915,12,6,12,33.16632443531827,117.14087918996717,0
misc_net,5.75,Red River,NM,36.6659,-105.4694,606,"""Surveyor, land/geomatics""",35.983288,-105.617467,22,1,1,30.357289527720734,77.05332623195916,0
food_dining,72.89,Kissee Mills,MO,36.6704,-93.0377,1201,"""Engineer, agricultural""",36.439654,-93.323736,14,0,1,38.8062970568104,36.208771275713225,0
travel,6.36,Orient,WA,48.8878,-118.2105,149,Special educational needs teacher,47.900262,-117.538343,18,1,12,42.5242984257358,120.50182571459766,0
shopping_pos,137.5,Newhall,CA,34.3795,-118.523,34882,Health physicist,34.03695,-118.657915,23,6,12,49.67556468172484,40.05940151610445,0
misc_net,7.17,Newberg,OR,45.3099,-122.9685,28278,Research scientist (physical sciences),44.363062,-123.158208,0,4,12,43.441478439425055,106.34083250009895,0
misc_pos,27.36,Phoenix,AZ,33.5623,-112.0559,1312922,Contractor,32.963954,-112.850182,0,1,12,39.181382614647504,99.39969380327628,0
gas_transport,74.23,Rocky Mount,MO,38.2911,-92.7059,1847,Tax inspector,37.408026,-92.169511,0,3,1,30.206707734428477,108.90294824561109,0
grocery_pos,290.48,Indian Wells,CA,33.7163,-116.3381,4677,Learning mentor,33.028699,-116.74517,0,0,5,64.99657768651609,85.29144801736835,1
kids_pets,120.66,Saint Louis,MO,38.6171,-90.4504,927396,Occupational hygienist,38.778162,-89.763712,23,0,1,58.8227241615332,62.22545778236033,0
kids_pets,44.46,Matthews,MO,36.7154,-89.6287,1019,Aeronautical engineer,37.101146,-89.015733,20,4,1,39.93976728268309,69.35402734082021,0
misc_pos,25.88,High Rolls Mountain Park,NM,32.9396,-105.8189,899,Naval architect,33.525129,-106.302735,5,3,1,51.34565366187543,79.14608688960202,0
kids_pets,44.96,Dumont,CO,39.7532,-105.6356,565,Mental health nurse,39.811308,-105.418939,23,5,1,40.3586584531143,19.60905321741006,0
shopping_pos,134.35,Helm,CA,36.4992,-120.0936,123,Early years teacher,36.503516,-119.440498,5,3,12,47.89596167008898,58.37823166039199,0
health_fitness,47.37,Saint Louis,MO,38.6171,-90.4504,927396,Occupational hygienist,38.976733,-89.681235,15,4,1,58.83367556468173,77.73226088635357,0
shopping_pos,5.18,American Fork,UT,40.3928,-111.7941,42384,Futures trader,40.020626,-112.235388,19,0,1,26.023271731690624,55.82992113334711,0
gas_transport,10.19,Dumont,CO,39.7532,-105.6356,565,Mental health nurse,39.682181,-105.074078,9,4,3,41.5441478439425,48.67256944067369,1
personal_care,121.52,Howells,NE,41.6964,-96.9858,1063,Research scientist (maths),42.587873,-97.420468,18,6,1,90.80082135523614,105.4062880657304,0
grocery_pos,202.59,Laramie,WY,41.4247,-105.4781,35371,"""Pilot, airline""",40.885612,-104.984346,11,0,1,30.34633812457221,72.81521962337595,0
kids_pets,20.21,Centerview,MO,38.7897,-93.8702,2368,Electronics engineer,38.527335,-94.342242,23,3,1,29.541409993155373,50.309698993719785,1
misc_pos,5.01,Espanola,NM,35.9866,-106.0654,18408,Historic buildings inspector/conservation officer,36.019163,-106.072795,15,4,1,46.46406570841889,3.6814402121013,0
entertainment,74.76,Burbank,WA,46.1966,-118.9017,3684,Musician,46.711261,-118.035871,16,4,12,39.07186858316222,87.60275280018601,0
shopping_net,4.82,Paauilo,HI,20.0271,-155.3697,1490,"""Scientist, research (maths)""",19.830098,-154.819761,20,6,12,29.70841889117043,61.52065246671906,0
gas_transport,53.66,Pueblo,CO,38.2352,-104.66,151815,Further education lecturer,38.865132,-104.096271,11,6,12,32.98015058179329,85.49550017497805,0
home,78.51,Jordan Valley,OR,42.8801,-117.281,641,Economist,43.775666,-116.363021,22,0,1,25.138945927446954,124.21634498137166,0
entertainment,64.03,Dumont,CO,39.7532,-105.6356,565,Mental health nurse,39.741791,-105.823917,15,5,1,40.3586584531143,16.149953466027647,0
kids_pets,125.32,Portland,OR,45.5303,-122.7033,841711,"""Engineer, building services""",46.11173,-123.279843,15,2,1,55.76728268309377,78.58679717387047,0
gas_transport,70.68,Paradise Valley,AZ,33.5494,-111.9565,17047,Building surveyor,33.551395,-111.30237,10,3,12,85.92197125256673,60.61843659466516,0
shopping_net,21.36,Eugene,OR,44.0385,-123.0614,191096,"""Scientist, physiological""",44.45702,-122.857759,9,6,12,56.72553045859001,49.28304654054583,0
home,9.28,Phoenix,AZ,33.5623,-112.0559,1312922,Contractor,32.640302,-112.842131,19,4,12,39.17043121149897,125.9918183616441,0
entertainment,15.07,Gardiner,OR,43.7857,-124.1437,260,"""Engineer, maintenance""",43.385881,-123.990946,10,1,12,64.32580424366871,46.12882924147952,0
shopping_pos,7.42,Riverton,WY,43.0351,-108.2024,19408,"""Lecturer, higher education""",43.062017,-108.018195,18,2,12,27.301848049281315,15.264531946693404,0
kids_pets,37.8,Holstein,NE,40.4542,-98.6538,331,Telecommunications researcher,39.764784,-98.567225,17,3,12,70.34907597535934,77.0123030718788,0
shopping_pos,5.81,Lakeport,CA,39.047,-122.9328,11256,Podiatrist,39.123325,-122.018219,14,6,1,46.23682409308692,79.39259177552148,0
grocery_pos,291.1,Jordan Valley,OR,42.8801,-117.281,641,Economist,42.247169,-117.409736,18,1,6,26.521560574948666,71.16403038340502,1
home,39.35,Burbank,WA,46.1966,-118.9017,3684,Musician,46.064971,-119.375611,16,5,12,39.07460643394935,39.34322845120266,0
food_dining,34.43,Glendale,CA,34.1556,-118.2322,172817,Advertising account planner,33.762788,-118.191881,23,3,1,36.46817248459959,43.836704868735474,0
home,68.95,Williamsburg,MO,38.8874,-91.7689,710,Glass blower/designer,39.49029,-91.627841,17,3,1,48.26830937713895,68.13165712768476,0
misc_net,317.84,Paradise Valley,AZ,33.5494,-111.9565,17047,Building surveyor,32.86075,-112.123969,10,6,1,83.93702943189597,78.14345619639614,0
shopping_net,192.44,Manley,NE,40.9207,-96.168,206,Human resources officer,41.294534,-95.679243,6,5,1,51.27446954140999,58.35035342715793,0
kids_pets,7.88,Browning,MO,40.029,-93.1607,602,Cytogeneticist,39.741556,-93.157882,20,1,1,64.48733744010951,31.963218849613195,0
shopping_pos,199.98,Issaquah,WA,47.4974,-122.0107,50489,Osteopath,47.008448,-122.622464,18,3,1,34.8829568788501,71.329196458391,0
kids_pets,52.58,Corona,CA,33.8419,-117.6043,233717,Wellsite geologist,33.03911,-117.524385,15,3,12,54.61190965092403,89.57361168903954,0
entertainment,13.07,Paauilo,HI,20.0271,-155.3697,1490,"""Scientist, research (maths)""",20.513584,-156.347996,23,6,1,27.772758384668037,115.49540840442296,0
health_fitness,46.16,Paauilo,HI,20.0271,-155.3697,1490,"""Scientist, research (maths)""",20.619399,-156.21035,18,5,1,27.750855578370977,109.6414733740646,0
grocery_pos,257.23,Palmdale,CA,34.5715,-118.0231,171170,Chemical engineer,35.332824,-118.369189,3,3,9,57.28952772073922,90.34046531505872,1
grocery_net,67.26,Riverton,WY,43.0351,-108.2024,19408,"""Lecturer, higher education""",42.554741,-107.49675,5,2,1,25.347022587268995,78.5364800797862,0
grocery_pos,95.12,Matthews,MO,36.7154,-89.6287,1019,Aeronautical engineer,36.63074,-90.363765,8,3,12,41.93018480492813,66.22875812450744,0
gas_transport,110.64,Santa Monica,CA,34.0287,-118.4924,92043,"""Civil engineer, contracting""",33.531751,-119.45691,11,0,1,57.72210814510609,104.8793787474221,0
grocery_pos,26.84,Moab,UT,38.5677,-109.5271,9772,Location manager,39.230613,-109.278566,6,6,12,31.091033538672143,76.78607745045313,0
shopping_net,97.38,Superior,AZ,33.2887,-111.0985,2872,Petroleum engineer,32.568657,-110.899572,15,0,1,31.195071868583163,82.189525063761,0
shopping_net,1245.75,Yellowstone National Park,WY,44.7957,-110.6137,369,Materials engineer,44.925059,-110.660174,23,5,10,77.88364134154689,14.843139369050148,1
grocery_pos,100.37,Sutherland,NE,41.1558,-101.136,1789,Insurance broker,41.016825,-101.208731,3,3,1,36.930869267624914,16.612072030465868,0
personal_care,46.87,Altonah,UT,40.3207,-110.436,302,"""Sales professional, IT""",40.127905,-111.261249,22,5,1,28.985626283367555,73.26950363286034,0
gas_transport,69.5,Tomales,CA,38.2427,-122.9145,337,Occupational psychologist,37.745339,-122.12147,7,4,1,64.5201916495551,88.81284126160804,0
misc_pos,6.79,Lagrange,WY,41.6423,-104.1974,635,Product/process development scientist,40.809203,-104.697102,17,1,1,45.489390828199866,101.62596708583476,0
entertainment,92.18,Meadville,MO,39.7795,-93.3014,964,Tourist information centre manager,39.389398,-93.711373,22,4,1,44.07118412046543,55.82043851566447,0
shopping_net,47.79,Sun City,CA,33.7467,-117.1721,54287,"""Designer, exhibition/display""",33.942364,-116.446368,18,1,1,46.27515400410677,70.46629962149798,0
misc_pos,30.76,Fields Landing,CA,40.7268,-124.2174,276,"""Scientist, audiological""",41.410551,-123.920402,0,5,1,89.66735112936345,80.00246619320983,0
health_fitness,74.05,Fiddletown,CA,38.5234,-120.6763,832,Immigration officer,38.754637,-120.715006,20,3,12,33.60164271047228,25.93121611440429,0
shopping_net,9.15,Phoenix,AZ,33.5623,-112.0559,1312922,Contractor,33.060314,-112.082264,13,1,1,37.22655715263518,55.87203306867211,0
gas_transport,62.45,Vinton,CA,40.0235,-120.7986,128,Education administrator,40.604939,-121.102326,3,5,1,52.90896646132786,69.59286415524875,0
misc_pos,1.41,Eugene,OR,44.0385,-123.0614,191096,"""Scientist, physiological""",44.303646,-122.967884,9,0,12,56.72826830937714,30.411659037186304,0
personal_care,57.26,Redford,MO,37.3272,-91.0243,241,Investment analyst,37.166239,-91.811057,17,3,12,46.17932922655715,71.90292521682494,0
kids_pets,7.88,Mound City,MO,40.1362,-95.2138,1631,Architect,39.314796,-94.436425,18,3,1,65.97125256673512,112.9686311023589,0
travel,7.23,High Rolls Mountain Park,NM,32.9396,-105.8189,899,Naval architect,32.060874,-105.678957,16,0,12,53.3305954825462,98.5872687725102,0
home,26.5,Owensville,MO,38.3511,-91.4867,6703,Naval architect,38.694512,-91.375158,19,6,12,22.60643394934976,39.3992819814601,0
home,6.68,Centerview,MO,38.7897,-93.8702,2368,Electronics engineer,38.939962,-94.565916,14,6,1,29.51129363449692,62.50898473193858,0
grocery_net,83.1,Meridian,ID,43.6498,-116.4306,84106,Intelligence analyst,43.080802,-116.606894,8,6,1,47.93976728268309,64.8547929749128,0
shopping_pos,8.94,Superior,AZ,33.2887,-111.0985,2872,Petroleum engineer,33.897105,-110.168323,15,1,12,33.17180013689254,109.5424016411875,0
home,124.74,Cascade Locks,OR,45.671,-121.8686,1288,Barrister,45.123018,-121.866223,15,6,12,84.65708418891171,60.93310093803695,0
gas_transport,64.71,Hatch,UT,37.7175,-112.4777,258,Geoscientist,38.378825,-113.33076,4,0,12,59.09377138945928,104.81972736995696,0
gas_transport,86.1,Ruidoso,NM,33.3305,-105.6933,8874,Licensed conveyancer,32.982254,-106.644192,5,3,12,20.3750855578371,96.6175670715414,0
food_dining,4.99,Centerview,MO,38.7897,-93.8702,2368,Electronics engineer,37.939644,-94.757019,15,0,1,29.475701574264203,122.11486303039398,0
personal_care,35.74,North Loup,NE,41.4972,-98.7858,509,"""Nurse, children's""",40.682591,-98.476893,23,0,12,40.284736481861735,94.20700616502268,0
personal_care,4.64,Rocky Mount,MO,38.2911,-92.7059,1847,Tax inspector,37.31374,-93.156876,14,3,1,30.206707734428477,115.6744866718618,0
grocery_pos,100.75,Helm,CA,36.4992,-120.0936,123,Early years teacher,35.768469,-120.724704,7,6,12,47.885010266940455,99.06699864547608,0
shopping_pos,785.58,Luray,MO,40.4931,-91.8912,519,Town planner,40.225117,-92.611539,22,6,8,54.5242984257358,67.92011299415027,1
health_fitness,85.13,Lakeport,CA,39.047,-122.9328,11256,Podiatrist,39.945256,-122.225583,12,4,1,46.23134839151266,116.86962484424254,0
misc_pos,23.66,Laramie,WY,41.4247,-105.4781,35371,"""Pilot, airline""",41.346649,-106.147582,6,5,12,32.31485284052019,56.52295130724085,0
shopping_net,97.92,Phoenix,AZ,33.5623,-112.0559,1312922,Contractor,32.745975,-111.092924,13,5,1,37.21834360027378,127.5752623804783,0
personal_care,48.55,Red River,NM,36.6659,-105.4694,606,"""Surveyor, land/geomatics""",36.598863,-105.264706,21,1,1,30.357289527720734,19.727699750219603,0
misc_net,45.86,Kansas City,MO,38.9621,-94.5959,545147,Counsellor,38.623572,-93.989193,10,5,12,33.106091718001366,64.66646512902346,0
shopping_pos,738.87,Kansas City,MO,38.9621,-94.5959,545147,Counsellor,39.599601,-93.835232,0,3,3,31.299110198494184,96.49490484947648,1
personal_care,5.64,Laguna Hills,CA,33.615,-117.7114,45303,Sales executive,34.375708,-117.82077,20,0,12,51.017111567419576,85.1856674202782,0
misc_net,9.73,Manley,NE,40.9207,-96.168,206,Human resources officer,41.078323,-96.55754,7,1,12,53.23750855578371,37.092440413490365,0
personal_care,61.9,Sutherland,NE,41.1558,-101.136,1789,Insurance broker,41.88619,-101.972868,18,1,12,38.88021902806297,107.0041576494871,0
home,104.64,Carlotta,CA,40.507,-123.9743,1139,"""Therapist, occupational""",40.601075,-123.383584,17,5,1,68.01095140314852,50.99113068617957,0
grocery_pos,95.36,Helm,CA,36.4992,-120.0936,123,Early years teacher,36.261934,-120.558797,7,0,1,45.91375770020534,49.2990480425939,0
home,70.71,Alva,WY,44.6873,-104.4414,110,"""Administrator, local government""",44.361826,-104.184784,19,2,1,45.63175906913073,41.516862239666665,0
misc_net,928.76,Paradise Valley,AZ,33.5494,-111.9565,17047,Building surveyor,34.352606,-111.924116,22,6,10,85.71937029431896,89.36236664801457,1
grocery_pos,339.21,Riverton,WY,43.0351,-108.2024,19408,"""Lecturer, higher education""",43.198771,-108.150158,3,2,5,25.711156741957563,18.68684889308649,1
misc_pos,4.02,Conway,WA,48.34,-122.3456,85,"""Research officer, political party""",47.454041,-122.711198,21,2,12,36.328542094455855,102.21480260628798,0
personal_care,95.8,Meredith,CO,39.3199,-106.6596,61,Public relations account executive,38.793973,-105.666446,16,3,12,81.15811088295688,103.79536915168306,0
personal_care,7.75,Weeping Water,NE,40.8731,-96.1528,1517,Dealer,39.997415,-95.590949,14,1,1,67.16769336071184,108.36196096611856,0
home,85.44,Smith River,CA,41.9404,-124.1587,1930,Web designer,41.086086,-123.461579,17,5,1,35.564681724846,111.32407475026228,0
gas_transport,46.44,Gardiner,OR,43.7857,-124.1437,260,"""Engineer, maintenance""",42.884164,-123.524414,3,6,1,62.34633812457221,112.0615092997702,0
gas_transport,32.6,Browning,MO,40.029,-93.1607,602,Cytogeneticist,39.335685,-92.982647,5,1,1,64.46817248459959,78.58436720502772,0
misc_pos,8.5,Fort Washakie,WY,43.0048,-108.8964,1645,Information systems manager,43.591753,-108.235588,20,0,1,32.90622861054072,84.37660511575008,0
grocery_pos,105.49,Nelson,NE,40.201,-98.0684,732,Television/film/video producer,40.980013,-98.121802,7,1,1,62.06981519507187,86.73957428834248,0
home,85.85,Rocky Mount,MO,38.2911,-92.7059,1847,Tax inspector,37.680558,-92.039708,16,1,1,30.220396988364133,89.5412128260019,0
misc_net,1.51,Conway,WA,48.34,-122.3456,85,"""Research officer, political party""",48.468928,-122.743,14,0,1,34.36824093086927,32.65113950581042,0
misc_pos,20.48,Newhall,CA,34.3795,-118.523,34882,Health physicist,33.588988,-118.56328,10,1,12,49.68104038329911,87.97934351161979,0
home,41.0,Wales,AK,64.7556,-165.6723,145,"""Administrator, education""",64.842781,-166.288628,16,2,1,79.14852840520192,30.748568741008363,0
gas_transport,50.1,Carlotta,CA,40.507,-123.9743,1139,"""Therapist, occupational""",39.821158,-124.754975,10,1,12,69.95482546201232,101.07649098533102,0
shopping_net,4.81,Laguna Hills,CA,33.615,-117.7114,45303,Sales executive,34.25535,-117.974541,6,0,12,51.017111567419576,75.22816322920869,0
misc_pos,30.33,Kissee Mills,MO,36.6704,-93.0377,1201,"""Engineer, agricultural""",35.983557,-93.92736,9,5,1,38.80082135523614,110.38413728532268,0
entertainment,69.55,Moab,UT,38.5677,-109.5271,9772,Location manager,39.224508,-110.131517,17,4,1,29.111567419575632,89.83239837601698,0
home,68.63,Parker,CO,39.5102,-104.7216,84861,Materials engineer,40.451743,-104.709372,13,6,1,86.86379192334017,104.69998845301046,0
food_dining,277.02,Cascade Locks,OR,45.671,-121.8686,1288,Barrister,44.800987,-122.641391,15,5,1,82.68035592060232,114.10574449574244,0
food_dining,52.19,American Fork,UT,40.3928,-111.7941,42384,Futures trader,39.859663,-112.096634,20,6,12,27.99452429842573,64.62188449103121,0
misc_pos,23.17,Parker Dam,CA,34.298,-114.156,126,Marketing executive,33.352532,-114.961724,10,1,1,26.2340862422998,128.8090500490593,0
kids_pets,12.0,Ashford,WA,46.7531,-121.9898,759,Video editor,47.137348,-121.832324,20,2,1,62.338124572210816,44.36724837735847,0
kids_pets,181.5,San Jose,CA,37.3304,-121.7913,973849,Geoscientist,37.084409,-122.49914,17,5,1,21.98220396988364,68.39478540701538,0
health_fitness,71.24,Paauilo,HI,20.0271,-155.3697,1490,"""Scientist, research (maths)""",19.984736,-155.590894,19,2,12,29.71663244353183,23.586666590617764,0
personal_care,12.79,Sutherland,NE,41.1558,-101.136,1789,Insurance broker,40.907799,-101.445631,18,4,1,36.8952772073922,37.88117562686684,0
personal_care,83.32,Carlotta,CA,40.507,-123.9743,1139,"""Therapist, occupational""",39.92843,-123.91649,23,0,1,68.0164271047228,64.52102670733953,0
misc_pos,29.87,Fiddletown,CA,38.5234,-120.6763,832,Immigration officer,37.915509,-120.988098,4,1,12,33.61533196440794,72.87610070904577,0
kids_pets,20.71,Mountain Center,CA,33.6401,-116.5567,1661,"""Therapist, music""",33.831483,-115.819572,23,6,10,32.06023271731691,71.40717501573334,1
shopping_pos,5.13,Shedd,OR,44.453,-123.1065,917,Radio broadcast assistant,43.781724,-123.875411,20,1,1,23.50444900752909,96.63820050206564,0
grocery_pos,194.98,Kansas City,MO,38.9621,-94.5959,545147,Counsellor,39.363753,-94.657276,11,1,1,31.1211498973306,44.97415277243191,0
misc_net,7.26,Omaha,NE,41.2064,-95.9953,518429,"""Surveyor, land/geomatics""",41.266043,-96.779466,17,2,1,23.26899383983573,65.90501174146533,0
grocery_pos,328.75,Hubbell,NE,40.0456,-97.4735,121,Set designer,40.552089,-96.848354,1,1,2,22.89664613278576,77.34656539209597,1
home,30.61,Riverton,WY,43.0351,-108.2024,19408,"""Lecturer, higher education""",42.714355,-107.858043,22,1,12,27.299110198494184,45.38089070982952,0
personal_care,13.95,Meridian,ID,43.6498,-116.4306,84106,Intelligence analyst,43.556687,-115.432436,13,2,1,47.90965092402464,81.03569718086669,0
gas_transport,63.93,Athena,OR,45.8289,-118.4971,1302,Dealer,46.292691,-118.530777,0,2,12,44.19986310746064,51.63662481517372,0
home,90.98,Lowell,OR,43.921,-122.7806,1420,Systems analyst,43.856997,-121.865916,23,0,12,55.12936344969199,73.64380758369167,0
shopping_net,6.6,Rock Springs,WY,41.606,-109.23,27971,Music therapist,42.567006,-110.091241,20,3,1,34.42299794661191,128.33342074000083,0
health_fitness,216.08,Arnold,MO,38.4305,-90.387,35439,Land/geomatics surveyor,38.170557,-91.193829,17,1,12,35.748117727583846,76.10781722139507,0
food_dining,209.01,San Jose,CA,37.3304,-121.7913,973849,Science writer,37.471978,-121.18172,16,5,12,65.54140999315537,56.10032321850159,0
health_fitness,72.26,Helm,CA,36.4992,-120.0936,123,Early years teacher,36.685497,-120.573699,12,2,12,47.893223819301845,47.60559946161945,0
home,69.92,Sacramento,CA,38.5662,-121.3286,757530,Magazine features editor,37.595786,-120.413455,12,1,1,39.71252566735113,134.38327080772754,0
grocery_net,42.18,Fiddletown,CA,38.5234,-120.6763,832,Immigration officer,37.634708,-121.220592,4,0,1,31.67693360711841,109.70199584037708,0
misc_pos,6.6,Paauilo,HI,20.0271,-155.3697,1490,"""Scientist, research (maths)""",19.174381,-154.41756,22,2,1,27.72347707049966,137.61493873578348,0
home,31.55,Brashear,MO,40.1959,-92.4333,805,Private music teacher,40.050887,-91.569601,18,1,1,48.51471594798083,75.18607059416779,0
misc_pos,1.98,Meridian,ID,43.6498,-116.4306,84106,Intelligence analyst,42.902219,-116.035681,12,5,12,49.87268993839836,89.06313406159902,0
home,15.4,Grenada,CA,41.6125,-122.5258,589,Systems analyst,40.662679,-123.25862,19,6,1,73.06228610540725,122.14953813337549,0
personal_care,90.71,Thompson,UT,38.9999,-109.615,46,"""Surveyor, minerals""",38.323817,-109.175613,23,3,12,33.67282683093772,84.30286845544725,0
gas_transport,56.33,San Jose,CA,37.3304,-121.7913,973849,Science writer,37.447518,-121.996423,2,0,1,63.572895277207394,22.31613191819185,0
food_dining,66.9,Howells,NE,41.6964,-96.9858,1063,Research scientist (maths),42.563132,-96.181658,13,1,12,92.7419575633128,116.98530620233385,0
personal_care,87.29,Roseland,NE,40.4591,-98.5551,463,"""Nurse, mental health""",41.012213,-99.281249,15,4,1,70.59548254620123,86.75134315259304,0
grocery_pos,336.2,Ravenna,NE,41.0233,-98.9041,2202,"""Solicitor, Scotland""",41.965421,-98.334757,2,6,1,44.563997262149215,114.99066563072404,1
personal_care,18.27,Rock Springs,WY,41.606,-109.23,27971,Music therapist,41.601462,-109.213657,22,0,8,35.00889801505818,1.4495292815843246,1
gas_transport,68.72,Centerview,MO,38.7897,-93.8702,2368,Electronics engineer,38.188897,-93.578627,8,2,12,31.45516769336071,71.46363790440437,0
food_dining,50.23,Claremont,CA,34.1092,-117.7183,35705,Wellsite geologist,35.089998,-117.586417,14,5,12,64.61601642710473,109.7257260956102,0
personal_care,66.92,Manley,NE,40.9207,-96.168,206,Human resources officer,41.912728,-96.355562,12,1,12,53.23750855578371,111.41165937143369,0
shopping_pos,6.49,Riverton,WY,43.0351,-108.2024,19408,"""Lecturer, higher education""",43.225313,-109.093211,18,4,12,27.28815879534565,75.31976110655445,0
shopping_net,6.22,Azusa,CA,34.1248,-117.9031,59705,Civil Service fast streamer,33.830466,-118.50039,12,0,1,35.54277891854894,64.06591660794817,0
grocery_pos,196.19,Burbank,WA,46.1966,-118.9017,3684,Musician,45.696318,-118.15968,11,5,12,39.07460643394935,79.91166965934505,0
kids_pets,71.26,Kent,OR,45.0838,-120.6649,60,Museum education officer,44.238695,-121.529817,12,2,1,76.78850102669405,116.23117265637788,0
grocery_pos,34.39,Moab,UT,38.5677,-109.5271,9772,Location manager,38.04684,-110.339518,5,5,12,31.08829568788501,91.53807821414198,0
personal_care,44.52,Lakeport,CA,39.047,-122.9328,11256,Podiatrist,39.343623,-123.064182,12,0,12,48.19438740588638,34.87207594125933,0
kids_pets,20.12,Buellton,CA,34.6209,-120.1922,5505,Nature conservation officer,34.075828,-120.856039,23,2,4,87.66050650239562,85.95080034102159,1
food_dining,65.77,Helm,CA,36.4992,-120.0936,123,Early years teacher,37.133414,-120.953205,16,5,12,47.88227241615332,104.0599076060098,0
shopping_net,30.13,Browning,MO,40.029,-93.1607,602,Cytogeneticist,39.304041,-92.252914,5,0,1,64.48459958932239,111.96215458124878,0
shopping_net,931.13,Hawthorne,CA,33.9143,-118.3493,93193,"""Editor, magazine features""",34.844533,-118.528868,21,2,9,24.37782340862423,104.74158570604264,1
personal_care,83.32,Carlotta,CA,40.507,-123.9743,1139,"""Therapist, occupational""",39.92843,-123.91649,23,0,1,68.0164271047228,64.52102670733953,0
misc_net,9.73,Manley,NE,40.9207,-96.168,206,Human resources officer,41.078323,-96.55754,7,1,12,53.23750855578371,37.092440413490365,0
home,8.09,Kansas City,MO,38.9621,-94.5959,545147,Counsellor,38.063446,-94.979738,13,4,12,33.10335386721424,105.35849970846076,0
gas_transport,61.64,Sprague,NE,40.6267,-96.7456,142,Chiropodist,39.631593,-96.221997,10,0,1,51.39219712525667,119.26918334904384,0
grocery_pos,194.12,Rock Springs,WY,41.606,-109.23,27971,Music therapist,41.803966,-109.517607,10,2,1,34.4394250513347,32.47496507622423,0
shopping_pos,4.1,High Rolls Mountain Park,NM,32.9396,-105.8189,899,Naval architect,32.34748,-106.011391,6,1,1,51.37850787132101,68.26293793302035,0
shopping_net,1026.88,Tomales,CA,38.2427,-122.9145,337,Occupational psychologist,39.140867,-122.209983,23,4,5,64.86516084873374,117.10166757626575,1
entertainment,56.88,Parks,AZ,35.2563,-111.95,759,"""Geologist, engineering""",35.039166,-110.991093,12,3,1,61.78781656399726,90.46553995377997,0
grocery_pos,176.22,Laramie,WY,41.4247,-105.4781,35371,"""Pilot, airline""",40.909588,-104.612073,6,6,12,32.31759069130732,92.38896137842804,0
gas_transport,45.4,Scotts Mills,OR,44.9897,-122.6187,1252,"""Engineer, petroleum""",44.464716,-122.250841,1,5,12,83.88501026694045,65.20903085477893,0
personal_care,1.4,Ballwin,MO,38.577,-90.5255,92608,"""Engineer, communications""",38.691778,-91.416089,21,1,1,17.43463381245722,78.40151386055912,0
home,77.41,Kansas City,MO,38.9621,-94.5959,545147,Counsellor,39.074473,-94.435557,20,0,12,33.11156741957564,18.655339711987672,0
home,32.09,Meredith,CO,39.3199,-106.6596,61,Public relations account executive,39.750004,-107.362325,19,5,12,81.14442162902122,76.93468481986925,0
entertainment,18.23,Independence,MO,39.1412,-94.3515,123373,"""Engineer, production""",39.348729,-94.536796,20,6,12,28.082135523613964,28.05575623329556,0
misc_net,49.85,Rock Springs,WY,41.606,-109.23,27971,Music therapist,40.913003,-108.506301,2,5,1,34.46680355920602,97.96494612428089,0
grocery_net,85.16,Indian Wells,CA,33.7163,-116.3381,4677,Learning mentor,34.567104,-117.309781,8,2,1,63.66050650239562,130.17854120040465,0
travel,9.2,Port Costa,CA,38.046,-122.1866,198,Armed forces training and education officer,37.299045,-121.286941,12,2,1,59.7782340862423,114.75172775789498,0
grocery_pos,298.01,Parker Dam,CA,34.298,-114.156,126,Marketing executive,34.068192,-113.412581,4,6,1,26.305270362765228,73.00201893309055,1
shopping_net,398.79,Newhall,CA,34.3795,-118.523,34882,Health physicist,34.057523,-118.682385,23,6,1,47.7015742642026,38.68546019750488,0
grocery_pos,301.73,Seligman,MO,36.5276,-93.9359,2693,"""Engineer, biomedical""",36.064509,-94.480708,2,5,10,52.65982203969884,70.96095790047096,1
grocery_net,80.04,Sun City,CA,33.7467,-117.1721,54287,"""Designer, exhibition/display""",33.615534,-116.902191,8,0,12,48.26557152635181,28.921405048626333,0
food_dining,5.4,Freedom,WY,43.0172,-111.0292,471,"""Education officer, museum""",42.834333,-110.815295,18,5,12,53.40177960301163,26.773033060286107,0
grocery_pos,129.21,Mound City,MO,40.1362,-95.2138,1631,Architect,40.069216,-95.839938,1,6,12,67.93429158110882,53.77251221390646,0
gas_transport,83.77,Valentine,NE,42.8062,-100.6215,4005,Network engineer,42.584911,-100.703297,10,1,1,73.83709787816564,25.498088397494367,0
grocery_pos,367.29,Browning,MO,40.029,-93.1607,602,Cytogeneticist,39.167065,-93.705245,11,5,1,64.47912388774812,106.59516626872922,1
shopping_net,4.24,Mountain Center,CA,33.6401,-116.5567,1661,"""Therapist, music""",34.186108,-116.499498,21,2,1,30.305270362765228,60.94234709240655,0
home,83.0,Centerview,MO,38.7897,-93.8702,2368,Electronics engineer,38.319579,-93.799883,23,3,12,31.457905544147845,52.63144759508858,0
entertainment,496.0,Burbank,WA,46.1966,-118.9017,3684,Musician,45.462344,-118.813156,15,0,1,37.125256673511295,81.93324741549927,0
health_fitness,14.78,Moab,UT,38.5677,-109.5271,9772,Location manager,37.933517,-108.694482,16,1,12,31.096509240246405,101.2857134317174,0
food_dining,114.63,Lake Oswego,OR,45.4093,-122.6847,42817,Planning and development surveyor,46.09463,-123.201661,18,6,1,36.64887063655031,86.1159730738621,0
home,57.61,Fiddletown,CA,38.5234,-120.6763,832,Immigration officer,37.896274,-120.73983,18,1,1,31.62217659137577,69.95379058199698,0
shopping_net,67.48,Colorado Springs,CO,38.8881,-104.6556,525713,Museum/gallery exhibitions officer,39.852779,-105.534579,20,6,1,26.6611909650924,131.20507241201952,0
gas_transport,72.03,Orient,WA,48.8878,-118.2105,149,Special educational needs teacher,48.252168,-117.587249,10,1,12,42.5242984257358,84.25164886176339,0
misc_net,1.66,Carlotta,CA,40.507,-123.9743,1139,"""Therapist, occupational""",40.587183,-124.300559,0,0,1,67.97809719370294,28.972858773323185,0
shopping_pos,1009.65,Laguna Hills,CA,33.615,-117.7114,45303,Sales executive,33.210236,-117.473344,23,6,1,50.05612594113621,50.13890473798621,1
home,25.77,Manville,WY,42.73,-104.7024,241,Educational psychologist,43.276838,-104.286026,21,0,12,40.03285420944559,69.59675694145024,0
misc_pos,1.21,Rock Springs,WY,41.606,-109.23,27971,Music therapist,42.596529,-108.811028,6,3,12,36.41615331964408,115.43799218342323,0
shopping_net,973.99,Fort Washakie,WY,43.0048,-108.8964,1645,Freight forwarder,43.009123,-109.288587,23,0,12,43.841204654346335,31.8937331163082,1
shopping_net,9.73,Hooper,NE,41.6414,-96.5232,1745,"""Engineer, automotive""",41.529997,-95.840955,20,3,12,47.01437371663244,58.07841308219544,0
food_dining,31.41,Phoenix,AZ,33.5623,-112.0559,1312922,Contractor,33.451396,-111.154783,12,1,1,37.22655715263518,84.45336872189385,0
gas_transport,46.14,Altonah,UT,40.3207,-110.436,302,"""Sales professional, IT""",40.22891,-110.298997,9,1,1,28.993839835728952,15.468188526793446,0
kids_pets,66.74,Los Angeles,CA,34.0443,-118.2509,2383912,"""Journalist, newspaper""",34.608771,-119.249346,18,5,1,59.60301163586585,111.11138389617768,0
shopping_pos,4.26,San Jose,CA,37.3304,-121.7913,973849,Science writer,36.369185,-121.343727,9,4,1,63.60301163586585,114.06015772776752,0
kids_pets,18.55,Hatch,UT,37.7175,-112.4777,258,Geoscientist,38.474531,-113.036581,21,1,1,57.14168377823409,97.35337444027644,0
shopping_net,953.89,Oakland,CA,37.7878,-122.1884,381459,Barista,37.575408,-121.488987,22,1,3,46.16290212183436,65.92487081100278,1
grocery_pos,307.77,Kirtland,NM,36.741,-108.351,6910,TEFL teacher,35.81365,-107.587304,22,6,9,64.65160848733744,123.7712643397154,1
misc_net,806.79,Camden,MO,39.2048,-94.0259,464,Colour technologist,38.741744,-94.696218,23,2,10,61.38261464750171,77.5175760149972,1
kids_pets,49.54,Sun City,CA,33.7467,-117.1721,54287,"""Designer, exhibition/display""",34.050153,-116.591951,14,3,1,46.299794661190965,63.28957913439555,0
misc_net,1.71,Hooper,NE,41.6414,-96.5232,1745,"""Engineer, automotive""",41.801644,-95.666937,9,6,12,47.00342231348392,73.26459927570077,0
personal_care,62.62,Luray,MO,40.4931,-91.8912,519,Town planner,40.902925,-92.612508,20,3,12,54.861054072553046,75.98867353319363,0
home,9.19,Clarksville,MO,39.3465,-90.9362,1146,Exercise physiologist,38.420685,-90.5857,19,2,12,91.73169062286104,107.32290449887915,0
food_dining,13.91,Parker,CO,39.5102,-104.7216,84861,Materials engineer,39.598393,-103.81171,9,0,1,86.86652977412732,78.62185082665336,0
misc_pos,6.89,Glendale,CA,34.1556,-118.2322,172817,Advertising account planner,34.680885,-119.014738,16,6,12,38.41204654346338,92.54194267566136,0
misc_net,223.98,Mendon,UT,41.71,-111.9817,2078,"""Scientist, audiological""",42.519866,-111.519203,2,0,1,55.57015742642026,97.79973422005968,0
misc_net,390.94,Phoenix,AZ,33.8155,-112.1202,1312922,Counselling psychologist,34.037938,-113.101068,15,6,1,19.10198494182067,93.8176770452708,0
misc_pos,9.2,Riverton,WY,43.0351,-108.2024,19408,"""Lecturer, higher education""",43.167668,-108.735406,22,2,1,25.347022587268995,45.715644343510526,0
gas_transport,43.73,San Diego,CA,33.0067,-117.069,1241364,"""Pharmacist, hospital""",32.291042,-117.070753,11,3,1,58.84188911704312,79.57770805792566,0
shopping_pos,7.4,Conway,WA,48.34,-122.3456,85,"""Research officer, political party""",48.276525,-123.328178,16,3,1,34.35728952772074,73.01121099536192,0
shopping_net,1185.77,Owensville,MO,38.3511,-91.4867,6703,Naval architect,39.117126,-91.572039,23,1,8,22.22861054072553,85.49921873403122,1
grocery_pos,307.77,Kirtland,NM,36.741,-108.351,6910,TEFL teacher,35.81365,-107.587304,22,6,9,64.65160848733744,123.7712643397154,1
misc_net,35.86,Phoenix,AZ,33.5623,-112.0559,1312922,Contractor,33.097601,-112.998926,9,6,1,37.24024640657084,101.71429835521695,0
grocery_pos,189.66,Meridian,ID,43.6498,-116.4306,84106,Intelligence analyst,43.227945,-117.23355,5,6,1,47.92060232717317,80.01985938745887,0
gas_transport,68.74,Hatch,UT,37.7175,-112.4777,258,Geoscientist,37.871064,-111.792738,6,4,1,57.13073237508556,62.56147182355164,0
grocery_pos,104.56,Norwalk,CA,33.9056,-118.0818,105549,Firefighter,34.78363,-117.764342,5,4,1,45.3223819301848,101.88976043800416,0
grocery_pos,294.39,Tekoa,WA,47.2271,-117.0819,895,Clothing/textile technologist,47.447456,-116.279282,7,6,8,20.197125256673512,65.25547654863912,1
grocery_net,62.88,Superior,AZ,33.2887,-111.0985,2872,Petroleum engineer,32.526175,-111.171478,8,5,1,31.208761122518823,85.0621635577516,0
grocery_pos,147.22,Tomales,CA,38.2427,-122.9145,337,Occupational psychologist,37.423654,-123.229625,5,4,12,66.47501711156742,95.18554796032394,0
food_dining,52.01,Odessa,MO,38.9829,-93.9757,9512,Clinical research associate,38.698885,-93.144091,17,4,1,46.02874743326489,78.64369555317403,0
entertainment,14.64,Tomales,CA,38.2427,-122.9145,337,Occupational psychologist,38.741577,-123.824802,13,5,12,66.47775496235455,96.714231354418,0
grocery_pos,358.76,Redford,MO,37.3272,-91.0243,241,Investment analyst,37.336643,-90.795659,2,6,1,45.22929500342232,20.242554088789028,1
food_dining,10.69,Norwalk,CA,33.9056,-118.0818,105549,Firefighter,33.71026,-118.855076,15,4,1,45.30321697467488,74.67364984649686,0
entertainment,39.84,Carlotta,CA,40.507,-123.9743,1139,"""Therapist, occupational""",40.00133,-123.636989,14,5,1,68.01095140314852,63.09480405688979,0
gas_transport,44.86,Powell Butte,OR,44.2415,-121.0113,2016,Local government officer,44.53819,-120.554921,1,6,1,65.07049965776865,49.024546260559326,0
personal_care,12.37,Conway,WA,48.34,-122.3456,85,"""Research officer, political party""",49.034337,-122.089345,17,6,12,36.32032854209446,79.46519139363144,0
home,9.82,Port Costa,CA,38.046,-122.1866,198,Armed forces training and education officer,37.18527,-122.573366,12,5,12,61.74127310061601,101.59051069271206,0
grocery_pos,126.4,High Rolls Mountain Park,NM,32.9396,-105.8189,899,Naval architect,32.781637,-106.614605,0,4,1,51.38672142368241,76.36835311701117,0
personal_care,18.76,Laramie,WY,41.4247,-105.4781,35371,"""Pilot, airline""",40.560154,-104.499129,19,6,1,30.362765229295004,126.4598951559746,0
misc_pos,88.6,Sun City,CA,33.7467,-117.1721,54287,"""Designer, exhibition/display""",32.822709,-117.558289,1,6,12,48.26283367556468,108.83349540593228,0
misc_pos,3.02,Norwalk,CA,33.9056,-118.0818,105549,Firefighter,33.632393,-117.454238,23,0,12,47.2662559890486,65.48175492179604,0
shopping_pos,7.57,Lamy,NM,35.4311,-105.9409,923,Public relations account executive,36.367102,-105.050575,7,4,12,56.50924024640657,131.3893159943824,0
shopping_net,5.11,Wheaton,MO,36.7651,-94.0492,760,Production manager,36.969418,-93.673874,15,4,12,35.318275154004105,40.38508014607353,0
gas_transport,61.92,Meridian,ID,43.6498,-116.4306,84106,Intelligence analyst,43.198964,-115.609793,10,1,12,49.88090349075976,83.10832735487371,0
kids_pets,69.42,June Lake,CA,37.7773,-119.0825,633,Health service manager,37.41099,-119.705746,19,4,12,93.29500342231348,68.36888470364735,0
gas_transport,56.74,Glendale,CA,34.1556,-118.2322,172817,Advertising account planner,34.530109,-117.333757,4,3,12,38.42299794661191,92.40228574067864,0
misc_net,5.34,Orient,WA,48.8878,-118.2105,149,Special educational needs teacher,48.047314,-118.241917,17,4,1,40.55852156057495,93.48647597752029,0
travel,7.43,Altonah,UT,40.3207,-110.436,302,"""Sales professional, IT""",40.311609,-111.356638,13,1,1,28.974674880219027,78.06208871256605,0
travel,2.47,Omaha,NE,41.2064,-95.9953,518429,"""Surveyor, land/geomatics""",40.871601,-95.380678,23,4,12,25.21013004791239,63.58560644586035,0
misc_net,144.82,Stayton,OR,44.8021,-122.7624,9587,"""Engineer, biomedical""",43.909551,-122.485963,0,6,1,50.82546201232033,101.65116515720442,0
misc_net,64.5,Azusa,CA,34.1248,-117.9031,59705,Civil Service fast streamer,34.718726,-117.03607,7,1,1,35.54551676933607,103.37314622608736,0
grocery_pos,138.77,Sutherland,NE,41.1558,-101.136,1789,Insurance broker,41.35778,-101.850711,6,0,1,36.941820670773446,63.82592203771959,0
personal_care,52.83,Napa,CA,38.4549,-122.2564,94014,Airline pilot,37.761895,-121.263859,19,3,1,33.4072553045859,116.0989898177038,0
misc_pos,7.94,Newhall,CA,34.3795,-118.523,34882,Health physicist,34.514045,-118.583977,1,2,12,49.68377823408624,15.97144561387661,0
home,137.89,Lowell,OR,43.921,-122.7806,1420,Systems analyst,44.895888,-122.944365,20,0,1,53.17453798767967,109.18026460081566,0
misc_net,25.19,Port Costa,CA,38.046,-122.1866,198,Armed forces training and education officer,38.385483,-123.039156,6,0,12,61.74674880219028,83.50215338135305,0
home,29.0,Honokaa,HI,20.0827,-155.488,4878,Physiotherapist,19.480373,-155.999447,12,6,12,54.06707734428473,85.7292025336499,0
shopping_pos,7.21,Manville,WY,42.73,-104.7024,241,Educational psychologist,43.120481,-104.985719,14,2,1,38.08350444900753,49.16698852253405,0
grocery_pos,351.65,American Fork,UT,40.3928,-111.7941,42384,Futures trader,40.590223,-112.644461,1,5,8,26.5927446954141,75.1856953756912,1
home,6.48,Owensville,MO,38.3511,-91.4867,6703,Naval architect,39.100976,-91.602719,18,3,12,22.598220396988363,83.98758650260227,0
home,95.24,Wheaton,MO,36.7651,-94.0492,760,Production manager,37.193844,-93.285605,16,3,1,33.379876796714576,82.90647313542067,0
kids_pets,5.92,Sacramento,CA,38.5662,-121.3286,757530,Magazine features editor,38.060307,-120.505642,16,6,1,39.70704996577687,91.21180259300526,0
shopping_pos,270.4,Paradise Valley,AZ,33.5494,-111.9565,17047,Building surveyor,32.927012,-112.625284,4,5,1,83.93429158110882,93.04921503145462,0
grocery_pos,212.04,Issaquah,WA,47.4974,-122.0107,50489,Osteopath,47.018375,-121.289235,5,1,1,34.85831622176591,76.16827626391793,0
food_dining,53.88,Jelm,WY,41.0539,-106.0763,100,Public librarian,41.008878,-106.995233,21,6,1,44.72553045859001,77.24204672808543,0
grocery_pos,49.45,Norwalk,CA,33.9056,-118.0818,105549,Firefighter,33.131848,-117.466428,1,5,1,45.28678986995209,103.23124629726875,0
gas_transport,39.95,Thompson,UT,38.9999,-109.615,46,"""Surveyor, minerals""",39.256614,-109.06873,7,1,12,33.686516084873375,55.09189061541599,0
grocery_net,49.58,Helm,CA,36.4992,-120.0936,123,Early years teacher,36.511609,-120.378489,1,6,12,47.885010266940455,25.50031891781543,0
grocery_pos,259.63,Pleasant Hill,MO,38.7859,-94.244,12866,Information officer,38.601233,-94.617059,3,2,12,73.51950718685832,38.33938424826094,1
shopping_pos,107.02,Norwalk,CA,33.9056,-118.0818,105549,Firefighter,33.149609,-118.763554,19,4,1,45.28405201916495,105.16607419271106,0
shopping_pos,1.21,Centerview,MO,38.7897,-93.8702,2368,Electronics engineer,38.993551,-93.236215,17,5,12,31.444216290212182,59.366952334689,0
gas_transport,59.24,Fort Washakie,WY,43.0048,-108.8964,1645,Freight forwarder,42.045638,-109.446442,9,6,1,42.861054072553046,115.78710138669626,0
misc_net,735.87,Independence,MO,39.1412,-94.3515,123373,"""Engineer, production""",39.890976,-94.263609,3,1,8,26.72689938398357,83.71147551074516,1
health_fitness,81.77,Issaquah,WA,47.4974,-122.0107,50489,Osteopath,46.947525,-121.73901,14,2,12,36.83504449007529,64.49388704394325,0
shopping_pos,153.75,Tekoa,WA,47.2271,-117.0819,895,Clothing/textile technologist,46.858122,-117.970325,15,0,1,19.6249144421629,78.8363224894159,0
gas_transport,76.08,Mound City,MO,40.1362,-95.2138,1631,Architect,40.644596,-94.593811,5,6,12,67.93429158110882,77.15403881661321,0
entertainment,386.91,Thompson,UT,38.9999,-109.615,46,"""Surveyor, minerals""",39.262556,-109.656927,23,4,1,31.73990417522245,29.429057459969503,1
grocery_pos,52.22,Arnold,MO,38.4305,-90.387,35439,Land/geomatics surveyor,38.326329,-90.17749,10,0,12,35.74537987679671,21.626355411421983,0
grocery_net,14.31,Howells,NE,41.6964,-96.9858,1063,Research scientist (maths),41.333122,-97.701202,2,6,12,91.66324435318276,71.96997015244469,1
misc_net,707.11,Vancouver,WA,45.6892,-122.6616,299480,Teaching laboratory technician,44.993214,-123.335403,0,0,7,35.54551676933607,93.60774103632382,1
grocery_pos,118.52,Campbell,NE,40.2967,-98.737,493,"""Surveyor, minerals""",39.976104,-99.569787,5,2,1,78.34086242299794,79.26345475496157,0
gas_transport,91.77,Meridian,ID,43.6498,-116.4306,84106,Intelligence analyst,43.312596,-115.875789,11,5,1,47.937029431895965,58.3924364036138,0
misc_net,683.67,Nelson,NE,40.201,-98.0684,732,Television/film/video producer,39.955633,-98.670244,22,4,10,62.82546201232033,58.0212350669735,1
gas_transport,55.99,Paauilo,HI,20.0271,-155.3697,1490,"""Scientist, research (maths)""",19.399206,-155.983153,9,4,1,27.74811772758385,94.85863496681944,0
misc_pos,267.17,Sun City,CA,33.7467,-117.1721,54287,"""Designer, exhibition/display""",34.546513,-116.935283,8,1,12,48.26830937713895,91.5662835474796,0
home,82.12,Helm,CA,36.4992,-120.0936,123,Early years teacher,37.302246,-120.680061,13,2,1,45.90006844626968,103.40615193037326,0
kids_pets,77.12,Colton,WA,46.5901,-117.1692,761,Chief Marketing Officer,47.04201,-116.822548,17,1,12,77.5003422313484,56.75286849282107,0
grocery_pos,317.33,Iliff,CO,40.7692,-103.0968,648,Community arts worker,40.181317,-102.702423,1,0,3,50.521560574948666,73.3888264240967,1
shopping_net,9.34,Newhall,CA,34.3795,-118.523,34882,Health physicist,34.35566,-117.901947,18,6,1,47.72073921971253,57.06422405585363,0
home,52.97,Superior,AZ,33.2887,-111.0985,2872,Petroleum engineer,33.5579,-111.851478,15,5,12,33.163586584531146,76.02180029586039,0
grocery_pos,89.44,Paradise Valley,AZ,33.5494,-111.9565,17047,Building surveyor,33.0824,-112.675229,0,0,12,85.91375770020534,84.59695939310578,0
grocery_pos,95.02,North Loup,NE,41.4972,-98.7858,509,"""Nurse, children's""",41.694221,-97.794421,0,1,12,40.28747433264887,85.30066099365064,0
kids_pets,55.42,Browning,MO,40.029,-93.1607,602,Cytogeneticist,39.596348,-92.272318,17,1,12,66.46132785763176,89.84464526686914,0
grocery_pos,132.01,Parks,AZ,35.2563,-111.95,759,"""Geologist, engineering""",35.649755,-111.596872,7,5,12,63.748117727583846,54.19555971818886,0
shopping_net,1025.76,Manville,WY,42.73,-104.7024,241,Educational psychologist,41.953063,-104.296483,0,3,8,39.657768651608485,92.60905740933175,1
misc_pos,3.02,Camden,MO,39.2048,-94.0259,464,Colour technologist,39.841672,-93.673028,6,0,12,61.58795345653662,77.01345835328384,0
misc_pos,9.29,Hawthorne,CA,33.9143,-118.3493,93193,"""Editor, magazine features""",33.884948,-118.748947,23,2,9,24.37782340862423,37.02893962402245,1
food_dining,2.29,Espanola,NM,35.9866,-106.0654,18408,Historic buildings inspector/conservation officer,36.398113,-106.022986,12,1,1,46.49418206707735,45.91618251742449,0
misc_pos,27.62,Fiddletown,CA,38.5234,-120.6763,832,Immigration officer,38.213434,-121.163771,7,6,1,31.655030800821358,54.71765865988782,0
health_fitness,86.87,Mound City,MO,40.1362,-95.2138,1631,Architect,39.766948,-94.219417,12,6,12,67.93429158110882,94.18203116191684,0
personal_care,41.25,Centerview,MO,38.7897,-93.8702,2368,Electronics engineer,37.932945,-93.419292,19,0,12,31.449691991786448,103.05968550657292,0
shopping_net,5.15,Lowell,OR,43.921,-122.7806,1420,Systems analyst,43.882014,-123.526571,8,0,1,53.17453798767967,59.92370106204158,0
shopping_net,408.78,Superior,AZ,33.2887,-111.0985,2872,Petroleum engineer,32.496752,-111.084321,21,2,1,31.200547570157426,88.07055029429584,0
health_fitness,8.64,Sixes,OR,42.825,-124.4409,217,Retail merchandiser,43.387257,-124.656813,13,2,12,92.24640657084188,64.93071815029535,0
grocery_pos,98.65,Dumont,CO,39.7532,-105.6356,565,Mental health nurse,39.165534,-105.414373,1,3,1,40.35318275154004,68.04952579187459,0
shopping_pos,2.98,Issaquah,WA,47.4974,-122.0107,50489,Osteopath,47.753729,-122.698789,19,2,1,34.88021902806297,58.91952661953282,0
grocery_pos,96.94,Paauilo,HI,20.0271,-155.3697,1490,"""Scientist, research (maths)""",19.52609,-155.247382,11,0,1,27.77549623545517,57.16108576268515,0
kids_pets,55.09,Rocky Mount,MO,38.2911,-92.7059,1847,Tax inspector,38.87091,-92.547919,17,4,1,30.209445585215605,65.91815163734586,0
misc_pos,36.9,Cascade Locks,OR,45.671,-121.8686,1288,Barrister,45.18844,-121.361909,2,1,1,82.70773442847364,66.65234905270316,0
grocery_pos,141.27,Lowell,OR,43.921,-122.7806,1420,Systems analyst,44.044071,-122.654894,0,1,12,55.13210130047912,16.98336843495599,0
shopping_net,918.25,Mound City,MO,40.1362,-95.2138,1631,Architect,39.835778,-94.84017,14,0,9,67.6495550992471,46.14342524450767,1
shopping_pos,9.55,Conway,WA,48.34,-122.3456,85,"""Research officer, political party""",48.618282,-122.541861,19,3,12,36.31211498973306,34.15815227188282,0
entertainment,9.25,Red River,NM,36.6659,-105.4694,606,"""Surveyor, land/geomatics""",36.761451,-105.745763,15,0,1,30.33538672142368,26.8278706578887,0
shopping_pos,4.75,Meridian,ID,43.6498,-116.4306,84106,Intelligence analyst,44.52878,-116.183557,23,5,12,49.87268993839836,99.70958185292436,0
kids_pets,281.27,Littleton,CO,39.5994,-105.0044,320420,Water engineer,39.408998,-105.568473,20,3,12,45.40177960301163,52.8232903916184,0
home,13.43,Luray,MO,40.4931,-91.8912,519,Town planner,40.307707,-91.392896,17,6,12,54.86926762491444,46.96209429188912,0
kids_pets,3.1,Independence,MO,39.1412,-94.3515,123373,"""Engineer, production""",39.488613,-94.936008,22,4,1,26.102669404517453,63.40993752297359,0
grocery_pos,248.41,Napa,CA,38.4549,-122.2564,94014,Airline pilot,37.655801,-122.867192,3,4,1,33.37166324435318,103.70725324644796,0
shopping_pos,112.73,Meadville,MO,39.7795,-93.3014,964,Tourist information centre manager,39.230442,-93.487074,13,6,12,46.012320328542096,63.09640845336688,0
home,19.33,San Diego,CA,33.0067,-117.069,1241364,Chartered public finance accountant,32.336964,-117.022545,21,0,1,59.46338124572211,74.59807741010187,0
misc_pos,34.6,Santa Monica,CA,34.0287,-118.4924,92043,"""Civil engineer, contracting""",34.347612,-117.993978,4,1,12,59.67967145790554,57.95902030010508,0
misc_net,6.7,Espanola,NM,35.9866,-106.0654,18408,Historic buildings inspector/conservation officer,36.429926,-106.473714,23,6,12,48.4435318275154,61.41737949575528,0
shopping_net,1.07,Hawthorne,CA,33.9143,-118.3493,93193,"""Editor, magazine features""",33.085326,-118.421187,13,3,1,23.709787816564,92.4183862633308,0
grocery_pos,135.7,Hatch,UT,37.7175,-112.4777,258,Geoscientist,37.610712,-112.498128,1,0,1,57.13894592744696,12.00965742663041,0
misc_net,1.36,Glendale,CA,34.1556,-118.2322,172817,Advertising account planner,33.932449,-119.045195,6,0,12,38.41478439425051,78.90940575458423,0
shopping_pos,3.22,Holstein,NE,40.4542,-98.6538,331,Telecommunications researcher,41.279347,-98.569758,10,1,1,68.40793976728268,92.02390456341516,0
home,42.62,Indian Wells,CA,33.7163,-116.3381,4677,Learning mentor,32.84874,-116.617382,19,6,12,65.64544832306639,99.9002997121607,0
home,134.88,Phoenix,AZ,33.8155,-112.1202,1312922,Counselling psychologist,33.304977,-111.14447,20,0,1,19.143052703627653,106.75402276432315,0
grocery_pos,97.79,Helm,CA,36.4992,-120.0936,123,Early years teacher,35.846557,-119.849634,6,4,1,45.92470910335387,75.80255018364409,0
kids_pets,48.61,Williamsburg,MO,38.8874,-91.7689,710,Glass blower/designer,38.424004,-92.084724,14,6,1,48.276522929500345,58.37064302895992,0
home,111.04,Hawthorne,CA,33.9143,-118.3493,93193,"""Editor, magazine features""",34.668298,-119.228665,19,6,12,25.69199178644764,116.42691077730473,0
personal_care,62.3,Azusa,CA,34.1248,-117.9031,59705,Civil Service fast streamer,33.628078,-117.130577,19,5,12,37.51129363449692,90.2046499090665,0
personal_care,67.67,Huntington Beach,CA,33.6773,-118.0051,190249,"""Therapist, horticultural""",34.126355,-118.607936,19,4,1,42.29705681040383,74.75718036880785,0
shopping_net,928.08,Mound City,MO,40.1362,-95.2138,1631,Architect,39.853239,-96.207387,23,0,9,67.6495550992471,90.29880331668993,1
shopping_pos,654.62,Freedom,WY,43.0172,-111.0292,471,"""Education officer, museum""",43.973646,-111.336588,23,0,6,52.851471594798085,109.2038572122513,1
health_fitness,27.08,Lowell,OR,43.921,-122.7806,1420,Systems analyst,43.487317,-122.473412,18,3,12,55.11841204654346,54.17780688288433,0
food_dining,49.2,Tekoa,WA,47.2271,-117.0819,895,Clothing/textile technologist,47.824677,-116.828273,13,1,12,21.582477754962355,69.12248912971998,0
shopping_pos,8.9,Moriarty,NM,34.9889,-106.0609,7268,"""Therapist, art""",34.414433,-105.627043,21,1,1,30.428473648186174,75.18900890950457,0
travel,5.67,Wheaton,MO,36.7651,-94.0492,760,Production manager,36.696407,-93.794494,23,1,12,35.32922655715264,23.9495197200403,0
shopping_pos,5.62,Espanola,NM,35.9866,-106.0654,18408,Historic buildings inspector/conservation officer,36.301505,-105.872692,21,2,1,46.458590006844624,39.05810936680414,0
kids_pets,23.82,Portland,OR,45.5303,-122.7033,841711,"""Engineer, building services""",44.659759,-123.574214,15,0,12,57.73579739904175,118.50459866139148,0
shopping_net,107.23,Fort Washakie,WY,43.0048,-108.8964,1645,Freight forwarder,43.914984,-108.254526,2,2,12,44.84325804243669,113.69578538209257,0
kids_pets,21.39,High Rolls Mountain Park,NM,32.9396,-105.8189,899,Naval architect,33.069355,-105.571719,22,1,1,51.34017796030116,27.19316173676036,0
grocery_net,20.1,Sutherland,NE,41.1558,-101.136,1789,Insurance broker,40.853176,-100.759454,4,0,12,38.87748117727584,46.15988614725343,0
misc_pos,4.34,Thompson,UT,38.9999,-109.615,46,"""Surveyor, minerals""",39.753388,-108.706739,20,3,12,33.67282683093772,114.5163653202074,0
kids_pets,21.39,High Rolls Mountain Park,NM,32.9396,-105.8189,899,Naval architect,33.069355,-105.571719,22,1,1,51.34017796030116,27.19316173676036,0
entertainment,72.24,Meridian,ID,43.6498,-116.4306,84106,Intelligence analyst,43.872477,-115.907359,21,6,12,49.87542778918549,48.77293651825903,0
shopping_pos,43.02,Ballwin,MO,38.577,-90.5255,92608,"""Engineer, communications""",38.124698,-90.41745,22,2,1,17.475701574264203,51.16865248022082,0
personal_care,65.7,Hooper,NE,41.6414,-96.5232,1745,"""Engineer, automotive""",42.393493,-96.026333,16,4,1,45.06228610540725,93.15873840372517,0
shopping_net,1.65,Newhall,CA,34.3795,-118.523,34882,Health physicist,35.038241,-119.059779,13,5,1,47.73716632443532,88.16337592472212,0
grocery_net,33.68,Colorado Springs,CO,38.8881,-104.6556,525713,Museum/gallery exhibitions officer,38.534844,-105.603659,2,5,12,28.63244353182752,91.15593264616068,0
misc_pos,13.92,Carlotta,CA,40.507,-123.9743,1139,"""Therapist, occupational""",41.348091,-124.89882,0,5,1,67.9917864476386,121.57007984330473,0
shopping_pos,939.35,Meredith,CO,39.3199,-106.6596,61,Public relations account executive,38.718971,-106.480017,17,6,12,80.0930869267625,68.59763041978361,1
grocery_pos,52.7,Espanola,NM,35.9866,-106.0654,18408,Historic buildings inspector/conservation officer,35.804611,-105.826592,8,6,12,48.4435318275154,29.53367330207387,0
kids_pets,82.35,Rock Springs,WY,41.606,-109.23,27971,Music therapist,40.746913,-110.062243,13,6,12,36.40520191649555,118.22284252144112,0
gas_transport,63.37,Kirk,CO,39.6171,-102.4776,207,Network engineer,40.500091,-101.54874,3,4,1,63.08555783709788,126.05154243269628,0
kids_pets,49.23,Newhall,CA,34.3795,-118.523,34882,Health physicist,35.27153,-118.75173,12,2,1,47.709787816564,101.3626274054785,0
home,152.9,Shedd,OR,44.453,-123.1065,917,Radio broadcast assistant,44.956897,-122.205274,14,1,1,23.50444900752909,90.62108366688126,0
grocery_pos,355.18,Wendel,CA,40.3406,-120.2824,104,"""Teacher, adult education""",41.138186,-119.452939,0,5,1,30.42299794661191,112.91052304330448,1
kids_pets,14.98,Ruidoso,NM,33.3305,-105.6933,8874,Licensed conveyancer,34.312697,-104.730167,21,0,12,20.366872005475702,140.8670750623117,0
food_dining,7.38,Thompson,UT,38.9999,-109.615,46,"""Surveyor, minerals""",38.830397,-109.086494,19,1,12,33.686516084873375,49.45749992741388,0
misc_net,6.53,Grenada,CA,41.6125,-122.5258,589,Systems analyst,41.97108,-123.218353,7,1,1,73.0485968514716,69.9017554202774,0
grocery_pos,84.93,Claremont,CA,34.1092,-117.7183,35705,Wellsite geologist,33.562114,-116.745451,2,0,12,64.62149212867898,108.5098798767586,0
grocery_pos,111.06,Mendon,UT,41.71,-111.9817,2078,"""Scientist, audiological""",42.423281,-111.546176,4,6,12,57.541409993155376,87.08057947656326,0
grocery_pos,81.19,Phoenix,AZ,33.8155,-112.1202,1312922,Counselling psychologist,34.559605,-111.185343,22,6,12,21.07597535934292,119.33065137110488,0
misc_net,729.44,Wappapello,MO,36.9766,-90.2848,2601,Research scientist (medical),37.950715,-90.012979,14,0,10,62.25325119780972,110.9415098760586,1
travel,9.87,Rock Springs,WY,41.606,-109.23,27971,Music therapist,42.169986,-109.061642,23,0,12,36.40793976728269,64.24223472163318,0
misc_net,262.52,Littleton,CO,39.5994,-105.0044,320420,Water engineer,40.386253,-105.067073,7,6,1,43.45516769336072,87.65680245246064,0
health_fitness,43.44,Crownpoint,NM,35.7206,-108.0271,5662,IT consultant,35.889949,-107.083684,15,3,12,31.731690622861056,87.13608924893256,0
grocery_pos,95.61,Utica,MO,39.7417,-93.6289,271,Land/geomatics surveyor,40.254034,-94.592028,1,1,12,48.69815195071869,99.88069653672696,0
health_fitness,34.15,Pueblo,CO,38.2352,-104.66,151815,Further education lecturer,38.85286,-103.723372,15,3,12,32.99110198494182,106.546256056565,0
kids_pets,42.19,Jordan Valley,OR,42.8801,-117.281,641,Economist,43.6764,-116.727044,21,1,12,27.096509240246405,99.25248258396482,0
travel,6.87,Utica,MO,39.7417,-93.6289,271,Land/geomatics surveyor,39.559136,-93.010276,13,2,1,46.7460643394935,56.72032563160245,0
misc_net,4.37,Monitor,WA,47.4852,-120.4158,584,Medical technical officer,47.976217,-120.9291,0,0,12,51.775496235455165,66.74419882779483,0
food_dining,3.17,Glendale,CA,34.1556,-118.2322,172817,Advertising account planner,33.492558,-117.233357,23,3,12,38.40383299110199,118.10512244569586,0
food_dining,9.25,Red River,NM,36.6659,-105.4694,606,"""Surveyor, land/geomatics""",37.219116,-105.309597,17,3,12,32.31759069130732,63.132891225849285,0
kids_pets,14.5,Burlington,WA,48.4786,-122.3345,14871,Public house manager,48.446057,-122.169224,21,4,1,44.85968514715948,12.712476599286775,0
food_dining,8.77,Altonah,UT,40.3207,-110.436,302,"""Sales professional, IT""",40.7736,-109.817509,23,0,12,30.94592744695414,72.57451489226719,0
grocery_pos,284.76,Phoenix,AZ,33.8155,-112.1202,1312922,Counselling psychologist,34.728331,-112.890271,2,3,10,20.876112251882272,123.73157330715296,1
grocery_pos,126.98,Holstein,NE,40.4542,-98.6538,331,Telecommunications researcher,40.861527,-97.897496,1,1,12,70.36276522929501,78.2396252493394,0
kids_pets,81.15,Luray,MO,40.4931,-91.8912,519,Town planner,39.6801,-91.455867,16,1,1,52.90075290896646,97.69299579391644,0
home,48.8,Huslia,AK,65.6899,-156.292,277,"""Engineer, civil (consulting)""",66.282585,-155.293576,21,1,1,53.17180013689254,79.90110859582275,0
home,223.89,Jelm,WY,41.0539,-106.0763,100,Public librarian,40.41506,-106.529194,23,3,7,45.215605749486656,80.63607366789924,1
entertainment,11.24,Espanola,NM,35.9866,-106.0654,18408,Historic buildings inspector/conservation officer,36.699933,-105.777056,23,3,12,48.45448323066393,83.41730232263644,0
shopping_pos,1.21,Conway,WA,48.34,-122.3456,85,"""Research officer, political party""",48.141595,-123.213463,21,1,12,36.32580424366872,67.95103145661238,0
grocery_pos,287.62,Crownpoint,NM,35.7206,-108.0271,5662,IT consultant,34.75725,-107.110196,0,3,12,30.6776180698152,135.67757647545417,1
food_dining,101.04,Lakeport,CA,39.047,-122.9328,11256,Podiatrist,38.674714,-123.544141,2,4,12,48.14784394250513,67.19726976386879,1
home,244.33,Azusa,CA,34.1248,-117.9031,59705,Civil Service fast streamer,33.916197,-118.405267,22,6,9,37.26488706365503,51.76827721766937,1
shopping_pos,1318.89,Craig,AK,55.4732,-133.1171,1920,Commissioning editor,54.801713,-133.669108,22,2,12,23.460643394934976,82.49788361957816,1
health_fitness,73.77,Centerview,MO,38.7897,-93.8702,2368,Electronics engineer,38.576545,-93.167034,21,3,12,31.43874058863792,65.47535905556938,0
misc_pos,4.43,Jelm,WY,41.0539,-106.0763,100,Public librarian,40.595408,-106.575025,20,1,1,44.73100616016427,66.03114517855236,0
personal_care,18.47,Albuquerque,NM,35.1506,-106.569,641349,Civil Service administrator,35.009762,-107.186163,22,2,1,42.72689938398357,58.30201561663007,0
kids_pets,21.7,Kirtland Afb,NM,35.0203,-106.5503,310,"""Surveyor, land/geomatics""",35.636423,-105.827578,13,2,1,40.276522929500345,94.8268885930132,0
health_fitness,58.14,Centerview,MO,38.7897,-93.8702,2368,Electronics engineer,37.945852,-93.625837,20,3,12,31.457905544147845,96.21957501196016,0
grocery_pos,298.76,Craig,AK,55.4732,-133.1171,1920,Commissioning editor,55.408278,-132.321002,0,3,12,23.463381245722108,50.73083968055898,1
misc_pos,33.57,Hooper,NE,41.6414,-96.5232,1745,"""Engineer, automotive""",42.016583,-96.139228,14,6,1,45.06776180698152,52.46485402556333,0
entertainment,62.69,Parker Dam,CA,34.298,-114.156,126,Marketing executive,33.763231,-113.276347,12,5,12,28.21902806297057,100.53214679096844,0
misc_pos,3.28,June Lake,CA,37.7773,-119.0825,633,Health service manager,37.622258,-119.971899,5,4,12,93.29500342231348,80.12587811693683,0
home,98.02,Meadville,MO,39.7795,-93.3014,964,Tourist information centre manager,39.238247,-92.617053,17,3,12,46.02327173169062,84.07705983216287,0
travel,4.05,Napa,CA,38.4549,-122.2564,94014,Airline pilot,37.856585,-122.741139,14,1,12,35.35660506502396,78.88298239936611,0
shopping_net,1061.19,Athena,OR,45.8289,-118.4971,1302,Dealer,45.370424,-117.599335,23,4,3,43.40041067761807,86.47102444018066,1
grocery_net,38.19,Riverton,WY,43.0351,-108.2024,19408,"""Lecturer, higher education""",43.481744,-107.365892,0,4,12,27.28815879534565,83.99525732370601,0
grocery_pos,116.15,Roseland,NE,40.4591,-98.5551,463,"""Nurse, mental health""",41.355195,-99.101622,3,0,1,70.62286105407256,109.71628297990688,0
home,95.24,Wheaton,MO,36.7651,-94.0492,760,Production manager,37.193844,-93.285605,16,3,1,33.379876796714576,82.90647313542067,0
grocery_net,20.08,Arnold,MO,38.4305,-90.387,35439,Land/geomatics surveyor,37.599783,-91.070391,2,4,1,33.80150581793292,110.07502984740422,0
shopping_net,147.33,Broomfield,CO,39.8854,-105.1139,92337,"""Engineer, electronics""",40.744282,-104.917019,2,6,12,53.1937029431896,96.95110689742246,0
food_dining,14.93,Iliff,CO,40.7692,-103.0968,648,Community arts worker,40.675302,-102.449985,22,3,12,51.2580424366872,55.49955486253828,0
misc_net,92.31,High Rolls Mountain Park,NM,32.9396,-105.8189,899,Naval architect,32.103366,-106.383735,2,4,1,51.38672142368241,107.0076826104496,0
home,227.13,Rock Springs,WY,41.606,-109.23,27971,Music therapist,40.846854,-109.860933,23,0,8,35.00889801505818,99.5471656825674,1
grocery_pos,94.83,Red Cliff,CO,39.4584,-106.3851,277,Human resources officer,40.145885,-107.204605,1,3,12,35.74537987679671,103.65639744092276,0
shopping_pos,8.15,Laguna Hills,CA,33.615,-117.7114,45303,Sales executive,33.624631,-118.204008,6,0,1,49.08145106091718,45.62572672803498,0
grocery_pos,105.56,Altonah,UT,40.3207,-110.436,302,"""Sales professional, IT""",39.407241,-110.117217,8,6,1,29.00752908966461,105.15274822021397,0
grocery_pos,287.86,Valentine,NE,42.8062,-100.6215,4005,Network engineer,43.098764,-101.273137,1,5,9,74.48049281314168,62.21630165399659,1
gas_transport,69.83,Dumont,CO,39.7532,-105.6356,565,Mental health nurse,39.611286,-105.650388,4,2,12,42.34360027378508,15.830778388242878,0
personal_care,103.08,Utica,MO,39.7417,-93.6289,271,Land/geomatics surveyor,39.53652,-94.522309,18,4,12,48.68720054757016,79.83067223984261,0
misc_net,144.82,Stayton,OR,44.8021,-122.7624,9587,"""Engineer, biomedical""",43.909551,-122.485963,0,6,1,50.82546201232033,101.65116515720442,0
personal_care,68.73,Fort Washakie,WY,43.0048,-108.8964,1645,Freight forwarder,43.522492,-108.839413,13,4,1,42.89390828199864,57.749369549840026,0
health_fitness,61.76,Moriarty,NM,34.9889,-106.0609,7268,"""Therapist, art""",34.81768,-106.193695,23,1,1,30.4476386036961,22.563846261010543,0
kids_pets,146.6,Howells,NE,41.6964,-96.9858,1063,Research scientist (maths),42.486036,-96.461106,16,2,1,90.75154004106776,97.89705989120093,0
shopping_pos,6.56,Ballwin,MO,38.577,-90.5255,92608,"""Engineer, communications""",39.254627,-90.782687,13,0,12,19.42505133470226,78.56539154305642,0
misc_net,863.5,Camden,MO,39.2048,-94.0259,464,Colour technologist,40.075505,-93.371757,20,3,10,61.385352498288846,111.85229100685518,1
home,52.39,Meredith,CO,39.3199,-106.6596,61,Public relations account executive,39.647387,-106.284793,18,0,1,79.17590691307323,48.58707868090983,0
health_fitness,32.97,Fullerton,NE,41.366,-98.0054,1749,"""Surveyor, mining""",41.988948,-97.195922,17,3,1,45.659137577002056,96.52777221680618,0
gas_transport,73.79,Holstein,NE,40.4542,-98.6538,331,Telecommunications researcher,40.625055,-98.588171,9,1,1,68.36960985626284,19.79112259945358,0
health_fitness,11.57,Howells,NE,41.6964,-96.9858,1063,Research scientist (maths),42.511877,-97.026784,12,4,12,92.73100616016428,90.7399165201752,0
shopping_pos,900.4,Oakland,CA,37.7878,-122.1884,381459,Barista,38.762055,-122.664923,16,1,3,46.16290212183436,116.04342945005284,1
health_fitness,38.79,Kirtland Afb,NM,35.0203,-106.5503,310,"""Surveyor, land/geomatics""",35.685175,-106.949393,23,2,1,40.276522929500345,82.31485197511932,0
entertainment,58.97,Red River,NM,36.6659,-105.4694,606,"""Surveyor, land/geomatics""",37.052823,-105.207537,18,4,12,32.30116358658453,48.92668567016992,0
home,153.04,Tomales,CA,38.2427,-122.9145,337,Occupational psychologist,38.092341,-122.323871,18,1,1,64.49281314168378,54.27338006372069,0
entertainment,28.36,Mound City,MO,40.1362,-95.2138,1631,Architect,40.168422,-95.451159,23,3,1,65.99041752224504,20.488831889003528,0
misc_pos,6.59,Laguna Hills,CA,33.615,-117.7114,45303,Sales executive,33.92122,-117.15192,9,0,1,49.08145106091718,61.91868742540828,0
gas_transport,105.96,Hatch,UT,37.7175,-112.4777,258,Geoscientist,37.854119,-113.131253,10,2,1,57.125256673511295,59.4079826684296,0
food_dining,122.97,Laramie,WY,41.4247,-105.4781,35371,"""Pilot, airline""",40.742938,-106.026462,17,1,12,32.323066392881586,88.65183986407062,0
gas_transport,73.25,Fort Washakie,WY,43.0048,-108.8964,1645,Freight forwarder,42.660308,-108.69419,1,0,12,44.837782340862425,41.703915646944246,0
grocery_pos,313.33,Blairsden-Graeagle,CA,39.8127,-120.6405,1725,Chartered legal executive (England and Wales),39.384,-119.960675,2,1,4,51.92607802874743,75.26613882295554,1
shopping_net,9.86,Matthews,MO,36.7154,-89.6287,1019,Aeronautical engineer,37.418885,-89.940042,15,6,1,39.94524298425736,82.95812045195613,0
health_fitness,74.03,Fiddletown,CA,38.5234,-120.6763,832,Immigration officer,38.493044,-120.571189,16,6,12,33.609856262833674,9.74892774219184,0
shopping_net,70.56,Llano,NM,36.1486,-105.6648,247,Architectural technologist,36.220785,-105.05312,1,6,1,57.20191649555099,55.48030519628514,0
misc_pos,81.83,Independence,MO,39.1412,-94.3515,123373,"""Engineer, production""",40.013684,-95.166867,6,5,12,28.079397672826836,119.56215287321224,0
shopping_pos,17.16,Saint Louis,MO,38.6171,-90.4504,927396,Occupational hygienist,39.53574,-90.8623,8,3,12,60.80492813141684,108.15897213895188,0
entertainment,174.91,Riverton,WY,43.0351,-108.2024,19408,"""Lecturer, higher education""",42.678606,-108.916825,21,1,12,27.299110198494184,70.44516804872843,0
grocery_pos,331.0,Oakland,CA,37.7878,-122.1884,381459,Barista,37.185356,-122.551259,2,1,3,46.16290212183436,74.24612697709652,1
food_dining,5.24,Phoenix,AZ,33.5623,-112.0559,1312922,Contractor,32.881491,-112.903209,14,1,1,37.18822724161533,109.2832453700462,0
food_dining,33.41,Newberg,OR,45.3099,-122.9685,28278,Research scientist (physical sciences),45.628373,-122.809669,23,3,12,43.45790554414784,37.5160557577744,0
kids_pets,20.41,Red River,NM,36.6659,-105.4694,606,"""Surveyor, land/geomatics""",36.483003,-104.849013,23,6,3,31.482546201232037,59.01460190151015,1
grocery_pos,51.55,Ballwin,MO,38.577,-90.5255,92608,"""Engineer, communications""",39.303925,-90.570927,3,6,12,19.42231348391513,80.92579553436416,0
shopping_net,1012.73,Paauilo,HI,20.0271,-155.3697,1490,"""Scientist, research (maths)""",20.463472,-155.021855,0,6,12,28.692676249144423,60.59127661993505,1
food_dining,72.89,Kissee Mills,MO,36.6704,-93.0377,1201,"""Engineer, agricultural""",36.439654,-93.323736,14,0,1,38.8062970568104,36.208771275713225,0
entertainment,8.42,San Jose,CA,37.3304,-121.7913,973849,Science writer,37.160483,-120.924961,5,6,1,63.60848733744011,78.9784358294018,0
home,57.54,Arnold,MO,38.4305,-90.387,35439,Land/geomatics surveyor,38.380552,-90.013869,19,3,12,35.75359342915811,32.98410451137928,0
personal_care,31.97,June Lake,CA,37.7773,-119.0825,633,Health service manager,37.356128,-119.188234,18,0,12,93.30321697467488,47.75039316242109,0
grocery_pos,336.28,Stayton,OR,44.8021,-122.7624,9587,"""Engineer, biomedical""",44.207367,-123.323132,2,3,11,52.67624914442163,79.69108742204442,1
home,9.21,Red River,NM,36.6659,-105.4694,606,"""Surveyor, land/geomatics""",37.384288,-104.901749,21,6,1,30.3709787816564,94.44767521413328,0
entertainment,33.25,Parks,AZ,35.2563,-111.95,759,"""Geologist, engineering""",35.138684,-110.956705,12,0,1,61.817932922655714,91.1981275687565,0
grocery_pos,22.32,Oakland,CA,37.7878,-122.1884,381459,Barista,38.105366,-122.116587,11,5,1,45.02395619438741,35.868795930092055,0
misc_pos,1.38,Claremont,CA,34.1092,-117.7183,35705,Wellsite geologist,35.051155,-118.7007,8,1,1,62.65023956194388,138.0548442083461,0
gas_transport,48.31,Thompson,UT,38.9999,-109.615,46,"""Surveyor, minerals""",39.131397,-110.14623,4,1,1,31.71252566735113,48.137765328176975,0
shopping_net,951.95,Mesa,AZ,33.4317,-111.8469,478404,Landscape architect,33.983716,-112.23348,22,3,3,78.34360027378509,71.03767716688253,1
personal_care,9.69,Ruidoso,NM,33.3305,-105.6933,8874,Licensed conveyancer,34.205594,-105.38299,17,0,12,20.366872005475702,101.44544712385924,0
shopping_net,1.77,Newhall,CA,34.3795,-118.523,34882,Health physicist,34.276673,-119.112379,13,1,12,49.68104038329911,55.31553593265108,0
kids_pets,17.07,Laramie,WY,41.4247,-105.4781,35371,"""Pilot, airline""",40.955581,-105.118271,14,6,12,32.31759069130732,60.22966316027251,0
personal_care,138.99,Oakland,CA,37.7878,-122.1884,381459,Barista,37.358709,-121.36895,12,0,1,45.04859685147159,86.55571971756414,0
shopping_pos,674.44,Indian Wells,CA,33.7163,-116.3381,4677,Learning mentor,34.239475,-115.904745,5,1,12,65.65092402464066,70.57595076366468,0
travel,4.77,Claremont,CA,34.1092,-117.7183,35705,Wellsite geologist,34.279655,-117.703495,23,3,12,64.61054072553046,19.00258015056081,0
shopping_pos,7.86,Norwalk,CA,33.9056,-118.0818,105549,Firefighter,34.843282,-117.086519,14,3,12,47.27446954140999,138.61596169874875,0
gas_transport,101.49,San Diego,CA,33.0067,-117.069,1241364,Chartered public finance accountant,32.830827,-116.184826,3,6,12,61.39630390143737,84.81533636915229,0
shopping_pos,2.92,Crownpoint,NM,35.7206,-108.0271,5662,IT consultant,35.097639,-108.21108,17,6,1,29.765913757700204,71.24852735953726,0
shopping_pos,80.38,Centerview,MO,38.7897,-93.8702,2368,Electronics engineer,39.319337,-93.637352,20,0,12,31.449691991786448,62.230383685497216,0
gas_transport,56.16,Utica,MO,39.7417,-93.6289,271,Land/geomatics surveyor,40.39003,-94.117548,8,1,1,46.70499657768652,83.22377013682255,0
grocery_pos,181.18,Littleton,CO,39.5994,-105.0044,320420,Water engineer,40.062796,-104.366429,11,4,12,45.40451745379877,74.9847398070247,0
misc_net,837.95,Nelson,NE,40.201,-98.0684,732,Television/film/video producer,39.990728,-98.889052,21,5,10,62.82819986310746,73.61644686628857,1
food_dining,61.31,Phoenix,AZ,33.5623,-112.0559,1312922,Contractor,34.019144,-112.601445,21,0,12,39.17864476386037,71.56882402802145,0
misc_pos,48.62,Arnold,MO,38.4305,-90.387,35439,Land/geomatics surveyor,38.98982,-90.276157,17,1,1,33.79329226557152,62.93276456311458,0
grocery_pos,262.6,Owensville,MO,38.3511,-91.4867,6703,Naval architect,38.32393,-91.230848,1,1,8,22.22861054072553,22.518480149556787,1
kids_pets,17.46,Phoenix,AZ,33.5623,-112.0559,1312922,Contractor,33.356253,-111.925144,18,1,1,37.18822724161533,25.924227120423275,0
grocery_pos,73.06,Tekoa,WA,47.2271,-117.0819,895,Clothing/textile technologist,47.940715,-117.836693,6,0,1,19.6249144421629,97.47345442451108,0
gas_transport,66.06,Hatch,UT,37.7175,-112.4777,258,Geoscientist,36.903256,-112.114599,1,6,12,59.09103353867214,96.0658047227638,0
gas_transport,48.93,Tomales,CA,38.2427,-122.9145,337,Occupational psychologist,39.225821,-123.496861,10,4,1,64.53935660506502,120.42347006052468,0
home,50.35,Rocky Mount,MO,38.2911,-92.7059,1847,Tax inspector,37.958362,-93.24242,17,4,1,30.190280629705683,59.76147573068653,0
shopping_pos,4.48,Freedom,WY,43.0172,-111.0292,471,"""Education officer, museum""",43.089935,-111.19179,7,5,1,51.44695414099932,15.489852473672975,0
gas_transport,61.85,Conway,WA,48.34,-122.3456,85,"""Research officer, political party""",48.754158,-121.62228,7,0,1,34.36824093086927,70.39693105909777,0
food_dining,2.66,Paauilo,HI,20.0271,-155.3697,1490,"""Scientist, research (maths)""",19.554411,-156.337494,14,5,12,29.7056810403833,114.08599978376502,0
shopping_net,1001.67,Lake Oswego,OR,45.4093,-122.6847,42817,Planning and development surveyor,46.157717,-121.745677,16,6,12,38.5845311430527,110.57737568019196,0
shopping_pos,153.59,Dumont,CO,39.7532,-105.6356,565,Mental health nurse,40.240834,-105.896159,0,5,1,40.3586584531143,58.58924859336922,0
health_fitness,81.77,Issaquah,WA,47.4974,-122.0107,50489,Osteopath,46.947525,-121.73901,14,2,12,36.83504449007529,64.49388704394325,0
shopping_net,8.89,Matthews,MO,36.7154,-89.6287,1019,Aeronautical engineer,37.011426,-89.942529,12,3,1,39.937029431895965,43.16231141213574,0
home,28.12,Littleton,CO,39.5994,-105.0044,320420,Water engineer,39.281581,-104.830262,17,1,12,45.4154688569473,38.37348888328531,0
shopping_net,7.13,Ashford,WA,46.7531,-121.9898,759,Video editor,46.138433,-121.331034,9,2,12,64.29295003422314,84.96385095916719,0
kids_pets,21.14,Redford,MO,37.3272,-91.0243,241,Investment analyst,36.72826,-91.468394,15,2,1,44.20260095824778,77.39233195735436,0
gas_transport,80.73,Sutherland,NE,41.1558,-101.136,1789,Insurance broker,41.224661,-100.479119,7,6,12,38.87474332648871,55.49659134491428,0
personal_care,230.16,Nelson,NE,40.201,-98.0684,732,Television/film/video producer,40.741646,-98.744888,13,2,12,64.04654346338124,82.99714660748013,0
food_dining,108.86,Independence,MO,39.1412,-94.3515,123373,"""Engineer, production""",39.138231,-95.311996,18,0,12,28.08487337440109,82.83708884953343,0
shopping_pos,6.87,Corona,CA,33.8419,-117.6043,233717,Wellsite geologist,33.377577,-117.185752,6,6,12,54.600958247775495,64.56020536191792,0
shopping_pos,7.59,Kirtland Afb,NM,35.0203,-106.5503,310,"""Surveyor, land/geomatics""",35.546051,-107.414355,21,4,12,42.23682409308692,97.81986382236596,0
gas_transport,76.99,Santa Monica,CA,34.0287,-118.4924,92043,"""Civil engineer, contracting""",34.807169,-117.656128,0,0,12,59.676933607118414,115.65962567626651,0
kids_pets,151.02,Carlotta,CA,40.507,-123.9743,1139,"""Therapist, occupational""",41.430035,-124.514778,22,0,12,69.95208761122518,112.22019178123078,0
shopping_net,107.95,Cascade Locks,OR,45.671,-121.8686,1288,Barrister,46.198749,-121.936135,6,4,12,84.65160848733744,58.91495300575689,0
home,49.66,Luray,MO,40.4931,-91.8912,519,Town planner,41.203672,-92.610404,17,6,12,54.86926762491444,99.51011959876224,0
grocery_pos,309.35,Lowell,OR,43.921,-122.7806,1420,Systems analyst,43.793951,-123.617007,10,1,2,53.2539356605065,68.53366057984213,1
kids_pets,23.41,Blairstown,MO,38.5319,-93.9221,467,Agricultural consultant,38.816565,-93.453176,20,0,12,70.59000684462697,51.56593845427821,0
misc_pos,323.05,Tekoa,WA,47.2271,-117.0819,895,Clothing/textile technologist,47.217092,-117.8818,13,1,1,19.60848733744011,60.41759828125908,0
grocery_pos,298.96,Monitor,WA,47.4852,-120.4158,584,Medical technical officer,46.770909,-120.547567,0,5,8,50.4476386036961,80.04862116927707,1
shopping_pos,7.9,Phoenix,AZ,33.5623,-112.0559,1312922,Contractor,33.846837,-111.546517,16,0,1,37.223819301848046,56.75662369431449,0
grocery_pos,138.81,High Rolls Mountain Park,NM,32.9396,-105.8189,899,Naval architect,32.916427,-105.904857,2,3,12,53.3388090349076,8.426179944954685,0
grocery_pos,338.41,Kirk,CO,39.6171,-102.4776,207,Network engineer,38.913077,-102.737609,2,4,5,64.40793976728268,81.42102404050031,1
food_dining,9.26,Wheaton,MO,36.7651,-94.0492,760,Production manager,37.180658,-93.16367,21,6,12,35.32375085557837,91.23336928389864,0
grocery_pos,98.77,Lagrange,WY,41.6423,-104.1974,635,Product/process development scientist,41.437586,-103.272036,11,1,1,45.50855578370979,80.3098767842623,0
food_dining,74.09,Corona,CA,33.8419,-117.6043,233717,Wellsite geologist,33.917816,-117.821826,7,1,1,52.61327857631759,21.783039895843764,0
misc_net,3.73,High Rolls Mountain Park,NM,32.9396,-105.8189,899,Naval architect,33.022663,-106.194256,3,2,1,51.36208076659822,36.209404487761255,0
gas_transport,68.26,Owensville,MO,38.3511,-91.4867,6703,Naval architect,38.536046,-90.741972,6,4,12,22.60095824777549,68.04052519450426,0
grocery_net,72.32,Lakeport,CA,39.047,-122.9328,11256,Podiatrist,38.080354,-122.163644,1,2,12,48.19986310746064,126.59032035655363,0
misc_pos,8.04,Napa,CA,38.4549,-122.2564,94014,Airline pilot,37.622482,-122.480084,6,3,1,33.4072553045859,94.61080068263811,0
misc_pos,65.7,San Diego,CA,33.0067,-117.069,1241364,Chartered public finance accountant,32.944583,-116.861922,4,6,12,61.39630390143737,20.51433482668411,0
shopping_net,6.67,Hawthorne,CA,33.9143,-118.3493,93193,"""Editor, magazine features""",34.873945,-118.685514,23,3,1,23.72895277207392,111.07721222375748,0
entertainment,21.64,Superior,AZ,33.2887,-111.0985,2872,Petroleum engineer,33.699234,-111.191127,15,3,12,33.177275838466805,46.45034241345139,0
grocery_pos,215.82,Burlington,WA,48.4786,-122.3345,14871,Public house manager,48.963057,-122.900798,4,0,12,46.80355920602327,68.02667445946908,0
shopping_net,979.0,Sprague,NE,40.6267,-96.7456,142,Chiropodist,40.883572,-96.366586,22,5,7,52.88158795345654,42.83707896718866,1
shopping_net,1029.22,Los Angeles,CA,34.0443,-118.2509,2383912,"""Journalist, newspaper""",34.256672,-117.635315,22,3,2,60.74743326488706,61.37180876706374,1
grocery_pos,61.24,Paradise Valley,AZ,33.5494,-111.9565,17047,Building surveyor,33.810136,-111.851495,4,6,1,83.93702943189597,30.57728643191646,0
travel,7.34,Sixes,OR,42.825,-124.4409,217,Retail merchandiser,41.835063,-125.149845,21,0,1,90.26694045174538,124.55016236227472,0
grocery_pos,95.87,Mesa,ID,44.6255,-116.4493,129,Cartographer,44.835671,-117.032846,4,0,1,53.100616016427104,51.68285976142669,0
misc_pos,12.86,Fullerton,NE,41.366,-98.0054,1749,"""Surveyor, mining""",40.842441,-97.145493,23,6,12,47.6413415468857,92.62903480433896,0
misc_pos,2.19,Crownpoint,NM,35.7206,-108.0271,5662,IT consultant,35.023077,-108.494828,12,0,1,29.78781656399726,88.3977158349339,0
entertainment,3.18,Sutherland,NE,41.1558,-101.136,1789,Insurance broker,41.252088,-100.153658,14,4,1,36.93360711841205,82.87645437219612,0
misc_pos,364.59,Espanola,NM,35.9866,-106.0654,18408,Historic buildings inspector/conservation officer,36.577313,-105.887885,14,6,12,48.4435318275154,67.58403925916842,0
shopping_pos,4.26,San Jose,CA,37.3304,-121.7913,973849,Science writer,36.369185,-121.343727,9,4,1,63.60301163586585,114.06015772776752,0
home,62.43,Blairstown,MO,38.5319,-93.9221,467,Agricultural consultant,37.691201,-93.849778,22,1,12,70.5927446954141,93.69534698657488,0
shopping_net,907.77,Stayton,OR,44.8021,-122.7624,9587,"""Engineer, biomedical""",44.053799,-122.165058,13,3,11,52.67624914442163,95.77715196153892,1
gas_transport,57.38,Portland,OR,45.5303,-122.7033,841711,"""Engineer, building services""",45.709586,-122.84974,10,1,12,57.738535249828885,22.95946481255708,0
gas_transport,6.87,Malad City,ID,42.1808,-112.262,4154,Nature conservation officer,42.065971,-113.202298,1,4,11,58.79808350444901,78.59336812281029,1
health_fitness,74.81,Jordan Valley,OR,42.8801,-117.281,641,Economist,43.718857,-117.508379,17,6,12,27.091033538672143,95.06325248244184,0
food_dining,74.07,Lake Oswego,OR,45.4093,-122.6847,42817,Planning and development surveyor,45.786601,-123.00956,15,1,12,38.59000684462697,48.97892519454061,0
shopping_net,1.27,Scotts Mills,OR,44.9897,-122.6187,1252,"""Engineer, petroleum""",44.846552,-123.55797,5,6,1,81.95208761122518,75.65017018762207,0
misc_pos,1.44,Mesa,ID,44.6255,-116.4493,129,Cartographer,45.057262,-116.588735,9,1,12,55.03901437371663,49.25233920751313,0
kids_pets,160.64,Cardwell,MO,36.0434,-90.2907,1120,Television floor manager,35.637219,-89.48172,20,4,1,61.71663244353183,85.7752868958388,0
kids_pets,10.41,Orient,WA,48.8878,-118.2105,149,Special educational needs teacher,48.30094,-117.709856,16,6,1,40.563997262149215,74.92584590913289,0
grocery_pos,349.61,Lagrange,WY,41.6423,-104.1974,635,Product/process development scientist,42.551748,-103.733937,3,0,7,46.04243668720055,108.11385165848527,1
entertainment,1.96,Pueblo,CO,38.2352,-104.66,151815,Further education lecturer,38.694546,-105.35133,16,5,1,31.00342231348392,78.94081084301415,0
shopping_net,84.18,Meridian,ID,43.6498,-116.4306,84106,Intelligence analyst,42.716814,-115.867892,20,4,1,47.93429158110883,113.33168421036376,0
shopping_pos,309.23,Kansas City,MO,38.9621,-94.5959,545147,Counsellor,38.012427,-94.523314,13,0,12,33.11156741957564,105.78762392706406,0
home,77.51,Alva,WY,44.6873,-104.4414,110,"""Administrator, local government""",45.053785,-104.690758,23,6,1,45.68104038329911,45.24158030382706,0
shopping_pos,166.4,Issaquah,WA,47.4974,-122.0107,50489,Osteopath,47.335628,-121.483774,14,0,1,34.893908281998634,43.536534703009934,0
home,20.07,Utica,MO,39.7417,-93.6289,271,Land/geomatics surveyor,40.672388,-92.876313,20,6,12,48.69267624914442,121.63058558708542,0
gas_transport,68.72,Centerview,MO,38.7897,-93.8702,2368,Electronics engineer,38.188897,-93.578627,8,2,12,31.45516769336071,71.46363790440437,0
food_dining,36.6,Moab,UT,38.5677,-109.5271,9772,Location manager,37.666227,-108.754492,14,1,1,29.10335386721424,120.89669235203183,0
misc_net,749.36,Holstein,NE,40.4542,-98.6538,331,Telecommunications researcher,40.38126,-98.282526,22,6,5,69.76317590691308,32.46045148170413,1
misc_net,658.17,Claremont,CA,34.1092,-117.7183,35705,Wellsite geologist,33.468022,-117.494752,23,6,9,63.29637234770705,74.22843603630625,1
health_fitness,220.47,Sprague,NE,40.6267,-96.7456,142,Chiropodist,40.046736,-97.272968,18,6,1,51.408624229979466,78.46517171869435,0
personal_care,2.87,Mesa,ID,44.6255,-116.4493,129,Cartographer,45.116883,-117.227413,22,3,12,55.02532511978097,82.12922247379562,0
home,23.63,Kirk,CO,39.6171,-102.4776,207,Network engineer,39.454648,-102.67261,13,3,12,65.07597535934292,24.616507425609445,0
kids_pets,69.17,Roseland,NE,40.4591,-98.5551,463,"""Nurse, mental health""",40.007505,-99.260428,17,6,1,70.62012320328542,78.14346702634225,0
gas_transport,77.83,Westfir,OR,43.7575,-122.481,597,Forensic psychologist,44.438045,-121.970543,7,1,1,57.620807665982205,85.95307622112412,0
entertainment,49.08,Burlington,WA,48.4786,-122.3345,14871,Public house manager,49.053154,-122.369565,21,0,1,44.84873374401095,63.93915891767587,0
gas_transport,48.03,Mendon,UT,41.71,-111.9817,2078,"""Scientist, audiological""",41.01509,-111.651702,11,3,12,57.5523613963039,82.03153581199336,0
gas_transport,56.97,Superior,AZ,33.2887,-111.0985,2872,Petroleum engineer,32.785988,-111.984875,1,5,12,33.163586584531146,99.75671824793116,0
grocery_pos,71.9,Sacramento,CA,38.6865,-121.3494,757530,Soil scientist,38.153241,-120.662439,9,3,12,54.28336755646817,84.24711244434204,0
misc_net,6.86,Wendel,CA,40.3406,-120.2824,104,"""Teacher, adult education""",40.116216,-120.957782,11,4,1,29.404517453798768,62.52955079098173,0
misc_net,866.99,Honokaa,HI,20.0827,-155.488,4878,Physiotherapist,20.990102,-154.986614,22,0,7,53.6290212183436,113.60526188761962,1
grocery_pos,161.92,Scotts Mills,OR,44.9897,-122.6187,1252,"""Engineer, petroleum""",44.921392,-122.061869,9,5,12,83.88501026694045,44.46910850888308,0
grocery_pos,79.33,Red River,NM,36.6659,-105.4694,606,"""Surveyor, land/geomatics""",37.44535,-104.900897,0,0,1,30.37371663244353,100.28349901957844,0
grocery_pos,78.55,Paradise Valley,AZ,33.5494,-111.9565,17047,Building surveyor,34.318405,-111.679933,4,4,1,83.95071868583162,89.2348758372739,0
shopping_net,2.89,Cascade Locks,OR,45.671,-121.8686,1288,Barrister,44.702506,-121.370226,11,5,12,84.65434633812457,114.55490687409296,0
misc_pos,8.99,Powell Butte,OR,44.2415,-121.0113,2016,Local government officer,43.595446,-121.93061,7,3,12,67.01711156741958,102.87052397784734,0
misc_net,9.42,Paauilo,HI,20.0271,-155.3697,1490,"""Scientist, research (maths)""",19.797451,-156.288101,6,6,1,27.772758384668037,99.35366426511516,0
grocery_net,59.39,Oakland,CA,37.7878,-122.1884,381459,Barista,36.952632,-122.538258,1,0,12,46.98425735797399,97.8774036455181,0
food_dining,57.99,Dumont,CO,39.7532,-105.6356,565,Mental health nurse,39.156109,-105.206985,18,0,1,40.38329911019849,75.90952769691677,0
gas_transport,48.24,Westerville,NE,41.4193,-99.3844,73,Product designer,42.108453,-99.079365,0,3,1,83.89596167008898,80.69849087105325,0
grocery_pos,59.18,San Diego,CA,33.0067,-117.069,1241364,Chartered public finance accountant,33.087851,-117.109164,2,3,1,59.45242984257358,9.769285533271646,0
grocery_pos,304.52,Moab,UT,38.5677,-109.5271,9772,Location manager,39.402262,-109.386308,6,4,5,29.475701574264203,93.59350562285958,1
entertainment,107.29,Independence,MO,39.1412,-94.3515,123373,"""Engineer, production""",39.735662,-94.087883,13,5,1,26.143737166324435,69.87025895493474,0
misc_pos,68.7,Sun City,CA,33.7467,-117.1721,54287,"""Designer, exhibition/display""",33.932468,-116.294259,11,1,1,46.27515400410677,83.66580114577572,0
food_dining,46.45,Meridian,ID,43.6498,-116.4306,84106,Intelligence analyst,44.529319,-116.809059,16,6,1,47.93976728268309,102.36211421598752,0
misc_net,828.47,Smith River,CA,41.9404,-124.1587,1930,Web designer,41.921281,-125.089695,2,2,5,35.93976728268309,77.04429361184759,1
travel,4.62,Kent,OR,45.0838,-120.6649,60,Museum education officer,45.392257,-120.871231,22,0,1,76.8021902806297,37.91321162528693,0
misc_pos,7.09,Lake Oswego,OR,45.4093,-122.6847,42817,Planning and development surveyor,46.005943,-123.597116,0,1,7,38.1492128678987,97.06075683344876,1
shopping_pos,6.52,Eugene,OR,44.0385,-123.0614,191096,"""Scientist, physiological""",44.173102,-123.546535,9,0,1,54.77344284736482,41.52615524096734,0
health_fitness,82.55,Sixes,OR,42.825,-124.4409,217,Retail merchandiser,43.645144,-123.776583,19,0,12,92.24093086926764,105.89030032286442,0
entertainment,2.57,Centerview,MO,38.7897,-93.8702,2368,Electronics engineer,38.085106,-93.388352,15,2,1,29.462012320328544,88.87927566283852,0
gas_transport,54.75,Luray,MO,40.4931,-91.8912,519,Town planner,39.564785,-91.014587,3,4,1,52.889801505817935,127.37995226692446,0
misc_pos,42.18,Burlington,WA,48.4786,-122.3345,14871,Public house manager,47.777632,-123.134724,10,1,12,46.8062970568104,97.99197089661251,0
grocery_pos,206.5,Littleton,CO,39.5994,-105.0044,320420,Water engineer,38.998646,-105.623698,2,1,12,45.4154688569473,85.45193140356847,0
food_dining,3.18,Sutherland,NE,41.1558,-101.136,1789,Insurance broker,41.957306,-101.160299,12,1,1,36.90622861054072,89.14633057576938,0
gas_transport,68.78,Paauilo,HI,20.0271,-155.3697,1490,"""Scientist, research (maths)""",19.278867,-154.550039,9,0,12,29.711156741957563,119.53789193601476,0
gas_transport,50.53,Red River,NM,36.6659,-105.4694,606,"""Surveyor, land/geomatics""",35.897218,-105.005251,6,6,1,30.33264887063655,95.0610222139524,0
grocery_pos,201.09,Superior,AZ,33.2887,-111.0985,2872,Petroleum engineer,32.798838,-111.639321,10,0,12,33.16906228610541,74.21656512772478,0
misc_pos,54.78,Altonah,UT,40.3207,-110.436,302,"""Sales professional, IT""",40.281693,-110.081717,21,4,1,29.00205338809035,30.355832697807763,0
personal_care,2.16,Fort Washakie,WY,43.0048,-108.8964,1645,Information systems manager,42.155946,-108.933094,20,1,12,34.86379192334018,94.43605714752314,0
home,26.03,Moab,UT,38.5677,-109.5271,9772,Location manager,39.452481,-109.928729,15,5,12,31.08829568788501,104.32344161464306,0
gas_transport,59.36,Greenview,CA,41.5403,-122.9366,308,Call centre manager,40.580401,-122.734192,4,1,1,60.32032854209446,108.07648915033668,0
shopping_pos,669.39,Fort Washakie,WY,43.0048,-108.8964,1645,Freight forwarder,42.577893,-108.902388,19,0,12,43.841204654346335,47.472407100111845,1
shopping_pos,67.68,Browning,MO,40.029,-93.1607,602,Cytogeneticist,40.476568,-92.469512,6,1,1,64.48733744010951,76.92437137795855,0
grocery_pos,83.8,San Diego,CA,32.7185,-117.1593,1241364,Comptroller,32.753858,-116.529859,6,6,12,33.07597535934291,59.00503884034438,0
personal_care,23.15,Oakland,CA,37.7878,-122.1884,381459,Barista,38.360361,-122.906472,20,3,1,45.01848049281314,89.46558515667998,0
misc_net,715.01,Carroll,NE,42.277,-97.1926,566,Metallurgist,42.175045,-97.983932,23,6,2,45.07597535934291,66.13674387300165,1
health_fitness,48.43,Lakeport,CA,39.047,-122.9328,11256,Podiatrist,38.113507,-123.696922,12,5,12,48.18891170431211,123.2309079149672,0
kids_pets,24.28,Westerville,NE,41.4193,-99.3844,73,Product designer,40.904853,-98.472845,16,3,12,85.88911704312115,95.3687210855426,0
entertainment,1.34,Luray,MO,40.4931,-91.8912,519,Town planner,39.524546,-91.291355,16,0,12,54.87200547570158,119.20041012687336,0
shopping_net,3.07,Littleton,CO,39.5994,-105.0044,320420,Water engineer,40.483278,-104.566406,19,2,1,43.44421629021218,105.11728793188924,0
kids_pets,52.41,Fiddletown,CA,38.5234,-120.6763,832,Immigration officer,38.341426,-121.134742,13,1,1,31.62217659137577,44.76598739933984,0
home,30.15,Carlotta,CA,40.507,-123.9743,1139,"""Therapist, occupational""",40.606858,-123.433699,20,1,1,67.98083504449008,47.0011062673962,0
gas_transport,73.79,Holstein,NE,40.4542,-98.6538,331,Telecommunications researcher,40.625055,-98.588171,9,1,1,68.36960985626284,19.79112259945358,0
grocery_pos,204.02,Lakeport,CA,39.047,-122.9328,11256,Podiatrist,38.672639,-122.019758,7,5,1,46.25325119780972,89.34537110739801,0
misc_net,98.77,Greenview,CA,41.5403,-122.9366,308,Call centre manager,42.059519,-123.480215,8,4,1,60.290212183436005,73.23801305562029,0
kids_pets,7.11,Bay City,OR,45.5197,-123.8761,1530,Colour technologist,46.203571,-123.845234,15,4,12,34.08624229979466,76.08053672979393,0
grocery_net,66.75,Rock Springs,WY,41.606,-109.23,27971,Music therapist,42.599274,-110.037853,10,1,1,34.455852156057496,128.9966052859944,0
shopping_net,873.29,Phoenix,AZ,33.8155,-112.1202,1312922,Counselling psychologist,34.067866,-112.125376,23,2,10,20.87337440109514,28.065880705579904,1
kids_pets,54.03,Moriarty,NM,34.9889,-106.0609,7268,"""Therapist, art""",35.957348,-107.034369,14,6,1,30.46132785763176,139.16483159327058,0
shopping_pos,41.8,Rock Springs,WY,41.606,-109.23,27971,Music therapist,41.450778,-109.909773,14,2,12,36.41341546885695,59.16027686249874,0
health_fitness,109.1,Littleton,CO,39.5994,-105.0044,320420,Water engineer,39.601111,-105.908498,14,0,1,43.45790554414784,77.46017352724635,0
entertainment,8.81,Conway,WA,48.34,-122.3456,85,"""Research officer, political party""",48.158745,-122.926584,17,6,1,34.365503080082135,47.505291597118685,0
misc_net,449.75,Moriarty,NM,34.9889,-106.0609,7268,"""Therapist, art""",34.129587,-105.69873,11,0,12,32.39972621492129,101.14305600694443,0
kids_pets,64.34,Matthews,MO,36.7154,-89.6287,1019,Aeronautical engineer,36.670306,-90.541436,20,3,12,41.91101984941821,81.5350832686654,0
shopping_net,5.93,Norwalk,CA,33.9056,-118.0818,105549,Firefighter,34.82999,-118.392463,13,1,12,47.26899383983573,106.66892700800923,0
gas_transport,61.39,Orient,WA,48.8878,-118.2105,149,Special educational needs teacher,48.394218,-117.363563,4,1,1,40.53114305270363,82.97268778035097,0
home,259.5,Angwin,CA,38.5769,-122.4477,3661,Human resources officer,38.141809,-123.365017,22,5,5,50.32991101984942,93.4754798308166,1
