category,amt,city,state,lat,long,city_pop,job,merch_lat,merch_long,trans_hour,trans_dayofweek,trans_month,customer_age,merchant_distance_km,is_fraud
shopping_pos,50.97,Gardiner,OR,43.7857,-124.1437,260,"""Engineer, maintenance""",44.769222,-123.378881,5,0,1,62.38740588637919,125.168887196265,0
shopping_pos,78.28,Meridian,ID,43.6498,-116.4306,84106,Intelligence analyst,44.26269,-115.87544,4,1,12,49.88090349075976,81.35809657970371,0
gas_transport,88.17,Centerview,MO,38.7897,-93.8702,2368,Electronics engineer,39.488707,-93.009808,6,1,1,29.47843942505133,107.45848375005616,0
grocery_pos,9.52,Ballwin,MO,38.577,-90.5255,92608,"""Engineer, communications""",37.890117,-90.449761,18,1,12,19.42778918548939,76.66384196397946,0
grocery_pos,140.17,Fiddletown,CA,38.5234,-120.6763,832,Immigration officer,37.958377,-121.410103,11,1,1,31.64134154688569,89.74536396907061,0
shopping_pos,111.47,Meridian,ID,43.6498,-116.4306,84106,Intelligence analyst,43.008171,-117.195542,10,2,1,47.89048596851472,94.4370019689813,0
shopping_net,37.94,Centerview,MO,38.7897,-93.8702,2368,Electronics engineer,39.133494,-93.11188,17,1,12,31.45242984257358,75.89577218365919,0
shopping_pos,220.29,Newhall,CA,34.3795,-118.523,34882,Health physicist,34.256393,-118.886981,2,2,1,47.69062286105408,36.12165623841705,0
grocery_pos,154.91,Wales,AK,64.7556,-165.6723,145,"""Administrator, education""",65.336985,-165.34569,8,1,1,79.14579055441479,66.43771066948457,0
shopping_net,46.11,Altonah,UT,40.3207,-110.436,302,"""Sales professional, IT""",40.35936,-109.588759,8,3,12,30.954140999315538,71.93583787173242,0
shopping_net,40.31,Centerview,MO,38.7897,-93.8702,2368,Electronics engineer,37.99004,-93.622974,6,6,1,29.492128678986997,91.49144548878895,0
shopping_pos,22.75,Rocky Mount,MO,38.2911,-92.7059,1847,Tax inspector,38.938015,-92.01372,17,1,12,32.17522245037645,93.76045885385552,0
shopping_net,2.7,Conway,WA,48.34,-122.3456,85,"""Research officer, political party""",48.988534,-122.926744,13,3,12,36.33127994524298,83.79643086853538,0
shopping_net,90.23,Mountain Center,CA,33.6401,-116.5567,1661,"""Therapist, music""",34.188815,-117.398162,5,4,12,32.26557152635181,98.75130000251788,0
shopping_net,179.91,Hooper,NE,41.6414,-96.5232,1745,"""Engineer, automotive""",41.990961,-96.008308,12,3,1,45.02121834360028,57.71963104164419,0
shopping_net,358.55,Sutherland,NE,41.1558,-101.136,1789,Insurance broker,41.571712,-101.868459,2,5,8,38.48870636550308,76.65047451962573,1
shopping_net,63.82,Portland,OR,45.5303,-122.7033,841711,"""Engineer, building services""",46.30033,-121.956454,15,5,12,57.73032169746749,103.29209671701273,0
shopping_pos,2.42,Conway,WA,48.34,-122.3456,85,"""Research officer, political party""",48.555656,-122.487486,22,5,1,34.362765229295,26.163851492626502,0
shopping_net,17.4,Sun City,CA,33.7467,-117.1721,54287,"""Designer, exhibition/display""",33.358909,-116.176167,23,4,8,46.93497604380561,101.86630483750405,1
shopping_pos,30.75,Ruidoso,NM,33.3305,-105.6933,8874,Licensed conveyancer,33.811805,-106.561039,8,4,12,20.358658453114305,96.57797598643572,0
shopping_pos,394.77,Red River,NM,36.6659,-105.4694,606,"""Surveyor, land/geomatics""",36.206948,-105.149145,23,6,12,32.3066392881588,58.52484540805512,0
shopping_net,186.38,Superior,AZ,33.2887,-111.0985,2872,Petroleum engineer,33.24618,-111.152451,8,3,12,33.177275838466805,6.89302208646718,0
shopping_net,50.5,Wheaton,MO,36.7651,-94.0492,760,Production manager,36.692268,-94.120632,4,6,12,35.32375085557837,10.30110583358043,0
grocery_pos,2.28,Norwalk,CA,33.9056,-118.0818,105549,Firefighter,33.670103,-117.781204,14,6,12,47.26351813826147,38.17593185955592,0
shopping_net,85.83,Meadville,MO,39.7795,-93.3014,964,Tourist information centre manager,39.682646,-94.042874,12,4,1,44.05201916495551,64.31490664415189,0
shopping_net,19.71,Blairsden-Graeagle,CA,39.8127,-120.6405,1725,Chartered legal executive (England and Wales),39.319513,-120.53278,22,6,1,51.65229295003422,55.61180296353712,0
gas_transport,47.56,Sacramento,CA,38.5662,-121.3286,757530,Magazine features editor,39.472802,-121.674286,22,1,12,41.667351129363446,105.13977760974193,0
gas_transport,28.75,Llano,NM,36.1486,-105.6648,247,Architectural technologist,35.334068,-105.096783,14,2,1,57.21013004791239,104.0732649293568,0
shopping_pos,23.11,Sun City,CA,33.7467,-117.1721,54287,"""Designer, exhibition/display""",34.645096,-117.275318,18,0,12,48.26557152635181,100.347103269723,0
shopping_net,9.79,Unionville,MO,40.4815,-92.9951,3805,"""Investment banker, corporate""",40.145628,-93.064088,23,0,7,68.8104038329911,37.802546228739416,1
grocery_pos,46.82,Manley,NE,40.9207,-96.168,206,Human resources officer,40.071823,-95.874163,7,0,12,53.23477070499658,97.60597612571073,0
shopping_pos,21.6,Napa,CA,38.4549,-122.2564,94014,Airline pilot,38.035239,-121.809723,21,5,1,33.39356605065024,60.82057108200426,0
shopping_net,87.52,Paauilo,HI,20.0271,-155.3697,1490,"""Scientist, research (maths)""",19.720165,-156.068505,11,6,12,29.70841889117043,80.65292086733835,0
grocery_pos,2.29,Espanola,NM,35.9866,-106.0654,18408,Historic buildings inspector/conservation officer,36.398113,-106.022986,12,1,1,46.49418206707735,45.91618251742449,0
shopping_net,7.48,Weeping Water,NE,40.8731,-96.1528,1517,Dealer,41.464139,-96.529517,4,0,12,69.13894592744695,72.89369322373872,0
shopping_net,100.66,Thompson,UT,38.9999,-109.615,46,"""Surveyor, minerals""",39.616097,-109.867525,7,3,12,33.69199178644764,71.88006062176156,0
grocery_pos,91.38,Redford,MO,37.3272,-91.0243,241,Investment analyst,36.640628,-90.175237,0,0,1,44.19712525667351,107.31124526696134,0
shopping_net,117.48,Tomales,CA,38.2427,-122.9145,337,Occupational psychologist,37.256145,-122.52474,4,1,12,66.48596851471595,114.92736385137084,0
shopping_net,6.55,Sutherland,NE,41.1558,-101.136,1789,Insurance broker,41.866829,-101.272015,23,0,1,36.941820670773446,79.86981505449384,0
shopping_pos,6.3,Albuquerque,NM,35.1506,-106.569,641349,Civil Service administrator,35.802013,-106.302231,0,5,5,43.08008213552361,76.35561371718211,1
gas_transport,8.2,Mesa,ID,44.6255,-116.4493,129,Cartographer,43.749837,-116.684895,13,1,1,53.04585900068447,99.16461053076792,0
grocery_pos,87.62,Jordan Valley,OR,42.8801,-117.281,641,Economist,42.169153,-117.974012,2,5,1,25.13347022587269,97.33771136936936,0
shopping_pos,10.59,Redford,MO,37.3272,-91.0243,241,Investment analyst,36.836205,-91.838467,1,5,1,45.22655715263518,90.53664402307308,1
gas_transport,6.87,Mesa,ID,44.6255,-116.4493,129,Cartographer,43.983601,-116.883849,14,0,12,55.0362765229295,79.31078368368658,0
shopping_net,44.55,Rock Springs,WY,41.606,-109.23,27971,Music therapist,42.368256,-108.564786,15,1,1,34.455852156057496,101.02851490363324,0
grocery_pos,47.06,Ballwin,MO,38.577,-90.5255,92608,"""Engineer, communications""",39.298812,-90.703405,17,3,12,19.41409993155373,81.72340469101626,0
shopping_net,8.26,Altonah,UT,40.3207,-110.436,302,"""Sales professional, IT""",39.77945,-111.243252,15,1,12,30.94866529774127,91.34150146778462,0
shopping_net,7.18,Howells,NE,41.6964,-96.9858,1063,Research scientist (maths),41.038024,-97.055703,8,1,12,92.7419575633128,73.44010847792951,0
shopping_pos,38.16,Parks,AZ,35.2563,-111.95,759,"""Geologist, engineering""",35.136861,-112.920386,20,0,1,61.817932922655714,89.16948264905922,0
grocery_pos,127.4,Utica,MO,39.7417,-93.6289,271,Land/geomatics surveyor,38.908172,-93.347042,6,1,1,46.743326488706366,95.80240041338072,0
grocery_pos,43.67,Meridian,ID,43.6498,-116.4306,84106,Intelligence analyst,43.374456,-116.509838,21,5,1,47.937029431895965,31.2765450951173,0
shopping_net,28.25,Phoenix,AZ,33.5623,-112.0559,1312922,Contractor,32.907829,-111.824538,8,1,12,39.181382614647504,75.88844139640618,0
shopping_net,1100.0,Sixes,OR,42.825,-124.4409,217,Retail merchandiser,43.070434,-124.903811,22,0,2,91.35934291581108,46.52271511602786,1
gas_transport,147.85,Superior,AZ,33.2887,-111.0985,2872,Petroleum engineer,34.135476,-111.50854,14,5,1,31.227926078028748,101.5085123327653,0
shopping_net,162.01,Iliff,CO,40.7692,-103.0968,648,Community arts worker,41.461214,-102.569461,22,3,12,51.2580424366872,88.7274900429094,0
shopping_net,52.62,Phoenix,AZ,33.5623,-112.0559,1312922,Contractor,33.406192,-111.624596,16,0,1,37.20465434633813,43.60351351281267,0
shopping_net,85.21,Browning,MO,40.029,-93.1607,602,Cytogeneticist,39.386535,-93.633479,17,3,1,64.49281314168378,82.09208408135599,0
grocery_pos,29.42,Lowell,OR,43.921,-122.7806,1420,Systems analyst,43.196635,-123.215828,23,1,1,53.13894592744696,87.84918866899939,0
grocery_pos,3.6,Norwalk,CA,33.9056,-118.0818,105549,Firefighter,33.938891,-118.081363,18,1,12,47.26899383983573,3.702009896904981,0
grocery_pos,7.13,Ballwin,MO,38.577,-90.5255,92608,"""Engineer, communications""",37.755901,-89.732296,21,0,12,19.42505133470226,114.6494115942797,0
shopping_net,103.81,Meredith,CO,39.3199,-106.6596,61,Public relations account executive,39.722849,-107.401524,17,1,12,81.15263518138262,77.82862327138814,0
shopping_net,306.69,Buellton,CA,34.6209,-120.1922,5505,Nature conservation officer,34.533971,-119.361189,23,2,4,87.66050650239562,76.6932609894702,1
shopping_pos,2.73,Laramie,WY,41.4247,-105.4781,35371,"""Pilot, airline""",41.370714,-105.937071,16,1,1,30.349075975359344,38.75118982685537,0
grocery_pos,137.91,Fort Washakie,WY,43.0048,-108.8964,1645,Freight forwarder,43.146485,-109.513381,6,1,1,42.86652977412731,52.53082878563865,0
grocery_pos,24.24,Lake Oswego,OR,45.4093,-122.6847,42817,Planning and development surveyor,45.457917,-122.034336,12,0,12,38.58726899383984,51.03449779884465,0
grocery_pos,33.27,Dumont,CO,39.7532,-105.6356,565,Mental health nurse,40.086746,-105.77052,8,0,12,42.338124572210816,38.83236155693064,0
shopping_pos,15.3,Burbank,WA,46.1966,-118.9017,3684,Musician,46.561352,-119.752076,20,4,1,37.097878165639976,76.81371120407694,0
shopping_net,30.13,Napa,CA,38.4549,-122.2564,94014,Airline pilot,38.942454,-122.946014,13,5,1,33.412731006160165,80.74985896867722,0
shopping_net,6.76,Valentine,NE,42.8062,-100.6215,4005,Network engineer,43.222286,-100.798748,0,6,1,73.83162217659138,48.45901015953703,0
grocery_pos,1.49,Fort Washakie,WY,43.0048,-108.8964,1645,Information systems manager,42.252227,-109.217847,14,0,12,34.861054072553046,87.71716554835872,0
shopping_net,44.32,Blairsden-Graeagle,CA,39.8127,-120.6405,1725,Chartered legal executive (England and Wales),40.270559,-121.568886,12,0,12,53.59069130732375,94.00997559720903,0
shopping_pos,6.32,Newberg,OR,45.3099,-122.9685,28278,Research scientist (physical sciences),44.639659,-122.271675,15,1,12,43.45242984257358,92.5130235145578,0
grocery_pos,7.33,Arnold,MO,38.4305,-90.387,35439,Land/geomatics surveyor,37.520683,-90.459112,12,6,1,33.80698151950719,101.36428605001872,0
shopping_pos,9.36,Conway,WA,48.34,-122.3456,85,"""Research officer, political party""",48.842519,-122.241071,17,2,12,36.328542094455855,56.40392553307956,0
shopping_pos,1.64,Wendel,CA,40.3406,-120.2824,104,"""Teacher, adult education""",39.915726,-120.216175,17,5,12,31.362080766598226,47.57816104428292,0
grocery_pos,120.36,Kansas City,MO,38.9621,-94.5959,545147,Counsellor,39.153754,-94.791654,1,3,3,31.299110198494184,27.19997989075512,1
gas_transport,49.53,Sutherland,NE,41.1558,-101.136,1789,Insurance broker,41.71693,-101.43831,19,2,1,36.90896646132786,67.29183624583318,0
grocery_pos,866.15,Kent,OR,45.0838,-120.6649,60,Museum education officer,44.80372,-121.121222,20,4,9,77.44558521560575,47.53670628354222,1
shopping_pos,32.96,Freedom,WY,43.0172,-111.0292,471,"""Education officer, museum""",42.250848,-111.937667,23,3,1,51.460643394934976,113.06754957879969,0
shopping_net,68.7,Sun City,CA,33.7467,-117.1721,54287,"""Designer, exhibition/display""",33.932468,-116.294259,11,1,1,46.27515400410677,83.66580114577572,0
grocery_pos,69.43,Cascade Locks,OR,45.671,-121.8686,1288,Barrister,44.835501,-122.713112,1,0,12,84.65982203969884,114.02105173683108,0
grocery_pos,63.35,Westerville,NE,41.4193,-99.3844,73,Product designer,40.893665,-98.644831,5,0,12,85.88090349075975,85.14552490045327,0
shopping_net,19.83,Vacaville,CA,38.3847,-121.9887,99475,Clinical cytogeneticist,38.553685,-121.53418,23,4,2,48.60506502395619,43.804872076636265,1
shopping_net,9.57,Huntington Beach,CA,33.6773,-118.0051,190249,"""Therapist, horticultural""",33.976941,-118.811421,15,4,12,44.27104722792608,81.59384624704751,0
gas_transport,320.01,Corona,CA,33.8419,-117.6043,233717,Wellsite geologist,33.72149,-116.871264,1,3,5,53.99863107460644,69.05811789637318,1
grocery_pos,68.94,Los Angeles,CA,34.0443,-118.2509,2383912,"""Journalist, newspaper""",34.911158,-117.393946,8,5,12,61.57700205338809,124.342367255746,0
shopping_net,76.85,Dumont,CO,39.7532,-105.6356,565,Mental health nurse,40.480672,-104.787086,18,1,1,40.38603696098563,108.39345508602958,0
shopping_net,10.29,Paradise Valley,AZ,33.5494,-111.9565,17047,Building surveyor,33.412776,-111.376321,5,2,1,83.92607802874743,55.911579549803015,0
shopping_net,258.91,Littleton,CO,39.5994,-105.0044,320420,Water engineer,39.11268,-105.834277,17,3,12,45.40177960301163,89.5541297194186,0
shopping_net,59.7,Huntington Beach,CA,33.6773,-118.0051,190249,"""Therapist, horticultural""",33.552707,-117.045523,4,5,1,42.299794661190965,89.9304955710402,0
gas_transport,51.66,Lamy,NM,35.4311,-105.9409,923,Public relations account executive,35.907743,-105.212285,22,5,2,54.652977412731005,84.50483179621237,1
grocery_pos,18.32,Freedom,WY,43.0172,-111.0292,471,"""Education officer, museum""",42.698567,-110.999531,1,0,6,52.851471594798085,35.51280966225238,1
shopping_net,132.03,San Diego,CA,33.0067,-117.069,1241364,Chartered public finance accountant,33.410989,-117.330428,4,3,12,61.4072553045859,51.112498571569134,0
grocery_pos,85.27,Red Cliff,CO,39.4584,-106.3851,277,Human resources officer,39.679016,-105.529175,10,6,1,33.779603011635864,77.35857258045812,0
shopping_net,892.17,Huslia,AK,65.6899,-156.292,277,"""Engineer, civil (consulting)""",66.605445,-155.548341,23,0,5,54.548939082819984,107.15311561931338,1
shopping_net,78.59,Santa Monica,CA,34.0287,-118.4924,92043,"""Civil engineer, contracting""",33.144049,-118.844346,7,2,12,59.68240930869268,103.63006179743644,0
shopping_pos,42.41,Syracuse,MO,38.6547,-92.8929,628,"""Radiographer, diagnostic""",39.441632,-92.299478,21,5,1,57.04859685147159,101.40370853339172,0
grocery_pos,73.2,Altonah,UT,40.3207,-110.436,302,"""Sales professional, IT""",39.923675,-109.956942,8,3,1,28.960985626283367,60.06778303469757,0
gas_transport,17.77,Moriarty,NM,34.9889,-106.0609,7268,"""Therapist, art""",34.050355,-105.125633,17,0,1,30.444900752908968,135.0297158686485,0
grocery_pos,7.25,Angwin,CA,38.5769,-122.4477,3661,Human resources officer,38.291072,-121.480562,22,6,5,50.33264887063656,90.03502893946161,1
grocery_pos,8.68,Owensville,MO,38.3511,-91.4867,6703,Naval architect,37.55683,-91.747867,16,0,12,22.60917180013689,91.23885442857669,0
shopping_pos,97.96,June Lake,CA,37.7773,-119.0825,633,Health service manager,37.521345,-119.389694,3,1,1,91.33196440793976,39.26159266319307,0
gas_transport,81.23,Mountain Center,CA,33.6401,-116.5567,1661,"""Therapist, music""",33.213522,-116.352468,2,3,1,30.308008213552363,51.07972045543882,0
shopping_pos,54.62,Helm,CA,36.4992,-120.0936,123,Early years teacher,36.743677,-119.24422,18,3,12,47.87679671457906,80.52918324460731,0
gas_transport,102.86,Campbell,NE,40.2967,-98.737,493,"""Surveyor, minerals""",40.88288,-99.343886,10,3,12,80.2984257357974,82.91246849303523,0
shopping_pos,252.62,Sun City,CA,33.7467,-117.1721,54287,"""Designer, exhibition/display""",33.981751,-116.630971,1,0,12,48.26557152635181,56.38659052607824,0
shopping_pos,78.42,Camden,MO,39.2048,-94.0259,464,Colour technologist,39.640571,-94.594623,18,2,1,59.63860369609856,68.80642388569152,0
shopping_net,8.64,Moriarty,NM,34.9889,-106.0609,7268,"""Therapist, art""",34.478914,-106.537265,22,5,1,30.420260095824776,71.48888011969453,0
shopping_pos,97.89,Athena,OR,45.8289,-118.4971,1302,Dealer,45.184811,-118.753388,3,5,1,42.21492128678987,74.35191269685795,0
grocery_pos,39.61,Moriarty,NM,34.9889,-106.0609,7268,"""Therapist, art""",35.468887,-105.237224,14,4,1,30.43668720054757,91.90038855289298,0
grocery_pos,170.82,Littleton,CO,39.5994,-105.0044,320420,Water engineer,39.466153,-105.956752,11,3,1,43.44695414099932,83.00656372580798,0
grocery_pos,846.92,Brashear,MO,40.1959,-92.4333,805,Private music teacher,40.642867,-91.793663,23,0,12,49.489390828199866,73.49911343255486,1
gas_transport,9.93,Westerville,NE,41.4193,-99.3844,73,Product designer,41.860849,-100.292297,18,3,12,85.88911704312115,90.0142251213759,0
gas_transport,948.11,Iliff,CO,40.7692,-103.0968,648,Community arts worker,41.006837,-103.546703,11,2,12,51.27446954140999,46.13634866063737,0
shopping_net,99.88,Red Cliff,CO,39.4584,-106.3851,277,Human resources officer,40.364098,-107.228696,3,2,12,35.742642026009584,123.76948763486683,0
shopping_pos,44.88,Issaquah,WA,47.4974,-122.0107,50489,Osteopath,47.463356,-122.583257,15,6,1,34.85284052019165,43.193917470641125,0
shopping_pos,2.06,Rocky Mount,MO,38.2911,-92.7059,1847,Tax inspector,38.262829,-93.225425,18,3,12,32.18069815195072,45.45854318317747,0
shopping_net,5.08,Mountain Center,CA,33.6401,-116.5567,1661,"""Therapist, music""",32.888901,-115.668362,1,3,1,30.308008213552363,117.46747158620364,0
shopping_net,56.96,San Diego,CA,32.7185,-117.1593,1241364,Comptroller,32.51257,-117.374189,22,1,12,33.08145106091718,30.48626009045037,0
shopping_net,23.14,Ruidoso,NM,33.3305,-105.6933,8874,Licensed conveyancer,34.063755,-105.465394,4,6,1,18.428473648186174,84.21612472963518,0
shopping_pos,147.13,Colorado Springs,CO,38.8881,-104.6556,525713,Museum/gallery exhibitions officer,39.86814,-105.441183,16,1,1,26.666666666666668,128.19696630576823,0
grocery_pos,701.48,Pueblo,CO,38.2352,-104.66,151815,Further education lecturer,38.269411,-103.709945,16,0,5,31.353867214236825,83.04607146901981,1
gas_transport,5.92,Sacramento,CA,38.5662,-121.3286,757530,Magazine features editor,38.060307,-120.505642,16,6,1,39.70704996577687,91.21180259300526,0
grocery_pos,47.07,Thompson,UT,38.9999,-109.615,46,"""Surveyor, minerals""",39.623061,-109.908153,1,5,12,33.67830253251198,73.73940209773339,0
gas_transport,8.8,Glendale,CA,34.1556,-118.2322,172817,Advertising account planner,34.702459,-119.104663,23,0,1,36.440793976728266,100.50146068747736,0
grocery_pos,110.47,Ashford,WA,46.7531,-121.9898,759,Video editor,47.634781,-121.85381,16,1,12,64.290212183436,98.57540454766868,0
shopping_pos,21.55,Colorado Springs,CO,38.8881,-104.6556,525713,Museum/gallery exhibitions officer,38.646302,-105.340142,22,0,9,27.37303216974675,65.15460840830453,1
shopping_net,7.9,Burbank,WA,46.1966,-118.9017,3684,Musician,46.808002,-119.708282,20,5,12,39.07460643394935,91.83071957396557,0
grocery_pos,2.55,Carlotta,CA,40.507,-123.9743,1139,"""Therapist, occupational""",40.837425,-123.949458,8,5,12,69.94661190965093,36.80126698984856,0
shopping_pos,30.15,Carlotta,CA,40.507,-123.9743,1139,"""Therapist, occupational""",40.606858,-123.433699,20,1,1,67.98083504449008,47.0011062673962,0
gas_transport,579.27,Hooper,NE,41.6414,-96.5232,1745,"""Engineer, automotive""",42.588543,-96.565586,12,2,1,45.05681040383299,105.3755066850748,0
shopping_pos,119.8,Port Costa,CA,38.046,-122.1866,198,Armed forces training and education officer,38.275066,-122.262771,0,1,1,59.775496235455165,26.327207131209995,0
shopping_net,1007.47,Red Cliff,CO,39.4584,-106.3851,277,Human resources officer,39.541137,-106.698121,13,6,5,34.12457221081451,28.389508779648416,1
shopping_net,43.73,Mesa,ID,44.6255,-116.4493,129,Cartographer,44.896871,-116.582028,9,1,1,53.06502395619439,31.942944817680697,0
shopping_net,3.81,Lake Oswego,OR,45.4093,-122.6847,42817,Planning and development surveyor,45.2341,-123.158557,11,6,1,36.629705681040384,41.85774801491839,0
shopping_net,4.88,Meridian,ID,43.6498,-116.4306,84106,Intelligence analyst,43.847278,-116.166629,18,4,1,47.93429158110883,30.5248258823899,0
grocery_pos,28.35,Fort Washakie,WY,43.0048,-108.8964,1645,Information systems manager,42.581214,-108.776638,12,6,12,34.85831622176591,48.10364680261374,0
shopping_pos,147.6,Manville,WY,42.73,-104.7024,241,Educational psychologist,43.299261,-104.8044,21,6,12,40.03011635865845,63.83984802632903,0
shopping_pos,118.85,High Rolls Mountain Park,NM,32.9396,-105.8189,899,Naval architect,32.084881,-104.960041,8,6,1,51.37303216974675,124.57139953398404,0
shopping_pos,7.65,Portland,OR,45.5303,-122.7033,841711,"""Engineer, building services""",45.040038,-121.810712,3,2,7,57.30047912388775,88.58924386287345,1
shopping_pos,6.84,Riverton,WY,43.0351,-108.2024,19408,"""Lecturer, higher education""",43.707644,-107.326056,1,2,5,25.711156741957563,103.0040775088438,1
shopping_pos,81.74,Holstein,NE,40.4542,-98.6538,331,Telecommunications researcher,40.124556,-99.35941,1,6,1,68.3832991101985,70.18097740277805,0
shopping_net,85.24,Ballwin,MO,38.577,-90.5255,92608,"""Engineer, communications""",37.878985,-90.149377,18,0,1,17.470225872689937,84.28262990712818,0
shopping_net,73.32,Fort Washakie,WY,43.0048,-108.8964,1645,Freight forwarder,43.363922,-108.455356,13,1,1,42.847364818617386,53.60322475487919,0
grocery_pos,4.14,Holstein,NE,40.4542,-98.6538,331,Telecommunications researcher,41.447864,-99.273192,2,6,12,70.35728952772074,122.12189370801596,0
shopping_pos,3.22,Camden,MO,39.2048,-94.0259,464,Colour technologist,38.243327,-94.643617,23,5,12,61.58247775496236,119.58822560042614,0
shopping_net,849.79,Thompson,UT,38.9999,-109.615,46,"""Surveyor, minerals""",38.376171,-110.36249,3,4,1,31.73990417522245,94.96941715380096,1
grocery_pos,200.39,Burlington,WA,48.4786,-122.3345,14871,Public house manager,49.302278,-122.328935,4,1,12,46.8062970568104,91.5897183998702,0
grocery_pos,9.91,San Jose,CA,37.3304,-121.7913,973849,Science writer,37.787398,-122.385572,7,5,12,65.54140999315537,72.98099844896429,0
shopping_net,302.65,Seligman,MO,36.5276,-93.9359,2693,"""Engineer, biomedical""",37.058973,-93.754921,0,5,10,52.65982203969884,61.2441889208244,1
grocery_pos,7.48,Weeping Water,NE,40.8731,-96.1528,1517,Dealer,41.464139,-96.529517,4,0,12,69.13894592744695,72.89369322373872,0
shopping_pos,4.66,Cardwell,MO,36.0434,-90.2907,1120,Television floor manager,35.578365,-89.79886,21,2,12,63.70431211498973,68.12388396362701,0
grocery_pos,310.1,Pleasant Hill,MO,38.7859,-94.244,12866,Information officer,39.581181,-95.004962,0,2,12,73.51950718685832,110.09791698423945,1
shopping_net,36.21,Centerview,MO,38.7897,-93.8702,2368,Electronics engineer,38.165822,-93.794589,17,3,12,31.457905544147845,69.68359536667741,0
shopping_pos,24.66,Sun City,CA,33.7467,-117.1721,54287,"""Designer, exhibition/display""",33.309363,-117.819197,21,4,12,48.257357973990416,77.21800275641553,0
shopping_net,999.84,Eugene,OR,44.0385,-123.0614,191096,"""Scientist, physiological""",44.991922,-122.790807,12,4,4,55.05270362765229,108.16471346089124,1
shopping_pos,961.7,Paauilo,HI,20.0271,-155.3697,1490,"""Scientist, research (maths)""",19.816087,-155.983643,3,0,12,28.695414099931558,68.33655569622064,1
shopping_net,2.66,Paauilo,HI,20.0271,-155.3697,1490,"""Scientist, research (maths)""",19.554411,-156.337494,14,5,12,29.7056810403833,114.08599978376502,0
grocery_pos,26.66,Camden,MO,39.2048,-94.0259,464,Colour technologist,39.113822,-94.907618,13,1,12,61.59069130732375,76.69135494856867,0
shopping_net,58.9,Rocky Mount,MO,38.2911,-92.7059,1847,Tax inspector,38.484985,-92.459222,8,3,12,32.18069815195072,30.447158465335924,0
shopping_net,188.94,North Loup,NE,41.4972,-98.7858,509,"""Nurse, children's""",40.869843,-97.81058,21,0,1,38.31074606433949,107.36174210054492,0
shopping_pos,73.04,Scotts Mills,OR,44.9897,-122.6187,1252,"""Engineer, petroleum""",45.469263,-121.746722,16,6,12,83.88774811772758,86.63901650633058,0
shopping_net,73.73,Dumont,CO,39.7532,-105.6356,565,Mental health nurse,39.079046,-105.778496,20,6,12,42.33538672142368,75.96088720197305,0
shopping_net,11.77,Colorado Springs,CO,38.8881,-104.6556,525713,Museum/gallery exhibitions officer,38.389383,-104.992704,22,1,1,26.647501711156742,62.70942267754708,0
shopping_net,891.32,Louisiana,MO,39.4336,-91.0664,4593,"""Teacher, early years/pre""",38.615908,-90.324844,23,3,4,79.46611909650925,111.22204081525062,1
shopping_pos,84.16,Thompson,UT,38.9999,-109.615,46,"""Surveyor, minerals""",38.571171,-108.899249,1,5,1,31.704312114989733,78.23913632235109,0
shopping_pos,67.57,Manley,NE,40.9207,-96.168,206,Human resources officer,40.566167,-96.152905,18,5,1,51.25530458590007,39.44277653790442,0
gas_transport,309.97,Sprague,NE,40.6267,-96.7456,142,Chiropodist,41.30634,-97.523575,1,5,7,52.88158795345654,99.88899137138006,1
shopping_net,3.52,Arnold,MO,38.4305,-90.387,35439,Land/geomatics surveyor,38.544715,-91.159127,22,3,12,35.73442847364819,68.39291934110662,0
grocery_pos,100.05,Napa,CA,38.4549,-122.2564,94014,Airline pilot,38.219438,-122.805572,16,1,1,33.38261464750171,54.586637053905406,0
shopping_net,14.52,Thompson,UT,38.9999,-109.615,46,"""Surveyor, minerals""",39.265777,-108.695042,15,5,1,31.72347707049966,84.67658403091527,0
grocery_pos,1.19,Kent,OR,45.0838,-120.6649,60,Museum education officer,44.774092,-121.190938,11,5,12,78.73237508555783,53.85995351631145,0
gas_transport,64.33,Meridian,ID,43.6498,-116.4306,84106,Intelligence analyst,43.161156,-116.95978,7,2,12,49.88364134154688,69.13553445674955,0
shopping_pos,51.06,Manville,WY,42.73,-104.7024,241,Educational psychologist,42.805095,-103.795036,18,0,12,40.03285420944559,74.53678442357074,0
grocery_pos,20.15,Lamy,NM,35.4311,-105.9409,923,Public relations account executive,35.682735,-106.649046,17,2,12,56.52292950034223,69.90377168429687,0
shopping_net,8.52,Nelson,NE,40.201,-98.0684,732,Television/film/video producer,40.232014,-98.964165,6,0,1,62.06707734428473,76.1368300928919,0
gas_transport,8.3,Fort Washakie,WY,43.0048,-108.8964,1645,Information systems manager,42.711172,-108.979687,23,5,1,32.91991786447639,33.348250990829584,0
grocery_pos,105.41,Woods Cross,UT,40.8874,-111.9027,13983,Insurance broker,40.875203,-112.519297,21,1,1,39.38398357289528,51.855450586269846,0
shopping_net,104.95,Moab,UT,38.5677,-109.5271,9772,Location manager,39.497974,-110.518448,19,1,1,29.12251882272416,134.2820585882187,0
shopping_net,63.66,Newhall,CA,34.3795,-118.523,34882,Health physicist,34.116464,-118.235066,16,4,1,47.696098562628336,39.44457959438109,0
shopping_net,5.81,San Diego,CA,32.7185,-117.1593,1241364,Comptroller,32.149378,-116.298408,15,3,1,31.132101300479125,102.62740855131835,0
shopping_net,14.58,Norwalk,CA,33.9056,-118.0818,105549,Firefighter,33.553751,-118.891364,12,4,1,45.28405201916495,84.47214054835494,0
shopping_net,117.95,Kent,OR,45.0838,-120.6649,60,Museum education officer,45.564386,-121.006552,3,5,12,78.73237508555783,59.74223491777312,0
grocery_pos,309.64,Glendale,CA,34.1556,-118.2322,172817,Advertising account planner,33.387323,-117.657005,20,1,1,36.4435318275154,100.62104650950924,0
grocery_pos,61.06,June Lake,CA,37.7773,-119.0825,633,Health service manager,36.847065,-118.464813,17,3,1,91.31827515400413,116.97536783092664,0
shopping_net,5.36,Red River,NM,36.6659,-105.4694,606,"""Surveyor, land/geomatics""",36.476033,-105.643483,12,4,12,32.30116358658453,26.21845923785358,0
grocery_pos,62.13,Colton,WA,46.5901,-117.1692,761,Chief Marketing Officer,46.034983,-117.789809,10,0,12,77.49760438056126,77.98763999820562,0
gas_transport,41.2,Hooper,NE,41.6414,-96.5232,1745,"""Engineer, automotive""",41.362821,-96.703659,16,6,1,45.04859685147159,34.429517664689335,0
shopping_pos,29.17,Llano,NM,36.1486,-105.6648,247,Architectural technologist,35.455537,-105.392573,6,0,12,59.17864476386037,80.88099034943339,0
grocery_pos,40.32,Paauilo,HI,20.0271,-155.3697,1490,"""Scientist, research (maths)""",19.63397,-154.88991,5,5,12,29.7056810403833,66.55519323914842,0
shopping_net,139.09,Lake Oswego,OR,45.4093,-122.6847,42817,Planning and development surveyor,44.646139,-122.410572,18,6,1,36.64887063655031,87.55138421983567,0
shopping_pos,2.34,Roseland,NE,40.4591,-98.5551,463,"""Nurse, mental health""",39.720231,-98.889838,13,6,1,70.62012320328542,86.95308942520153,0
shopping_net,143.17,June Lake,CA,37.7773,-119.0825,633,Health service manager,37.707735,-119.127096,8,0,12,93.30321697467488,8.672434508369234,0
shopping_net,53.5,Redford,MO,37.3272,-91.0243,241,Investment analyst,36.589766,-90.190574,6,5,1,44.19164955509925,110.50452874603089,0
gas_transport,71.84,Monitor,WA,47.4852,-120.4158,584,Medical technical officer,48.19873,-120.56607,2,4,12,51.76728268309377,80.12956385722293,0
grocery_pos,26.14,Burlington,WA,48.4786,-122.3345,14871,Public house manager,47.990617,-122.386906,16,2,1,44.81587953456537,54.399877792518296,0
shopping_pos,4.57,Eugene,OR,44.0385,-123.0614,191096,"""Scientist, physiological""",44.61555,-122.284229,3,3,1,54.78165639972622,89.09935927516703,0
grocery_pos,85.4,Orient,WA,48.8878,-118.2105,149,Special educational needs teacher,48.790294,-117.668055,0,6,1,40.563997262149215,41.15313175068786,0
grocery_pos,15.45,Mountain Center,CA,33.6401,-116.5567,1661,"""Therapist, music""",34.54965,-115.774847,23,1,1,30.321697467488026,124.14372325442162,0
shopping_net,14.63,Hatch,UT,37.7175,-112.4777,258,Geoscientist,38.178582,-111.767136,19,0,1,57.13894592744696,80.68786899222972,0
shopping_net,1050.4,Laguna Hills,CA,33.615,-117.7114,45303,Sales executive,33.37144,-118.360377,23,0,1,50.05886379192334,65.99334920930897,1
shopping_net,68.84,Ballwin,MO,38.577,-90.5255,92608,"""Engineer, communications""",37.737237,-90.461814,6,3,12,19.43326488706365,93.54325850031664,0
shopping_net,7.73,Hatch,UT,37.7175,-112.4777,258,Geoscientist,37.961534,-111.636365,8,5,12,59.08829568788501,78.70637144620987,0
shopping_pos,25.51,Cascade Locks,OR,45.671,-121.8686,1288,Barrister,45.630919,-122.104453,15,4,1,82.69678302532512,18.866420561336977,0
shopping_net,348.36,Lowell,OR,43.921,-122.7806,1420,Systems analyst,43.482349,-123.481414,2,2,2,53.256673511293634,74.51753292696796,1
grocery_pos,7.04,Lowell,OR,43.921,-122.7806,1420,Systems analyst,44.528587,-123.498463,21,1,1,53.15811088295688,88.52302576589838,0
shopping_pos,73.64,Utica,MO,39.7417,-93.6289,271,Land/geomatics surveyor,39.291505,-93.844998,19,6,1,46.7378507871321,53.381233335506856,0
shopping_pos,82.31,Kissee Mills,MO,36.6704,-93.0377,1201,"""Engineer, agricultural""",35.748058,-93.492993,13,0,12,40.780287474332646,110.39479875071416,0
grocery_pos,87.77,Aurora,CO,39.6662,-104.835,389246,"""Scientist, marine""",39.443375,-104.085388,11,5,1,49.06502395619439,68.87705071568209,0
grocery_pos,46.08,Thompson,UT,38.9999,-109.615,46,"""Surveyor, minerals""",38.603061,-110.511707,16,5,12,33.67830253251198,89.35987999398962,0
gas_transport,862.65,Kent,OR,45.0838,-120.6649,60,Museum education officer,44.645925,-120.85348,14,4,9,77.44558521560575,50.90727285828263,1
grocery_pos,49.39,Glendale,CA,34.1556,-118.2322,172817,Advertising account planner,33.426924,-117.663064,10,2,12,38.42026009582478,96.59774027325892,0
shopping_pos,64.87,Ruidoso,NM,33.3305,-105.6933,8874,Licensed conveyancer,34.208408,-106.397146,10,0,1,18.412046543463383,117.311445887768,0
gas_transport,4.07,Vinton,CA,40.0235,-120.7986,128,Education administrator,40.854292,-120.543313,6,1,12,54.85284052019165,94.87248044598245,0
shopping_pos,9.3,Cardwell,MO,36.0434,-90.2907,1120,Television floor manager,36.930573,-89.496439,9,1,1,61.70841889117043,121.54555687381055,0
shopping_net,64.05,Orient,WA,48.8878,-118.2105,149,Special educational needs teacher,47.963255,-117.593938,10,5,1,40.54209445585216,112.42052861305876,0
grocery_pos,85.87,Kirk,CO,39.6171,-102.4776,207,Network engineer,39.894915,-103.178011,23,5,12,65.06228610540725,67.37305157618269,0
shopping_net,109.3,Westfir,OR,43.7575,-122.481,597,Forensic psychologist,44.351883,-122.899126,22,0,12,59.611225188227245,74.05836642710403,0
grocery_pos,238.49,Tomales,CA,38.2427,-122.9145,337,Occupational psychologist,39.241326,-122.347839,5,2,12,66.48870636550308,121.4310049582926,0
gas_transport,78.52,Lonetree,WY,41.0552,-110.1603,49,Research scientist (physical sciences),41.809497,-109.803434,14,5,12,39.47707049965777,88.9939164497618,0
grocery_pos,802.1,Loving,NM,32.274,-104.0914,1925,Educational psychologist,31.790515,-104.507956,19,0,8,68.24640657084188,66.57414411428827,1
grocery_pos,2.12,Eugene,OR,44.0385,-123.0614,191096,"""Scientist, physiological""",43.450586,-122.671323,17,0,1,54.79260780287474,72.49475925690523,0
shopping_net,45.4,Ballwin,MO,38.577,-90.5255,92608,"""Engineer, communications""",38.86177,-90.948805,18,0,12,19.42505133470226,48.49064309940582,0
gas_transport,139.36,Mound City,MO,40.1362,-95.2138,1631,Architect,39.677465,-95.222665,7,6,1,65.99863107460644,51.014608835933565,0
shopping_net,111.41,Freedom,WY,43.0172,-111.0292,471,"""Education officer, museum""",42.629995,-110.433873,1,4,12,53.399041752224505,64.89260650009648,0
shopping_net,19.02,Santa Monica,CA,34.0287,-118.4924,92043,"""Civil engineer, contracting""",33.708212,-118.688868,15,3,7,59.26351813826147,39.98755110073304,1
shopping_net,9.18,Valentine,NE,42.8062,-100.6215,4005,Network engineer,42.795521,-100.37868,5,5,9,74.48049281314168,19.84623814958912,1
shopping_net,46.35,Tomales,CA,38.2427,-122.9145,337,Occupational psychologist,38.973142,-122.315697,22,3,12,66.47227926078028,96.4573560164788,0
grocery_pos,505.9,Jordan Valley,OR,42.8801,-117.281,641,Economist,42.272008,-116.898637,15,4,12,27.08555783709788,74.51318365423035,0
grocery_pos,32.12,Blairsden-Graeagle,CA,39.8127,-120.6405,1725,Chartered legal executive (England and Wales),38.984931,-119.667132,23,1,1,51.61943874058864,124.36551477622092,0
shopping_net,41.24,Colton,WA,46.5901,-117.1692,761,Chief Marketing Officer,47.187778,-116.487878,21,2,1,75.50992470910336,84.24555216445094,0
shopping_net,58.69,Hatch,UT,37.7175,-112.4777,258,Geoscientist,38.059541,-112.207652,6,0,1,57.11978097193703,44.81216145744429,0
shopping_net,201.32,Phoenix,AZ,33.5623,-112.0559,1312922,Contractor,33.16515,-113.010805,3,5,1,37.19917864476386,99.06817515871124,0
shopping_net,2.8,Eugene,OR,44.0385,-123.0614,191096,"""Scientist, physiological""",44.632543,-123.58646,0,1,1,54.776180698151954,78.14738654499553,0
shopping_net,35.74,San Diego,CA,33.0067,-117.069,1241364,"""Pharmacist, hospital""",32.592603,-117.646495,16,6,12,60.824093086926766,70.94818265363976,0
grocery_pos,66.31,North Loup,NE,41.4972,-98.7858,509,"""Nurse, children's""",41.286441,-98.121486,16,4,1,38.34086242299794,60.167846486248365,0
shopping_net,82.99,Luray,MO,40.4931,-91.8912,519,Town planner,39.825706,-92.359671,10,5,1,52.89253935660506,84.21470284822463,0
shopping_net,3.24,Riverton,WY,43.0351,-108.2024,19408,"""Lecturer, higher education""",42.462588,-108.630054,16,0,1,25.36071184120465,72.60859420827201,0
shopping_net,94.81,Phoenix,AZ,33.5623,-112.0559,1312922,Contractor,33.142637,-111.806381,15,1,1,37.18822724161533,52.10253578682733,0
grocery_pos,323.46,Omaha,NE,41.2064,-95.9953,518429,"""Surveyor, land/geomatics""",41.515513,-96.075439,3,5,9,23.96714579055441,35.01647232110697,1
shopping_net,1061.37,Craig,AK,55.4732,-133.1171,1920,Commissioning editor,55.240434,-133.488083,22,2,12,23.460643394934976,34.92551929024477,1
shopping_net,57.48,Jelm,WY,41.0539,-106.0763,100,Public librarian,41.02559,-105.941465,20,3,12,46.71047227926078,11.738476501415924,0
shopping_pos,6.86,Red River,NM,36.6659,-105.4694,606,"""Surveyor, land/geomatics""",37.322231,-105.341589,16,0,1,30.37371663244353,73.85811798050554,0
shopping_net,156.74,Napa,CA,38.4549,-122.2564,94014,Airline pilot,38.689595,-122.596821,20,1,12,35.35660506502396,39.4572136658061,0
grocery_pos,283.14,Sun City,CA,33.7467,-117.1721,54287,"""Designer, exhibition/display""",33.574423,-116.309617,13,0,1,46.32991101984942,82.09023157091508,0
grocery_pos,505.9,Jordan Valley,OR,42.8801,-117.281,641,Economist,42.272008,-116.898637,15,4,12,27.08555783709788,74.51318365423035,0
shopping_net,173.77,Clarksville,MO,39.3465,-90.9362,1146,Exercise physiologist,39.902281,-91.892989,17,3,12,91.71526351813826,102.63615778056987,0
grocery_pos,72.69,Centerview,MO,38.7897,-93.8702,2368,Electronics engineer,39.323358,-93.490694,10,6,1,29.492128678986997,67.78646181280507,0
shopping_pos,90.0,Carroll,NE,42.277,-97.1926,566,Metallurgist,41.583112,-97.918711,17,6,12,45.9192334017796,97.78080443734912,0
shopping_pos,4.22,Greenview,CA,41.5403,-122.9366,308,Call centre manager,41.295874,-123.924891,3,0,12,62.27241615331965,86.77456115126682,0
shopping_net,16.41,Issaquah,WA,47.4974,-122.0107,50489,Osteopath,47.971042,-121.157123,12,6,1,34.87200547570158,82.75659441283305,0
shopping_net,21.23,Thompson,UT,38.9999,-109.615,46,"""Surveyor, minerals""",38.998205,-110.005615,22,4,1,31.73990417522245,33.75582572941848,1
shopping_net,50.44,Sutherland,NE,41.1558,-101.136,1789,Insurance broker,40.417261,-101.666385,12,3,1,36.89253935660506,93.47644140939296,0
grocery_pos,22.74,Tomales,CA,38.2427,-122.9145,337,Occupational psychologist,38.479764,-123.024622,16,0,12,66.48323066392882,28.05448490167665,0
grocery_pos,202.74,Burlington,WA,48.4786,-122.3345,14871,Public house manager,47.507202,-122.43717,5,4,1,44.84052019164955,108.28436239346682,0
shopping_net,8.65,Independence,MO,39.1412,-94.3515,123373,"""Engineer, production""",38.619044,-94.26756,23,0,8,26.72416153319644,58.51396129605684,1
shopping_net,37.71,Scotts Mills,OR,44.9897,-122.6187,1252,"""Engineer, petroleum""",45.506739,-121.715975,7,4,12,83.88227241615331,91.10114632345928,0
gas_transport,3.48,Grenada,CA,41.6125,-122.5258,589,Systems analyst,42.000023,-121.538166,0,5,1,73.05954825462013,92.5079091605,0
shopping_net,9.09,Lake Oswego,OR,45.4093,-122.6847,42817,Planning and development surveyor,45.517912,-122.373091,22,0,7,38.14647501711157,27.137231894647865,1
grocery_pos,86.67,Phoenix,AZ,33.5623,-112.0559,1312922,Contractor,34.518043,-111.691754,11,0,1,37.223819301848046,111.444355292204,0
shopping_pos,1.68,Shedd,OR,44.453,-123.1065,917,Radio broadcast assistant,44.042212,-122.436837,16,4,1,23.49349760438056,70.22505173813092,0
shopping_net,3.92,Nelson,NE,40.201,-98.0684,732,Television/film/video producer,39.554244,-98.58874,14,2,12,64.04654346338124,84.51851236066513,0
shopping_net,66.45,Centerview,MO,38.7897,-93.8702,2368,Electronics engineer,39.438365,-93.95524,2,5,1,29.508555783709788,72.50043499133467,0
shopping_net,3.52,Arnold,MO,38.4305,-90.387,35439,Land/geomatics surveyor,38.544715,-91.159127,22,3,12,35.73442847364819,68.39291934110662,0
gas_transport,68.33,Scotts Mills,OR,44.9897,-122.6187,1252,"""Engineer, petroleum""",45.433371,-123.60664,16,2,12,83.89596167008898,91.77707525218524,0
shopping_net,3.7,Littleton,CO,39.5994,-105.0044,320420,Water engineer,39.172202,-104.015595,5,6,12,45.40999315537303,97.35395876635222,0
shopping_net,190.68,Wales,AK,64.7556,-165.6723,145,"""Administrator, education""",65.735634,-166.395485,1,0,1,79.16221765913758,114.05645859785416,0
shopping_net,6.24,San Jose,CA,37.3304,-121.7913,973849,Geoscientist,36.698264,-122.537408,12,0,1,21.987679671457904,96.58670555573998,0
shopping_net,5.63,Gardiner,OR,43.7857,-124.1437,260,"""Engineer, maintenance""",43.199284,-123.807264,0,1,1,62.35181382614648,70.62874293765739,0
grocery_pos,32.02,Littleton,CO,39.5994,-105.0044,320420,Water engineer,39.450281,-104.8044,17,0,1,43.47707049965777,23.857876458260844,0
shopping_net,9.8,Matthews,MO,36.7154,-89.6287,1019,Aeronautical engineer,36.221931,-89.096202,23,0,12,41.921971252566735,72.65081419496282,0
grocery_pos,63.26,Wheaton,MO,36.7651,-94.0492,760,Production manager,37.216195,-93.976596,20,1,1,33.374401095140314,50.57225928712502,0
grocery_pos,82.38,Williamsburg,MO,38.8874,-91.7689,710,Glass blower/designer,39.195723,-92.103851,14,2,12,50.25872689938399,44.85747393733302,0
shopping_pos,22.73,Independence,MO,39.1412,-94.3515,123373,"""Engineer, production""",39.589187,-94.015971,19,1,1,26.11362080766598,57.56220996336968,0
shopping_net,966.17,Ruidoso,NM,33.3305,-105.6933,8874,Licensed conveyancer,32.991018,-105.458003,22,4,9,20.109514031485283,43.64275884697911,1
shopping_pos,32.05,Glendale,CA,34.1556,-118.2322,172817,Advertising account planner,33.628415,-118.78341,23,0,1,36.4599589322382,77.61976691380974,0
grocery_pos,12.39,Vancouver,WA,45.6892,-122.6616,299480,Teaching laboratory technician,45.844218,-122.468612,21,3,12,35.97535934291581,22.83002176103852,0
shopping_net,297.44,Meredith,CO,39.3199,-106.6596,61,Public relations account executive,39.633769,-105.909516,1,6,12,80.0930869267625,73.2303317645591,1
shopping_pos,46.83,Hatch,UT,37.7175,-112.4777,258,Geoscientist,38.380438,-112.476355,5,6,1,57.15537303216975,73.71543635969124,0
shopping_pos,69.09,Kirk,CO,39.6171,-102.4776,207,Network engineer,38.782568,-102.304729,17,0,1,63.09377138945928,93.98369411163446,0
shopping_net,53.88,Jelm,WY,41.0539,-106.0763,100,Public librarian,41.008878,-106.995233,21,6,1,44.72553045859001,77.24204672808543,0
gas_transport,24.38,Sacramento,CA,38.5662,-121.3286,757530,Magazine features editor,38.690101,-121.360036,3,3,12,41.67282683093772,14.045184405245426,0
grocery_pos,118.52,Campbell,NE,40.2967,-98.737,493,"""Surveyor, minerals""",39.976104,-99.569787,5,2,1,78.34086242299794,79.26345475496157,0
grocery_pos,310.9,San Diego,CA,33.0067,-117.069,1241364,"""Pharmacist, hospital""",32.206902,-116.959137,23,5,6,60.26557152635181,89.52686985534409,1
gas_transport,178.43,Manley,NE,40.9207,-96.168,206,Human resources officer,41.250835,-96.000376,10,5,1,51.29363449691992,39.30570648820056,0
shopping_net,3.29,Littleton,CO,39.5994,-105.0044,320420,Water engineer,40.380254,-104.805322,22,1,12,45.4154688569473,88.46783323549205,0
shopping_pos,779.75,Carroll,NE,42.277,-97.1926,566,Metallurgist,42.743913,-96.283554,23,6,2,45.07597535934291,90.8155579939855,1
shopping_net,338.99,Cardwell,MO,36.0434,-90.2907,1120,Television floor manager,37.010298,-89.990603,23,5,7,62.27515400410677,110.80740540176376,1
shopping_pos,7.21,Independence,MO,39.1412,-94.3515,123373,"""Engineer, production""",38.985867,-94.595166,2,1,8,26.72689938398357,27.2195058693188,1
grocery_pos,6.18,American Fork,UT,40.3928,-111.7941,42384,Futures trader,41.292888,-111.107829,23,1,12,28.0,115.53975697274198,0
shopping_net,34.69,Phoenix,AZ,33.8155,-112.1202,1312922,Counselling psychologist,32.855972,-111.598629,13,1,1,19.08829568788501,117.1809419212666,0
grocery_pos,57.81,Santa Monica,CA,34.0287,-118.4924,92043,"""Civil engineer, contracting""",34.768008,-119.183913,6,1,12,59.67967145790554,103.84289213608412,0
shopping_net,50.56,Moab,UT,38.5677,-109.5271,9772,Location manager,39.296167,-109.80512,7,1,12,31.096509240246405,84.4960660159045,0
shopping_net,20.14,Camden,MO,39.2048,-94.0259,464,Colour technologist,40.139286,-94.210008,21,1,12,61.59069130732375,105.09799721074796,0
shopping_net,62.95,Espanola,NM,35.9866,-106.0654,18408,Historic buildings inspector/conservation officer,35.248571,-105.958012,1,3,12,48.45448323066393,82.63717062263399,0
shopping_net,80.77,Superior,AZ,33.2887,-111.0985,2872,Petroleum engineer,32.607997,-110.321712,17,1,1,31.17864476386037,104.79803259052754,0
shopping_net,30.09,Newberg,OR,45.3099,-122.9685,28278,Research scientist (physical sciences),44.337227,-122.527174,3,1,12,43.45242984257358,113.61854309570845,0
shopping_net,38.24,Napa,CA,38.4549,-122.2564,94014,Airline pilot,38.561692,-122.154733,14,3,1,33.38809034907597,14.80760908320521,0
shopping_pos,73.1,Conway,WA,48.34,-122.3456,85,"""Research officer, political party""",48.882249,-122.86862,21,5,12,36.31759069130732,71.51217018189281,0
shopping_pos,184.3,Burbank,WA,46.1966,-118.9017,3684,Musician,47.03513,-118.187201,3,1,12,39.082819986310746,108.03528570625356,0
shopping_pos,51.77,Fields Landing,CA,40.7268,-124.2174,276,"""Scientist, audiological""",40.74029,-123.24884,1,2,1,89.65913757700206,81.62251646871405,0
shopping_net,47.52,Cascade Locks,OR,45.671,-121.8686,1288,Barrister,45.660157,-121.130572,20,3,1,82.69404517453799,57.3631727896168,0
shopping_pos,9.77,Jelm,WY,41.0539,-106.0763,100,Public librarian,40.212289,-105.760965,21,1,1,44.73100616016427,97.29226868483738,0
grocery_pos,18.45,Mendon,UT,41.71,-111.9817,2078,"""Scientist, audiological""",42.158967,-112.093218,3,1,12,57.54688569472964,50.76794200153349,0
shopping_net,4.41,Howells,NE,41.6964,-96.9858,1063,Research scientist (maths),42.008705,-97.900896,15,1,12,92.7419575633128,83.36914463618427,0
shopping_net,10.74,North Loup,NE,41.4972,-98.7858,509,"""Nurse, children's""",40.717294,-99.693523,20,0,1,38.31074606433949,115.34376056712216,0
grocery_pos,52.34,Burbank,WA,46.1966,-118.9017,3684,Musician,46.073508,-119.082843,6,6,12,39.07734428473648,19.548857392584363,0
shopping_net,2.65,Arnold,MO,38.4305,-90.387,35439,Land/geomatics surveyor,38.122746,-89.669242,16,5,12,35.73990417522245,71.39000155297455,0
grocery_pos,77.89,Lakeport,CA,39.047,-122.9328,11256,Podiatrist,38.250842,-122.099477,2,0,1,46.220396988364136,114.34195019788343,0
gas_transport,6.51,Claremont,CA,34.1092,-117.7183,35705,Wellsite geologist,33.207768,-118.494393,23,5,12,64.61601642710473,123.31387276446618,0
shopping_net,25.58,Meridian,ID,43.6498,-116.4306,84106,Intelligence analyst,43.768473,-116.465761,23,1,12,49.88090349075976,13.495084723581892,0
shopping_net,19.32,Burbank,WA,46.1966,-118.9017,3684,Musician,47.060508,-119.736173,13,3,4,38.39835728952772,115.27312764164672,1
gas_transport,146.33,Vinton,CA,40.0235,-120.7986,128,Education administrator,39.892043,-121.453696,10,1,1,52.85968514715948,57.7172286664262,0
grocery_pos,52.41,Fiddletown,CA,38.5234,-120.6763,832,Immigration officer,38.341426,-121.134742,13,1,1,31.62217659137577,44.76598739933984,0
shopping_net,1465.2,Tomales,CA,38.2427,-122.9145,337,Occupational psychologist,37.264156,-121.986538,4,5,12,66.47775496235455,135.99539470624245,0
shopping_pos,26.45,Superior,AZ,33.2887,-111.0985,2872,Petroleum engineer,33.347649,-110.434725,20,5,1,31.227926078028748,62.02398398402669,0
shopping_pos,46.66,Mound City,MO,40.1362,-95.2138,1631,Architect,41.071606,-94.999602,5,1,1,65.94661190965093,105.57250322049153,0
grocery_pos,31.24,Lake Oswego,OR,45.4093,-122.6847,42817,Planning and development surveyor,46.056597,-122.338667,3,1,1,36.63518138261465,76.82342957569539,0
grocery_pos,42.88,Westerville,NE,41.4193,-99.3844,73,Product designer,41.556618,-99.531728,17,6,1,83.90417522245038,19.589291933840887,0
shopping_net,35.24,Hawthorne,CA,33.9143,-118.3493,93193,"""Editor, magazine features""",34.779214,-119.328929,12,6,1,23.718001368925396,131.67233609853167,0
shopping_net,12.95,Westerville,NE,41.4193,-99.3844,73,Product designer,40.701366,-98.890275,8,0,1,83.92607802874743,89.9400110496455,1
grocery_pos,116.44,Colorado Springs,CO,38.8881,-104.6556,525713,Museum/gallery exhibitions officer,38.36642,-105.64558,0,0,9,27.37303216974675,103.73199903247658,1
shopping_net,9.33,Orient,WA,48.8878,-118.2105,149,Special educational needs teacher,48.557029,-118.933095,18,1,12,42.5242984257358,64.51692003213111,0
grocery_pos,6.27,Luray,MO,40.4931,-91.8912,519,Town planner,40.293006,-91.423694,15,6,1,52.8952772073922,45.41546552261145,0
shopping_pos,112.9,Carlotta,CA,40.507,-123.9743,1139,"""Therapist, occupational""",40.209656,-123.283498,16,0,1,68.0164271047228,67.2250902778218,0
shopping_net,1.33,Littleton,CO,39.5994,-105.0044,320420,Water engineer,39.559612,-105.371079,17,1,1,43.460643394934976,31.73519220674793,0
grocery_pos,218.32,Independence,MO,39.1412,-94.3515,123373,"""Engineer, production""",39.590333,-93.940436,3,2,1,26.13552361396304,61.17891783131849,0
shopping_net,68.15,Burbank,WA,46.1966,-118.9017,3684,Musician,46.884079,-119.054925,9,3,1,37.09514031485284,77.33724002348977,0
shopping_pos,4.7,Broomfield,CO,39.8854,-105.1139,92337,"""Engineer, electronics""",40.714644,-104.320461,8,6,12,53.1937029431896,114.147212601723,0
shopping_net,71.59,Rocky Mount,MO,38.2911,-92.7059,1847,Tax inspector,38.788835,-93.320472,6,5,12,32.167008898015055,76.94251279945657,0
grocery_pos,154.56,Rock Springs,WY,41.606,-109.23,27971,Music therapist,42.098007,-110.171134,19,6,12,36.40520191649555,95.23176261157433,0
grocery_pos,512.29,American Fork,UT,40.3928,-111.7941,42384,Futures trader,40.453564,-111.665277,22,4,1,26.015058179329227,12.828423594329252,0
shopping_net,13.4,Eugene,OR,44.0385,-123.0614,191096,"""Scientist, physiological""",44.260835,-123.919442,21,4,1,54.784394250513344,72.78560184622158,0
grocery_pos,52.38,Mound City,MO,40.1362,-95.2138,1631,Architect,41.010301,-96.152542,10,1,12,67.93976728268309,125.43109903607214,0
shopping_pos,49.53,Monitor,WA,47.4852,-120.4158,584,Medical technical officer,48.03143,-119.960156,6,6,1,49.817932922655714,69.63591002022582,0
grocery_pos,65.57,Tomales,CA,38.2427,-122.9145,337,Occupational psychologist,38.819466,-123.89193,10,6,1,64.5448323066393,106.49632781241831,0
shopping_pos,2.45,High Rolls Mountain Park,NM,32.9396,-105.8189,899,Naval architect,33.552333,-105.485408,10,3,12,53.3388090349076,74.85899991903085,0
gas_transport,74.59,Dumont,CO,39.7532,-105.6356,565,Mental health nurse,38.953187,-105.420925,14,5,1,40.37782340862423,90.85208813244624,0
grocery_pos,84.85,Norwalk,CA,33.9056,-118.0818,105549,Firefighter,34.771397,-117.64218,0,1,1,45.31416837782341,104.39120699080216,0
grocery_pos,58.83,Sun City,CA,33.7467,-117.1721,54287,"""Designer, exhibition/display""",33.684399,-117.315709,18,2,1,46.29705681040383,14.980717482517,0
shopping_net,170.62,Thompson,UT,38.9999,-109.615,46,"""Surveyor, minerals""",38.939706,-109.835772,17,0,12,33.68377823408624,20.22567968949673,0
shopping_pos,324.86,Iliff,CO,40.7692,-103.0968,648,Community arts worker,40.479177,-103.884476,23,0,3,50.521560574948666,73.88609218533063,1
grocery_pos,44.27,Fort Washakie,WY,43.0048,-108.8964,1645,Information systems manager,43.014302,-109.025973,5,3,12,34.86926762491444,10.588449989589597,0
grocery_pos,7.68,Rocky Mount,MO,38.2911,-92.7059,1847,Tax inspector,38.909169,-92.45964,16,1,1,30.220396988364133,71.98082008407147,0
shopping_net,23.28,Littleton,CO,39.5994,-105.0044,320420,Water engineer,39.833045,-104.838679,12,0,1,43.43874058863792,29.595394628911563,0
shopping_pos,116.78,Manville,WY,42.73,-104.7024,241,Educational psychologist,42.66115,-104.285445,21,2,1,38.08350444900753,34.92486642716322,0
shopping_net,8.29,Sprague,NE,40.6267,-96.7456,142,Chiropodist,41.453531,-97.498277,7,0,1,51.39219712525667,111.52358121735442,0
grocery_pos,3.66,Westfir,OR,43.7575,-122.481,597,Forensic psychologist,44.278191,-121.815161,0,1,1,57.620807665982205,78.65662655282799,0
shopping_net,92.39,Lonetree,WY,41.0552,-110.1603,49,Research scientist (physical sciences),41.749898,-109.925648,1,1,12,39.48528405201917,79.68750881296346,0
gas_transport,96.8,Cascade Locks,OR,45.671,-121.8686,1288,Barrister,46.343605,-121.526488,19,3,12,84.64887063655031,79.32008366518875,0
shopping_net,38.32,Manley,NE,40.9207,-96.168,206,Human resources officer,40.287543,-96.559359,18,4,1,51.27173169062286,77.77054616315465,0
shopping_net,6.97,Stayton,OR,44.8021,-122.7624,9587,"""Engineer, biomedical""",44.053895,-122.58068,0,3,11,52.67624914442163,84.43865647053016,1
shopping_pos,75.88,Sacramento,CA,38.5662,-121.3286,757530,Magazine features editor,38.349554,-121.919757,9,3,1,39.71800136892539,56.83181836899966,0
gas_transport,133.33,Blairstown,MO,38.5319,-93.9221,467,Agricultural consultant,38.635153,-93.000111,5,6,1,68.63244353182752,80.95813577622546,0
shopping_net,27.14,Burlington,WA,48.4786,-122.3345,14871,Public house manager,47.630168,-123.042494,16,4,1,44.85968514715948,108.02361806331824,0
grocery_pos,73.08,Fort Washakie,WY,43.0048,-108.8964,1645,Freight forwarder,42.086872,-109.799093,14,1,12,44.84052019164955,126.04040732869136,0
shopping_pos,91.86,Lowell,OR,43.921,-122.7806,1420,Systems analyst,44.834724,-123.767304,12,5,12,55.12388774811773,128.34263746880873,0
shopping_pos,1015.13,Sacramento,CA,38.6865,-121.3494,757530,Soil scientist,37.861448,-121.537382,23,1,3,53.530458590006845,93.19757585591384,1
shopping_net,5.4,Manley,NE,40.9207,-96.168,206,Human resources officer,41.865683,-97.019285,12,4,12,53.22655715263518,126.82077218563305,0
grocery_pos,75.19,Carroll,NE,42.277,-97.1926,566,Metallurgist,42.986759,-97.604329,23,0,12,45.921971252566735,85.80851725242059,0
shopping_pos,4.4,Moab,UT,38.5677,-109.5271,9772,Location manager,39.376015,-109.89761,18,3,1,29.127994524298423,95.41694510715328,0
shopping_pos,18.33,Conway,WA,48.34,-122.3456,85,"""Research officer, political party""",47.458511,-121.655627,22,3,1,34.35728952772074,110.69256180134572,0
shopping_pos,1.77,Littleton,CO,39.5994,-105.0044,320420,Water engineer,40.205145,-105.422341,20,1,12,45.4154688569473,76.20872958939331,0
grocery_pos,22.9,Sixes,OR,42.825,-124.4409,217,Retail merchandiser,42.368603,-125.304237,9,6,12,92.23819301848047,87.00167706044404,0
shopping_net,128.22,Tomales,CA,38.2427,-122.9145,337,Occupational psychologist,38.598969,-122.040117,19,1,12,66.48596851471595,85.85905820083129,0
gas_transport,79.61,Moriarty,NM,34.9889,-106.0609,7268,"""Therapist, art""",34.072487,-107.030012,23,0,12,32.39972621492129,135.1455246889577,0
shopping_pos,740.56,Espanola,NM,35.9866,-106.0654,18408,Historic buildings inspector/conservation officer,36.070315,-105.902958,22,3,5,47.80287474332649,17.321622331396075,1
shopping_pos,5.26,Ruidoso,NM,33.3305,-105.6933,8874,Licensed conveyancer,33.253862,-106.489061,7,3,1,18.38193018480493,74.45181367365575,0
shopping_net,201.39,Rock Springs,WY,41.606,-109.23,27971,Music therapist,41.865093,-108.934423,20,0,1,34.47227926078029,37.83548101895951,0
shopping_net,93.21,Fullerton,NE,41.366,-98.0054,1749,"""Surveyor, mining""",41.603037,-97.170473,23,1,1,45.67282683093772,74.37584854275636,0
shopping_pos,14.59,Napa,CA,38.4549,-122.2564,94014,Airline pilot,38.502088,-121.8938,5,3,12,35.36208076659822,31.99675206835293,0
shopping_net,654.62,Freedom,WY,43.0172,-111.0292,471,"""Education officer, museum""",43.973646,-111.336588,23,0,6,52.851471594798085,109.2038572122513,1
gas_transport,84.18,Meridian,ID,43.6498,-116.4306,84106,Intelligence analyst,42.716814,-115.867892,20,4,1,47.93429158110883,113.33168421036376,0
shopping_net,324.04,Iliff,CO,40.7692,-103.0968,648,Community arts worker,39.789581,-103.855212,1,0,3,50.521560574948666,126.50815121025904,1
shopping_pos,35.92,Mendon,UT,41.71,-111.9817,2078,"""Scientist, audiological""",40.734649,-112.370954,23,5,1,55.60301163586585,113.23460797793828,0
shopping_pos,32.74,Laguna Hills,CA,33.615,-117.7114,45303,Sales executive,33.050581,-117.466847,15,6,12,51.01437371663244,66.74619613910316,0
shopping_net,24.14,Lowell,OR,43.921,-122.7806,1420,Systems analyst,44.81558,-122.907382,5,4,1,53.1854893908282,99.9819106386752,0
shopping_net,9.14,Meridian,ID,43.6498,-116.4306,84106,Intelligence analyst,43.164725,-116.701539,17,1,1,47.92607802874743,58.20928773840997,0
grocery_pos,11.02,Parker,CO,39.5102,-104.7216,84861,Materials engineer,39.492378,-103.733917,9,1,12,88.80492813141684,84.76510237812766,0
grocery_pos,81.77,Holstein,NE,40.4542,-98.6538,331,Telecommunications researcher,39.687584,-97.839398,11,5,1,68.38056125941137,109.8571198235893,0
grocery_pos,68.9,Wheaton,MO,36.7651,-94.0492,760,Production manager,36.82921,-93.477363,17,2,1,33.37713894592745,51.413225708110176,0
grocery_pos,3.57,San Jose,CA,37.3304,-121.7913,973849,Geoscientist,36.537013,-121.546073,18,3,12,23.95071868583162,90.87314214352732,0
gas_transport,40.58,Lakeport,CA,39.047,-122.9328,11256,Podiatrist,39.537302,-122.115318,19,1,1,46.223134839151264,89.00173057022697,0
grocery_pos,955.4,Thompson,UT,38.9999,-109.615,46,"""Surveyor, minerals""",38.748484,-110.32181,3,4,1,31.73990417522245,67.27100377891321,1
shopping_net,333.11,Howells,NE,41.6964,-96.9858,1063,Research scientist (maths),42.661796,-97.472439,1,6,12,91.66324435318276,114.59163670450708,1
shopping_net,875.2,Luray,MO,40.4931,-91.8912,519,Town planner,40.900215,-92.441448,23,6,8,54.5242984257358,64.81636250107162,1
shopping_net,120.36,Kansas City,MO,38.9621,-94.5959,545147,Counsellor,39.153754,-94.791654,1,3,3,31.299110198494184,27.19997989075512,1
shopping_net,160.56,Lamy,NM,35.4311,-105.9409,923,Public relations account executive,35.814148,-106.378144,9,6,1,54.55989048596852,58.10398329477115,0
shopping_net,36.26,Thompson,UT,38.9999,-109.615,46,"""Surveyor, minerals""",39.028003,-110.1184,7,1,1,31.71252566735113,43.6046353284538,0
grocery_pos,14.41,Hooper,NE,41.6414,-96.5232,1745,"""Engineer, automotive""",42.023091,-96.969595,13,6,1,45.04859685147159,56.29531242519233,0
shopping_net,8.72,Parks,AZ,35.2563,-111.95,759,"""Geologist, engineering""",35.184708,-110.971447,18,0,12,63.75359342915811,89.24656579736543,0
gas_transport,12.83,Fort Washakie,WY,43.0048,-108.8964,1645,Information systems manager,42.013731,-108.867744,15,1,1,32.90896646132786,110.226872850945,0
shopping_net,13.27,Tomales,CA,38.2427,-122.9145,337,Occupational psychologist,38.443821,-122.094472,20,5,1,64.52292950034223,74.93033763154014,0
shopping_net,93.28,Kansas City,MO,38.9621,-94.5959,545147,Counsellor,38.225381,-94.479831,23,1,12,33.11430527036276,82.53812585819134,0
shopping_pos,772.39,Fullerton,NE,41.366,-98.0054,1749,"""Surveyor, mining""",40.745923,-97.348637,0,5,12,46.64202600958248,88.2409584858098,1
shopping_pos,43.8,Littleton,CO,39.5994,-105.0044,320420,Water engineer,40.440936,-104.154946,14,1,12,45.4154688569473,118.27197938376068,0
shopping_net,1.42,Camden,MO,39.2048,-94.0259,464,Colour technologist,39.476878,-93.25593,3,5,12,61.58247775496236,72.79878799495572,0
shopping_net,116.04,Lamy,NM,35.4311,-105.9409,923,Public relations account executive,36.276949,-105.58893,21,1,12,56.5201916495551,99.2590824336122,0
shopping_net,36.62,Helm,CA,36.4992,-120.0936,123,Early years teacher,35.590437,-120.030031,8,1,1,45.89733059548254,101.21132520880496,0
grocery_pos,53.83,Wheaton,MO,36.7651,-94.0492,760,Production manager,36.654858,-94.840845,4,5,12,35.32101300479124,71.62521588715074,0
grocery_pos,30.41,Paauilo,HI,20.0271,-155.3697,1490,"""Scientist, research (maths)""",20.48107,-155.740028,20,1,1,27.720739219712527,63.56567627171343,0
shopping_net,2.06,Burlington,WA,48.4786,-122.3345,14871,Public house manager,48.803552,-122.944066,23,3,1,44.837782340862425,57.54558638417479,0
shopping_net,2.45,Littleton,CO,39.5994,-105.0044,320420,Water engineer,39.289788,-104.76736,11,1,12,45.4154688569473,39.99420681403424,0
grocery_pos,71.35,Wales,AK,64.7556,-165.6723,145,"""Administrator, education""",65.27146,-164.813068,4,6,1,79.15947980835044,70.13430988153482,0
gas_transport,119.71,Smith River,CA,41.9404,-124.1587,1930,Web designer,40.972577,-123.316564,1,5,12,37.53867214236824,128.4766819331614,0
grocery_pos,6.23,Westfir,OR,43.7575,-122.481,597,Forensic psychologist,42.780203,-122.349985,13,5,1,57.67008898015058,109.18692906150144,0
grocery_pos,98.38,Dumont,CO,39.7532,-105.6356,565,Mental health nurse,39.245592,-104.971509,2,0,12,42.338124572210816,80.20287853617626,0
shopping_net,105.46,Phoenix,AZ,33.5623,-112.0559,1312922,Contractor,33.497131,-112.807964,22,4,1,37.23477070499658,70.08580529651863,0
shopping_net,2.48,Camden,MO,39.2048,-94.0259,464,Colour technologist,40.152377,-93.226407,12,5,1,59.64681724845996,125.63020935835704,0
shopping_net,1.43,Wheaton,MO,36.7651,-94.0492,760,Production manager,37.619841,-94.592274,12,1,1,33.374401095140314,106.52278904300331,0
shopping_pos,2.51,Albuquerque,NM,35.0561,-106.5506,641349,Charity officer,36.027054,-106.843324,16,5,1,51.96714579055441,111.16610063040102,0
shopping_pos,117.19,Superior,AZ,33.2887,-111.0985,2872,Petroleum engineer,34.256076,-111.902607,19,1,12,33.17180013689254,130.74599320481568,0
gas_transport,5.25,Orient,WA,48.8878,-118.2105,149,Special educational needs teacher,47.927494,-118.822393,20,6,12,42.51882272416153,115.9395259331776,0
gas_transport,133.7,Paauilo,HI,20.0271,-155.3697,1490,"""Scientist, research (maths)""",20.529014,-154.568013,23,1,12,29.71389459274469,100.53246421089992,0
gas_transport,41.25,Independence,MO,39.1412,-94.3515,123373,"""Engineer, production""",39.082669,-94.033339,12,1,12,28.087611225188223,28.21122278617166,0
gas_transport,5.64,Cascade Locks,OR,45.671,-121.8686,1288,Barrister,45.485645,-121.67746,22,3,12,84.66803559206024,25.41841898131093,0
shopping_net,80.42,Kansas City,MO,38.9621,-94.5959,545147,Counsellor,38.278169,-93.865895,15,3,1,31.145790554414784,99.02294144131722,0
shopping_net,185.37,Burbank,WA,46.1966,-118.9017,3684,Musician,45.743182,-119.053262,3,2,1,37.13073237508556,51.76053735316561,0
shopping_net,201.74,Sun City,CA,33.7467,-117.1721,54287,"""Designer, exhibition/display""",33.108874,-117.118255,7,0,12,48.26557152635181,71.09882059781846,0
grocery_pos,225.92,Huntington Beach,CA,33.6773,-118.0051,190249,"""Therapist, horticultural""",33.305925,-118.873269,2,5,1,42.31895961670089,90.48034308383784,0
shopping_net,84.58,Louisiana,MO,39.4336,-91.0664,4593,"""Teacher, early years/pre""",39.009108,-91.378916,14,2,1,78.16016427104722,54.338871314285775,0
shopping_pos,40.64,Norwalk,CA,33.9056,-118.0818,105549,Firefighter,33.759189,-118.147617,19,0,1,45.29226557152635,17.378179040543834,0
grocery_pos,3.09,Browning,MO,40.029,-93.1607,602,Cytogeneticist,40.639066,-92.819158,17,0,12,66.45859000684463,73.75514988255888,0
grocery_pos,44.77,Ruidoso,NM,33.3305,-105.6933,8874,Licensed conveyancer,33.694714,-105.429176,19,3,1,18.40109514031485,47.32608636280139,0
shopping_net,70.31,Hooper,NE,41.6414,-96.5232,1745,"""Engineer, automotive""",41.668025,-97.081067,12,6,12,47.00342231348392,46.44242471625324,0
shopping_net,5.92,Jelm,WY,41.0539,-106.0763,100,Public librarian,41.176678,-105.455598,20,0,12,46.70225872689939,53.76024592176795,0
shopping_net,61.31,Phoenix,AZ,33.5623,-112.0559,1312922,Contractor,34.019144,-112.601445,21,0,12,39.17864476386037,71.56882402802145,0
shopping_pos,42.61,Alva,WY,44.6873,-104.4414,110,"""Administrator, local government""",43.868972,-103.484586,19,1,1,45.6290212183436,118.66661772625623,0
grocery_pos,2.48,Kirk,CO,39.6171,-102.4776,207,Network engineer,39.205691,-102.766246,4,6,12,65.06502395619438,52.03520320950903,0
shopping_pos,25.58,Meridian,ID,43.6498,-116.4306,84106,Intelligence analyst,43.768473,-116.465761,23,1,12,49.88090349075976,13.495084723581892,0
shopping_net,138.71,Mound City,MO,40.1362,-95.2138,1631,Architect,40.925383,-94.867936,22,1,12,67.93976728268309,92.49320576776364,0
shopping_net,75.15,Owensville,MO,38.3511,-91.4867,6703,Naval architect,38.857616,-92.427137,9,5,12,22.60369609856263,99.24793006844064,0
grocery_pos,975.66,Wappapello,MO,36.9766,-90.2848,2601,Research scientist (medical),37.617683,-90.557821,23,0,10,62.25325119780972,75.26485427317358,1
shopping_pos,2.29,Issaquah,WA,47.4974,-122.0107,50489,Osteopath,46.757361,-121.087519,12,1,12,36.83230663928816,107.93040691563256,0
shopping_pos,7.16,Manville,WY,42.73,-104.7024,241,Educational psychologist,41.889712,-105.35822,13,3,12,40.04106776180698,107.8809905263981,0
shopping_net,108.91,Parks,AZ,35.2563,-111.95,759,"""Geologist, engineering""",35.066539,-111.834679,21,3,12,63.76180698151951,23.56117653501425,0
gas_transport,122.6,Hatch,UT,37.7175,-112.4777,258,Geoscientist,38.608271,-111.571617,18,3,12,59.082819986310746,126.82920971480382,0
shopping_net,45.25,Ballwin,MO,38.577,-90.5255,92608,"""Engineer, communications""",39.202905,-89.732268,19,6,1,17.48665297741273,97.75952919539468,0
shopping_pos,60.83,Thompson,UT,38.9999,-109.615,46,"""Surveyor, minerals""",38.42884,-110.461054,10,0,1,31.74811772758385,97.05849711775254,0
shopping_net,155.07,Athena,OR,45.8289,-118.4971,1302,Dealer,44.93164,-117.743973,18,1,12,44.19712525667351,115.81825125817336,0
shopping_net,9.37,Centerview,MO,38.7897,-93.8702,2368,Electronics engineer,39.632146,-94.543452,16,5,1,29.489390828199863,110.17952382698036,0
shopping_pos,115.47,Mountain Center,CA,33.6401,-116.5567,1661,"""Therapist, music""",33.837986,-116.10477,11,6,1,30.297056810403834,47.22768470789979,0
shopping_net,47.19,Cascade Locks,OR,45.671,-121.8686,1288,Barrister,45.855542,-121.638787,0,3,1,82.69404517453799,27.182364230603937,0
grocery_pos,188.33,Rock Springs,WY,41.606,-109.23,27971,Music therapist,41.279608,-109.177102,12,6,1,34.469541409993155,36.55998927043888,0
grocery_pos,46.38,Westerville,NE,41.4193,-99.3844,73,Product designer,41.44541,-99.385961,8,0,12,85.88090349075975,2.906214640919049,0
shopping_net,5.84,Orient,WA,48.8878,-118.2105,149,Special educational needs teacher,48.773449,-118.029901,23,6,12,42.51882272416153,18.34210954351173,0
shopping_pos,3.27,Colorado Springs,CO,38.8881,-104.6556,525713,Museum/gallery exhibitions officer,39.077557,-104.375056,8,4,12,28.629705681040384,32.12189636975879,0
shopping_pos,27.62,Fiddletown,CA,38.5234,-120.6763,832,Immigration officer,38.213434,-121.163771,7,6,1,31.655030800821358,54.71765865988782,0
shopping_pos,8.66,Mound City,MO,40.1362,-95.2138,1631,Architect,40.415615,-94.552046,23,0,12,67.93702943189597,64.16366575285937,0
shopping_net,51.98,Browning,MO,40.029,-93.1607,602,Cytogeneticist,39.823919,-92.608762,14,1,12,66.46132785763176,52.298215925683294,0
grocery_pos,98.77,Lagrange,WY,41.6423,-104.1974,635,Product/process development scientist,41.437586,-103.272036,11,1,1,45.50855578370979,80.3098767842623,0
shopping_net,5.11,Mountain Center,CA,33.6401,-116.5567,1661,"""Therapist, music""",33.476682,-116.916272,12,2,12,32.27926078028747,37.95138245078973,0
shopping_net,6.8,North Loup,NE,41.4972,-98.7858,509,"""Nurse, children's""",40.80996,-99.280008,14,3,1,38.299794661190965,86.90017818458895,0
shopping_net,123.07,Redford,MO,37.3272,-91.0243,241,Investment analyst,36.877011,-90.610954,17,4,1,44.20807665982204,62.04538123121022,0
gas_transport,71.5,Portland,OR,45.5303,-122.7033,841711,"""Engineer, building services""",45.643365,-122.933511,5,1,1,55.76454483230664,21.88575683207739,0
shopping_pos,88.65,Ravenna,NE,41.0233,-98.9041,2202,"""Solicitor, Scotland""",40.38439,-97.977262,23,3,12,46.51060917180013,105.5982951806566,0
shopping_pos,2.43,Hawthorne,CA,33.9143,-118.3493,93193,"""Editor, magazine features""",33.911385,-117.862696,22,1,1,23.742642026009584,44.90458087043818,0
grocery_pos,40.64,Norwalk,CA,33.9056,-118.0818,105549,Firefighter,33.759189,-118.147617,19,0,1,45.29226557152635,17.378179040543834,0
grocery_pos,2.75,Issaquah,WA,47.4974,-122.0107,50489,Osteopath,46.553383,-121.719579,4,0,12,36.82956878850103,107.26399751077764,0
grocery_pos,36.1,Phoenix,AZ,33.5623,-112.0559,1312922,Contractor,34.370373,-112.962362,23,5,12,39.17316906228611,122.72527601147912,0
grocery_pos,51.87,Issaquah,WA,47.4974,-122.0107,50489,Osteopath,46.832589,-122.754054,18,0,1,34.893908281998634,92.8585206783398,0
grocery_pos,26.59,Phoenix,AZ,33.5623,-112.0559,1312922,Contractor,33.078615,-112.080013,15,1,1,37.20739219712526,53.82996353731564,0
shopping_net,5.36,Red River,NM,36.6659,-105.4694,606,"""Surveyor, land/geomatics""",36.476033,-105.643483,12,4,12,32.30116358658453,26.21845923785358,0
shopping_net,351.65,American Fork,UT,40.3928,-111.7941,42384,Futures trader,40.590223,-112.644461,1,5,8,26.5927446954141,75.1856953756912,1
gas_transport,5.96,Jelm,WY,41.0539,-106.0763,100,Public librarian,40.5135,-105.748391,18,5,1,44.72279260780287,66.12843394187966,0
grocery_pos,20.21,Thompson,UT,38.9999,-109.615,46,"""Surveyor, minerals""",39.484485,-108.95921,17,3,1,31.718001368925396,78.05651841956919,0
gas_transport,8.74,Orient,WA,48.8878,-118.2105,149,Special educational needs teacher,48.49412,-118.87794,13,2,12,42.52703627652293,65.69908452082733,0
shopping_net,741.07,Redford,MO,37.3272,-91.0243,241,Investment analyst,37.851506,-91.745089,0,6,1,45.22929500342232,86.21066202482622,1
grocery_pos,778.52,Norwalk,CA,33.9056,-118.0818,105549,Firefighter,34.604023,-118.780519,16,0,4,46.55715263518138,100.77192815373348,1
shopping_net,17.35,Lakeport,CA,39.047,-122.9328,11256,Podiatrist,38.552146,-122.519483,23,4,12,48.14784394250513,65.65557552063997,1
shopping_net,81.98,Hooper,NE,41.6414,-96.5232,1745,"""Engineer, automotive""",42.194911,-97.328913,2,0,1,45.07049965776865,90.73121689441372,0
shopping_net,1079.81,Pueblo,CO,38.2352,-104.66,151815,Further education lecturer,37.811132,-105.182532,23,0,5,31.353867214236825,65.71525039262724,1
shopping_net,1098.94,Cascade Locks,OR,45.671,-121.8686,1288,Barrister,46.524104,-121.804767,23,5,11,84.5201916495551,94.98842945813249,1
gas_transport,70.56,Llano,NM,36.1486,-105.6648,247,Architectural technologist,36.220785,-105.05312,1,6,1,57.20191649555099,55.48030519628514,0
shopping_net,36.72,Moab,UT,38.5677,-109.5271,9772,Location manager,39.12602,-109.022832,7,0,1,29.15811088295688,75.90300443292705,0
grocery_pos,137.41,Browning,MO,40.029,-93.1607,602,Cytogeneticist,39.689893,-93.024818,13,1,12,66.46132785763176,39.45040478510358,0
grocery_pos,1015.13,Sacramento,CA,38.6865,-121.3494,757530,Soil scientist,37.861448,-121.537382,23,1,3,53.530458590006845,93.19757585591384,1
grocery_pos,5.86,Thompson,UT,38.9999,-109.615,46,"""Surveyor, minerals""",39.237944,-109.953969,22,1,12,33.686516084873375,39.44297531697891,0
grocery_pos,58.0,Rocky Mount,MO,38.2911,-92.7059,1847,Tax inspector,39.150549,-92.315214,3,3,12,32.18069815195072,101.39850536017,0
shopping_net,8.52,Howells,NE,41.6964,-96.9858,1063,Research scientist (maths),42.304631,-97.371127,0,6,12,92.73648186173854,74.75238198811685,0
gas_transport,49.9,Jordan Valley,OR,42.8801,-117.281,641,Economist,42.019018,-117.528422,19,4,12,27.08555783709788,97.87618648419748,0
shopping_pos,1012.77,Grenada,CA,41.6125,-122.5258,589,Systems analyst,41.609697,-122.130992,23,2,7,73.53045859000684,32.8246243213486,1
shopping_pos,98.87,Hawthorne,CA,33.9143,-118.3493,93193,"""Editor, magazine features""",33.851936,-117.97401,6,5,1,23.734428473648187,35.33075697115897,0
grocery_pos,2.49,San Jose,CA,37.3304,-121.7913,973849,Geoscientist,36.448898,-122.28436,23,1,1,21.971252566735117,107.37918193236337,0
shopping_net,150.74,Mound City,MO,40.1362,-95.2138,1631,Architect,41.071334,-95.947645,9,6,1,65.99863107460644,121.0378400243352,0
gas_transport,118.1,Lakeport,CA,39.047,-122.9328,11256,Podiatrist,39.543279,-122.148761,21,3,12,48.20260095824778,87.16185731237441,0
shopping_net,87.62,Jordan Valley,OR,42.8801,-117.281,641,Economist,42.169153,-117.974012,2,5,1,25.13347022587269,97.33771136936936,0
shopping_net,9.83,Mesa,ID,44.6255,-116.4493,129,Cartographer,45.380518,-116.46222,19,4,12,55.0280629705681,83.960315901209,0
shopping_net,58.74,San Jose,CA,37.3304,-121.7913,973849,Geoscientist,36.769377,-121.333405,13,0,1,21.968514715947983,74.45064451286433,0
shopping_pos,102.25,Portland,OR,45.5303,-122.7033,841711,"""Engineer, building services""",45.718042,-122.586796,6,0,12,57.73579739904175,22.75716886946714,0
grocery_pos,324.59,Kent,OR,45.0838,-120.6649,60,Museum education officer,44.098726,-120.147531,0,3,9,77.44284736481862,116.94524454277642,1
shopping_pos,80.92,Rock Springs,WY,41.606,-109.23,27971,Music therapist,40.883011,-108.979887,14,0,1,34.47227926078029,83.06777188124167,0
shopping_pos,48.49,Rocky Mount,MO,38.2911,-92.7059,1847,Tax inspector,38.737865,-93.235959,9,2,1,30.223134839151268,67.7841793746244,0
shopping_net,88.94,Burlington,WA,48.4786,-122.3345,14871,Public house manager,48.755426,-122.531732,17,1,12,46.8062970568104,34.02518881915232,0
gas_transport,1.89,Carlotta,CA,40.507,-123.9743,1139,"""Therapist, occupational""",40.670793,-123.185688,3,5,1,67.97262149212868,69.03675046317697,0
grocery_pos,33.3,Red River,NM,36.6659,-105.4694,606,"""Surveyor, land/geomatics""",36.31452,-105.334774,22,3,1,30.34360027378508,40.88320708355426,0
grocery_pos,64.5,Azusa,CA,34.1248,-117.9031,59705,Civil Service fast streamer,34.718726,-117.03607,7,1,1,35.54551676933607,103.37314622608736,0
shopping_net,97.06,Carroll,NE,42.277,-97.1926,566,Metallurgist,42.27692,-97.702583,5,6,12,45.9192334017796,41.95792867020238,0
gas_transport,5.71,Redford,MO,37.3272,-91.0243,241,Investment analyst,36.85701,-91.002408,19,6,12,46.16837782340863,52.31878709701424,0
shopping_net,47.75,Unionville,MO,40.4815,-92.9951,3805,"""Investment banker, corporate""",40.071437,-92.391636,19,3,12,70.2943189596167,68.55589243116368,0
shopping_net,35.91,Lamy,NM,35.4311,-105.9409,923,Public relations account executive,34.853163,-105.007292,6,2,12,56.52292950034223,106.47048620684936,0
grocery_pos,15.61,Greenview,CA,41.5403,-122.9366,308,Call centre manager,41.239326,-123.296507,15,5,1,60.31211498973306,44.96064198234618,0
shopping_net,10.51,Blairstown,MO,38.5319,-93.9221,467,Agricultural consultant,38.097708,-93.716987,17,0,12,70.59000684462697,51.489662380933375,0
shopping_net,23.89,Fields Landing,CA,40.7268,-124.2174,276,"""Scientist, audiological""",40.067654,-123.277889,8,1,12,91.6495550992471,108.17359909336528,0
grocery_pos,3.74,Sun City,CA,33.7467,-117.1721,54287,"""Designer, exhibition/display""",33.712875,-116.26752,23,3,12,48.27378507871321,83.73707662888013,0
shopping_net,94.27,Lake Oswego,OR,45.4093,-122.6847,42817,Planning and development surveyor,45.561869,-123.56668,16,5,1,36.60780287474333,70.8185608391837,0
gas_transport,350.28,North Loup,NE,41.4972,-98.7858,509,"""Nurse, children's""",42.371178,-99.517833,3,1,4,39.578370978781656,114.50222992145522,1
shopping_net,4.6,Fullerton,NE,41.366,-98.0054,1749,"""Surveyor, mining""",41.278854,-98.390065,20,0,1,45.68925393566051,33.552345881004584,0
shopping_pos,1.96,Daly City,CA,37.6787,-122.478,107941,"""Buyer, industrial""",37.673968,-122.147164,23,3,12,29.24298425735797,29.12099392470452,0
grocery_pos,88.55,Paradise Valley,AZ,33.5494,-111.9565,17047,Building surveyor,32.613998,-112.777839,8,2,1,83.96440793976728,129.12799961322867,0
grocery_pos,94.8,Sun City,CA,33.7467,-117.1721,54287,"""Designer, exhibition/display""",33.667671,-116.909489,3,6,1,46.32717316906229,25.832473931218622,0
grocery_pos,62.62,Luray,MO,40.4931,-91.8912,519,Town planner,40.902925,-92.612508,20,3,12,54.861054072553046,75.98867353319363,0
grocery_pos,318.03,Luray,MO,40.4931,-91.8912,519,Town planner,41.032803,-92.104709,0,5,8,54.521560574948666,62.648308392572176,1
gas_transport,119.88,Independence,MO,39.1412,-94.3515,123373,"""Engineer, production""",39.341295,-93.822243,23,4,1,26.12183436002738,50.719784292014936,0
shopping_net,138.46,Moab,UT,38.5677,-109.5271,9772,Location manager,39.399283,-109.04817,15,0,12,31.093771389459278,101.31066904232608,0
shopping_net,3.14,Louisiana,MO,39.4336,-91.0664,4593,"""Teacher, early years/pre""",40.421402,-91.836459,2,5,1,78.1492128678987,127.96811194742963,0
grocery_pos,56.97,Ashford,WA,46.7531,-121.9898,759,Video editor,46.363131,-121.434728,3,6,12,64.28473648186174,60.67522003711216,0
shopping_pos,19.72,Sun City,CA,33.7467,-117.1721,54287,"""Designer, exhibition/display""",33.060247,-116.941366,16,0,1,46.31074606433949,79.27809786342564,0
shopping_net,7.59,Norwalk,CA,33.9056,-118.0818,105549,Firefighter,33.577068,-117.428077,1,3,1,45.30047912388775,70.62738915257925,0
grocery_pos,60.58,Phoenix,AZ,33.8155,-112.1202,1312922,Counselling psychologist,34.310002,-112.36291,1,1,1,19.107460643394933,59.35763182581234,0
shopping_pos,53.28,Superior,AZ,33.2887,-111.0985,2872,Petroleum engineer,32.603087,-111.023774,16,2,1,31.1813826146475,76.55489969295054,0
shopping_pos,8.56,Fullerton,NE,41.366,-98.0054,1749,"""Surveyor, mining""",41.557784,-98.781974,13,0,1,45.67008898015058,68.13419980891997,0
gas_transport,93.28,Kansas City,MO,38.9621,-94.5959,545147,Counsellor,38.225381,-94.479831,23,1,12,33.11430527036276,82.53812585819134,0
grocery_pos,106.44,Stayton,OR,44.8021,-122.7624,9587,"""Engineer, biomedical""",44.900185,-123.570852,4,1,12,52.766598220396986,64.6570553011416,0
grocery_pos,320.52,Norwalk,CA,33.9056,-118.0818,105549,Firefighter,34.84076,-117.832896,2,1,4,46.55989048596852,106.46456867721538,1
shopping_net,90.15,Alva,WY,44.6873,-104.4414,110,"""Administrator, local government""",44.992069,-105.059461,11,1,12,47.62217659137577,59.356635316656856,0
gas_transport,35.36,Paauilo,HI,20.0271,-155.3697,1490,"""Scientist, research (maths)""",19.180732,-155.961421,23,3,12,29.71937029431896,112.68877740581472,0
shopping_net,7.13,Fort Washakie,WY,43.0048,-108.8964,1645,Information systems manager,43.410158,-109.631996,22,4,1,32.89801505817933,74.73896917485038,0
shopping_pos,176.73,Sun City,CA,33.7467,-117.1721,54287,"""Designer, exhibition/display""",34.627165,-117.392905,11,3,12,48.27378507871321,99.98759641167278,0
grocery_pos,922.16,Corona,CA,33.8419,-117.6043,233717,Wellsite geologist,34.383644,-117.479846,22,3,5,53.99863107460644,61.31909596258346,1
grocery_pos,44.96,Hatch,UT,37.7175,-112.4777,258,Geoscientist,36.937713,-111.623887,19,3,1,57.12799452429842,114.96713881473056,0
shopping_pos,4.69,Crownpoint,NM,35.7206,-108.0271,5662,IT consultant,34.98125,-108.184952,14,0,12,31.72347707049966,83.44909546620299,0
grocery_pos,2.47,Omaha,NE,41.2064,-95.9953,518429,"""Surveyor, land/geomatics""",40.871601,-95.380678,23,4,12,25.21013004791239,63.58560644586035,0
gas_transport,6.03,Santa Monica,CA,34.0287,-118.4924,92043,"""Civil engineer, contracting""",34.01139,-118.619425,10,0,12,59.676933607118414,11.8641805545953,0
grocery_pos,34.23,Sun City,CA,33.7467,-117.1721,54287,"""Designer, exhibition/display""",33.818124,-117.149933,12,5,12,48.26009582477755,8.201965310408134,0
grocery_pos,505.9,Jordan Valley,OR,42.8801,-117.281,641,Economist,42.272008,-116.898637,15,4,12,27.08555783709788,74.51318365423035,0
shopping_net,31.71,Lakeport,CA,39.047,-122.9328,11256,Podiatrist,38.06446,-123.418731,19,5,12,48.18891170431211,117.13917608416686,0
grocery_pos,197.81,Sutherland,NE,41.1558,-101.136,1789,Insurance broker,41.221636,-100.769945,13,0,12,38.87748117727584,31.493782561609358,0
grocery_pos,20.53,Honokaa,HI,20.0827,-155.488,4878,Physiotherapist,20.081519,-155.447662,22,5,12,54.064339493497606,4.21472289932702,0
shopping_net,101.83,Riverton,WY,43.0351,-108.2024,19408,"""Lecturer, higher education""",43.642137,-107.411679,16,1,1,25.32511978097194,92.98047619998292,0
shopping_net,424.38,Centerview,MO,38.7897,-93.8702,2368,Electronics engineer,39.081379,-93.845355,22,3,1,29.541409993155373,32.50433731970711,1
grocery_pos,65.39,Meridian,ID,43.6498,-116.4306,84106,Intelligence analyst,44.214682,-117.29486,18,1,1,47.92607802874743,93.46102064557329,0
grocery_pos,270.28,Utica,MO,39.7417,-93.6289,271,Land/geomatics surveyor,39.512595,-94.348475,23,0,3,46.93223819301848,66.6846276550696,1
grocery_pos,144.5,Fiddletown,CA,38.5234,-120.6763,832,Immigration officer,38.44395,-121.343696,11,0,1,31.638603696098563,58.75911755838501,0
shopping_net,21.84,Meredith,CO,39.3199,-106.6596,61,Public relations account executive,40.213145,-106.938789,0,0,1,79.19507186858316,102.15039082598514,0
shopping_net,12.94,Riverton,WY,43.0351,-108.2024,19408,"""Lecturer, higher education""",42.466244,-108.139144,23,6,12,27.29363449691992,63.46441739338794,0
shopping_net,51.13,Meadville,MO,39.7795,-93.3014,964,Tourist information centre manager,38.852889,-92.318913,13,4,12,46.00684462696783,133.26398246474702,0
shopping_pos,9.05,Hatch,UT,37.7175,-112.4777,258,Geoscientist,38.301478,-112.851228,4,6,1,57.1170431211499,72.71536779602364,0
shopping_pos,206.21,Issaquah,WA,47.4974,-122.0107,50489,Osteopath,47.54717,-121.88376,16,0,1,34.85557837097878,11.022039200298028,0
shopping_net,5.17,Fort Washakie,WY,43.0048,-108.8964,1645,Information systems manager,42.484653,-108.372671,21,0,12,34.861054072553046,71.93206266277656,0
grocery_pos,53.55,Honokaa,HI,20.0827,-155.488,4878,Physiotherapist,19.522161,-154.67763,20,1,12,54.072553045859,105.2262609426486,0
shopping_net,5.3,Moriarty,NM,34.9889,-106.0609,7268,"""Therapist, art""",34.160211,-106.637335,10,5,1,30.458590006844627,106.18905280998598,0
shopping_net,8.93,Ruidoso,NM,33.3305,-105.6933,8874,Licensed conveyancer,32.650527,-106.005462,14,6,12,20.36413415468857,81.02104872637244,0
shopping_net,2.6,Centerview,MO,38.7897,-93.8702,2368,Electronics engineer,38.897822,-94.064186,19,5,1,29.470225872689937,20.65888419557807,0
shopping_net,89.63,Cascade Locks,OR,45.671,-121.8686,1288,Barrister,46.39288,-121.713721,9,6,12,84.65708418891171,81.1549220952251,0
grocery_pos,12.15,Wheaton,MO,36.7651,-94.0492,760,Production manager,37.62104,-93.050322,20,0,12,35.3264887063655,129.94822192646626,0
gas_transport,3.64,Ruidoso,NM,33.3305,-105.6933,8874,Licensed conveyancer,34.230446,-105.075255,15,6,1,18.428473648186174,115.22391603605568,0
shopping_net,1.12,Riverton,WY,43.0351,-108.2024,19408,"""Lecturer, higher education""",43.305297,-107.762184,7,0,12,27.29637234770705,46.66018365887702,0
grocery_pos,23.66,Phoenix,AZ,33.5623,-112.0559,1312922,Contractor,33.288519,-111.382938,23,3,12,39.186858316221766,69.47784556091153,0
shopping_pos,16.73,Lowell,OR,43.921,-122.7806,1420,Systems analyst,43.120671,-123.40541,2,1,2,53.2539356605065,102.26190765073052,1
gas_transport,1.44,Arnold,MO,38.4305,-90.387,35439,Land/geomatics surveyor,38.087705,-89.544809,23,1,1,33.7741273100616,82.82526722043335,0
grocery_pos,824.08,Ashford,WA,46.7531,-121.9898,759,Video editor,46.700461,-121.08599,23,6,3,63.49897330595483,69.13774540773504,1
shopping_net,58.94,Norwalk,CA,33.9056,-118.0818,105549,Firefighter,34.236514,-118.979599,2,3,12,47.27446954140999,90.51059439892364,0
grocery_pos,23.58,Glendale,CA,34.1556,-118.2322,172817,Advertising account planner,33.670996,-117.623183,10,6,12,38.41204654346338,77.8585843840989,0
shopping_net,9.76,Arnold,MO,38.4305,-90.387,35439,Land/geomatics surveyor,38.061065,-90.129488,21,3,12,35.73442847364819,46.83180147178828,0
gas_transport,8.05,Fields Landing,CA,40.7268,-124.2174,276,"""Scientist, audiological""",41.32769,-123.584479,23,0,12,91.64681724845995,85.34110397292638,0
shopping_net,3.56,Stayton,OR,44.8021,-122.7624,9587,"""Engineer, biomedical""",44.978474,-123.537962,0,5,12,52.75838466803559,64.16674965952257,0
grocery_pos,84.88,Orient,WA,48.8878,-118.2105,149,Special educational needs teacher,49.168543,-117.923371,15,0,12,42.521560574948666,37.58663223730057,0
shopping_net,351.33,Thompson,UT,38.9999,-109.615,46,"""Surveyor, minerals""",38.539843,-108.919504,11,0,1,31.74811772758385,79.07260705765532,0
grocery_pos,27.9,Burbank,WA,46.1966,-118.9017,3684,Musician,45.278139,-118.893478,18,5,12,39.07460643394935,102.13019672995374,0
shopping_pos,85.62,Jordan Valley,OR,42.8801,-117.281,641,Economist,42.727376,-117.623625,0,4,12,27.08555783709788,32.706396556659264,0
grocery_pos,9.51,Los Angeles,CA,34.0443,-118.2509,2383912,"""Journalist, newspaper""",34.736225,-117.327259,8,1,12,61.58521560574949,114.46511711453078,0
grocery_pos,8.15,Laguna Hills,CA,33.615,-117.7114,45303,Sales executive,33.624631,-118.204008,6,0,1,49.08145106091718,45.62572672803498,0
gas_transport,41.11,Freedom,WY,43.0172,-111.0292,471,"""Education officer, museum""",42.984645,-111.622312,13,4,12,53.399041752224505,48.36836553988113,0
shopping_pos,63.28,Arnold,MO,38.4305,-90.387,35439,Land/geomatics surveyor,38.059417,-89.994684,19,6,12,35.742642026009584,53.63188415741663,0
shopping_net,1.06,Sprague,NE,40.6267,-96.7456,142,Chiropodist,40.817102,-96.597142,9,6,1,51.370294318959616,24.59200996285834,0
grocery_pos,83.81,Omaha,NE,41.2064,-95.9953,518429,"""Surveyor, land/geomatics""",40.283609,-96.451402,1,0,1,23.263518138261464,109.56743256837956,0
grocery_pos,901.28,Fullerton,NE,41.366,-98.0054,1749,"""Surveyor, mining""",40.56624,-97.692711,8,6,12,46.64476386036961,92.72358740388862,1
grocery_pos,17.7,Wales,AK,64.7556,-165.6723,145,"""Administrator, education""",65.047684,-165.767681,21,6,1,79.1978097193703,32.78834043134922,0
shopping_net,63.17,Superior,AZ,33.2887,-111.0985,2872,Petroleum engineer,33.467681,-110.725325,20,0,1,31.195071868583163,39.95945754282853,0
shopping_net,105.84,Freedom,WY,43.0172,-111.0292,471,"""Education officer, museum""",43.469371,-111.683998,10,2,1,51.419575633128,73.08231871580884,0
gas_transport,180.15,Indian Wells,CA,33.7163,-116.3381,4677,Learning mentor,33.651415,-115.611995,12,6,1,63.67145790554415,67.57006923654625,0
gas_transport,46.59,Port Costa,CA,38.046,-122.1866,198,Armed forces training and education officer,37.871335,-122.817661,23,1,12,61.74948665297741,58.63625009038839,0
shopping_pos,25.21,Glendale,CA,34.1556,-118.2322,172817,Advertising account planner,33.960976,-117.620393,21,4,1,36.47091033538672,60.37248967426852,0
gas_transport,20.23,North Loup,NE,41.4972,-98.7858,509,"""Nurse, children's""",41.619057,-99.775047,22,2,4,39.58110882956879,83.41790928673485,1
shopping_pos,39.7,Arnold,MO,38.4305,-90.387,35439,Land/geomatics surveyor,38.952935,-90.990324,5,6,12,35.742642026009584,78.20777706445841,0
shopping_pos,47.05,Meadville,MO,39.7795,-93.3014,964,Tourist information centre manager,40.248695,-92.796378,14,5,1,44.03559206023272,67.61410416275007,0
shopping_pos,13.34,Owensville,MO,38.3511,-91.4867,6703,Naval architect,38.508629,-91.709923,15,3,12,22.61738535249829,26.170635229948463,0
grocery_pos,20.77,Orient,WA,48.8878,-118.2105,149,Special educational needs teacher,48.705589,-117.232543,17,0,1,40.56673511293634,74.44274596446964,0
grocery_pos,5.14,Kent,OR,45.0838,-120.6649,60,Museum education officer,45.638166,-120.005329,14,2,1,76.78850102669405,80.34476299261068,0
shopping_net,18.48,Mountain Center,CA,33.6401,-116.5567,1661,"""Therapist, music""",34.3414,-116.065914,7,6,1,30.297056810403834,90.15734445720165,0
grocery_pos,860.19,Wendel,CA,40.3406,-120.2824,104,"""Teacher, adult education""",39.955536,-120.277484,3,6,1,30.42573579739904,42.8192019170373,1
shopping_net,9.34,Fort Washakie,WY,43.0048,-108.8964,1645,Information systems manager,43.788959,-108.201059,23,6,12,34.85831622176591,103.72525095010585,0
shopping_net,2.49,Browning,MO,40.029,-93.1607,602,Cytogeneticist,39.052625,-92.428684,3,1,1,64.46817248459959,125.40668837747418,0
grocery_pos,7.59,Kirk,CO,39.6171,-102.4776,207,Network engineer,40.112224,-103.047556,11,3,12,65.07597535934292,73.4668261123922,0
grocery_pos,5.15,Fields Landing,CA,40.7268,-124.2174,276,"""Scientist, audiological""",40.212154,-123.976708,18,5,12,91.6413415468857,60.74011002577805,0
shopping_net,68.22,Rocky Mount,MO,38.2911,-92.7059,1847,Tax inspector,37.793877,-92.97179,16,0,12,32.172484599589325,59.99163678688295,0
shopping_pos,43.32,Daly City,CA,37.6787,-122.478,107941,"""Buyer, industrial""",38.251199,-123.369841,20,4,1,27.290896646132783,100.82086951655944,0
shopping_pos,61.66,Gardiner,OR,43.7857,-124.1437,260,"""Engineer, maintenance""",43.152368,-125.102547,4,0,12,64.32306639288159,104.62576073564436,0
shopping_net,13.85,Burlington,WA,48.4786,-122.3345,14871,Public house manager,49.47426,-122.480055,14,0,1,44.86789869952088,111.22078614711816,0
shopping_net,120.19,Westerville,NE,41.4193,-99.3844,73,Product designer,40.544583,-99.295223,4,6,1,83.9233401779603,97.55171426825945,0
shopping_net,39.28,Mesa,ID,44.6255,-116.4493,129,Cartographer,45.287375,-116.149343,20,1,12,55.03901437371663,77.28903105230643,0
shopping_pos,52.07,Meridian,ID,43.6498,-116.4306,84106,Intelligence analyst,43.522493,-116.231137,20,0,12,49.87816563997262,21.412210436380327,0
shopping_pos,81.91,Jelm,WY,41.0539,-106.0763,100,Public librarian,41.709795,-106.408292,8,1,1,44.73100616016427,78.01470751206911,0
shopping_net,176.22,Laramie,WY,41.4247,-105.4781,35371,"""Pilot, airline""",40.909588,-104.612073,6,6,12,32.31759069130732,92.38896137842804,0
shopping_pos,452.72,Independence,MO,39.1412,-94.3515,123373,"""Engineer, production""",40.057476,-93.731398,13,1,1,26.11362080766598,114.9047771830484,0
shopping_net,70.97,Iliff,CO,40.7692,-103.0968,648,Community arts worker,40.639134,-103.878044,0,1,1,49.29774127310061,67.42442952414454,0
shopping_net,42.5,Orient,WA,48.8878,-118.2105,149,Special educational needs teacher,49.620754,-117.66375,0,1,12,42.5242984257358,90.64707141233582,0
gas_transport,13.82,Hatch,UT,37.7175,-112.4777,258,Geoscientist,36.785132,-112.453981,22,1,12,59.096509240246405,103.69584351185463,0
shopping_net,45.18,Palmdale,CA,34.5715,-118.0231,171170,Chemical engineer,34.664212,-117.745697,14,0,1,55.6331279945243,27.398307164182444,0
shopping_net,6.26,Altonah,UT,40.3207,-110.436,302,"""Sales professional, IT""",40.543588,-111.165594,18,1,1,28.974674880219027,66.53954252724674,0
grocery_pos,4.33,Ruidoso,NM,33.3305,-105.6933,8874,Licensed conveyancer,33.73091,-106.294715,14,2,1,18.417522245037645,71.34351344135618,0
grocery_pos,3.15,Altonah,UT,40.3207,-110.436,302,"""Sales professional, IT""",40.234259,-109.945268,16,2,1,28.95824777549624,42.725460495625455,0
gas_transport,66.69,Wheaton,MO,36.7651,-94.0492,760,Production manager,36.401293,-94.70327,10,6,1,33.36892539356605,71.04310677782308,0
gas_transport,84.49,Westerville,NE,41.4193,-99.3844,73,Product designer,41.566867,-99.268533,0,0,1,83.94524298425736,19.036185507676688,0
shopping_net,33.87,Conway,WA,48.34,-122.3456,85,"""Research officer, political party""",48.969274,-122.528354,22,6,12,36.32032854209446,71.24809698025464,0
shopping_net,8.75,Colton,WA,46.5901,-117.1692,761,Chief Marketing Officer,47.044129,-117.743421,3,2,1,75.5482546201232,66.7681524417604,0
shopping_pos,55.58,Riverton,WY,43.0351,-108.2024,19408,"""Lecturer, higher education""",42.130146,-108.585226,11,0,1,25.322381930184804,105.39435423324996,0
shopping_net,14.42,Hatch,UT,37.7175,-112.4777,258,Geoscientist,38.482796,-111.722502,1,6,1,57.13620807665982,107.74107567398,0
shopping_pos,26.87,High Rolls Mountain Park,NM,32.9396,-105.8189,899,Naval architect,32.464559,-105.22861,12,3,1,51.34565366187543,76.42535878975093,0
grocery_pos,86.39,Indian Wells,CA,33.7163,-116.3381,4677,Learning mentor,33.201371,-117.018208,10,2,1,63.66050650239562,85.19960401442384,0
shopping_net,902.67,Seligman,MO,36.5276,-93.9359,2693,"""Engineer, biomedical""",36.278903,-93.794217,20,6,10,52.662559890485966,30.422355253946808,1
shopping_pos,36.6,San Jose,CA,37.3304,-121.7913,973849,Science writer,37.569762,-120.838606,0,4,1,63.60301163586585,88.21052262810174,0
shopping_net,4.04,Pueblo,CO,38.2352,-104.66,151815,Further education lecturer,37.573653,-105.025573,23,6,12,32.98015058179329,80.24895594015976,0
grocery_pos,6.83,Glendale,CA,34.1556,-118.2322,172817,Advertising account planner,34.626066,-117.819422,20,1,1,36.42436687200548,64.58526467458286,0
grocery_pos,175.28,Littleton,CO,39.5994,-105.0044,320420,Water engineer,40.597318,-104.542177,5,0,12,45.412731006160165,117.72197431761018,0
grocery_pos,100.89,Wales,AK,64.7556,-165.6723,145,"""Administrator, education""",63.857007,-165.504563,0,1,12,81.13894592744695,100.24558127799226,0
grocery_pos,77.62,Athena,OR,45.8289,-118.4971,1302,Dealer,46.235293,-119.309221,21,3,12,44.18343600273785,77.28160128393135,0
grocery_pos,5.19,Omaha,NE,41.2064,-95.9953,518429,"""Surveyor, land/geomatics""",40.742452,-95.735091,15,5,12,25.21286789869952,56.02314847342176,0
gas_transport,1.01,Mesa,ID,44.6255,-116.4493,129,Cartographer,43.908899,-116.345971,22,6,1,53.059548254620125,80.10602437299173,0
gas_transport,976.1,Loving,NM,32.274,-104.0914,1925,Educational psychologist,33.103591,-104.068132,23,1,8,68.24914442162903,92.27200606328933,1
grocery_pos,60.15,Yellowstone National Park,WY,44.7957,-110.6137,369,Materials engineer,45.68706,-109.891525,7,1,1,77.12525667351129,114.10739823763736,0
shopping_net,12.63,Cascade Locks,OR,45.671,-121.8686,1288,Barrister,44.824914,-121.268585,12,6,12,84.65708418891171,105.15410539205406,0
shopping_pos,9.86,Aurora,CO,39.7656,-104.7069,389246,Industrial/product designer,40.428908,-104.807331,3,0,3,80.62970568104038,74.24952155154703,1
gas_transport,62.57,Newberg,OR,45.3099,-122.9685,28278,Research scientist (physical sciences),44.708412,-123.57705,1,3,1,41.503080082135526,82.23069782310873,0
shopping_net,11.91,Ballwin,MO,38.577,-90.5255,92608,"""Engineer, communications""",37.853199,-90.535646,13,4,12,19.416837782340863,80.4878800302976,0
grocery_pos,41.51,Espanola,NM,35.9866,-106.0654,18408,Historic buildings inspector/conservation officer,36.361596,-107.003424,8,1,1,46.455852156057496,93.95555445597536,0
grocery_pos,79.15,Spirit Lake,ID,47.9657,-116.868,4161,Production manager,47.066736,-117.580584,7,2,12,63.55099247091034,113.3822942686456,0
shopping_net,6.55,Ruidoso,NM,33.3305,-105.6933,8874,Licensed conveyancer,32.538107,-105.996282,16,1,1,18.39561943874059,92.53584556039468,0
grocery_pos,2.54,Riverton,WY,43.0351,-108.2024,19408,"""Lecturer, higher education""",42.391048,-108.68573,14,5,1,25.31690622861054,81.78054406713093,0
shopping_net,44.56,Superior,AZ,33.2887,-111.0985,2872,Petroleum engineer,32.803937,-111.82612,12,5,12,33.163586584531146,86.63093943943016,0
shopping_pos,56.66,Phoenix,AZ,33.5623,-112.0559,1312922,Contractor,34.298599,-112.348568,10,0,12,39.17864476386037,86.21022912159202,0
shopping_pos,331.0,Oakland,CA,37.7878,-122.1884,381459,Barista,37.185356,-122.551259,2,1,3,46.16290212183436,74.24612697709652,1
shopping_pos,41.01,Blairsden-Graeagle,CA,39.8127,-120.6405,1725,Chartered legal executive (England and Wales),39.949197,-119.792299,2,1,1,51.60027378507871,73.94980009010247,0
grocery_pos,4.13,Sutherland,NE,41.1558,-101.136,1789,Insurance broker,41.686479,-101.162216,17,6,1,36.90075290896646,59.04928545603333,0
shopping_net,72.61,Fort Washakie,WY,43.0048,-108.8964,1645,Freight forwarder,43.866236,-108.184437,12,1,1,42.847364818617386,111.71252464771725,0
shopping_pos,37.53,Powell Butte,OR,44.2415,-121.0113,2016,Local government officer,43.677297,-121.763252,13,1,1,65.03764544832306,86.93829240359305,0
shopping_pos,22.43,Omaha,NE,41.2064,-95.9953,518429,"""Surveyor, land/geomatics""",40.959853,-96.060773,19,0,12,25.218343600273784,27.95859400959836,0
grocery_pos,348.31,Carlotta,CA,40.507,-123.9743,1139,"""Therapist, occupational""",40.997988,-123.783151,0,1,12,69.89733059548254,56.92012974459901,1
shopping_pos,1035.66,Owensville,MO,38.3511,-91.4867,6703,Naval architect,38.447981,-92.083383,22,2,8,22.23134839151266,53.10102579318456,1
shopping_net,6.39,Glendale,CA,34.1556,-118.2322,172817,Advertising account planner,34.427539,-119.119859,22,3,1,36.44900752908966,86.97209177612599,0
shopping_pos,88.29,Williamsburg,MO,38.8874,-91.7689,710,Glass blower/designer,39.025412,-92.485034,11,6,12,50.25051334702259,63.79569722571485,0
shopping_net,72.03,Orient,WA,48.8878,-118.2105,149,Special educational needs teacher,48.252168,-117.587249,10,1,12,42.5242984257358,84.25164886176339,0
shopping_net,4.52,Meredith,CO,39.3199,-106.6596,61,Public relations account executive,38.442773,-106.379267,16,6,1,79.21149897330595,100.5051418546485,0
grocery_pos,184.78,Napa,CA,38.4549,-122.2564,94014,Airline pilot,37.594145,-121.654659,7,3,12,35.36208076659822,109.26457059695387,0
shopping_net,80.88,Newhall,CA,34.3795,-118.523,34882,Health physicist,34.879908,-118.259949,11,3,1,47.6933607118412,60.6249739123753,0
shopping_net,7.42,Eugene,OR,44.0385,-123.0614,191096,"""Scientist, physiological""",43.850032,-122.338973,9,0,12,56.72826830937714,61.51826602248472,0
shopping_net,92.16,Paradise Valley,AZ,33.5494,-111.9565,17047,Building surveyor,33.825352,-111.858381,11,0,12,85.91375770020534,31.99922102630424,0
grocery_pos,1.54,Jelm,WY,41.0539,-106.0763,100,Public librarian,41.011161,-106.897886,23,6,1,44.76386036960986,69.0767667020087,0
shopping_pos,309.97,Sprague,NE,40.6267,-96.7456,142,Chiropodist,41.30634,-97.523575,1,5,7,52.88158795345654,99.88899137138006,1
shopping_net,103.9,Azusa,CA,34.1248,-117.9031,59705,Civil Service fast streamer,35.01346,-118.693141,13,0,1,35.54277891854894,122.46157286874256,0
grocery_pos,54.59,Kansas City,MO,38.9621,-94.5959,545147,Counsellor,39.447937,-95.500048,17,4,1,31.129363449691997,94.80209225474924,0
shopping_pos,89.87,Blairstown,MO,38.5319,-93.9221,467,Agricultural consultant,39.36015,-94.899169,21,5,12,70.5845311430527,124.98512928781578,0
shopping_net,142.36,Santa Monica,CA,34.0287,-118.4924,92043,"""Civil engineer, contracting""",34.233115,-118.0995,21,3,12,59.68514715947981,42.71348242552267,0
shopping_net,61.84,Honokaa,HI,20.0827,-155.488,4878,Physiotherapist,19.981736,-154.834214,23,0,1,52.114989733059545,69.21597198609477,0
shopping_pos,1105.82,Moriarty,NM,34.9889,-106.0609,7268,"""Therapist, art""",34.546454,-106.901401,23,5,10,31.20602327173169,91.18440077535176,1
shopping_pos,17.77,Moriarty,NM,34.9889,-106.0609,7268,"""Therapist, art""",34.050355,-105.125633,17,0,1,30.444900752908968,135.0297158686485,0
grocery_pos,1.11,Hooper,NE,41.6414,-96.5232,1745,"""Engineer, automotive""",42.538253,-97.139383,18,1,1,45.054072553045856,111.93867385258412,0
shopping_pos,37.07,San Diego,CA,32.7185,-117.1593,1241364,Comptroller,33.685727,-117.087042,19,3,1,31.1129363449692,107.76064698126444,0
shopping_net,6.95,Freedom,WY,43.0172,-111.0292,471,"""Education officer, museum""",42.053955,-110.228644,1,4,12,53.399041752224505,125.5954723552306,0
shopping_net,914.18,Santa Monica,CA,34.0287,-118.4924,92043,"""Civil engineer, contracting""",33.324396,-117.548984,22,4,7,59.2662559890486,117.27732617327256,1
shopping_pos,142.04,Helm,CA,36.4992,-120.0936,123,Early years teacher,36.396593,-120.789394,4,0,12,47.88774811772758,63.27225994792936,0
shopping_net,76.99,Paradise Valley,AZ,33.5494,-111.9565,17047,Building surveyor,33.025463,-111.856684,22,5,12,85.90828199863107,58.99327650545352,0
shopping_pos,26.95,Moriarty,NM,34.9889,-106.0609,7268,"""Therapist, art""",35.432303,-105.638116,13,3,1,30.414784394250518,62.49975098331362,0
grocery_pos,17.32,Sutherland,NE,41.1558,-101.136,1789,Insurance broker,41.948699,-101.020255,20,3,12,38.86652977412731,88.69083859514903,0
shopping_pos,62.4,Omaha,NE,41.2064,-95.9953,518429,"""Surveyor, land/geomatics""",41.178577,-96.929951,11,1,12,25.22108145106092,78.26708013644972,0
grocery_pos,22.4,Azusa,CA,34.1248,-117.9031,59705,Civil Service fast streamer,34.908556,-118.700295,23,6,9,37.26488706365503,113.70827915970048,1
shopping_net,118.59,Thompson,UT,38.9999,-109.615,46,"""Surveyor, minerals""",38.566665,-110.404554,20,0,12,33.68377823408624,83.69165980993854,0
shopping_net,140.92,Arnold,MO,38.4305,-90.387,35439,Land/geomatics surveyor,37.485327,-91.062448,20,5,12,35.73990417522245,120.63284914927604,0
shopping_net,2.78,Nelson,NE,40.201,-98.0684,732,Television/film/video producer,41.076971,-97.721585,12,5,1,62.0807665982204,101.7042088289864,0
shopping_pos,6.48,Roseland,NE,40.4591,-98.5551,463,"""Nurse, mental health""",39.736694,-98.639815,6,5,12,72.57221081451061,80.6504089034454,0
shopping_net,91.4,Pueblo,CO,38.2352,-104.66,151815,Further education lecturer,38.653849,-103.806022,15,0,1,31.028062970568104,87.73914412219679,0
shopping_net,87.55,Manley,NE,40.9207,-96.168,206,Human resources officer,40.599415,-95.769772,13,6,12,53.23203285420944,49.002606310671744,0
shopping_net,66.1,Meridian,ID,43.6498,-116.4306,84106,Intelligence analyst,43.782347,-116.723949,15,3,12,49.88637919233402,27.803870982059887,0
shopping_net,61.08,Westerville,NE,41.4193,-99.3844,73,Product designer,41.242779,-98.519752,0,0,1,83.94524298425736,74.81578699793067,0
shopping_pos,23.16,Issaquah,WA,47.4974,-122.0107,50489,Osteopath,47.662586,-122.595059,20,0,1,34.893908281998634,47.52425618762318,0
shopping_net,76.05,Gardiner,OR,43.7857,-124.1437,260,"""Engineer, maintenance""",43.917493,-124.346679,23,2,1,62.37371663244353,21.90149513167789,0
gas_transport,8.67,Manville,WY,42.73,-104.7024,241,Educational psychologist,42.052084,-104.828836,19,2,1,38.04517453798768,76.09257358318929,0
shopping_net,15.13,Corona,CA,33.8419,-117.6043,233717,Wellsite geologist,33.160868,-117.486119,16,4,1,52.65982203969884,76.51600803212469,0
grocery_pos,72.88,Daly City,CA,37.6787,-122.478,107941,"""Buyer, industrial""",38.471592,-121.600988,1,3,12,29.24298425735797,116.90207665022726,0
grocery_pos,54.29,High Rolls Mountain Park,NM,32.9396,-105.8189,899,Naval architect,32.374287,-106.634682,13,2,1,51.3429158110883,98.912878751193,0
shopping_net,15.4,Grenada,CA,41.6125,-122.5258,589,Systems analyst,40.662679,-123.25862,19,6,1,73.06228610540725,122.14953813337549,0
shopping_pos,316.92,Valentine,NE,42.8062,-100.6215,4005,Network engineer,43.172275,-100.211474,0,5,9,74.48049281314168,52.62299894359232,1
gas_transport,13.89,Vancouver,WA,45.6892,-122.6616,299480,Teaching laboratory technician,44.922923,-121.965467,14,4,12,35.97809719370294,101.1125996138647,0
shopping_pos,105.96,Rock Springs,WY,41.606,-109.23,27971,Music therapist,41.731906,-108.55044,21,1,12,36.41067761806981,58.15602956188417,0
shopping_net,51.16,Jordan Valley,OR,42.8801,-117.281,641,Economist,43.308731,-118.121484,3,0,1,25.138945927446954,83.2402854027991,0
shopping_net,844.8,High Rolls Mountain Park,NM,32.9396,-105.8189,899,Naval architect,33.500914,-105.892933,23,0,2,52.48733744010951,62.794044062637,1
grocery_pos,9.96,San Diego,CA,33.0067,-117.069,1241364,Chartered public finance accountant,32.364932,-116.533051,1,4,1,59.41683778234086,87.22480572766223,0
shopping_net,1.94,Huslia,AK,65.6899,-156.292,277,"""Engineer, civil (consulting)""",66.491163,-156.147982,0,4,12,55.134839151266256,89.33240699650662,0
shopping_pos,173.52,Yellowstone National Park,WY,44.7957,-110.6137,369,Materials engineer,44.87565,-110.677473,15,2,12,79.1211498973306,10.21370221590946,0
grocery_pos,6.83,Glendale,CA,34.1556,-118.2322,172817,Advertising account planner,34.626066,-117.819422,20,1,1,36.42436687200548,64.58526467458286,0
grocery_pos,117.11,Meredith,CO,39.3199,-106.6596,61,Public relations account executive,38.949145,-105.813614,12,3,1,79.20328542094455,83.80688533012727,0
shopping_pos,80.25,Bay City,OR,45.5197,-123.8761,1530,Colour technologist,45.950373,-123.143847,10,0,1,32.139630390143736,74.31711429840638,0
shopping_pos,58.19,Fullerton,NE,41.366,-98.0054,1749,"""Surveyor, mining""",40.475261,-97.396916,9,2,1,45.65639972621492,111.46147861205654,0
shopping_net,30.52,Burbank,WA,46.1966,-118.9017,3684,Musician,47.15607,-119.329031,14,3,1,37.09514031485284,111.55793315286648,0
shopping_net,57.39,San Diego,CA,33.0067,-117.069,1241364,Chartered public finance accountant,33.77046,-117.531658,10,4,1,59.45516769336072,95.17087548436298,0
grocery_pos,5.24,Huslia,AK,65.6899,-156.292,277,"""Engineer, civil (consulting)""",65.602228,-156.945195,10,6,1,53.16632443531827,31.49781564187761,0
grocery_pos,270.67,Lakeport,CA,39.047,-122.9328,11256,Podiatrist,39.204831,-123.12458,15,5,1,46.25325119780972,24.11794921127864,0
shopping_net,70.56,Rock Springs,WY,41.606,-109.23,27971,Music therapist,40.943613,-108.600657,20,1,1,34.43668720054757,90.50355257307734,0
grocery_pos,12.41,Thompson,UT,38.9999,-109.615,46,"""Surveyor, minerals""",39.050216,-109.098926,18,3,12,33.67282683093772,44.930220698646174,0
shopping_pos,368.47,Dumont,CO,39.7532,-105.6356,565,Mental health nurse,40.434974,-106.134061,22,5,3,41.54688569472964,86.86113291051528,1
shopping_pos,2.74,Moriarty,NM,34.9889,-106.0609,7268,"""Therapist, art""",34.787463,-105.325942,20,5,1,30.439425051334705,70.67828088493415,0
grocery_pos,306.45,Mendon,UT,41.71,-111.9817,2078,"""Scientist, audiological""",41.041846,-112.410505,1,6,3,56.71731690622861,82.46150948392948,1
shopping_net,9.63,Moab,UT,38.5677,-109.5271,9772,Location manager,37.959257,-109.800309,1,5,5,29.47843942505133,71.73741916518054,1
shopping_net,7.54,Monitor,WA,47.4852,-120.4158,584,Medical technical officer,47.696117,-120.44075,12,6,12,51.77275838466804,23.527417674339315,0
grocery_pos,163.81,Meridian,ID,43.6498,-116.4306,84106,Intelligence analyst,44.407077,-116.889225,17,6,1,47.92060232717317,91.84166404168828,0
shopping_net,74.55,Carroll,NE,42.277,-97.1926,566,Metallurgist,41.755365,-96.441759,18,1,1,43.969883641341546,84.92272106485339,0
grocery_pos,149.72,Newhall,CA,34.3795,-118.523,34882,Health physicist,34.616976,-119.141914,8,6,1,47.73990417522245,62.56319488043689,0
grocery_pos,314.74,Paradise Valley,AZ,33.5494,-111.9565,17047,Building surveyor,32.617168,-111.651271,2,0,10,85.72210814510609,107.48923804494147,1
shopping_net,47.97,Hatch,UT,37.7175,-112.4777,258,Geoscientist,38.521596,-113.36444,23,0,1,57.11978097193703,118.36999791612428,0
shopping_net,71.88,Laramie,WY,41.4247,-105.4781,35371,"""Pilot, airline""",41.956563,-106.407106,21,0,12,32.32032854209446,97.20030197291496,0
shopping_net,50.43,Gardiner,OR,43.7857,-124.1437,260,"""Engineer, maintenance""",43.00157,-123.952578,22,4,2,63.45242984257358,88.54818027144357,1
shopping_pos,771.43,Scotts Mills,OR,44.9897,-122.6187,1252,"""Engineer, petroleum""",45.856467,-123.240336,23,0,7,82.43394934976044,107.90099876150606,1
grocery_pos,86.3,Dumont,CO,39.7532,-105.6356,565,Mental health nurse,40.133588,-105.031876,5,3,1,40.39151266255989,66.61806215617204,0
shopping_net,3.49,Carlotta,CA,40.507,-123.9743,1139,"""Therapist, occupational""",39.956386,-124.694262,2,1,1,68.0,86.50926745779896,0
shopping_pos,57.22,Laramie,WY,41.4247,-105.4781,35371,"""Pilot, airline""",41.182473,-106.455503,10,5,1,30.340862422997947,85.97207878467376,0
grocery_pos,46.61,Williamsburg,MO,38.8874,-91.7689,710,Glass blower/designer,39.789688,-91.820402,15,5,1,48.29295003422313,100.42755897707696,0
grocery_pos,4.69,Honokaa,HI,20.0827,-155.488,4878,Physiotherapist,19.43131,-155.021034,11,1,12,54.072553045859,87.37450492607496,0
gas_transport,3.09,Port Costa,CA,38.046,-122.1866,198,Armed forces training and education officer,38.199855,-122.634791,5,3,12,61.75496235455168,42.77582952672638,0
shopping_net,125.49,Orient,WA,48.8878,-118.2105,149,Special educational needs teacher,49.228888,-118.206791,22,1,1,40.53114305270363,37.928217987053735,0
shopping_net,73.97,Dumont,CO,39.7532,-105.6356,565,Mental health nurse,38.776687,-105.206947,21,2,12,42.34360027378508,114.68237566040573,0
grocery_pos,19.09,Bay City,OR,45.5197,-123.8761,1530,Colour technologist,44.572033,-124.545241,23,4,12,34.08624229979466,117.75996557522294,0
shopping_net,21.17,Kirk,CO,39.6171,-102.4776,207,Network engineer,38.871202,-102.803762,21,0,1,63.1129363449692,87.56676820276387,0
grocery_pos,41.57,Albuquerque,NM,35.0561,-106.5506,641349,Charity officer,35.777608,-107.434029,16,4,1,51.94524298425736,113.33655127024856,0
shopping_net,78.21,Red Cliff,CO,39.4584,-106.3851,277,Human resources officer,40.117089,-105.813243,19,2,12,35.742642026009584,88.04501965252832,0
shopping_net,85.83,Meadville,MO,39.7795,-93.3014,964,Tourist information centre manager,39.682646,-94.042874,12,4,1,44.05201916495551,64.31490664415189,0
shopping_net,5.05,Hooper,NE,41.6414,-96.5232,1745,"""Engineer, automotive""",41.549366,-97.39573,15,2,1,45.05681040383299,73.2750537248185,0
grocery_pos,96.03,Phoenix,AZ,33.5623,-112.0559,1312922,Contractor,33.441818,-112.017398,0,0,1,37.20465434633813,13.864484733001207,0
shopping_net,130.02,Red River,NM,36.6659,-105.4694,606,"""Surveyor, land/geomatics""",36.60739,-104.822891,5,5,12,32.303901437371664,58.05154661485928,0
shopping_net,6.17,Carlotta,CA,40.507,-123.9743,1139,"""Therapist, occupational""",39.837605,-124.96399,4,5,12,69.94661190965093,112.29846224206004,0
shopping_pos,64.45,Issaquah,WA,47.4974,-122.0107,50489,Osteopath,48.240614,-121.146048,15,2,12,36.83504449007529,104.8291265033288,0
shopping_net,140.82,Centerview,MO,38.7897,-93.8702,2368,Electronics engineer,37.902883,-93.579282,23,3,12,31.457905544147845,101.82069479549888,0
shopping_net,33.54,Meridian,ID,43.6498,-116.4306,84106,Intelligence analyst,44.434479,-117.043829,10,1,12,49.88090349075976,100.07661649298416,0
shopping_net,12.74,Wheaton,MO,36.7651,-94.0492,760,Production manager,37.43287,-94.407135,17,0,1,33.37166324435318,80.7536275741536,0
shopping_net,5.86,Scotts Mills,OR,44.9897,-122.6187,1252,"""Engineer, petroleum""",44.413212,-123.414001,2,6,1,81.93292265571526,89.77726802012918,0
shopping_net,47.74,Nelson,NE,40.201,-98.0684,732,Television/film/video producer,41.003524,-97.102126,2,6,12,64.03832991101984,120.90308742902394,0
grocery_pos,67.31,Sixes,OR,42.825,-124.4409,217,Retail merchandiser,43.614959,-124.222756,2,3,1,90.25598904859685,89.60024729311927,0
shopping_net,1.99,Pueblo,CO,38.2352,-104.66,151815,Further education lecturer,37.651281,-105.453707,13,1,1,31.03080082135524,95.18325386320102,0
shopping_pos,153.04,Tomales,CA,38.2427,-122.9145,337,Occupational psychologist,38.092341,-122.323871,18,1,1,64.49281314168378,54.27338006372069,0
gas_transport,25.84,North Loup,NE,41.4972,-98.7858,509,"""Nurse, children's""",40.557487,-98.951479,20,6,12,40.28199863107461,105.41145813738568,0
shopping_net,6.98,Lowell,OR,43.921,-122.7806,1420,Systems analyst,43.115578,-122.149765,9,4,12,55.1211498973306,102.99519686426076,0
shopping_net,307.58,Red Cliff,CO,39.4584,-106.3851,277,Human resources officer,39.609764,-106.713261,3,6,5,34.12457221081451,32.791548745916025,1
shopping_net,18.4,Sacramento,CA,38.6865,-121.3494,757530,Soil scientist,39.207999,-120.367391,17,1,1,52.284736481861735,102.83166538546487,0
grocery_pos,13.4,Eugene,OR,44.0385,-123.0614,191096,"""Scientist, physiological""",44.260835,-123.919442,21,4,1,54.784394250513344,72.78560184622158,0
shopping_net,17.59,Centerview,MO,38.7897,-93.8702,2368,Electronics engineer,38.965474,-94.833477,12,0,1,29.51403148528405,85.64467061320609,0
shopping_pos,4.24,Moriarty,NM,34.9889,-106.0609,7268,"""Therapist, art""",34.039105,-105.260517,18,3,12,32.388774811772755,128.5748073711437,0
shopping_pos,58.44,Kirk,CO,39.6171,-102.4776,207,Network engineer,38.943338,-101.556322,13,4,12,65.05954825462013,109.08886317352692,0
shopping_pos,167.84,Paauilo,HI,20.0271,-155.3697,1490,"""Scientist, research (maths)""",19.231776,-154.662373,14,5,1,27.770020533880903,115.3633173679523,0
grocery_pos,105.34,Helm,CA,36.4992,-120.0936,123,Early years teacher,36.406599,-119.162431,3,0,12,47.88774811772758,83.91672621714123,0
gas_transport,3.23,Redford,MO,37.3272,-91.0243,241,Investment analyst,37.215719,-91.198827,14,0,1,44.19712525667351,19.802948712278223,0
shopping_net,28.05,Tomales,CA,38.2427,-122.9145,337,Occupational psychologist,37.91197,-122.551903,23,0,1,64.5284052019165,48.57718893466552,0
grocery_pos,66.2,Mountain Center,CA,33.6401,-116.5567,1661,"""Therapist, music""",34.004189,-115.94043,6,1,12,32.276522929500345,69.85658632887093,0
shopping_net,40.54,Eugene,OR,44.0385,-123.0614,191096,"""Scientist, physiological""",44.020662,-122.470542,0,0,1,54.75427789185489,47.27887534734094,0
gas_transport,83.07,Conway,WA,48.34,-122.3456,85,"""Research officer, political party""",48.682111,-122.719904,0,1,1,34.332648870636554,46.98254499094524,0
grocery_pos,307.9,Freedom,WY,43.0172,-111.0292,471,"""Education officer, museum""",42.17995,-111.767221,23,0,6,52.851471594798085,110.97825970800191,1
shopping_pos,312.44,Weeping Water,NE,40.8731,-96.1528,1517,Dealer,40.61529,-95.809703,1,3,2,68.28473648186174,40.70931861182784,1
shopping_net,76.68,Pueblo,CO,38.2352,-104.66,151815,Further education lecturer,38.418867,-105.12348,18,2,12,32.988364134154686,45.29504924814208,0
gas_transport,74.91,Fort Washakie,WY,43.0048,-108.8964,1645,Freight forwarder,42.452838,-108.173885,17,1,12,44.84052019164955,85.14495769911876,0
grocery_pos,13.63,Laramie,WY,41.4247,-105.4781,35371,"""Pilot, airline""",41.550205,-104.927456,16,5,1,30.340862422997947,47.942546489166105,0
grocery_pos,62.26,Iliff,CO,40.7692,-103.0968,648,Community arts worker,41.731473,-102.926098,20,0,12,51.26899383983573,107.94726336642424,0
gas_transport,2.91,Blairstown,MO,38.5319,-93.9221,467,Agricultural consultant,38.742702,-93.093334,1,2,1,68.60232717316906,75.70319490061094,0
shopping_net,14.13,Luray,MO,40.4931,-91.8912,519,Town planner,41.208168,-92.532649,19,5,1,52.89253935660506,96.08768915750522,0
shopping_net,8.5,North Loup,NE,41.4972,-98.7858,509,"""Nurse, children's""",41.092623,-98.095293,18,4,12,40.276522929500345,73.15445170740371,0
grocery_pos,43.99,Newhall,CA,34.3795,-118.523,34882,Health physicist,34.625168,-117.64176,12,1,12,49.68104038329911,85.24824940898428,0
shopping_net,19.6,Newhall,CA,34.3795,-118.523,34882,Health physicist,34.990867,-118.49498,20,6,1,47.73990417522245,68.0291675039666,0
shopping_net,25.19,Phoenix,AZ,33.5623,-112.0559,1312922,Contractor,33.841815,-111.05691,23,2,1,37.19096509240247,97.49944976106922,0
shopping_net,178.58,Corona,CA,33.8419,-117.6043,233717,Wellsite geologist,33.837095,-118.217251,19,0,12,54.60369609856263,56.61372951781867,0
shopping_net,996.5,Parks,AZ,35.2563,-111.95,759,"""Geologist, engineering""",35.492314,-112.446041,17,1,11,62.66392881587954,52.07130583979302,1
shopping_pos,8.27,Mound City,MO,40.1362,-95.2138,1631,Architect,39.486483,-95.977267,1,5,1,65.99589322381931,97.32299581738614,0
grocery_pos,21.74,Pueblo,CO,38.2352,-104.66,151815,Further education lecturer,37.81353,-105.398001,16,3,12,32.99110198494182,79.85764698845249,0
shopping_net,149.09,Brainard,NE,41.1832,-96.9882,614,Associate Professor,40.758713,-96.203806,1,6,1,51.5482546201232,81.02305271562908,0
grocery_pos,5.02,Blairstown,MO,38.5319,-93.9221,467,Agricultural consultant,39.085198,-93.286087,4,0,12,70.59000684462697,82.59627386539324,0
grocery_pos,7.36,Espanola,NM,35.9866,-106.0654,18408,Historic buildings inspector/conservation officer,36.355413,-106.341227,20,2,1,46.458590006844624,47.90446492913773,0
grocery_pos,48.28,Syracuse,MO,38.6547,-92.8929,628,"""Radiographer, diagnostic""",38.998945,-92.806554,22,0,6,57.49486652977413,39.00224148376283,1
gas_transport,191.99,Vancouver,WA,45.6892,-122.6616,299480,Teaching laboratory technician,46.147404,-122.27264,5,6,12,35.983572895277206,59.17092515635187,0
gas_transport,38.49,Mound City,MO,40.1362,-95.2138,1631,Architect,40.163232,-96.213051,19,0,12,67.93702943189597,84.98226365359994,0
shopping_net,30.56,Meridian,ID,43.6498,-116.4306,84106,Intelligence analyst,42.7,-115.924515,4,6,1,47.92060232717317,113.30551742719138,0
shopping_net,53.39,Helm,CA,36.4992,-120.0936,123,Early years teacher,35.892108,-120.886948,7,3,12,47.89596167008898,98.10710229261306,0
grocery_pos,69.69,Thompson,UT,38.9999,-109.615,46,"""Surveyor, minerals""",39.37107,-109.084365,12,2,12,33.68925393566051,61.60345915519277,0
grocery_pos,63.47,Espanola,NM,35.9866,-106.0654,18408,Historic buildings inspector/conservation officer,35.272257,-106.367407,17,0,1,46.47227926078029,83.99010659327321,0
grocery_pos,100.92,Centerview,MO,38.7897,-93.8702,2368,Electronics engineer,38.712639,-93.6291,13,1,12,31.45242984257358,22.595438427306927,0
grocery_pos,43.95,Sacramento,CA,38.6865,-121.3494,757530,Soil scientist,37.90166,-121.832198,13,1,1,52.32306639288159,96.9085922211344,0
grocery_pos,8.02,Powell Butte,OR,44.2415,-121.0113,2016,Local government officer,43.304857,-120.383682,7,3,12,67.01711156741958,115.6996899098657,0
shopping_net,91.48,Parker Dam,CA,34.298,-114.156,126,Marketing executive,34.015731,-114.484771,11,5,1,26.28336755646817,43.592318549742416,0
shopping_net,108.4,Dumont,CO,39.7532,-105.6356,565,Mental health nurse,40.726822,-105.123779,7,6,1,40.36139630390144,116.65249929877444,0
shopping_net,2.26,Broomfield,CO,39.8854,-105.1139,92337,"""Engineer, electronics""",39.024239,-105.077394,18,0,1,51.26078028747433,95.80801260740206,0
shopping_net,124.96,Thompson,UT,38.9999,-109.615,46,"""Surveyor, minerals""",38.115293,-110.40903,7,1,12,33.686516084873375,120.1750712305115,0
shopping_net,36.55,Unionville,MO,40.4815,-92.9951,3805,"""Investment banker, corporate""",39.566321,-92.597355,13,0,12,70.2861054072553,107.25080610907308,0
shopping_pos,15.98,Tekoa,WA,47.2271,-117.0819,895,Clothing/textile technologist,46.428897,-117.998208,7,4,1,19.616700889801507,112.8579837795996,0
shopping_net,133.92,Athena,OR,45.8289,-118.4971,1302,Dealer,45.115476,-118.62749,8,0,1,42.220396988364136,79.97799182353492,0
shopping_net,208.22,Rock Springs,WY,41.606,-109.23,27971,Music therapist,40.786028,-109.520009,9,6,1,34.431211498973305,94.35015606005427,0
grocery_pos,132.45,Campbell,NE,40.2967,-98.737,493,"""Surveyor, minerals""",41.217197,-98.974541,1,2,12,80.29568788501027,104.2916346707433,0
shopping_pos,85.3,Moriarty,NM,34.9889,-106.0609,7268,"""Therapist, art""",34.073681,-106.101727,12,2,12,32.40520191649555,101.83640331511825,0
shopping_net,1025.76,Manville,WY,42.73,-104.7024,241,Educational psychologist,41.953063,-104.296483,0,3,8,39.657768651608485,92.60905740933175,1
shopping_pos,34.06,Littleton,CO,39.5994,-105.0044,320420,Water engineer,39.09891,-104.92592,15,4,1,43.43052703627652,56.05958592187225,0
gas_transport,348.09,Camden,MO,39.2048,-94.0259,464,Colour technologist,40.08806,-93.079391,23,2,10,61.38261464750171,127.3302350520613,1
grocery_pos,56.57,Matthews,MO,36.7154,-89.6287,1019,Aeronautical engineer,37.526003,-89.869212,10,4,12,41.91375770020534,92.62301108672752,0
grocery_pos,4.92,Ruidoso,NM,33.3305,-105.6933,8874,Licensed conveyancer,33.061778,-105.965702,15,1,12,20.369609856262837,39.18273071307057,0
shopping_net,181.17,Kansas City,MO,38.9621,-94.5959,545147,Counsellor,38.108795,-94.125446,11,4,12,33.10335386721424,103.33029132812898,0
gas_transport,258.96,Superior,AZ,33.2887,-111.0985,2872,Petroleum engineer,33.066902,-110.91452,21,5,12,33.163586584531146,30.02391717469759,0
shopping_net,8.57,Red River,NM,36.6659,-105.4694,606,"""Surveyor, land/geomatics""",37.106734,-105.243916,17,0,12,32.309377138945926,52.96191387174192,0
gas_transport,27.77,Independence,MO,39.1412,-94.3515,123373,"""Engineer, production""",38.441847,-95.131225,14,3,1,26.119096509240247,103.02368813295782,0
grocery_pos,32.96,Mound City,MO,40.1362,-95.2138,1631,Architect,40.978002,-95.125657,3,0,12,67.93702943189597,93.89981834477952,0
shopping_net,109.33,Cascade Locks,OR,45.671,-121.8686,1288,Barrister,45.022067,-122.648681,13,0,1,82.72416153319644,94.46212974971276,0
shopping_net,70.3,Fiddletown,CA,38.5234,-120.6763,832,Immigration officer,37.845496,-120.581366,18,5,1,31.652292950034223,75.83476567127367,0
grocery_pos,162.65,Vancouver,WA,45.6892,-122.6616,299480,Teaching laboratory technician,46.175993,-123.395096,3,6,12,35.983572895277206,78.4071313021761,0
grocery_pos,83.67,Saint Louis,MO,38.6171,-90.4504,927396,Occupational hygienist,39.503558,-90.400664,9,4,1,58.8145106091718,98.66312345585554,0
shopping_net,4.27,Mountain Center,CA,33.6401,-116.5567,1661,"""Therapist, music""",33.533777,-117.302949,23,3,12,32.28199863107461,70.12907755874866,0
shopping_pos,87.29,Roseland,NE,40.4591,-98.5551,463,"""Nurse, mental health""",41.012213,-99.281249,15,4,1,70.59548254620123,86.75134315259304,0
shopping_pos,30.52,Burbank,WA,46.1966,-118.9017,3684,Musician,47.15607,-119.329031,14,3,1,37.09514031485284,111.55793315286648,0
grocery_pos,55.74,Glendale,CA,34.1556,-118.2322,172817,Advertising account planner,33.176214,-118.929766,3,1,12,38.417522245037645,126.5983252798629,0
grocery_pos,38.84,Glendale,CA,34.1556,-118.2322,172817,Advertising account planner,34.794223,-117.834658,7,6,12,38.41204654346338,79.81589340587993,0
shopping_net,10.97,Fullerton,NE,41.366,-98.0054,1749,"""Surveyor, mining""",41.872435,-97.367699,23,4,12,47.63586584531143,77.33776697614317,0
shopping_pos,1.62,Pueblo,CO,38.2352,-104.66,151815,Further education lecturer,37.96921,-105.277601,20,5,12,32.97741273100616,61.604585689180006,0
shopping_net,77.84,Meadville,MO,39.7795,-93.3014,964,Tourist information centre manager,39.003931,-92.448841,18,4,12,46.00684462696783,113.15720505587348,0
shopping_pos,2.04,Sprague,NE,40.6267,-96.7456,142,Chiropodist,41.045251,-95.799769,6,6,1,51.408624229979466,92.1817114731842,0
shopping_net,97.96,Cardwell,MO,36.0434,-90.2907,1120,Television floor manager,36.739953,-89.332348,16,1,1,61.70841889117043,115.57339257331776,0
grocery_pos,85.24,Ballwin,MO,38.577,-90.5255,92608,"""Engineer, communications""",37.878985,-90.149377,18,0,1,17.470225872689937,84.28262990712818,0
shopping_net,2.66,Colton,WA,46.5901,-117.1692,761,Chief Marketing Officer,45.787574,-117.17181,9,6,1,75.5400410677618,89.23704585962324,0
shopping_net,398.61,Conway,WA,48.34,-122.3456,85,"""Research officer, political party""",49.143322,-121.845382,21,3,12,36.31211498973306,96.56255007397002,0
shopping_pos,204.74,Newhall,CA,34.3795,-118.523,34882,Health physicist,34.53507,-117.648823,2,6,12,49.67556468172484,81.99464772612438,0
grocery_pos,816.56,Bay City,OR,45.5197,-123.8761,1530,Colour technologist,44.921484,-122.961069,1,0,3,33.308692676249144,97.77948356374372,1
grocery_pos,9.38,Holstein,NE,40.4542,-98.6538,331,Telecommunications researcher,40.754736,-98.037487,5,3,12,70.36824093086926,61.83739427432015,0
gas_transport,910.76,Fields Landing,CA,40.7268,-124.2174,276,"""Scientist, audiological""",41.45075,-124.560402,22,1,4,89.92470910335386,85.47788519582885,1
gas_transport,122.64,Sun City,CA,33.7467,-117.1721,54287,"""Designer, exhibition/display""",33.571117,-116.214844,15,2,12,48.27104722792608,90.72253359935652,0
shopping_pos,18.16,Rocky Mount,MO,38.2911,-92.7059,1847,Tax inspector,38.428272,-92.978765,23,1,12,31.159479808350444,28.26094645129406,1
shopping_net,1055.57,Fort Washakie,WY,43.0048,-108.8964,1645,Freight forwarder,43.575519,-109.250289,22,1,12,43.84394250513347,69.62542415567388,1
grocery_pos,58.86,Fiddletown,CA,38.5234,-120.6763,832,Immigration officer,37.746219,-121.207102,15,5,12,33.607118412046546,98.0985585314983,0
shopping_pos,716.47,Meredith,CO,39.3199,-106.6596,61,Public relations account executive,38.930934,-106.540689,23,5,12,80.09034907597535,44.45071844687607,1
shopping_net,23.64,Daly City,CA,37.6787,-122.478,107941,"""Buyer, industrial""",38.022038,-122.180784,18,3,12,29.24298425735797,46.24401897117174,0
shopping_net,9.93,Westerville,NE,41.4193,-99.3844,73,Product designer,41.860849,-100.292297,18,3,12,85.88911704312115,90.0142251213759,0
shopping_pos,3.98,Greenview,CA,41.5403,-122.9366,308,Call centre manager,41.239928,-123.31048,22,6,1,60.33401779603012,45.698220386075576,0
grocery_pos,90.0,Superior,AZ,33.2887,-111.0985,2872,Petroleum engineer,32.80563,-111.498757,18,2,1,31.200547570157426,65.39907129870717,0
grocery_pos,101.07,Parks,AZ,35.2563,-111.95,759,"""Geologist, engineering""",34.682851,-111.527433,21,6,1,61.81519507186858,74.48795955676226,0
gas_transport,3.65,Portland,OR,45.5303,-122.7033,841711,"""Engineer, building services""",45.276354,-121.792207,5,6,1,55.75906913073238,76.52954428835861,0
grocery_pos,20.03,Manley,NE,40.9207,-96.168,206,Human resources officer,41.880018,-96.576968,21,2,12,53.24024640657084,111.99218230277243,0
grocery_pos,12.48,Red River,NM,36.6659,-105.4694,606,"""Surveyor, land/geomatics""",36.179784,-104.79367,21,0,1,30.37371663244353,81.09962667013896,0
shopping_net,179.83,Sun City,CA,33.7467,-117.1721,54287,"""Designer, exhibition/display""",34.250093,-116.379008,13,0,12,48.26557152635181,92.078690653732,0
grocery_pos,20.58,Tomales,CA,38.2427,-122.9145,337,Occupational psychologist,38.619322,-123.556919,16,0,1,64.54757015742642,69.89328768670845,0
shopping_net,57.3,Sutherland,NE,41.1558,-101.136,1789,Insurance broker,41.643383,-100.137216,11,3,12,38.88569472963724,99.39519004449332,0
shopping_pos,44.97,Sixes,OR,42.825,-124.4409,217,Retail merchandiser,43.588143,-124.724085,7,6,12,92.23819301848047,87.90662571544969,0
shopping_pos,7.78,Laramie,WY,41.4247,-105.4781,35371,"""Pilot, airline""",40.750564,-105.048873,20,2,12,32.32580424366872,83.14483570369326,0
shopping_net,489.7,Williamsburg,MO,38.8874,-91.7689,710,Glass blower/designer,37.900998,-92.377101,15,6,1,48.31485284052019,121.81793954723712,0
shopping_net,11.76,Azusa,CA,34.1248,-117.9031,59705,Civil Service fast streamer,33.564088,-118.411544,15,6,9,37.26488706365503,78.05239904002913,1
shopping_pos,7.19,Wales,AK,64.7556,-165.6723,145,"""Administrator, education""",65.268914,-165.167445,7,6,1,79.1978097193703,61.80754225508313,0
shopping_net,129.27,Luray,MO,40.4931,-91.8912,519,Town planner,41.059977,-91.843183,11,6,1,52.93360711841205,63.16338278781841,0
grocery_pos,52.63,Moab,UT,38.5677,-109.5271,9772,Location manager,38.634975,-110.147456,0,6,12,31.091033538672143,54.425062142674285,0
grocery_pos,88.58,Arnold,MO,38.4305,-90.387,35439,Land/geomatics surveyor,39.025163,-89.605438,12,3,12,35.75359342915811,94.70304509424793,0
grocery_pos,801.83,Albuquerque,NM,35.0561,-106.5506,641349,Charity officer,34.487789,-105.783679,22,2,2,52.054757015742645,94.34093289429607,1
shopping_net,9.83,Santa Monica,CA,34.0287,-118.4924,92043,"""Civil engineer, contracting""",34.878686,-118.108098,8,0,1,57.74127310061601,100.86859346669596,0
grocery_pos,70.05,Ravenna,NE,41.0233,-98.9041,2202,"""Solicitor, Scotland""",40.536673,-98.995249,14,4,12,46.51334702258727,54.65199810265326,0
shopping_net,56.26,Meadville,MO,39.7795,-93.3014,964,Tourist information centre manager,39.702846,-92.976527,17,6,1,44.05749486652977,29.055673148020844,0
grocery_pos,123.9,Blairsden-Graeagle,CA,39.8127,-120.6405,1725,Chartered legal executive (England and Wales),39.229442,-120.493701,4,1,1,51.60027378507871,66.06632411443313,0
shopping_net,804.93,Holstein,NE,40.4542,-98.6538,331,Telecommunications researcher,41.19601,-97.919504,13,6,5,69.76317590691308,103.05863326657276,1
grocery_pos,221.23,Kansas City,MO,38.9621,-94.5959,545147,Counsellor,38.883402,-95.376961,0,0,12,33.11156741957564,68.1328535795764,0
grocery_pos,8.67,Hawthorne,CA,33.9143,-118.3493,93193,"""Editor, magazine features""",34.01072,-117.951206,20,2,12,25.700205338809035,38.24778396200508,0
shopping_net,31.75,Dumont,CO,39.7532,-105.6356,565,Mental health nurse,39.416978,-104.930676,8,4,1,40.39425051334703,71.04160618680217,0
shopping_net,226.4,Rock Springs,WY,41.606,-109.23,27971,Music therapist,42.596182,-109.957115,0,6,12,36.40520191649555,125.38359779921868,0
shopping_net,7.67,Phoenix,AZ,33.8155,-112.1202,1312922,Counselling psychologist,33.234271,-112.290021,20,0,12,21.078713210130047,66.51919763435784,0
shopping_net,379.7,Kansas City,MO,38.9621,-94.5959,545147,Counsellor,39.240328,-93.675372,22,5,1,31.132101300479125,85.24480999777947,0
shopping_net,28.05,Holstein,NE,40.4542,-98.6538,331,Telecommunications researcher,41.434114,-98.003344,7,0,12,70.36002737850787,121.88950015738472,0
gas_transport,40.36,Newhall,CA,34.3795,-118.523,34882,Health physicist,34.94388,-118.23206,22,0,1,47.70431211498973,68.16445207840093,0
grocery_pos,6.43,Wales,AK,64.7556,-165.6723,145,"""Administrator, education""",63.841199,-165.053055,6,0,1,79.16221765913758,105.96999146119676,0
shopping_pos,76.18,Browning,MO,40.029,-93.1607,602,Cytogeneticist,39.678308,-93.874243,8,4,12,66.45037645448323,72.32272691057037,0
gas_transport,23.02,Fullerton,NE,41.366,-98.0054,1749,"""Surveyor, mining""",42.316722,-98.717543,17,0,1,45.70841889117043,121.06080733040318,0
shopping_net,6.52,Carlotta,CA,40.507,-123.9743,1139,"""Therapist, occupational""",41.141127,-123.269624,5,6,12,69.94934976043805,92.12779980932892,0
grocery_pos,90.71,Thompson,UT,38.9999,-109.615,46,"""Surveyor, minerals""",38.323817,-109.175613,23,3,12,33.67282683093772,84.30286845544725,0
shopping_pos,6.8,Tekoa,WA,47.2271,-117.0819,895,Clothing/textile technologist,47.169816,-116.358198,23,5,12,21.57426420260096,55.04714856950866,0
grocery_pos,13.28,Lakeport,CA,39.047,-122.9328,11256,Podiatrist,38.779176,-123.282029,1,1,1,46.223134839151264,42.42477783445965,0
grocery_pos,4.04,Vinton,CA,40.0235,-120.7986,128,Education administrator,39.382102,-120.806893,9,6,1,52.91170431211499,71.32373209679064,0
grocery_pos,10.52,Camden,MO,39.2048,-94.0259,464,Colour technologist,38.999065,-93.079238,16,0,1,59.6331279945243,84.8298994223231,0
shopping_net,16.9,Moriarty,NM,34.9889,-106.0609,7268,"""Therapist, art""",34.36906,-105.387769,23,1,12,32.40246406570842,92.40640418545831,0
grocery_pos,192.64,Meridian,ID,43.6498,-116.4306,84106,Intelligence analyst,42.774091,-115.947483,20,3,12,49.86721423682409,104.95041560206612,0
gas_transport,89.44,Paradise Valley,AZ,33.5494,-111.9565,17047,Building surveyor,33.0824,-112.675229,0,0,12,85.91375770020534,84.59695939310578,0
gas_transport,72.63,Broomfield,CO,39.8854,-105.1139,92337,"""Engineer, electronics""",39.742167,-104.949541,5,1,12,53.19917864476386,21.23050759448291,0
shopping_net,59.45,Vinton,CA,40.0235,-120.7986,128,Education administrator,39.170146,-121.74758,0,6,12,54.847364818617386,124.95870069890184,0
shopping_pos,54.96,Westerville,NE,41.4193,-99.3844,73,Product designer,41.542661,-98.43901,3,6,1,83.94250513347022,79.94049077714868,0
shopping_net,62.43,Ashford,WA,46.7531,-121.9898,759,Video editor,47.546167,-121.007724,2,2,12,64.29295003422314,115.28950080734492,0
gas_transport,57.03,Paauilo,HI,20.0271,-155.3697,1490,"""Scientist, research (maths)""",19.571653,-156.044601,14,2,1,27.72347707049966,86.89286884148727,0
shopping_net,50.63,Cardwell,MO,36.0434,-90.2907,1120,Television floor manager,36.036015,-90.7505,18,3,1,61.73305954825462,41.35023699356595,0
gas_transport,57.19,Holstein,NE,40.4542,-98.6538,331,Telecommunications researcher,39.561089,-99.215353,23,4,12,70.35181382614647,110.2257363532058,0
shopping_pos,802.85,Jelm,WY,41.0539,-106.0763,100,Public librarian,40.280703,-105.530636,0,3,7,45.215605749486656,97.51797023846,1
shopping_net,35.11,Pueblo,CO,38.2352,-104.66,151815,Further education lecturer,37.860082,-104.380534,3,3,1,31.0362765229295,48.35992323277097,0
shopping_net,61.05,Gardiner,OR,43.7857,-124.1437,260,"""Engineer, maintenance""",43.368328,-124.627104,3,0,1,62.34907597535934,60.582151999278025,0
shopping_pos,34.39,Moab,UT,38.5677,-109.5271,9772,Location manager,38.04684,-110.339518,5,5,12,31.08829568788501,91.53807821414198,0
shopping_net,15.01,Shedd,OR,44.453,-123.1065,917,Radio broadcast assistant,43.505534,-123.487013,13,6,12,25.472963723477072,109.66431245800467,0
grocery_pos,762.81,Kirtland Afb,NM,35.0203,-106.5503,310,"""Surveyor, land/geomatics""",35.613234,-106.113833,4,2,1,40.276522929500345,76.91006224182071,0
gas_transport,7.13,Fort Washakie,WY,43.0048,-108.8964,1645,Information systems manager,43.410158,-109.631996,22,4,1,32.89801505817933,74.73896917485038,0
grocery_pos,94.45,Alva,WY,44.6873,-104.4414,110,"""Administrator, local government""",45.614134,-105.393759,1,1,1,45.64818617385352,127.27250976478756,0
shopping_net,9.1,Ruidoso,NM,33.3305,-105.6933,8874,Licensed conveyancer,32.607518,-105.746937,22,3,9,20.10677618069815,80.54749518422831,1
grocery_pos,7.75,Sacramento,CA,38.5662,-121.3286,757530,Magazine features editor,37.609514,-122.176339,23,2,1,39.696098562628336,129.69383731492678,0
shopping_net,3.29,Weeping Water,NE,40.8731,-96.1528,1517,Dealer,40.566485,-97.026148,23,6,1,67.1813826146475,81.11451988657545,0
gas_transport,106.46,Tekoa,WA,47.2271,-117.0819,895,Clothing/textile technologist,48.185486,-117.346312,22,6,12,21.57700205338809,108.38852071324588,0
shopping_net,49.24,Woods Cross,UT,40.8874,-111.9027,13983,Insurance broker,40.570737,-112.484102,17,2,12,41.379876796714576,60.331963698366216,0
shopping_net,43.58,Centerview,MO,38.7897,-93.8702,2368,Electronics engineer,38.484521,-93.962423,18,1,1,29.45927446954141,34.86692385167358,0
shopping_net,13.73,Colorado Springs,CO,38.8881,-104.6556,525713,Museum/gallery exhibitions officer,39.284231,-104.556361,13,1,1,26.666666666666668,44.872793950406034,0
gas_transport,967.39,Vancouver,WA,45.6892,-122.6616,299480,Teaching laboratory technician,46.221079,-123.626395,0,0,7,35.54551676933607,95.18548925620212,1
shopping_net,302.13,High Rolls Mountain Park,NM,32.9396,-105.8189,899,Naval architect,32.913278,-106.756143,22,4,12,53.3223819301848,87.52491442160003,0
shopping_pos,175.5,Napa,CA,38.4549,-122.2564,94014,Airline pilot,37.772006,-122.302634,3,6,1,33.4154688569473,76.04199972285052,0
shopping_pos,18.95,Shedd,OR,44.453,-123.1065,917,Radio broadcast assistant,44.707635,-122.478768,23,0,2,24.61327857631759,57.21372567045641,1
shopping_pos,37.29,North Loup,NE,41.4972,-98.7858,509,"""Nurse, children's""",41.155367,-98.238998,8,5,12,40.27926078028747,59.40996497471858,0
gas_transport,1.22,San Diego,CA,32.7185,-117.1593,1241364,Comptroller,31.816245,-117.278201,18,0,1,31.123887748117728,100.94709063034334,0
shopping_pos,1.64,Pueblo,CO,38.2352,-104.66,151815,Further education lecturer,37.262277,-104.095405,21,0,12,32.982888432580424,119.02855797994673,0
gas_transport,1.27,Portland,OR,45.5303,-122.7033,841711,"""Engineer, building services""",44.794055,-121.735801,14,6,1,55.75906913073238,111.60575278218178,0
shopping_net,6.59,Port Costa,CA,38.046,-122.1866,198,Armed forces training and education officer,37.980771,-122.493254,12,1,1,59.775496235455165,27.82685806556413,0
shopping_pos,12.57,Riverton,WY,43.0351,-108.2024,19408,"""Lecturer, higher education""",42.216514,-108.195428,19,1,12,27.299110198494184,91.02439747215368,0
grocery_pos,1.66,Superior,AZ,33.2887,-111.0985,2872,Petroleum engineer,33.684509,-111.025156,15,6,1,31.211498973305957,44.53443530807986,0
grocery_pos,81.91,Jelm,WY,41.0539,-106.0763,100,Public librarian,41.709795,-106.408292,8,1,1,44.73100616016427,78.01470751206911,0
shopping_pos,44.63,Thompson,UT,38.9999,-109.615,46,"""Surveyor, minerals""",39.784914,-109.421193,15,2,1,31.71526351813826,88.86410271968573,0
gas_transport,24.99,Wendel,CA,40.3406,-120.2824,104,"""Teacher, adult education""",39.343022,-120.633428,23,0,12,31.367556468172484,114.90261032555902,0
shopping_pos,56.73,Browning,MO,40.029,-93.1607,602,Cytogeneticist,39.622418,-93.960208,5,4,1,64.51471594798083,81.88666621596374,0
grocery_pos,14.9,Brashear,MO,40.1959,-92.4333,805,Private music teacher,41.186898,-91.749299,21,3,12,50.51334702258727,124.37105719290642,0
grocery_pos,1025.76,Manville,WY,42.73,-104.7024,241,Educational psychologist,41.953063,-104.296483,0,3,8,39.657768651608485,92.60905740933175,1
shopping_net,63.87,Burbank,WA,46.1966,-118.9017,3684,Musician,46.44924,-118.04968,15,1,12,39.082819986310746,71.20251570982894,0
shopping_net,44.41,Lagrange,WY,41.6423,-104.1974,635,Product/process development scientist,41.294469,-104.620652,20,4,1,45.51676933607119,52.34085633328249,0
shopping_net,49.71,Greenview,CA,41.5403,-122.9366,308,Call centre manager,42.502593,-123.023525,15,0,1,60.31759069130732,107.24273960354628,0
shopping_net,44.88,Issaquah,WA,47.4974,-122.0107,50489,Osteopath,47.463356,-122.583257,15,6,1,34.85284052019165,43.193917470641125,0
shopping_net,39.92,Lake Oswego,OR,45.4093,-122.6847,42817,Planning and development surveyor,45.328922,-122.355006,22,6,12,38.5845311430527,27.261890101747188,0
shopping_pos,2.52,Newhall,CA,34.3795,-118.523,34882,Health physicist,33.724415,-118.795668,19,3,12,49.686516084873375,77.05190555367561,0
grocery_pos,13.4,Altonah,UT,40.3207,-110.436,302,"""Sales professional, IT""",39.413005,-110.78201,19,4,1,29.00205338809035,105.16217118629044,0
gas_transport,10.76,Lowell,OR,43.921,-122.7806,1420,Systems analyst,44.615009,-122.17831,20,6,12,55.12662559890486,90.85717357629215,0
grocery_pos,34.62,Wheaton,MO,36.7651,-94.0492,760,Production manager,36.3642,-93.323277,20,6,12,35.32375085557837,78.67883934710257,0
shopping_net,71.97,Meadville,MO,39.7795,-93.3014,964,Tourist information centre manager,39.064795,-94.242112,19,6,12,46.012320328542096,113.3345505525544,0
shopping_net,6.8,Newberg,OR,45.3099,-122.9685,28278,Research scientist (physical sciences),44.411508,-123.509404,12,4,1,41.50581793292265,108.6127747351318,0
shopping_net,64.23,Kirk,CO,39.6171,-102.4776,207,Network engineer,40.050502,-102.108158,6,6,1,63.12936344969199,57.59851891911866,0
gas_transport,88.29,Ravenna,NE,41.0233,-98.9041,2202,"""Solicitor, Scotland""",41.09757,-99.770536,0,2,12,46.52703627652293,73.11209409251555,0
shopping_net,56.87,Thompson,UT,38.9999,-109.615,46,"""Surveyor, minerals""",38.829043,-109.811453,2,0,1,31.74811772758385,25.491865126115755,0
grocery_pos,3.23,Utica,MO,39.7417,-93.6289,271,Land/geomatics surveyor,40.722867,-92.734968,18,3,12,48.70362765229295,132.89518692566884,0
gas_transport,3.88,Redford,MO,37.3272,-91.0243,241,Investment analyst,36.670324,-90.092088,13,5,1,44.21081451060917,110.40037851626134,0
gas_transport,32.96,Freedom,WY,43.0172,-111.0292,471,"""Education officer, museum""",42.250848,-111.937667,23,3,1,51.460643394934976,113.06754957879969,0
shopping_net,8.78,Coulee Dam,WA,48.0379,-118.9419,1439,"""Pilot, airline""",47.496065,-119.832317,1,6,3,19.482546201232037,89.76956189546753,1
shopping_net,18.01,Carroll,NE,42.277,-97.1926,566,Metallurgist,43.135913,-96.20581,23,6,2,45.07597535934291,124.98950078256776,1
shopping_net,96.91,Laguna Hills,CA,33.615,-117.7114,45303,Sales executive,33.826405,-118.339069,15,1,12,51.01984941820671,62.629831479436056,0
shopping_net,159.85,Luray,MO,40.4931,-91.8912,519,Town planner,40.353669,-91.635241,2,3,1,52.90622861054072,26.64257694878272,0
shopping_net,8.09,Centerview,MO,38.7897,-93.8702,2368,Electronics engineer,38.739184,-93.822831,13,1,12,31.45242984257358,6.9583958871039,0
grocery_pos,60.33,Broomfield,CO,39.8854,-105.1139,92337,"""Engineer, electronics""",40.461866,-105.396965,19,6,12,53.1937029431896,68.4632374761264,0
gas_transport,123.19,Lake Oswego,OR,45.4093,-122.6847,42817,Planning and development surveyor,45.009594,-122.888368,6,1,12,38.59000684462697,47.222278428607545,0
grocery_pos,210.57,Superior,AZ,33.2887,-111.0985,2872,Petroleum engineer,32.318397,-110.801627,11,6,1,31.23066392881588,111.40325155601936,0
grocery_pos,4.57,Jelm,WY,41.0539,-106.0763,100,Public librarian,41.066121,-106.104742,22,3,12,46.691307323750856,2.744689081335648,0
shopping_net,26.96,Cascade Locks,OR,45.671,-121.8686,1288,Barrister,46.316119,-121.744055,0,0,1,82.70499657768652,72.37628056456742,0
shopping_pos,1.43,Weeping Water,NE,40.8731,-96.1528,1517,Dealer,41.173885,-95.374109,4,0,12,69.13894592744695,73.3882164727562,0
grocery_pos,24.36,Bay City,OR,45.5197,-123.8761,1530,Colour technologist,45.414094,-123.28408,23,3,12,34.10266940451746,47.637589640728415,0
shopping_pos,48.15,Centerview,MO,38.7897,-93.8702,2368,Electronics engineer,38.521536,-93.581776,5,0,12,31.449691991786448,38.94080473367201,0
gas_transport,2.86,Red River,NM,36.6659,-105.4694,606,"""Surveyor, land/geomatics""",36.93847,-105.31482,22,0,12,32.309377138945926,33.28690461422644,0
shopping_net,52.47,Crownpoint,NM,35.7206,-108.0271,5662,IT consultant,35.04717,-108.863715,5,0,1,29.78781656399726,106.58083840904362,0
shopping_net,10.52,Newberg,OR,45.3099,-122.9685,28278,Research scientist (physical sciences),46.270842,-122.403208,14,0,1,41.4757015742642,115.49099530686858,0
shopping_net,55.95,Lonetree,WY,41.0552,-110.1603,49,Research scientist (physical sciences),41.94577,-109.305981,23,1,1,37.51129363449692,121.9338528877132,0
grocery_pos,75.17,Louisiana,MO,39.4336,-91.0664,4593,"""Teacher, early years/pre""",38.585897,-91.469323,9,4,12,80.12046543463381,100.48344584873136,0
gas_transport,85.08,Wheaton,MO,36.7651,-94.0492,760,Production manager,36.336532,-94.509184,0,6,12,35.32375085557837,62.92223045860872,0
shopping_net,72.16,Laguna Hills,CA,33.615,-117.7114,45303,Sales executive,33.952946,-116.843152,3,0,12,51.017111567419576,88.60491094526263,0
shopping_pos,48.88,Kansas City,MO,38.9621,-94.5959,545147,Counsellor,38.724609,-95.542177,17,0,12,33.11156741957564,86.10209974980965,0
grocery_pos,126.06,Ashford,WA,46.7531,-121.9898,759,Video editor,46.331294,-121.16751,1,0,1,62.35181382614648,78.4535583601657,0
shopping_net,287.86,Valentine,NE,42.8062,-100.6215,4005,Network engineer,43.098764,-101.273137,1,5,9,74.48049281314168,62.21630165399659,1
shopping_net,61.09,Superior,AZ,33.2887,-111.0985,2872,Petroleum engineer,32.644091,-111.546792,23,1,12,33.17180013689254,82.98582067500561,0
grocery_pos,65.03,Westfir,OR,43.7575,-122.481,597,Forensic psychologist,43.263477,-123.195898,4,0,1,57.65639972621492,79.63225709741155,0
grocery_pos,70.23,Burbank,WA,46.1966,-118.9017,3684,Musician,46.739074,-119.250479,11,1,12,39.082819986310746,65.97003198646559,0
grocery_pos,93.38,Athena,OR,45.8289,-118.4971,1302,Dealer,45.476432,-117.731943,6,6,12,44.19164955509925,71.22482872213484,0
shopping_net,64.74,Daly City,CA,37.6787,-122.478,107941,"""Buyer, industrial""",38.65133,-121.946456,0,1,1,27.263518138261464,117.71191007027586,0
shopping_pos,8.97,San Jose,CA,37.3304,-121.7913,973849,Geoscientist,37.377443,-122.228172,23,5,6,22.403832991101982,38.96740663442929,1
shopping_net,367.59,Brashear,MO,40.1959,-92.4333,805,Private music teacher,40.246862,-92.828531,1,1,12,49.492128678986994,34.03155502956375,1
gas_transport,10.3,Tomales,CA,38.2427,-122.9145,337,Occupational psychologist,38.049705,-123.379258,23,3,12,66.47227926078028,45.95981825287255,0
shopping_net,92.75,Wendel,CA,40.3406,-120.2824,104,"""Teacher, adult education""",40.17803,-120.506513,1,2,12,31.37303216974675,26.23801750634202,0
shopping_net,51.04,Meredith,CO,39.3199,-106.6596,61,Public relations account executive,38.460998,-106.64147,12,0,1,79.17590691307323,95.51843334644812,0
grocery_pos,10.07,Cascade Locks,OR,45.671,-121.8686,1288,Barrister,46.220051,-121.513956,15,6,1,82.72142368240931,66.92659425711476,0
grocery_pos,2.26,Sutherland,NE,41.1558,-101.136,1789,Insurance broker,40.65967,-100.576151,18,3,12,38.88569472963724,72.5044176847347,0
grocery_pos,419.52,Orient,WA,48.8878,-118.2105,149,Special educational needs teacher,48.342876,-118.35081,23,5,12,42.458590006844624,61.46438311807701,1
grocery_pos,25.49,Cascade Locks,OR,45.671,-121.8686,1288,Barrister,46.537095,-121.878528,15,4,1,82.6776180698152,96.30841141821855,0
gas_transport,78.1,Hooper,NE,41.6414,-96.5232,1745,"""Engineer, automotive""",40.702703,-97.086335,12,2,12,47.011635865845314,114.52659997352475,0
grocery_pos,1.37,Sutherland,NE,41.1558,-101.136,1789,Insurance broker,41.770782,-101.888589,21,6,1,36.91991786447639,92.78340158637042,0
grocery_pos,2.56,Crownpoint,NM,35.7206,-108.0271,5662,IT consultant,36.119382,-108.738898,17,6,12,31.720739219712527,77.9400804633396,0
grocery_pos,3.53,Kirtland Afb,NM,35.0203,-106.5503,310,"""Surveyor, land/geomatics""",34.141169,-107.379138,13,1,12,42.247775496235455,123.74766480565052,0
shopping_net,27.53,Lonetree,WY,41.0552,-110.1603,49,Research scientist (physical sciences),41.619475,-110.940968,1,4,1,37.53867214236824,90.46982666276536,0
grocery_pos,97.96,Cardwell,MO,36.0434,-90.2907,1120,Television floor manager,36.739953,-89.332348,16,1,1,61.70841889117043,115.57339257331776,0
shopping_net,47.33,Sutherland,NE,41.1558,-101.136,1789,Insurance broker,42.155397,-101.537459,23,5,1,36.91718001368925,116.04602134037522,0
grocery_pos,53.64,High Rolls Mountain Park,NM,32.9396,-105.8189,899,Naval architect,33.760948,-104.823279,0,6,12,53.327857631759066,129.97211173991423,0
shopping_net,74.44,Westfir,OR,43.7575,-122.481,597,Forensic psychologist,44.693218,-121.569678,16,1,1,57.63997262149213,126.8796190988176,0
gas_transport,83.92,Thompson,UT,38.9999,-109.615,46,"""Surveyor, minerals""",38.210919,-110.595579,23,1,1,31.693360711841205,122.2967688724728,0
grocery_pos,107.85,Bay City,OR,45.5197,-123.8761,1530,Colour technologist,45.744654,-124.745766,6,1,12,34.09719370294319,72.09805336617187,0
shopping_pos,354.12,Ashford,WA,46.7531,-121.9898,759,Video editor,46.686904,-122.14452,8,6,1,62.32991101984942,13.902857926033136,0
grocery_pos,42.52,Rocky Mount,MO,38.2911,-92.7059,1847,Tax inspector,37.839981,-93.685203,4,3,12,32.18069815195072,99.32839743129227,0
shopping_net,56.02,Port Costa,CA,38.046,-122.1866,198,Armed forces training and education officer,38.822069,-121.564804,7,6,12,61.74401095140315,101.88191681902894,0
shopping_pos,35.83,Red River,NM,36.6659,-105.4694,606,"""Surveyor, land/geomatics""",36.988581,-105.640915,23,0,12,32.309377138945926,38.992977642985664,0
grocery_pos,17.59,Vancouver,WA,45.6892,-122.6616,299480,Teaching laboratory technician,46.034848,-122.056641,18,4,12,35.97809719370294,60.59376786251816,0
shopping_pos,1.04,Ruidoso,NM,33.3305,-105.6933,8874,Licensed conveyancer,33.501227,-104.996742,23,1,12,20.369609856262837,67.37970726829911,0
grocery_pos,1050.34,Mound City,MO,40.1362,-95.2138,1631,Architect,40.866274,-94.242387,23,0,9,67.6495550992471,115.48168046852916,1
grocery_pos,140.29,Saint Louis,MO,38.6171,-90.4504,927396,Occupational hygienist,37.670937,-91.341698,19,3,1,58.85010266940452,130.93404449710292,0
shopping_pos,43.02,Centerview,MO,38.7897,-93.8702,2368,Electronics engineer,38.308669,-93.188071,19,3,12,31.457905544147845,79.87327789575116,0
grocery_pos,358.55,Sutherland,NE,41.1558,-101.136,1789,Insurance broker,41.571712,-101.868459,2,5,8,38.48870636550308,76.65047451962573,1
shopping_net,53.91,Newhall,CA,34.3795,-118.523,34882,Health physicist,34.24001,-118.909688,19,0,12,49.67830253251198,38.75536313740726,0
grocery_pos,48.54,Stayton,OR,44.8021,-122.7624,9587,"""Engineer, biomedical""",43.995047,-122.844915,17,3,1,50.77891854893908,89.97931317327766,0
