category,amt,city,state,lat,long,city_pop,job,merch_lat,merch_long,trans_hour,trans_dayofweek,trans_month,customer_age,merchant_distance_km,is_fraud
home,14.9,Brashear,MO,40.1959,-92.4333,805,Private music teacher,41.186898,-91.749299,21,3,12,50.51334702258727,124.37105719290642,0
gas_transport,78.98,Sutherland,NE,41.1558,-101.136,1789,Insurance broker,41.079094,-100.31824,1,5,1,36.89801505817933,69.03256718659988,0
shopping_net,2.94,San Jose,CA,37.3304,-121.7913,973849,Geoscientist,37.561234,-120.989427,12,5,12,23.93702943189596,75.29941887685047,0
personal_care,38.21,Norwalk,CA,33.9056,-118.0818,105549,Firefighter,34.659058,-117.629133,23,1,12,47.26899383983573,93.53532023913114,0
shopping_net,20.59,Powell Butte,OR,44.2415,-121.0113,2016,Local government officer,44.162152,-121.854275,11,0,1,65.07323750855578,67.77366081790979,0
kids_pets,20.7,Iliff,CO,40.7692,-103.0968,648,Community arts worker,40.319349,-103.995389,21,5,12,51.26351813826147,90.92362546712896,0
food_dining,9.03,Lakeport,CA,39.047,-122.9328,11256,Podiatrist,38.108471,-122.386039,15,4,1,46.21218343600274,114.67248852572388,0
shopping_pos,3.38,Portland,OR,45.5303,-122.7033,841711,"""Engineer, building services""",45.867252,-123.569125,7,0,12,57.73579739904175,76.97495283633744,0
personal_care,76.68,Pueblo,CO,38.2352,-104.66,151815,Further education lecturer,38.418867,-105.12348,18,2,12,32.988364134154686,45.29504924814208,0
health_fitness,96.8,Thompson,UT,38.9999,-109.615,46,"""Surveyor, minerals""",38.888081,-108.765302,14,1,12,33.686516084873375,74.52866066424123,0
travel,2.92,Llano,NM,36.1486,-105.6648,247,Architectural technologist,35.464811,-105.649704,17,6,1,57.20191649555099,76.0460532519345,0
home,3.12,Cascade Locks,OR,45.671,-121.8686,1288,Barrister,44.862493,-121.787626,13,1,1,82.6694045174538,90.12492644228178,0
shopping_net,6.76,Valentine,NE,42.8062,-100.6215,4005,Network engineer,43.222286,-100.798748,0,6,1,73.83162217659138,48.45901015953703,0
kids_pets,9.77,Ashford,WA,46.7531,-121.9898,759,Video editor,46.301505,-122.047886,22,0,3,63.50171115674196,50.41130917539638,1
food_dining,71.75,Fiddletown,CA,38.5234,-120.6763,832,Immigration officer,39.016415,-120.555506,17,4,12,33.60438056125941,55.81202572159681,0
gas_transport,56.73,Browning,MO,40.029,-93.1607,602,Cytogeneticist,39.622418,-93.960208,5,4,1,64.51471594798083,81.88666621596374,0
health_fitness,74.52,Alva,WY,44.6873,-104.4414,110,"""Administrator, local government""",44.152008,-104.025265,21,5,12,47.61396303901437,68.08116798160665,0
shopping_pos,8.56,Jelm,WY,41.0539,-106.0763,100,Public librarian,40.26709,-105.247274,22,5,1,44.72279260780287,112.00063169111704,0
home,1.16,Red River,NM,36.6659,-105.4694,606,"""Surveyor, land/geomatics""",35.926954,-105.687168,14,1,1,30.357289527720734,84.45289624139588,0
gas_transport,63.09,Sutherland,NE,41.1558,-101.136,1789,Insurance broker,41.809644,-100.623268,9,5,1,36.936344969199176,84.32148832195543,0
grocery_pos,70.46,Sutherland,NE,41.1558,-101.136,1789,Insurance broker,42.129286,-101.689025,2,5,1,36.91718001368925,117.59669184085357,0
kids_pets,3.97,Paradise Valley,AZ,33.5494,-111.9565,17047,Building surveyor,32.70832,-111.707814,19,4,1,83.96988364134155,96.34809089220616,0
shopping_net,2.41,Espanola,NM,35.9866,-106.0654,18408,Historic buildings inspector/conservation officer,35.112267,-105.322752,23,1,1,46.455852156057496,118.17730475873536,0
grocery_pos,55.9,San Diego,CA,33.0067,-117.069,1241364,Chartered public finance accountant,32.318397,-116.438947,3,6,1,59.460643394934976,96.62427797329146,0
kids_pets,7.11,Bay City,OR,45.5197,-123.8761,1530,Colour technologist,46.203571,-123.845234,15,4,12,34.08624229979466,76.08053672979393,0
gas_transport,51.2,Sutherland,NE,41.1558,-101.136,1789,Insurance broker,41.048192,-101.808248,6,5,12,38.87200547570158,57.58428330582868,0
shopping_pos,452.72,Independence,MO,39.1412,-94.3515,123373,"""Engineer, production""",40.057476,-93.731398,13,1,1,26.11362080766598,114.9047771830484,0
grocery_net,7.88,Palmdale,CA,34.5715,-118.0231,171170,Chemical engineer,33.96331,-118.912661,0,2,9,57.28678986995209,106.09213054077136,1
entertainment,73.4,Lonetree,WY,41.0552,-110.1603,49,Research scientist (physical sciences),41.459578,-110.166254,23,1,1,37.492128678986994,44.96753639103717,0
home,117.38,Roseland,NE,40.4591,-98.5551,463,"""Nurse, mental health""",40.329128,-99.010083,20,5,12,72.57221081451061,41.1521163546424,0
grocery_net,54.88,Napa,CA,38.4549,-122.2564,94014,Airline pilot,38.837386,-122.907577,3,6,1,33.39630390143737,70.75930863932753,0
kids_pets,105.46,Phoenix,AZ,33.5623,-112.0559,1312922,Contractor,33.497131,-112.807964,22,4,1,37.23477070499658,70.08580529651863,0
home,4.86,North Loup,NE,41.4972,-98.7858,509,"""Nurse, children's""",41.166687,-98.013719,13,4,12,40.276522929500345,74.20514752798184,0
misc_pos,15.16,Meridian,ID,43.6498,-116.4306,84106,Intelligence analyst,43.190401,-116.864599,22,6,1,47.92060232717317,61.9520392474154,0
home,16.14,Colorado Springs,CO,38.8881,-104.6556,525713,Museum/gallery exhibitions officer,39.459536,-104.72561,19,6,12,28.635181382614647,63.82673099599447,0
kids_pets,124.4,Manville,WY,42.73,-104.7024,241,Educational psychologist,42.299781,-105.687889,22,6,1,38.07529089664613,93.87505393008112,0
kids_pets,54.14,Burbank,WA,46.1966,-118.9017,3684,Musician,45.5712,-119.520742,12,1,1,37.12799452429842,84.45048794623715,0
kids_pets,42.23,Santa Monica,CA,34.0287,-118.4924,92043,"""Civil engineer, contracting""",33.794965,-119.306545,19,2,1,57.68925393566051,79.497759433478,0
shopping_pos,72.78,Sun City,CA,33.7467,-117.1721,54287,"""Designer, exhibition/display""",34.124186,-117.183881,14,3,12,48.27378507871321,41.98859664119371,0
shopping_net,956.38,Lonetree,WY,41.0552,-110.1603,49,Research scientist (physical sciences),41.224937,-109.321399,22,4,3,37.69199178644764,72.7415119616545,1
health_fitness,67.23,Moriarty,NM,34.9889,-106.0609,7268,"""Therapist, art""",34.248452,-106.324987,21,3,1,30.45311430527036,85.8072062437362,0
grocery_pos,84.82,Shedd,OR,44.453,-123.1065,917,Radio broadcast assistant,43.509941,-123.832092,3,3,1,23.49075975359343,119.86040554016824,0
home,31.3,Campbell,NE,40.2967,-98.737,493,"""Surveyor, minerals""",39.418552,-98.593766,16,6,1,78.31348391512662,98.40798939128746,0
home,40.75,Crownpoint,NM,35.7206,-108.0271,5662,IT consultant,36.147485,-107.310974,19,4,1,29.741273100616016,80.06361825391583,0
food_dining,5.24,Phoenix,AZ,33.5623,-112.0559,1312922,Contractor,32.881491,-112.903209,14,1,1,37.18822724161533,109.2832453700462,0
kids_pets,60.15,Spirit Lake,ID,47.9657,-116.868,4161,Production manager,47.444319,-117.313585,16,3,12,63.553730321697465,66.87876425689251,0
home,125.55,Gardiner,OR,43.7857,-124.1437,260,"""Engineer, maintenance""",43.997423,-124.088927,19,0,12,64.32306639288159,23.94816768375165,0
gas_transport,70.6,Rocky Mount,MO,38.2911,-92.7059,1847,Tax inspector,39.227804,-93.695361,5,5,12,32.167008898015055,134.9394899692524,0
gas_transport,67.62,Espanola,NM,35.9866,-106.0654,18408,Historic buildings inspector/conservation officer,36.492479,-106.890996,7,2,1,46.47775496235455,92.9863719021252,0
health_fitness,180.15,Indian Wells,CA,33.7163,-116.3381,4677,Learning mentor,33.651415,-115.611995,12,6,1,63.67145790554415,67.57006923654625,0
shopping_net,8.4,North Loup,NE,41.4972,-98.7858,509,"""Nurse, children's""",41.087361,-99.660381,18,5,1,38.32443531827516,86.11426221141431,0
shopping_net,2.01,Freedom,WY,43.0172,-111.0292,471,"""Education officer, museum""",42.789005,-110.233025,9,5,1,51.44695414099932,69.63630906563334,0
home,4.09,Independence,MO,39.1412,-94.3515,123373,"""Engineer, production""",39.598278,-93.410955,23,6,12,28.082135523613964,95.49760859504916,0
shopping_net,1029.22,Los Angeles,CA,34.0443,-118.2509,2383912,"""Journalist, newspaper""",34.256672,-117.635315,22,3,2,60.74743326488706,61.37180876706374,1
personal_care,43.74,Rocky Mount,MO,38.2911,-92.7059,1847,Tax inspector,37.438254,-93.264888,17,0,12,32.172484599589325,106.77500681442386,0
shopping_net,149.45,Superior,AZ,33.2887,-111.0985,2872,Petroleum engineer,32.763535,-111.60015,19,5,12,33.163586584531146,74.81484130386838,0
grocery_pos,122.96,Mendon,UT,41.71,-111.9817,2078,"""Scientist, audiological""",42.039927,-112.898907,3,2,12,57.549623545516766,84.3375959442519,0
kids_pets,44.21,Freedom,WY,43.0172,-111.0292,471,"""Education officer, museum""",43.329385,-111.772465,12,1,1,51.41683778234086,69.55484092348951,0
shopping_net,1058.87,Meredith,CO,39.3199,-106.6596,61,Public relations account executive,39.77714,-106.404072,22,5,12,80.09034907597535,55.362361774109246,1
entertainment,4.3,San Diego,CA,33.0067,-117.069,1241364,Chartered public finance accountant,32.814922,-116.211595,10,0,1,59.44421629021218,82.83059897667212,0
grocery_pos,192.52,Rock Springs,WY,41.606,-109.23,27971,Music therapist,40.922004,-109.950478,10,6,12,36.40520191649555,97.0097286638064,0
grocery_pos,80.58,Fullerton,NE,41.366,-98.0054,1749,"""Surveyor, mining""",41.016619,-97.901799,6,6,1,45.7056810403833,39.80483021740864,0
health_fitness,17.35,Lakeport,CA,39.047,-122.9328,11256,Podiatrist,38.552146,-122.519483,23,4,12,48.14784394250513,65.65557552063997,1
grocery_net,25.77,Redford,MO,37.3272,-91.0243,241,Investment analyst,37.645616,-91.420144,1,2,1,44.20260095824778,49.733792559259626,0
shopping_net,1128.66,Kirtland,NM,36.741,-108.351,6910,TEFL teacher,37.46916,-108.8658,23,0,9,64.65434633812457,92.95104728149708,1
shopping_net,19.99,Kansas City,MO,38.9621,-94.5959,545147,Counsellor,38.267377,-95.377906,17,1,1,31.159479808350444,102.87663610227251,0
misc_net,6.7,Espanola,NM,35.9866,-106.0654,18408,Historic buildings inspector/conservation officer,36.429926,-106.473714,23,6,12,48.4435318275154,61.41737949575528,0
misc_net,14.42,Hatch,UT,37.7175,-112.4777,258,Geoscientist,38.482796,-111.722502,1,6,1,57.13620807665982,107.74107567398,0
misc_net,61.51,Lagrange,WY,41.6423,-104.1974,635,Product/process development scientist,42.007878,-105.118153,10,6,12,47.45790554414784,86.44734023234666,0
misc_pos,1141.67,Fort Washakie,WY,43.0048,-108.8964,1645,Information systems manager,43.076284,-108.449026,22,1,12,34.86379192334018,37.21639169996318,0
shopping_net,122.14,Azusa,CA,34.1248,-117.9031,59705,Civil Service fast streamer,33.144852,-118.802136,12,0,12,37.51676933607119,137.11513070838134,0
grocery_pos,341.3,Red River,NM,36.6659,-105.4694,606,"""Surveyor, land/geomatics""",35.793833,-106.268412,3,0,3,31.485284052019164,120.57806342795088,1
shopping_net,1115.07,Fort Washakie,WY,43.0048,-108.8964,1645,Freight forwarder,43.850309,-108.448989,23,0,12,43.841204654346335,100.71936834860324,1
health_fitness,20.19,Roseland,NE,40.4591,-98.5551,463,"""Nurse, mental health""",40.452089,-98.486814,22,0,12,72.57768651608487,5.829984118045951,0
food_dining,50.37,Lamy,NM,35.4311,-105.9409,923,Public relations account executive,35.808921,-106.603115,14,6,1,54.55989048596852,73.12921641890567,0
entertainment,90.49,Helm,CA,36.4992,-120.0936,123,Early years teacher,37.354562,-119.605056,21,5,12,47.88227241615332,104.5563709433518,0
grocery_pos,299.41,Meredith,CO,39.3199,-106.6596,61,Public relations account executive,40.095587,-106.387033,1,6,12,80.0930869267625,89.34828013228896,1
kids_pets,64.51,Aurora,CO,39.6662,-104.835,389246,"""Scientist, marine""",40.3776,-104.382581,17,3,12,51.05270362765229,87.98608924615523,0
misc_pos,98.23,Woods Cross,UT,40.8874,-111.9027,13983,Insurance broker,40.824471,-112.195688,3,1,12,41.37713894592745,25.615433414861247,0
gas_transport,75.86,Kirtland Afb,NM,35.0203,-106.5503,310,"""Surveyor, land/geomatics""",35.198471,-106.791041,6,2,1,40.257357973990416,29.530570867030647,0
health_fitness,55.25,Westerville,NE,41.4193,-99.3844,73,Product designer,41.962848,-98.909028,23,6,12,85.87816563997262,72.18699093501444,0
gas_transport,81.3,Wendel,CA,40.3406,-120.2824,104,"""Teacher, adult education""",40.051807,-121.106125,10,4,1,29.404517453798768,76.98029634748426,0
entertainment,4.21,June Lake,CA,37.7773,-119.0825,633,Health service manager,37.938043,-118.23239,13,1,1,91.35112936344969,76.74348041222869,0
shopping_pos,768.28,Nelson,NE,40.201,-98.0684,732,Television/film/video producer,40.137422,-98.710192,22,5,10,62.82819986310746,54.9885070054899,1
misc_net,5.47,San Jose,CA,37.3304,-121.7913,973849,Geoscientist,36.865664,-121.573545,13,4,1,21.998631074606436,55.16710382616536,0
shopping_net,3.3,Red River,NM,36.6659,-105.4694,606,"""Surveyor, land/geomatics""",36.740009,-104.639985,14,2,1,30.360027378507876,74.39983803370377,0
misc_pos,2.1,Eugene,OR,44.0385,-123.0614,191096,"""Scientist, physiological""",44.482413,-122.264497,0,1,1,54.757015742642025,80.39732715199983,0
shopping_pos,26.51,Laramie,WY,41.4247,-105.4781,35371,"""Pilot, airline""",42.288164,-104.541554,16,1,1,30.368240930869263,123.42738023391884,0
shopping_pos,737.77,Brashear,MO,40.1959,-92.4333,805,Private music teacher,40.932816,-91.672178,22,1,12,49.492128678986994,104.15295105611138,1
health_fitness,3.65,Luray,MO,40.4931,-91.8912,519,Town planner,41.02319,-92.232437,14,0,12,54.87200547570158,65.57714755195073,0
health_fitness,60.55,Moab,UT,38.5677,-109.5271,9772,Location manager,39.42045,-108.995699,19,0,12,31.093771389459278,105.35686110447168,0
kids_pets,28.55,Altonah,UT,40.3207,-110.436,302,"""Sales professional, IT""",40.420796,-109.995353,23,6,12,30.94318959616701,38.95373821720808,0
misc_net,1.79,Syracuse,MO,38.6547,-92.8929,628,"""Radiographer, diagnostic""",39.484615,-92.611844,7,3,1,57.04312114989733,95.41862043212616,0
misc_pos,2.99,Jelm,WY,41.0539,-106.0763,100,Public librarian,41.488043,-105.844083,17,0,12,46.70225872689939,52.02945204716617,0
personal_care,36.18,Howells,NE,41.6964,-96.9858,1063,Research scientist (maths),42.355431,-96.730313,12,4,12,92.73100616016428,76.25891904416727,0
shopping_net,871.92,Grenada,CA,41.6125,-122.5258,589,Systems analyst,40.847015,-122.226543,22,2,7,73.53045859000684,88.72059934597357,1
shopping_net,5.53,Holstein,NE,40.4542,-98.6538,331,Telecommunications researcher,40.440902,-98.37508,5,0,1,68.40520191649556,23.631404344895618,0
shopping_pos,56.68,Meridian,ID,43.6498,-116.4306,84106,Intelligence analyst,42.6606,-116.851495,12,6,1,47.93976728268309,115.17047542774098,0
home,61.34,Tekoa,WA,47.2271,-117.0819,895,Clothing/textile technologist,46.368865,-116.923008,21,0,1,19.6249144421629,96.1947260817369,0
kids_pets,30.04,Browning,MO,40.029,-93.1607,602,Cytogeneticist,39.697255,-93.864315,14,1,1,64.50650239561944,70.47831612109326,0
home,50.35,Rocky Mount,MO,38.2911,-92.7059,1847,Tax inspector,37.958362,-93.24242,17,4,1,30.190280629705683,59.76147573068653,0
gas_transport,77.62,Independence,MO,39.1412,-94.3515,123373,"""Engineer, production""",38.748636,-94.884859,7,1,1,26.094455852156056,63.505824285599786,0
personal_care,52.66,Omaha,NE,41.2064,-95.9953,518429,"""Surveyor, land/geomatics""",41.615927,-96.78839,19,6,12,25.21560574948665,80.29905582762008,0
home,18.5,Manville,WY,42.73,-104.7024,241,Educational psychologist,42.269573,-105.616612,22,2,1,38.08350444900753,90.7650738518815,0
grocery_pos,314.84,Laguna Hills,CA,33.615,-117.7114,45303,Sales executive,32.961337,-117.094975,2,6,1,50.05612594113621,92.55158753414064,1
kids_pets,49.54,Sun City,CA,33.7467,-117.1721,54287,"""Designer, exhibition/display""",34.050153,-116.591951,14,3,1,46.299794661190965,63.28957913439555,0
shopping_pos,744.34,Meredith,CO,39.3199,-106.6596,61,Public relations account executive,39.634083,-106.791246,23,5,12,80.09034907597535,36.71731012098091,1
personal_care,240.13,Westerville,NE,41.4193,-99.3844,73,Product designer,40.6231,-99.413769,19,6,1,83.90417522245038,88.56767614545686,0
grocery_pos,333.82,Westfir,OR,43.7575,-122.481,597,Forensic psychologist,44.442791,-121.842875,10,4,11,58.45311430527036,91.66733038183511,1
shopping_net,101.99,Indian Wells,CA,33.7163,-116.3381,4677,Learning mentor,33.410224,-116.13967,10,4,1,63.70431211498973,38.682726636705,0
grocery_net,47.17,Lake Oswego,OR,45.4093,-122.6847,42817,Planning and development surveyor,46.106807,-121.729227,3,2,12,38.5927446954141,107.28294252938788,0
home,58.89,Sutherland,NE,41.1558,-101.136,1789,Insurance broker,41.958422,-100.359431,12,0,1,36.941820670773446,110.18185631196246,0
gas_transport,64.0,Ashford,WA,46.7531,-121.9898,759,Video editor,46.897445,-122.506291,10,2,1,62.299794661190965,42.44729849711591,0
gas_transport,20.41,Ashford,WA,46.7531,-121.9898,759,Video editor,47.504665,-121.899874,1,0,3,63.50171115674196,83.84664179315273,1
shopping_pos,8.55,San Jose,CA,37.3304,-121.7913,973849,Geoscientist,36.993131,-121.279511,20,3,1,21.9958932238193,58.849308370351366,0
travel,2.47,Omaha,NE,41.2064,-95.9953,518429,"""Surveyor, land/geomatics""",40.871601,-95.380678,23,4,12,25.21013004791239,63.58560644586035,0
gas_transport,49.07,Conway,WA,48.34,-122.3456,85,"""Research officer, political party""",48.166257,-122.454618,7,3,1,34.37645448323067,20.93765967085583,0
shopping_net,86.3,Dumont,CO,39.7532,-105.6356,565,Mental health nurse,40.133588,-105.031876,5,3,1,40.39151266255989,66.61806215617204,0
grocery_net,20.15,Superior,AZ,33.2887,-111.0985,2872,Petroleum engineer,33.253132,-110.881067,3,0,12,33.16906228610541,20.59768439077631,0
shopping_pos,6.77,Holstein,NE,40.4542,-98.6538,331,Telecommunications researcher,40.212347,-98.125874,6,1,12,70.36276522929501,52.20774337527287,0
food_dining,3.55,Orient,WA,48.8878,-118.2105,149,Special educational needs teacher,48.668852,-119.055676,12,3,12,42.52977412731006,66.54302676763275,0
health_fitness,12.31,Roseland,NE,40.4591,-98.5551,463,"""Nurse, mental health""",40.129257,-99.536855,16,1,12,72.58042436687201,90.98396129814066,0
food_dining,128.49,Newhall,CA,34.3795,-118.523,34882,Health physicist,35.174848,-118.781514,3,0,4,47.93429158110883,91.53603812999606,1
personal_care,30.17,Kent,OR,45.0838,-120.6649,60,Museum education officer,44.351382,-119.783813,16,1,1,76.76659822039699,107.13991997744598,0
shopping_net,6.22,Azusa,CA,34.1248,-117.9031,59705,Civil Service fast streamer,33.830466,-118.50039,12,0,1,35.54277891854894,64.06591660794817,0
grocery_pos,93.01,Ashford,WA,46.7531,-121.9898,759,Video editor,47.543686,-121.75136,10,4,1,62.30527036276523,89.73928888270557,0
entertainment,30.14,North Loup,NE,41.4972,-98.7858,509,"""Nurse, children's""",41.829598,-98.117774,18,5,1,38.30527036276523,66.67461539798113,0
gas_transport,27.45,Wendel,CA,40.3406,-120.2824,104,"""Teacher, adult education""",39.669255,-119.412447,3,4,1,29.423682409308693,105.18004651878267,0
grocery_pos,302.1,Kaktovik,AK,66.6933,-153.994,239,Careers information officer,67.064277,-153.492308,0,4,3,22.97056810403833,46.7060555462585,1
shopping_net,17.78,Eugene,OR,44.0385,-123.0614,191096,"""Scientist, physiological""",43.235345,-122.86515,7,5,12,56.72279260780287,90.69237467088604,0
grocery_pos,315.48,Downey,CA,33.9581,-118.1174,111772,Fine artist,33.033591,-117.661666,3,0,5,56.18617385352498,111.14744533851348,1
health_fitness,19.89,Burbank,WA,46.1966,-118.9017,3684,Musician,45.367824,-118.164693,18,4,4,38.40109514031485,108.43777979266872,1
travel,456.68,Alva,WY,44.6873,-104.4414,110,"""Administrator, local government""",44.310055,-103.74118,16,1,1,45.6290212183436,69.59706542563504,0
grocery_pos,130.82,Manley,NE,40.9207,-96.168,206,Human resources officer,40.639929,-95.343169,4,0,12,53.23477070499658,76.1441548211717,0
misc_pos,4.44,Moriarty,NM,34.9889,-106.0609,7268,"""Therapist, art""",35.18028,-105.132952,12,0,12,32.39972621492129,87.07520784932412,0
shopping_pos,149.98,Kissee Mills,MO,36.6704,-93.0377,1201,"""Engineer, agricultural""",37.136961,-93.433365,14,2,1,38.79260780287474,62.682919858199845,0
entertainment,74.38,Red Cliff,CO,39.4584,-106.3851,277,Human resources officer,38.597628,-106.713198,15,3,1,33.790554414784395,99.82109619397872,0
personal_care,84.29,Redford,MO,37.3272,-91.0243,241,Investment analyst,37.029348,-91.28703,22,6,12,46.16837782340863,40.481004750301096,0
kids_pets,81.15,Luray,MO,40.4931,-91.8912,519,Town planner,39.6801,-91.455867,16,1,1,52.90075290896646,97.69299579391644,0
misc_net,7.19,Fort Washakie,WY,43.0048,-108.8964,1645,Information systems manager,42.994201,-107.980661,4,4,12,34.85284052019165,74.48004049903086,0
gas_transport,70.79,Indian Wells,CA,33.7163,-116.3381,4677,Learning mentor,33.059388,-116.068979,7,6,1,63.709787816564,77.20044365391831,0
home,48.28,Corona,CA,33.8419,-117.6043,233717,Wellsite geologist,33.530428,-118.172163,21,1,1,52.63244353182751,62.9289201754733,0
shopping_net,2.08,Rocky Mount,MO,38.2911,-92.7059,1847,Tax inspector,38.673678,-92.439615,17,3,1,30.2258726899384,48.4452566398132,0
grocery_pos,123.94,Tomales,CA,38.2427,-122.9145,337,Occupational psychologist,37.668179,-122.907928,2,1,1,64.53114305270363,63.88641891478424,0
shopping_net,9.37,Hatch,UT,37.7175,-112.4777,258,Geoscientist,37.188634,-113.369791,10,2,12,59.09924709103354,98.28121289442068,0
shopping_pos,5.9,Crownpoint,NM,35.7206,-108.0271,5662,IT consultant,36.687926,-107.742575,17,4,1,29.779603011635867,110.54961815369862,0
shopping_net,1039.05,Malad City,ID,42.1808,-112.262,4154,Nature conservation officer,42.263597,-111.815526,19,4,11,58.79808350444901,37.89997451815023,1
grocery_pos,98.78,Dumont,CO,39.7532,-105.6356,565,Mental health nurse,40.05465,-106.300316,4,0,12,42.338124572210816,65.8669365369799,0
kids_pets,54.47,Kissee Mills,MO,36.6704,-93.0377,1201,"""Engineer, agricultural""",37.667528,-93.395741,18,6,12,40.77754962354552,115.32468436992131,0
food_dining,57.14,Jordan Valley,OR,42.8801,-117.281,641,Economist,43.24161,-118.179037,21,1,1,25.10335386721424,83.2989651193979,0
shopping_net,22.21,Newhall,CA,34.3795,-118.523,34882,Health physicist,33.620139,-118.732719,20,3,12,49.667351129363446,86.62200504168362,0
shopping_pos,9.11,Mound City,MO,40.1362,-95.2138,1631,Architect,39.910519,-94.729348,11,6,1,65.96030116358658,48.28481699942293,0
travel,8.96,Manville,WY,42.73,-104.7024,241,Educational psychologist,43.531763,-103.793726,16,1,1,38.06160164271047,115.69373792115655,0
shopping_net,2.82,Orient,WA,48.8878,-118.2105,149,Special educational needs teacher,48.310148,-118.13632,18,5,1,40.54209445585216,64.46317494173933,0
personal_care,5.59,Nelson,NE,40.201,-98.0684,732,Television/film/video producer,39.744301,-97.274619,21,3,12,64.04928131416838,84.58218766946558,0
personal_care,51.86,Llano,NM,36.1486,-105.6648,247,Architectural technologist,35.672329,-106.219095,22,0,10,58.9678302532512,72.77791208813684,1
grocery_net,50.38,Meadville,MO,39.7795,-93.3014,964,Tourist information centre manager,39.035472,-94.241671,10,5,1,44.03559206023272,115.6295792752912,0
entertainment,64.88,Tekoa,WA,47.2271,-117.0819,895,Clothing/textile technologist,47.23421,-117.246013,17,2,1,19.59206023271732,12.41683387256059,0
shopping_pos,13.56,Luray,MO,40.4931,-91.8912,519,Town planner,41.150062,-91.060816,3,0,12,54.87200547570158,101.08706371980132,0
shopping_pos,218.99,Burbank,WA,46.1966,-118.9017,3684,Musician,45.981147,-119.649818,18,1,1,37.1088295687885,62.46969074595248,0
shopping_pos,6.19,Sacramento,CA,38.5662,-121.3286,757530,Magazine features editor,39.332916,-121.921833,18,1,12,41.667351129363446,99.49887491122004,0
shopping_net,9.33,Orient,WA,48.8878,-118.2105,149,Special educational needs teacher,48.557029,-118.933095,18,1,12,42.5242984257358,64.51692003213111,0
home,67.84,Lakeport,CA,39.047,-122.9328,11256,Podiatrist,39.311522,-123.859074,21,2,12,48.19986310746064,85.08565693814562,0
shopping_pos,1.95,Mendon,UT,41.71,-111.9817,2078,"""Scientist, audiological""",41.930677,-111.044483,6,1,1,55.553730321697465,81.44792963141052,0
entertainment,14.67,Camden,MO,39.2048,-94.0259,464,Colour technologist,39.112175,-93.112713,0,0,12,61.58795345653662,79.40612900513055,0
food_dining,13.78,Redford,MO,37.3272,-91.0243,241,Investment analyst,36.916473,-91.6387,12,4,1,44.18891170431211,71.08560825240254,0
kids_pets,39.88,Pueblo,CO,38.2352,-104.66,151815,Further education lecturer,38.506873,-104.69351,16,2,1,31.014373716632445,30.34958282014456,0
misc_pos,795.59,Thompson,UT,38.9999,-109.615,46,"""Surveyor, minerals""",38.278335,-109.044284,1,3,1,31.73716632443532,94.31075351560968,1
grocery_pos,333.11,Howells,NE,41.6964,-96.9858,1063,Research scientist (maths),42.661796,-97.472439,1,6,12,91.66324435318276,114.59163670450708,1
health_fitness,142.02,Meridian,ID,43.6498,-116.4306,84106,Intelligence analyst,43.996524,-116.044141,13,1,1,47.92607802874743,49.47343702528138,0
food_dining,77.26,Superior,AZ,33.2887,-111.0985,2872,Petroleum engineer,32.867594,-110.380241,14,1,1,31.21697467488022,81.67695728081405,0
shopping_pos,777.48,American Fork,UT,40.3928,-111.7941,42384,Futures trader,40.720293,-111.980808,7,5,8,26.5927446954141,39.68491916771953,1
home,51.86,Laramie,WY,41.4247,-105.4781,35371,"""Pilot, airline""",41.613307,-105.380634,23,1,1,30.32991101984942,22.487266263187603,0
home,13.37,Luray,MO,40.4931,-91.8912,519,Town planner,41.038248,-91.138915,14,0,1,52.936344969199176,87.68301806642505,0
travel,4.61,Ballwin,MO,38.577,-90.5255,92608,"""Engineer, communications""",38.138641,-91.150728,14,1,12,19.42778918548939,73.12888823329143,0
grocery_pos,100.02,Santa Monica,CA,34.0287,-118.4924,92043,"""Civil engineer, contracting""",33.183478,-119.161608,7,1,12,59.67967145790554,112.57816171679546,0
grocery_pos,95.76,Dumont,CO,39.7532,-105.6356,565,Mental health nurse,39.519564,-105.160587,3,4,1,40.39425051334703,48.2646100696197,0
misc_net,799.22,Parker,CO,39.5102,-104.7216,84861,Materials engineer,39.956,-105.621476,22,2,10,87.61943874058863,91.53405978072102,1
kids_pets,82.72,Meridian,ID,43.6498,-116.4306,84106,Intelligence analyst,44.200012,-116.19162,17,3,12,49.86721423682409,64.10457118355852,0
entertainment,109.34,Issaquah,WA,47.4974,-122.0107,50489,Osteopath,47.497588,-122.679609,18,0,1,34.85557837097878,50.25216576346072,0
shopping_pos,4.22,Greenview,CA,41.5403,-122.9366,308,Call centre manager,41.295874,-123.924891,3,0,12,62.27241615331965,86.77456115126682,0
misc_net,180.78,Mound City,MO,40.1362,-95.2138,1631,Architect,40.923715,-94.215487,11,6,12,67.93429158110882,121.59957261865516,0
gas_transport,40.4,Kansas City,MO,38.9621,-94.5959,545147,Counsellor,38.51941,-94.585725,7,5,12,33.106091718001366,49.2327917014162,0
grocery_pos,87.07,Broomfield,CO,39.8854,-105.1139,92337,"""Engineer, electronics""",40.273585,-104.562952,2,1,1,51.22518822724162,63.721272729992045,0
home,56.61,June Lake,CA,37.7773,-119.0825,633,Health service manager,38.554735,-118.389631,18,4,1,91.32101300479124,105.55575015182087,0
gas_transport,59.37,Altonah,UT,40.3207,-110.436,302,"""Sales professional, IT""",40.919111,-109.480001,3,4,12,30.937713894592743,104.58460273662996,0
grocery_pos,338.41,Kirk,CO,39.6171,-102.4776,207,Network engineer,38.913077,-102.737609,2,4,5,64.40793976728268,81.42102404050031,1
travel,7.26,June Lake,CA,37.7773,-119.0825,633,Health service manager,37.404205,-119.27573,14,6,1,91.36481861738535,44.843864639002994,0
misc_net,745.05,Craig,AK,55.4732,-133.1171,1920,Commissioning editor,56.134886,-132.392044,22,2,12,23.460643394934976,86.40847073372998,1
misc_net,472.18,Parks,AZ,35.2563,-111.95,759,"""Geologist, engineering""",35.079206,-111.724329,2,4,12,63.74537987679671,28.43520565493737,0
shopping_net,92.76,Dumont,CO,39.7532,-105.6356,565,Mental health nurse,40.74511,-105.042119,3,6,1,40.39972621492129,121.25091794074176,0
personal_care,123.51,Issaquah,WA,47.4974,-122.0107,50489,Osteopath,46.817248,-122.824038,21,3,1,34.8829568788501,97.475718820237,0
misc_net,761.0,Rock Springs,WY,41.606,-109.23,27971,Music therapist,41.509702,-108.345055,1,6,8,35.006160164271044,74.40657812481027,1
food_dining,31.58,Port Costa,CA,38.046,-122.1866,198,Armed forces training and education officer,37.941521,-122.679458,23,0,12,61.74674880219028,44.7244275741049,0
food_dining,209.69,Tomales,CA,38.2427,-122.9145,337,Occupational psychologist,37.891424,-122.87176,18,1,12,66.48596851471595,39.23890096873587,0
health_fitness,88.94,Burlington,WA,48.4786,-122.3345,14871,Public house manager,48.755426,-122.531732,17,1,12,46.8062970568104,34.02518881915232,0
grocery_net,66.75,Rock Springs,WY,41.606,-109.23,27971,Music therapist,42.599274,-110.037853,10,1,1,34.455852156057496,128.9966052859944,0
gas_transport,95.13,Issaquah,WA,47.4974,-122.0107,50489,Osteopath,47.330461,-122.419624,2,3,1,34.86379192334018,35.935209909633194,0
home,109.65,Napa,CA,38.4549,-122.2564,94014,Airline pilot,37.984607,-122.186973,19,1,12,35.35660506502396,52.64473300599333,0
personal_care,10.05,Hatch,UT,37.7175,-112.4777,258,Geoscientist,37.685651,-112.204244,17,6,12,59.09103353867214,24.317409851993894,0
shopping_pos,939.51,Scotts Mills,OR,44.9897,-122.6187,1252,"""Engineer, petroleum""",44.717436,-123.121363,22,6,7,82.43121149897331,49.86533096917501,1
kids_pets,98.76,Newhall,CA,34.3795,-118.523,34882,Health physicist,34.654142,-117.641365,20,5,12,49.67282683093772,86.35527750633265,0
shopping_pos,7.98,Valentine,NE,42.8062,-100.6215,4005,Network engineer,43.588735,-100.773078,1,3,12,75.79739904175223,87.87710666977779,0
kids_pets,9.62,Blairstown,MO,38.5319,-93.9221,467,Agricultural consultant,38.505983,-94.687893,20,0,12,70.59000684462697,66.68545899643236,0
misc_net,342.29,High Rolls Mountain Park,NM,32.9396,-105.8189,899,Naval architect,32.381543,-106.181848,6,5,1,51.351129363449694,70.74588735528889,0
grocery_pos,285.81,Hubbell,NE,40.0456,-97.4735,121,Set designer,40.990782,-97.605382,3,0,2,22.89390828199863,105.68898974580644,1
gas_transport,56.27,Orient,WA,48.8878,-118.2105,149,Special educational needs teacher,48.112988,-117.843299,7,3,12,42.52977412731006,90.30303586830536,0
home,61.47,Riverton,WY,43.0351,-108.2024,19408,"""Lecturer, higher education""",42.466164,-108.992677,16,0,1,25.322381930184804,90.36516797298404,0
shopping_net,10.66,Grenada,CA,41.6125,-122.5258,589,Systems analyst,41.15812,-122.868391,8,0,12,75.0198494182067,58.04856447713457,0
shopping_net,3.66,Westfir,OR,43.7575,-122.481,597,Forensic psychologist,44.278191,-121.815161,0,1,1,57.620807665982205,78.65662655282799,0
health_fitness,40.11,Gardiner,OR,43.7857,-124.1437,260,"""Engineer, maintenance""",43.542304,-123.35855,19,3,1,62.338124572210816,68.71061981011854,0
misc_net,4.87,Sutherland,NE,41.1558,-101.136,1789,Insurance broker,41.17468,-100.980734,8,6,12,38.87474332648871,13.165638528827095,0
home,13.34,Sacramento,CA,38.5662,-121.3286,757530,Magazine features editor,39.231037,-120.777479,22,3,12,41.67282683093772,87.97544282538941,0
health_fitness,24.19,Napa,CA,38.4549,-122.2564,94014,Airline pilot,39.043179,-122.069835,13,6,1,33.37713894592745,67.38469445964533,0
gas_transport,54.38,Lakeport,CA,39.047,-122.9328,11256,Podiatrist,38.914006,-122.784886,6,4,12,48.18617385352498,19.54892333208935,0
shopping_net,2.94,Superior,AZ,33.2887,-111.0985,2872,Petroleum engineer,33.353753,-111.417003,13,0,12,33.16906228610541,30.46488787579859,0
grocery_pos,177.84,Meridian,ID,43.6498,-116.4306,84106,Intelligence analyst,43.253431,-115.854803,10,0,12,49.87816563997262,64.05364206438361,0
grocery_pos,117.58,Luray,MO,40.4931,-91.8912,519,Town planner,40.848212,-91.820007,11,5,1,52.930869267624914,39.94053755390851,0
grocery_pos,95.22,Kissee Mills,MO,36.6704,-93.0377,1201,"""Engineer, agricultural""",36.23895,-92.228271,2,6,1,38.84188911704312,86.84614696070653,0
shopping_net,25.21,Colton,WA,46.5901,-117.1692,761,Chief Marketing Officer,46.606186,-116.88467,10,0,12,77.49760438056126,21.812470626513843,0
grocery_pos,216.18,Azusa,CA,34.1248,-117.9031,59705,Civil Service fast streamer,33.299825,-117.486734,1,2,12,37.52224503764545,99.48904797211492,0
entertainment,2.36,Browning,MO,40.029,-93.1607,602,Cytogeneticist,39.433127,-92.95714,13,5,12,66.45311430527036,68.50648605308218,0
shopping_net,18.84,Carlotta,CA,40.507,-123.9743,1139,"""Therapist, occupational""",40.045775,-124.323102,6,3,1,67.96714579055441,59.20996022482333,0
entertainment,78.33,Athena,OR,45.8289,-118.4971,1302,Dealer,45.113182,-118.115098,12,6,12,44.19164955509925,84.97587495627813,0
kids_pets,23.84,Altonah,UT,40.3207,-110.436,302,"""Sales professional, IT""",40.267869,-111.303847,22,5,6,30.42299794661191,73.83761796377176,1
entertainment,99.09,Lakeport,CA,39.047,-122.9328,11256,Podiatrist,38.180137,-122.34785,21,1,1,46.223134839151264,108.96799918618083,0
misc_net,898.89,Palmdale,CA,34.5715,-118.0231,171170,Chemical engineer,34.117246,-117.145555,22,3,9,57.28952772073922,95.09065495663714,1
personal_care,40.91,Ballwin,MO,38.577,-90.5255,92608,"""Engineer, communications""",39.22739,-89.878883,12,0,1,17.489390828199863,91.43834448873874,0
grocery_net,65.97,Altonah,UT,40.3207,-110.436,302,"""Sales professional, IT""",39.552854,-110.795048,2,0,1,28.99110198494182,90.7022559415114,0
misc_net,5.34,Orient,WA,48.8878,-118.2105,149,Special educational needs teacher,48.047314,-118.241917,17,4,1,40.55852156057495,93.48647597752029,0
shopping_pos,200.77,Vancouver,WA,45.6892,-122.6616,299480,Teaching laboratory technician,46.225718,-122.740692,23,3,12,35.97535934291581,59.970541109430414,0
gas_transport,54.38,Lakeport,CA,39.047,-122.9328,11256,Podiatrist,38.914006,-122.784886,6,4,12,48.18617385352498,19.54892333208935,0
gas_transport,39.55,Mound City,MO,40.1362,-95.2138,1631,Architect,39.664541,-95.705326,10,6,12,67.93429158110882,67.14630430986993,0
personal_care,21.96,Sun City,CA,33.7467,-117.1721,54287,"""Designer, exhibition/display""",32.929399,-116.606318,18,1,12,48.26830937713895,104.98335269335688,0
home,7.66,Owensville,MO,38.3511,-91.4867,6703,Naval architect,37.574292,-91.401081,19,1,12,22.611909650924023,86.70260862797893,0
home,16.63,Red River,NM,36.6659,-105.4694,606,"""Surveyor, land/geomatics""",35.728334,-104.645844,20,0,1,30.33538672142368,127.78695851844792,0
shopping_pos,8.97,Albuquerque,NM,35.0561,-106.5506,641349,Charity officer,35.795787,-105.888024,11,0,12,53.927446954141,101.8286121669346,0
grocery_pos,119.73,Greenview,CA,41.5403,-122.9366,308,Call centre manager,41.270387,-123.290241,5,5,12,62.26694045174538,42.07947373749368,0
home,36.55,Unionville,MO,40.4815,-92.9951,3805,"""Investment banker, corporate""",39.566321,-92.597355,13,0,12,70.2861054072553,107.25080610907308,0
shopping_net,2.79,Newhall,CA,34.3795,-118.523,34882,Health physicist,35.290729,-118.851515,19,1,1,47.72621492128679,105.66694369107212,0
home,17.02,Moriarty,NM,34.9889,-106.0609,7268,"""Therapist, art""",34.87796,-106.016683,19,1,1,30.428473648186174,12.977804211024834,0
shopping_pos,7.01,Superior,AZ,33.2887,-111.0985,2872,Petroleum engineer,33.008996,-111.293603,17,6,1,31.211498973305957,36.01713314813033,0
misc_net,9.69,Thompson,UT,38.9999,-109.615,46,"""Surveyor, minerals""",39.475588,-109.382289,10,2,12,33.68925393566051,56.56373209985189,0
kids_pets,32.35,Paauilo,HI,20.0271,-155.3697,1490,"""Scientist, research (maths)""",20.500204,-154.531114,21,0,12,29.711156741957563,102.07514442708596,0
kids_pets,120.34,Centerview,MO,38.7897,-93.8702,2368,Electronics engineer,37.798812,-93.135806,12,1,1,29.47843942505133,127.46490364680824,0
health_fitness,55.85,Arnold,MO,38.4305,-90.387,35439,Land/geomatics surveyor,38.454074,-90.993429,19,2,1,33.75770020533881,52.87986903290224,0
travel,7.58,Roseland,NE,40.4591,-98.5551,463,"""Nurse, mental health""",39.892285,-97.890364,23,1,12,72.58042436687201,84.62793175055245,0
travel,4.47,Corona,CA,33.8419,-117.6043,233717,Wellsite geologist,33.925597,-117.091192,14,6,1,52.64613278576318,48.270984993047946,0
home,19.38,Moriarty,NM,34.9889,-106.0609,7268,"""Therapist, art""",34.127039,-105.757247,15,4,1,30.455852156057496,99.78706121897515,0
health_fitness,31.05,Rocky Mount,MO,38.2911,-92.7059,1847,Tax inspector,39.28445,-91.824254,15,6,12,32.16974674880219,134.31014533802173,0
misc_net,3.51,Phoenix,AZ,33.8155,-112.1202,1312922,Counselling psychologist,33.043734,-112.036991,20,0,12,21.078713210130047,86.16315020730801,0
gas_transport,75.28,Hawthorne,CA,33.9143,-118.3493,93193,"""Editor, magazine features""",34.501944,-118.056914,4,6,1,23.73716632443532,70.6585036675085,0
misc_net,5.73,Holstein,NE,40.4542,-98.6538,331,Telecommunications researcher,40.969853,-97.984753,10,6,1,68.3832991101985,80.42076631579062,0
grocery_net,71.39,Centerview,MO,38.7897,-93.8702,2368,Electronics engineer,38.447013,-94.764144,2,5,1,29.508555783709788,86.50852500807457,0
health_fitness,72.56,Blairsden-Graeagle,CA,39.8127,-120.6405,1725,Chartered legal executive (England and Wales),39.951573,-121.53471,21,0,1,51.65503080082136,77.84690626080334,0
misc_net,4.74,Kirk,CO,39.6171,-102.4776,207,Network engineer,38.967668,-101.621549,7,1,12,65.07049965776865,103.15842898421532,0
home,39.1,Newhall,CA,34.3795,-118.523,34882,Health physicist,35.138746,-117.979857,18,6,12,49.67556468172484,97.92488297989468,0
kids_pets,11.85,Mountain Center,CA,33.6401,-116.5567,1661,"""Therapist, music""",33.714025,-117.377651,19,2,1,30.324435318275157,76.40892409695014,0
entertainment,17.48,Sprague,NE,40.6267,-96.7456,142,Chiropodist,40.487876,-96.145549,23,5,1,51.40588637919233,52.99099558667314,0
food_dining,69.71,Albuquerque,NM,35.0561,-106.5506,641349,Charity officer,35.712125,-105.912318,4,6,1,51.969883641341546,93.10939139274132,0
gas_transport,44.49,Eugene,OR,44.0385,-123.0614,191096,"""Scientist, physiological""",44.150902,-123.397333,2,0,12,56.72826830937714,29.595892671078595,0
entertainment,72.62,Meadville,MO,39.7795,-93.3014,964,Tourist information centre manager,40.355081,-92.66499,23,6,1,44.05749486652977,83.83919354574789,0
misc_net,825.45,Tekoa,WA,47.2271,-117.0819,895,Clothing/textile technologist,46.65058,-116.3469,8,5,8,20.194387405886378,84.99030170156509,1
gas_transport,55.44,Cascade Locks,OR,45.671,-121.8686,1288,Barrister,45.235988,-121.647118,7,4,12,84.65160848733744,51.36361247591396,0
entertainment,8.28,Palmdale,CA,34.5715,-118.0231,171170,Chemical engineer,35.2228,-117.549788,11,0,1,55.59479808350445,84.30948526439231,0
home,13.4,Eugene,OR,44.0385,-123.0614,191096,"""Scientist, physiological""",44.260835,-123.919442,21,4,1,54.784394250513344,72.78560184622158,0
grocery_net,46.83,Superior,AZ,33.2887,-111.0985,2872,Petroleum engineer,33.167709,-110.572709,4,5,1,31.189596167008897,50.72257292968956,0
home,68.63,Parker,CO,39.5102,-104.7216,84861,Materials engineer,40.451743,-104.709372,13,6,1,86.86379192334017,104.69998845301046,0
grocery_net,12.6,Mendon,UT,41.71,-111.9817,2078,"""Scientist, audiological""",42.319998,-111.552248,2,4,2,56.71184120465435,76.54699274857916,1
grocery_pos,88.15,Athena,OR,45.8289,-118.4971,1302,Dealer,46.172502,-118.812122,6,2,1,42.24503764544832,45.29718704821232,0
personal_care,65.71,Laguna Hills,CA,33.615,-117.7114,45303,Sales executive,33.775845,-117.54871,21,2,1,49.02943189596167,23.375496707164388,0
misc_pos,43.07,Moab,UT,38.5677,-109.5271,9772,Location manager,38.228245,-109.228182,21,0,1,29.15811088295688,45.86167987026911,0
shopping_net,931.28,Meredith,CO,39.3199,-106.6596,61,Public relations account executive,38.511562,-106.99463,23,5,12,80.09034907597535,94.44105476697044,1
kids_pets,97.96,Cardwell,MO,36.0434,-90.2907,1120,Television floor manager,36.739953,-89.332348,16,1,1,61.70841889117043,115.57339257331776,0
food_dining,87.61,Lagrange,WY,41.6423,-104.1974,635,Product/process development scientist,41.362255,-103.542928,14,3,1,45.49486652977413,62.77076430340404,0
gas_transport,67.46,Rock Springs,WY,41.606,-109.23,27971,Music therapist,40.949597,-109.105701,7,3,1,34.42299794661191,73.72404763885747,0
misc_pos,19.11,Rock Springs,WY,41.606,-109.23,27971,Music therapist,41.313299,-108.52521,10,5,12,36.40246406570842,67.14645167859514,0
misc_pos,31.99,Helm,CA,36.4992,-120.0936,123,Early years teacher,36.821498,-119.318805,0,1,12,47.89048596851472,77.85021035832958,0
food_dining,5.4,Freedom,WY,43.0172,-111.0292,471,"""Education officer, museum""",42.834333,-110.815295,18,5,12,53.40177960301163,26.773033060286107,0
food_dining,40.75,Centerview,MO,38.7897,-93.8702,2368,Electronics engineer,39.769584,-92.9737,17,3,12,31.43874058863792,133.51261826672538,0
entertainment,72.24,Fiddletown,CA,38.5234,-120.6763,832,Immigration officer,38.549019,-121.430135,19,4,1,31.64955509924709,65.6289516385701,0
home,45.4,Ballwin,MO,38.577,-90.5255,92608,"""Engineer, communications""",38.86177,-90.948805,18,0,12,19.42505133470226,48.49064309940582,0
personal_care,60.74,Manley,NE,40.9207,-96.168,206,Human resources officer,40.532844,-95.629016,23,1,1,51.26351813826147,62.63222815736123,0
misc_pos,6.77,Sacramento,CA,38.5662,-121.3286,757530,Magazine features editor,38.087598,-121.890781,21,4,12,41.65639972621492,72.36706254259597,0
grocery_pos,87.08,Matthews,MO,36.7154,-89.6287,1019,Aeronautical engineer,37.053574,-88.651755,7,1,12,41.92470910335387,94.67567400344,0
personal_care,38.21,Norwalk,CA,33.9056,-118.0818,105549,Firefighter,34.659058,-117.629133,23,1,12,47.26899383983573,93.53532023913114,0
entertainment,80.6,Tekoa,WA,47.2271,-117.0819,895,Clothing/textile technologist,47.872746,-117.767021,21,1,12,21.582477754962355,88.30585079402343,0
misc_net,718.19,Malad City,ID,42.1808,-112.262,4154,Nature conservation officer,42.490971,-112.759772,22,3,11,58.79534565366188,53.51207975183379,1
health_fitness,208.0,Carlotta,CA,40.507,-123.9743,1139,"""Therapist, occupational""",39.535593,-124.846206,21,0,1,68.0164271047228,131.0700917226213,0
misc_net,10.53,Independence,MO,39.1412,-94.3515,123373,"""Engineer, production""",38.741285,-94.480095,2,6,1,26.10814510609172,45.83819720722857,0
kids_pets,51.55,Ravenna,NE,41.0233,-98.9041,2202,"""Solicitor, Scotland""",40.328007,-99.225024,17,1,1,44.53114305270363,81.91299510699953,0
food_dining,35.72,Issaquah,WA,47.4974,-122.0107,50489,Osteopath,47.389012,-122.86261,15,5,12,36.824093086926766,65.18996993559662,0
entertainment,30.66,Lagrange,WY,41.6423,-104.1974,635,Product/process development scientist,41.923146,-104.859936,18,0,12,47.460643394934976,63.19012914309863,0
misc_net,199.91,Laramie,WY,41.4247,-105.4781,35371,"""Pilot, airline""",40.476974,-105.541846,6,1,1,30.32991101984942,105.51820848052871,0
shopping_net,97.92,Phoenix,AZ,33.5623,-112.0559,1312922,Contractor,32.745975,-111.092924,13,5,1,37.21834360027378,127.5752623804783,0
shopping_pos,1.03,Redford,MO,37.3272,-91.0243,241,Investment analyst,36.737515,-91.100135,23,1,12,46.17385352498289,65.91460902065567,0
shopping_net,50.18,Burlington,WA,48.4786,-122.3345,14871,Public house manager,48.62923,-122.825093,19,0,1,44.86789869952088,39.803881320108616,0
health_fitness,43.68,Mesa,ID,44.6255,-116.4493,129,Cartographer,44.917605,-115.786241,18,6,12,55.03353867214237,61.600258390472696,0
home,2.8,Redford,MO,37.3272,-91.0243,241,Investment analyst,37.247408,-91.513704,14,5,1,44.21081451060917,44.19605518475102,0
kids_pets,21.39,High Rolls Mountain Park,NM,32.9396,-105.8189,899,Naval architect,33.069355,-105.571719,22,1,1,51.34017796030116,27.19316173676036,0
food_dining,53.77,Blairstown,MO,38.5319,-93.9221,467,Agricultural consultant,38.903167,-94.852621,15,6,12,70.58726899383984,90.67311063310586,0
shopping_pos,1.95,Mendon,UT,41.71,-111.9817,2078,"""Scientist, audiological""",41.930677,-111.044483,6,1,1,55.553730321697465,81.44792963141052,0
shopping_pos,21.32,Greenview,CA,41.5403,-122.9366,308,Call centre manager,42.12805,-123.365755,3,6,12,62.26967830253251,74.40008161271234,0
travel,9.88,Ballwin,MO,38.577,-90.5255,92608,"""Engineer, communications""",39.107575,-89.872201,15,6,12,19.42231348391513,81.74300800281348,0
entertainment,564.34,Thompson,UT,38.9999,-109.615,46,"""Surveyor, minerals""",38.435536,-109.844716,22,3,1,31.73716632443532,65.84302113004865,1
kids_pets,83.86,Sixes,OR,42.825,-124.4409,217,Retail merchandiser,43.604851,-123.810639,22,5,1,90.26146475017111,100.63828867817682,0
gas_transport,72.22,Thompson,UT,38.9999,-109.615,46,"""Surveyor, minerals""",38.020155,-110.502769,1,5,1,31.72347707049966,133.5469440240989,0
entertainment,176.27,Roseland,NE,40.4591,-98.5551,463,"""Nurse, mental health""",40.538874,-97.633164,9,4,12,72.56947296372347,78.45658955921066,0
misc_pos,3.86,Arnold,MO,38.4305,-90.387,35439,Land/geomatics surveyor,38.894179,-90.166478,19,2,1,33.79603011635866,54.999133206215085,0
gas_transport,78.98,Conway,WA,48.34,-122.3456,85,"""Research officer, political party""",48.580965,-122.753538,2,4,1,34.36002737850787,40.283226877490144,0
grocery_net,49.34,Burbank,WA,46.1966,-118.9017,3684,Musician,47.089517,-119.856416,6,2,12,39.08555783709788,123.1643727383741,0
kids_pets,12.94,Riverton,WY,43.0351,-108.2024,19408,"""Lecturer, higher education""",42.466244,-108.139144,23,6,12,27.29363449691992,63.46441739338794,0
gas_transport,45.77,Scotts Mills,OR,44.9897,-122.6187,1252,"""Engineer, petroleum""",44.311129,-123.113342,2,0,12,83.89048596851471,84.9954622920456,0
personal_care,18.95,Burlington,WA,48.4786,-122.3345,14871,Public house manager,49.234872,-121.376642,12,5,12,46.79808350444901,109.46275738273704,0
shopping_pos,8.61,Phoenix,AZ,33.8155,-112.1202,1312922,Counselling psychologist,34.061153,-111.803417,16,6,1,19.1211498973306,40.00191659825576,0
personal_care,34.4,Meredith,CO,39.3199,-106.6596,61,Public relations account executive,40.144983,-106.143296,18,6,1,79.19233401779603,101.81519146081084,0
grocery_pos,218.64,Sun City,CA,33.7467,-117.1721,54287,"""Designer, exhibition/display""",34.152619,-117.320321,2,4,12,48.257357973990416,47.16128802923396,0
shopping_pos,115.91,Fiddletown,CA,38.5234,-120.6763,832,Immigration officer,38.404635,-121.151067,1,6,1,31.67419575633128,43.39407294286835,0
personal_care,23.15,Oakland,CA,37.7878,-122.1884,381459,Barista,38.360361,-122.906472,20,3,1,45.01848049281314,89.46558515667998,0
grocery_pos,71.82,Arnold,MO,38.4305,-90.387,35439,Land/geomatics surveyor,38.153348,-90.312874,0,6,1,33.78781656399726,31.48956801857231,0
shopping_net,7.42,Greenview,CA,41.5403,-122.9366,308,Call centre manager,42.337358,-123.792581,5,2,1,60.32306639288159,113.43515012034516,0
shopping_pos,1180.03,Blairstown,MO,38.5319,-93.9221,467,Agricultural consultant,37.933926,-93.083125,6,1,1,68.61875427789185,98.94854878801812,0
home,116.04,Lamy,NM,35.4311,-105.9409,923,Public relations account executive,36.276949,-105.58893,21,1,12,56.5201916495551,99.2590824336122,0
misc_pos,34.95,Sun City,CA,33.7467,-117.1721,54287,"""Designer, exhibition/display""",34.338676,-117.01876,9,5,12,48.26009582477755,67.32388298670247,0
food_dining,70.31,Meredith,CO,39.3199,-106.6596,61,Public relations account executive,38.803785,-107.415355,19,6,1,79.1731690622861,86.8973546454458,0
shopping_net,1007.47,Red Cliff,CO,39.4584,-106.3851,277,Human resources officer,39.541137,-106.698121,13,6,5,34.12457221081451,28.389508779648416,1
grocery_pos,76.68,Iliff,CO,40.7692,-103.0968,648,Community arts worker,41.308944,-102.167765,8,5,1,49.28952772073922,98.3517547679253,0
grocery_pos,124.49,Browning,MO,40.029,-93.1607,602,Cytogeneticist,40.709282,-92.874866,7,0,1,64.52292950034223,79.42517452716893,0
health_fitness,32.74,Luray,MO,40.4931,-91.8912,519,Town planner,40.524171,-92.560234,18,0,12,54.87200547570158,56.66702283756068,0
travel,9.24,San Diego,CA,33.0067,-117.069,1241364,"""Pharmacist, hospital""",32.37112,-117.544276,16,1,1,58.85557837097878,83.50418107593404,0
entertainment,14.42,Campbell,NE,40.2967,-98.737,493,"""Surveyor, minerals""",39.818191,-99.096251,13,0,1,78.31622176591375,61.36692786661955,0
entertainment,9.67,Crownpoint,NM,35.7206,-108.0271,5662,IT consultant,35.483096,-108.588873,14,0,1,29.76865160848734,57.24577684030773,0
entertainment,54.07,Howells,NE,41.6964,-96.9858,1063,Research scientist (maths),40.974875,-97.194879,4,1,12,92.7419575633128,82.10692171730601,0
shopping_pos,7.77,High Rolls Mountain Park,NM,32.9396,-105.8189,899,Naval architect,32.863258,-106.520205,0,1,1,51.34017796030116,66.02168481006179,0
home,22.21,Nelson,NE,40.201,-98.0684,732,Television/film/video producer,41.015749,-98.318696,16,0,12,64.04106776180699,93.02710630272227,0
grocery_pos,309.75,Corona,CA,33.8419,-117.6043,233717,Wellsite geologist,34.412104,-117.261366,1,4,5,54.00136892539357,70.82675697432467,1
grocery_net,57.25,American Fork,UT,40.3928,-111.7941,42384,Futures trader,40.237607,-111.676512,10,6,12,27.99452429842573,19.929608023420965,0
travel,7.99,Humboldt,AZ,34.5189,-112.2523,1179,"""Civil engineer, contracting""",33.52806,-111.732944,20,1,1,63.96714579055441,120.12330029911416,0
misc_pos,398.61,Conway,WA,48.34,-122.3456,85,"""Research officer, political party""",49.143322,-121.845382,21,3,12,36.31211498973306,96.56255007397002,0
kids_pets,42.2,Broomfield,CO,39.8854,-105.1139,92337,"""Engineer, electronics""",40.398202,-104.32227,14,2,12,53.20191649555099,88.20060710924285,0
gas_transport,55.96,Glendale,CA,34.1556,-118.2322,172817,Advertising account planner,33.963212,-118.518112,3,2,12,38.42026009582478,33.9314799699575,0
home,73.99,Meredith,CO,39.3199,-106.6596,61,Public relations account executive,39.988361,-107.488697,19,1,1,79.17864476386038,102.77497948962376,0
food_dining,4.03,Tekoa,WA,47.2271,-117.0819,895,Clothing/textile technologist,46.428843,-117.125126,16,6,1,19.64134154688569,88.82302295204362,0
shopping_net,9.91,Sixes,OR,42.825,-124.4409,217,Retail merchandiser,43.273246,-124.311783,7,1,12,92.24366872005476,50.93493725010385,0
grocery_pos,218.32,Independence,MO,39.1412,-94.3515,123373,"""Engineer, production""",39.590333,-93.940436,3,2,1,26.13552361396304,61.17891783131849,0
health_fitness,53.21,Grenada,CA,41.6125,-122.5258,589,Systems analyst,41.981889,-122.407962,17,2,1,73.07049965776865,42.21976794004392,0
misc_net,752.3,Valentine,NE,42.8062,-100.6215,4005,Network engineer,43.315039,-99.899053,23,5,9,74.48049281314168,81.52390834925716,1
home,57.35,Crownpoint,NM,35.7206,-108.0271,5662,IT consultant,35.154888,-107.256886,16,2,1,29.75496235455168,93.94572316531846,0
home,3.11,June Lake,CA,37.7773,-119.0825,633,Health service manager,38.41156,-118.269987,21,4,1,91.32101300479124,100.14703480884909,0
grocery_pos,100.47,Holstein,NE,40.4542,-98.6538,331,Telecommunications researcher,39.882621,-98.768301,5,6,1,68.40246406570841,64.29701116688184,0
health_fitness,7.34,Weeping Water,NE,40.8731,-96.1528,1517,Dealer,41.107617,-97.051935,21,1,12,69.14168377823408,79.84426457461255,0
shopping_pos,154.93,Napa,CA,38.4549,-122.2564,94014,Airline pilot,38.743867,-123.239292,16,5,1,33.39356605065024,91.25829008077524,0
personal_care,82.57,Arnold,MO,38.4305,-90.387,35439,Land/geomatics surveyor,37.553363,-91.353462,22,1,12,35.748117727583846,129.17134612208525,0
food_dining,1.52,Rocky Mount,MO,38.2911,-92.7059,1847,Tax inspector,37.617513,-93.021359,22,3,12,32.18069815195072,79.84298328107717,0
kids_pets,32.12,Blairsden-Graeagle,CA,39.8127,-120.6405,1725,Chartered legal executive (England and Wales),38.984931,-119.667132,23,1,1,51.61943874058864,124.36551477622092,0
kids_pets,71.63,Malad City,ID,42.1808,-112.262,4154,Nature conservation officer,42.419812,-112.678783,21,0,12,58.94045174537988,43.37355688396154,0
misc_net,144.82,Stayton,OR,44.8021,-122.7624,9587,"""Engineer, biomedical""",43.909551,-122.485963,0,6,1,50.82546201232033,101.65116515720442,0
shopping_pos,309.23,Kansas City,MO,38.9621,-94.5959,545147,Counsellor,38.012427,-94.523314,13,0,12,33.11156741957564,105.78762392706406,0
health_fitness,79.16,Meadville,MO,39.7795,-93.3014,964,Tourist information centre manager,40.100104,-93.133016,20,5,1,44.054757015742645,38.431392565534686,0
gas_transport,7.82,Lonetree,WY,41.0552,-110.1603,49,Research scientist (physical sciences),41.528662,-111.115379,3,5,3,37.69472963723477,95.59587766981451,1
health_fitness,2.68,Sutherland,NE,41.1558,-101.136,1789,Insurance broker,42.023781,-101.153969,15,1,12,38.88021902806297,96.52665126237449,0
home,7.13,Lowell,OR,43.921,-122.7806,1420,Systems analyst,44.193955,-123.381406,19,1,1,53.15811088295688,56.79906964407846,0
gas_transport,68.68,Portland,OR,45.5303,-122.7033,841711,"""Engineer, building services""",44.894932,-122.047551,6,1,12,57.738535249828885,87.34927184076518,0
grocery_pos,130.33,Vinton,CA,40.0235,-120.7986,128,Education administrator,40.959791,-119.88887,0,0,12,54.85010266940452,129.44825250944817,0
gas_transport,68.68,Portland,OR,45.5303,-122.7033,841711,"""Engineer, building services""",44.894932,-122.047551,6,1,12,57.738535249828885,87.34927184076518,0
misc_net,330.16,Phoenix,AZ,33.5623,-112.0559,1312922,Contractor,32.75233,-112.895111,11,1,1,37.22655715263518,119.22388974814932,0
shopping_net,4.42,Santa Monica,CA,34.0287,-118.4924,92043,"""Civil engineer, contracting""",33.114819,-118.149173,11,6,12,59.67419575633128,106.47783013301144,0
shopping_net,11.77,Colorado Springs,CO,38.8881,-104.6556,525713,Museum/gallery exhibitions officer,38.389383,-104.992704,22,1,1,26.647501711156742,62.70942267754708,0
grocery_pos,315.48,Downey,CA,33.9581,-118.1174,111772,Fine artist,33.033591,-117.661666,3,0,5,56.18617385352498,111.14744533851348,1
health_fitness,73.34,Moab,UT,38.5677,-109.5271,9772,Location manager,38.064246,-108.861222,18,2,1,29.144421629021217,80.6768017486455,0
misc_net,324.05,Howells,NE,41.6964,-96.9858,1063,Research scientist (maths),41.812652,-96.499548,3,6,12,92.73648186173854,42.356205808263134,0
gas_transport,46.44,Gardiner,OR,43.7857,-124.1437,260,"""Engineer, maintenance""",42.884164,-123.524414,3,6,1,62.34633812457221,112.0615092997702,0
gas_transport,91.65,Manville,WY,42.73,-104.7024,241,Educational psychologist,43.473108,-105.670578,8,1,1,38.0807665982204,114.04388397934729,0
personal_care,84.97,Burlington,WA,48.4786,-122.3345,14871,Public house manager,48.251607,-121.462466,22,3,1,44.837782340862425,69.1898691130859,0
gas_transport,53.25,Altonah,UT,40.3207,-110.436,302,"""Sales professional, IT""",39.730834,-111.429729,0,0,1,28.971937029431896,107.05766409821786,0
entertainment,24.99,Wendel,CA,40.3406,-120.2824,104,"""Teacher, adult education""",39.343022,-120.633428,23,0,12,31.367556468172484,114.90261032555902,0
misc_pos,577.53,San Diego,CA,33.0067,-117.069,1241364,"""Pharmacist, hospital""",32.521843,-117.933439,4,3,1,58.88021902806297,97.15885771577082,0
misc_net,682.36,Holstein,NE,40.4542,-98.6538,331,Telecommunications researcher,39.762093,-98.910036,22,6,5,69.76317590691308,79.98444918967384,1
misc_net,6.26,Matthews,MO,36.7154,-89.6287,1019,Aeronautical engineer,36.796296,-88.901988,5,6,12,41.9192334017796,65.36347499491478,0
entertainment,20.28,Kirtland Afb,NM,35.0203,-106.5503,310,"""Surveyor, land/geomatics""",35.964034,-107.134359,18,5,1,40.284736481861735,117.50713186480748,0
shopping_pos,1011.85,Carlotta,CA,40.507,-123.9743,1139,"""Therapist, occupational""",39.512842,-123.367496,21,2,12,69.90006844626969,122.02825133643032,1
misc_pos,51.02,Lowell,OR,43.921,-122.7806,1420,Systems analyst,43.691838,-122.921076,23,2,2,53.256673511293634,27.863791165070825,1
health_fitness,50.59,Port Costa,CA,38.046,-122.1866,198,Armed forces training and education officer,38.155705,-122.543943,23,0,1,59.81108829568789,33.56352753421789,0
kids_pets,41.7,Honokaa,HI,20.0827,-155.488,4878,Physiotherapist,19.389394,-155.000528,12,0,1,52.134154688569474,92.44578937087738,0
entertainment,74.55,Carroll,NE,42.277,-97.1926,566,Metallurgist,41.755365,-96.441759,18,1,1,43.969883641341546,84.92272106485339,0
shopping_pos,142.24,Helm,CA,36.4992,-120.0936,123,Early years teacher,37.073876,-119.140019,1,2,1,45.93839835728953,106.27505914601905,0
grocery_pos,239.33,Littleton,CO,39.5994,-105.0044,320420,Water engineer,38.755421,-105.78257,11,0,1,43.47707049965777,115.35196711124576,0
home,118.17,Unionville,MO,40.4815,-92.9951,3805,"""Investment banker, corporate""",40.929504,-92.243984,17,0,12,70.2861054072553,80.56196471778559,0
grocery_net,54.92,Redford,MO,37.3272,-91.0243,241,Investment analyst,36.537797,-90.846525,4,5,1,44.19164955509925,89.18842399789668,0
shopping_net,1059.96,Tekoa,WA,47.2271,-117.0819,895,Clothing/textile technologist,47.103421,-117.326991,22,5,8,20.194387405886378,23.07483565633018,1
gas_transport,46.17,Tomales,CA,38.2427,-122.9145,337,Occupational psychologist,38.053464,-123.037909,3,4,1,64.5201916495551,23.64797969138772,0
home,72.18,Athena,OR,45.8289,-118.4971,1302,Dealer,45.123879,-118.653309,22,6,12,44.19164955509925,79.33520234263898,0
shopping_net,334.6,High Rolls Mountain Park,NM,32.9396,-105.8189,899,Naval architect,32.005625,-106.76052,7,3,1,51.38398357289528,136.33691788024024,0
gas_transport,59.63,Pueblo,CO,38.2352,-104.66,151815,Further education lecturer,38.286791,-104.494367,8,6,12,32.98015058179329,15.557697483695865,0
kids_pets,15.83,Fields Landing,CA,40.7268,-124.2174,276,"""Scientist, audiological""",40.207219,-124.512417,21,0,1,89.71115674195757,62.93455216002156,0
shopping_pos,93.01,Meridian,ID,43.6498,-116.4306,84106,Intelligence analyst,44.460493,-116.799905,20,0,12,49.87816563997262,94.85261917798128,0
grocery_pos,282.17,Kaktovik,AK,66.6933,-153.994,239,Careers information officer,67.397018,-154.118108,1,4,3,22.97056810403833,78.43470790176328,1
personal_care,77.51,Independence,MO,39.1412,-94.3515,123373,"""Engineer, production""",39.158796,-94.65189,15,1,12,28.087611225188223,25.976766882889,0
shopping_net,5.41,Hatch,UT,37.7175,-112.4777,258,Geoscientist,37.084271,-113.361656,6,1,1,57.14168377823409,105.14087093156525,0
gas_transport,60.07,San Diego,CA,33.0067,-117.069,1241364,Chartered public finance accountant,32.876415,-117.639754,7,0,1,59.42505133470226,55.19640068612524,0
home,7.1,Wales,AK,64.7556,-165.6723,145,"""Administrator, education""",64.118365,-165.742653,15,0,12,81.13620807665983,70.9376479861261,0
food_dining,69.33,Fort Washakie,WY,43.0048,-108.8964,1645,Freight forwarder,42.314436,-109.158098,13,1,12,44.84052019164955,79.69179199332129,0
health_fitness,19.89,Burbank,WA,46.1966,-118.9017,3684,Musician,45.367824,-118.164693,18,4,4,38.40109514031485,108.43777979266872,1
gas_transport,70.34,Lamy,NM,35.4311,-105.9409,923,Public relations account executive,34.857849,-105.123794,4,0,1,54.54346338124572,97.89130164486154,0
misc_pos,31.46,Parker Dam,CA,34.298,-114.156,126,Marketing executive,34.245668,-113.256253,0,0,1,26.28884325804244,82.88086424641573,0
grocery_pos,106.41,Ravenna,NE,41.0233,-98.9041,2202,"""Solicitor, Scotland""",41.630366,-98.079543,0,0,12,46.521560574948666,96.42141436490068,0
personal_care,144.95,Kansas City,MO,38.9621,-94.5959,545147,Counsellor,39.617059,-95.085428,15,3,12,33.11978097193703,84.13502708263124,0
grocery_pos,341.3,Red River,NM,36.6659,-105.4694,606,"""Surveyor, land/geomatics""",35.793833,-106.268412,3,0,3,31.485284052019164,120.57806342795088,1
entertainment,125.49,Orient,WA,48.8878,-118.2105,149,Special educational needs teacher,49.228888,-118.206791,22,1,1,40.53114305270363,37.928217987053735,0
misc_net,20.01,Meridian,ID,43.6498,-116.4306,84106,Intelligence analyst,43.68017,-116.231412,9,6,1,47.93976728268309,16.374140646779555,0
personal_care,50.27,Sun City,CA,33.7467,-117.1721,54287,"""Designer, exhibition/display""",32.800555,-117.180543,18,3,12,48.27378507871321,105.2094516408552,0
personal_care,7.83,Thompson,UT,38.9999,-109.615,46,"""Surveyor, minerals""",39.338748,-109.578093,15,1,12,33.686516084873375,37.81227328499099,0
grocery_net,42.57,Luray,MO,40.4931,-91.8912,519,Town planner,40.324152,-92.313813,4,4,1,52.92813141683778,40.4136352845314,0
personal_care,44.38,Phoenix,AZ,33.5623,-112.0559,1312922,Contractor,33.189314,-112.782775,23,1,1,37.20739219712526,79.21901320693702,0
kids_pets,167.58,Eugene,OR,44.0385,-123.0614,191096,"""Scientist, physiological""",44.117117,-122.763775,13,6,12,56.72553045859001,25.33106330904097,0
food_dining,55.04,Colorado Springs,CO,38.8881,-104.6556,525713,Museum/gallery exhibitions officer,39.064856,-105.515165,18,0,12,28.637919233401774,76.85886067388932,0
food_dining,101.15,Holstein,NE,40.4542,-98.6538,331,Telecommunications researcher,39.712712,-98.486323,14,6,1,68.42162902121834,83.67172938412546,0
personal_care,70.47,Cascade Locks,OR,45.671,-121.8686,1288,Barrister,45.554727,-121.116275,15,0,1,82.70499657768652,59.92774880826455,0
shopping_net,7.54,Lakeport,CA,39.047,-122.9328,11256,Podiatrist,39.631392,-123.155009,14,5,12,48.18891170431211,67.73298860613733,0
misc_pos,8.09,Cascade Locks,OR,45.671,-121.8686,1288,Barrister,45.702753,-121.539829,1,6,1,82.68309377138947,25.78132190206863,0
grocery_pos,101.22,Centerview,MO,38.7897,-93.8702,2368,Electronics engineer,39.356538,-93.305281,8,6,1,29.472963723477072,79.69225512327533,0
home,73.8,Fullerton,NE,41.366,-98.0054,1749,"""Surveyor, mining""",40.36714,-98.3466,20,4,12,47.63586584531143,114.7138263948904,0
home,16.06,Fields Landing,CA,40.7268,-124.2174,276,"""Scientist, audiological""",40.890873,-123.908299,12,4,1,89.70294318959617,31.77443325867113,0
misc_net,3.62,Camden,MO,39.2048,-94.0259,464,Colour technologist,39.506828,-94.806276,0,1,1,59.65503080082136,75.03088542826815,0
grocery_pos,85.64,San Diego,CA,33.0067,-117.069,1241364,Chartered public finance accountant,33.626146,-118.027852,4,3,12,61.4072553045859,112.61578653094,0
gas_transport,54.28,Colton,WA,46.5901,-117.1692,761,Chief Marketing Officer,45.965982,-117.122254,6,2,1,75.50992470910336,69.49247482363515,0
kids_pets,17.48,Rocky Mount,MO,38.2911,-92.7059,1847,Tax inspector,38.067646,-92.167934,22,1,12,31.159479808350444,53.1834354594145,1
misc_pos,5.36,Red River,NM,36.6659,-105.4694,606,"""Surveyor, land/geomatics""",36.476033,-105.643483,12,4,12,32.30116358658453,26.21845923785358,0
shopping_net,5.3,Red River,NM,36.6659,-105.4694,606,"""Surveyor, land/geomatics""",36.564244,-105.829017,22,4,12,32.30116358658453,34.02870710762463,0
personal_care,4.02,San Jose,CA,37.3304,-121.7913,973849,Geoscientist,37.528116,-121.609253,18,3,12,23.9315537303217,27.23490295541674,0
misc_net,749.12,Weeping Water,NE,40.8731,-96.1528,1517,Dealer,41.081455,-96.082794,22,2,2,68.2819986310746,23.901781549213283,1
entertainment,72.24,Fiddletown,CA,38.5234,-120.6763,832,Immigration officer,38.549019,-121.430135,19,4,1,31.64955509924709,65.6289516385701,0
grocery_pos,259.65,Helm,CA,36.4992,-120.0936,123,Early years teacher,35.827576,-120.45237,22,1,9,46.58726899383984,81.32998295103529,1
personal_care,64.57,Daly City,CA,37.6787,-122.478,107941,"""Buyer, industrial""",37.315189,-122.266147,18,6,1,27.2580424366872,44.53231876521592,0
travel,1.26,Altonah,UT,40.3207,-110.436,302,"""Sales professional, IT""",40.783247,-109.602251,20,6,1,28.969199178644764,87.21945310773647,0
gas_transport,49.08,Parker,CO,39.5102,-104.7216,84861,Materials engineer,40.350385,-104.957267,3,6,12,88.79945242984257,95.56083935324952,0
home,84.24,Alva,WY,44.6873,-104.4414,110,"""Administrator, local government""",44.315831,-104.795872,21,3,12,47.62765229295003,49.96433171073176,0
grocery_pos,93.97,Norwalk,CA,33.9056,-118.0818,105549,Firefighter,34.488321,-118.176704,3,1,1,45.295003422313485,65.3808460451998,0
kids_pets,49.24,Woods Cross,UT,40.8874,-111.9027,13983,Insurance broker,40.570737,-112.484102,17,2,12,41.379876796714576,60.331963698366216,0
travel,3.88,Matthews,MO,36.7154,-89.6287,1019,Aeronautical engineer,35.928619,-89.716721,14,1,12,41.92470910335387,87.84072517726048,0
health_fitness,33.6,Superior,AZ,33.2887,-111.0985,2872,Petroleum engineer,32.454145,-111.349064,18,6,1,31.19233401779603,95.70311218216536,0
entertainment,28.11,Vinton,CA,40.0235,-120.7986,128,Education administrator,40.942924,-121.008724,19,4,12,54.84188911704312,103.76822397573255,0
misc_net,1037.47,Huslia,AK,65.6899,-156.292,277,"""Engineer, civil (consulting)""",66.410651,-156.911727,23,0,5,54.548939082819984,84.8844056523732,1
grocery_pos,97.51,Fort Washakie,WY,43.0048,-108.8964,1645,Freight forwarder,42.902224,-108.851657,1,0,12,44.837782340862425,11.9730899937514,0
gas_transport,35.68,Mesa,ID,44.6255,-116.4493,129,Cartographer,44.900615,-116.371146,1,2,12,55.04175222450377,31.20747028796305,0
misc_pos,48.94,Rock Springs,WY,41.606,-109.23,27971,Music therapist,41.215921,-109.503444,11,6,12,36.40520191649555,49.003839296531886,0
health_fitness,22.37,Colton,WA,46.5901,-117.1692,761,Chief Marketing Officer,46.133685,-116.373777,12,1,1,75.52635181382615,79.37954114670187,0
kids_pets,23.66,Phoenix,AZ,33.5623,-112.0559,1312922,Contractor,33.288519,-111.382938,23,3,12,39.186858316221766,69.47784556091153,0
shopping_pos,9.39,Conway,WA,48.34,-122.3456,85,"""Research officer, political party""",47.732046,-123.122573,16,1,12,36.32580424366872,88.92179013367598,0
entertainment,695.53,Lowell,OR,43.921,-122.7806,1420,Systems analyst,44.603272,-123.012746,22,2,2,53.256673511293634,78.08494109560446,1
misc_net,648.73,Sacramento,CA,38.6865,-121.3494,757530,Soil scientist,39.543841,-120.372066,22,1,3,53.530458590006845,127.26864259269772,1
misc_net,6.88,Manley,NE,40.9207,-96.168,206,Human resources officer,40.035437,-95.544171,3,1,1,51.26351813826147,111.68549443487127,0
shopping_pos,4.75,Campbell,NE,40.2967,-98.737,493,"""Surveyor, minerals""",39.608122,-98.624461,6,6,12,80.28747433264887,77.1649436199032,0
home,87.39,Holstein,NE,40.4542,-98.6538,331,Telecommunications researcher,39.47725,-99.039038,22,0,1,68.38603696098562,113.48430232228364,0
misc_net,4.67,Greenview,CA,41.5403,-122.9366,308,Call centre manager,40.854698,-122.54195,5,0,1,60.336755646817245,83.07882682273338,0
entertainment,541.06,Fiddletown,CA,38.5234,-120.6763,832,Immigration officer,39.224974,-119.880547,23,0,9,32.34770704996578,104.07201082228666,1
grocery_pos,312.74,Newberg,OR,45.3099,-122.9685,28278,Research scientist (physical sciences),44.886755,-122.3418,0,2,8,43.11019849418207,68.0699670799164,1
home,80.92,Parker Dam,CA,34.298,-114.156,126,Marketing executive,34.928474,-114.001741,19,6,12,28.2217659137577,71.5126793632196,0
shopping_pos,234.37,Daly City,CA,37.6787,-122.478,107941,"""Buyer, industrial""",38.395896,-123.438086,18,0,1,27.279945242984255,115.88526349687002,0
shopping_pos,14.66,Burlington,WA,48.4786,-122.3345,14871,Public house manager,48.592499,-122.244421,23,0,1,44.86789869952088,14.296509019846912,0
health_fitness,164.94,Colorado Springs,CO,38.8881,-104.6556,525713,Museum/gallery exhibitions officer,39.304213,-103.797025,20,0,1,26.702258726899384,87.35259029213093,0
grocery_pos,79.37,Oakland,CA,37.7878,-122.1884,381459,Barista,37.570945,-122.57201,9,6,1,45.007529089664615,41.486598222585855,0
travel,3.85,Carlotta,CA,40.507,-123.9743,1139,"""Therapist, occupational""",40.19482,-124.335236,21,0,1,68.0164271047228,46.26530322322825,0
personal_care,1.07,Roseland,NE,40.4591,-98.5551,463,"""Nurse, mental health""",40.438251,-97.74316,21,6,12,72.57494866529774,68.7435499407937,0
gas_transport,54.28,Colton,WA,46.5901,-117.1692,761,Chief Marketing Officer,45.965982,-117.122254,6,2,1,75.50992470910336,69.49247482363515,0
home,241.08,Centerview,MO,38.7897,-93.8702,2368,Electronics engineer,38.291139,-93.380603,22,2,1,29.53867214236824,69.90339848922645,1
home,33.16,Tekoa,WA,47.2271,-117.0819,895,Clothing/textile technologist,46.272067,-116.591358,17,2,1,19.630390143737166,112.57894944688697,0
entertainment,5.64,Moriarty,NM,34.9889,-106.0609,7268,"""Therapist, art""",35.308831,-106.537312,14,6,1,30.442162902121837,56.05128648131039,0
shopping_net,1.43,Norwalk,CA,33.9056,-118.0818,105549,Firefighter,34.351833,-117.744959,16,4,1,45.30321697467488,58.50893263482463,0
personal_care,111.13,Roseland,NE,40.4591,-98.5551,463,"""Nurse, mental health""",40.300769,-98.784576,15,1,1,70.58726899383984,26.225520408496937,0
home,151.39,Tomales,CA,38.2427,-122.9145,337,Occupational psychologist,37.473927,-123.014284,19,6,1,64.52566735112936,85.93133225977921,0
gas_transport,57.43,Fort Washakie,WY,43.0048,-108.8964,1645,Information systems manager,42.678363,-107.996008,1,5,12,34.85557837097878,81.89393090330974,0
misc_pos,4.99,Sutherland,NE,41.1558,-101.136,1789,Insurance broker,41.682204,-101.13252,13,0,12,38.87748117727584,58.53417341317924,0
kids_pets,21.94,Carlotta,CA,40.507,-123.9743,1139,"""Therapist, occupational""",40.607461,-124.703171,23,5,12,69.94661190965093,62.58070007065252,0
grocery_pos,156.36,Colorado Springs,CO,38.8881,-104.6556,525713,Museum/gallery exhibitions officer,39.813094,-105.186001,6,1,1,26.666666666666668,112.51170754882676,0
grocery_pos,302.47,Buellton,CA,34.6209,-120.1922,5505,Nature conservation officer,33.839538,-120.422469,1,1,4,87.65776865160849,89.42525246514315,1
grocery_pos,132.47,Greenview,CA,41.5403,-122.9366,308,Call centre manager,40.89214,-122.73903,7,0,1,60.31759069130732,73.94235537843882,0
entertainment,52.53,San Jose,CA,37.3304,-121.7913,973849,Geoscientist,37.837642,-121.821965,19,1,1,21.971252566735117,56.467424918790776,0
home,53.28,Superior,AZ,33.2887,-111.0985,2872,Petroleum engineer,32.603087,-111.023774,16,2,1,31.1813826146475,76.55489969295054,0
home,141.16,Santa Monica,CA,34.0287,-118.4924,92043,"""Civil engineer, contracting""",33.340497,-119.262197,18,1,1,57.7056810403833,104.54186066981306,0
entertainment,202.79,High Rolls Mountain Park,NM,32.9396,-105.8189,899,Naval architect,33.082574,-104.887925,8,1,12,53.333333333333336,88.25145120937876,0
food_dining,17.3,Kansas City,MO,38.9621,-94.5959,545147,Counsellor,38.613235,-94.137341,12,0,12,33.11156741957564,55.53790020661703,0
entertainment,18.28,Phoenix,AZ,33.8155,-112.1202,1312922,Counselling psychologist,34.437381,-111.959677,18,0,1,19.143052703627653,70.71096628794267,0
gas_transport,71.97,Smith River,CA,41.9404,-124.1587,1930,Web designer,41.292716,-123.499757,4,0,12,37.5441478439425,90.48349166020468,0
grocery_pos,296.14,Wappapello,MO,36.9766,-90.2848,2601,Research scientist (medical),37.206167,-89.631373,23,0,10,62.25325119780972,63.3295349205016,1
travel,7.23,High Rolls Mountain Park,NM,32.9396,-105.8189,899,Naval architect,32.060874,-105.678957,16,0,12,53.3305954825462,98.5872687725102,0
misc_pos,4.08,Paradise Valley,AZ,33.5494,-111.9565,17047,Building surveyor,32.559682,-112.412062,5,5,1,83.95345653661876,117.95719402610906,0
home,54.29,High Rolls Mountain Park,NM,32.9396,-105.8189,899,Naval architect,32.374287,-106.634682,13,2,1,51.3429158110883,98.912878751193,0
grocery_pos,72.75,Glendale,CA,34.1556,-118.2322,172817,Advertising account planner,33.935219,-118.123436,0,1,12,38.417522245037645,26.475041155047872,0
entertainment,164.73,Mesa,ID,44.6255,-116.4493,129,Cartographer,45.053886,-115.556936,17,3,1,53.08966461327858,84.96688611269694,0
personal_care,8.0,Matthews,MO,36.7154,-89.6287,1019,Aeronautical engineer,36.98024,-89.069913,17,4,1,39.93976728268309,57.7881706167768,0
shopping_pos,9.68,Hawthorne,CA,33.9143,-118.3493,93193,"""Editor, magazine features""",34.656231,-118.824057,13,5,12,25.689253935660503,93.31949701262585,0
travel,472.18,Dumont,CO,39.7532,-105.6356,565,Mental health nurse,39.611883,-105.04806,17,3,12,42.34633812457221,52.67691795060295,0
gas_transport,45.97,Mesa,ID,44.6255,-116.4493,129,Cartographer,45.21684,-116.150203,10,0,12,55.0362765229295,69.84368770863466,0
grocery_pos,60.58,Phoenix,AZ,33.8155,-112.1202,1312922,Counselling psychologist,34.310002,-112.36291,1,1,1,19.107460643394933,59.35763182581234,0
shopping_net,4.31,Napa,CA,38.4549,-122.2564,94014,Airline pilot,38.760679,-122.338996,14,4,12,35.34565366187543,34.750260509469,0
grocery_pos,333.42,Craig,AK,55.4732,-133.1171,1920,Commissioning editor,55.853802,-132.400924,0,3,12,23.463381245722108,61.71430331256337,1
food_dining,32.81,Wales,AK,64.7556,-165.6723,145,"""Administrator, education""",65.654704,-165.945774,15,6,12,81.13347022587268,100.78561221911951,0
shopping_pos,3.92,Port Costa,CA,38.046,-122.1866,198,Armed forces training and education officer,38.36601,-121.385511,8,5,12,61.74127310061601,78.52108895544607,0
health_fitness,40.11,Gardiner,OR,43.7857,-124.1437,260,"""Engineer, maintenance""",43.542304,-123.35855,19,3,1,62.338124572210816,68.71061981011854,0
gas_transport,52.34,Burbank,WA,46.1966,-118.9017,3684,Musician,46.073508,-119.082843,6,6,12,39.07734428473648,19.548857392584363,0
home,11.63,Stayton,OR,44.8021,-122.7624,9587,"""Engineer, biomedical""",44.087354,-122.857921,23,0,1,50.809034907597535,79.83704059867071,0
home,38.44,Issaquah,WA,47.4974,-122.0107,50489,Osteopath,47.894361,-122.358962,22,4,1,34.88569472963724,51.26095632376823,0
food_dining,3.37,Holstein,NE,40.4542,-98.6538,331,Telecommunications researcher,39.541515,-99.019341,12,0,12,70.36002737850787,106.1550614141652,0
shopping_pos,795.01,Parker Dam,CA,34.298,-114.156,126,Marketing executive,34.922036,-113.901876,23,6,1,26.305270362765228,73.18324579032509,1
gas_transport,19.26,Carlotta,CA,40.507,-123.9743,1139,"""Therapist, occupational""",40.930751,-123.480635,3,1,12,69.89733059548254,62.85778775762549,1
misc_net,790.95,Loving,NM,32.274,-104.0914,1925,Educational psychologist,31.894484,-103.630521,22,1,8,68.24914442162903,60.54886529679107,1
food_dining,40.61,Browning,MO,40.029,-93.1607,602,Cytogeneticist,39.806016,-92.633784,22,3,12,66.44763860369609,51.32346708552237,0
shopping_pos,2.32,Wheaton,MO,36.7651,-94.0492,760,Production manager,36.512279,-94.356872,15,0,1,33.37166324435318,39.29260236636008,0
shopping_pos,147.66,Fiddletown,CA,38.5234,-120.6763,832,Immigration officer,39.513508,-120.925603,22,1,12,33.61533196440794,112.18176855479616,0
shopping_pos,50.41,Littleton,CO,39.5994,-105.0044,320420,Water engineer,40.2034,-104.908323,19,3,12,45.40177960301163,67.65992754488164,0
gas_transport,47.85,Manville,WY,42.73,-104.7024,241,Educational psychologist,42.284824,-103.759815,3,0,12,40.03285420944559,91.7613768636098,0
misc_net,8.35,Littleton,CO,39.5994,-105.0044,320420,Water engineer,38.918069,-105.901915,1,3,12,45.42094455852156,108.21590996266758,0
entertainment,7.79,Gardiner,OR,43.7857,-124.1437,260,"""Engineer, maintenance""",43.381971,-123.924673,22,0,1,62.34907597535934,48.2345553355216,0
shopping_net,4.97,Sutherland,NE,41.1558,-101.136,1789,Insurance broker,41.537509,-101.726081,20,4,1,36.93360711841205,65.02177119103362,0
kids_pets,15.83,Fields Landing,CA,40.7268,-124.2174,276,"""Scientist, audiological""",40.207219,-124.512417,21,0,1,89.71115674195757,62.93455216002156,0
personal_care,93.17,Westerville,NE,41.4193,-99.3844,73,Product designer,41.57745,-99.962553,15,2,1,83.91238877481177,51.26053052341752,0
kids_pets,32.96,Carlotta,CA,40.507,-123.9743,1139,"""Therapist, occupational""",40.319994,-123.352077,19,5,12,69.94661190965093,56.63417524799162,0
shopping_net,8.11,Jelm,WY,41.0539,-106.0763,100,Public librarian,42.041938,-105.799743,16,6,12,46.69952087611225,112.24930370197735,0
kids_pets,12.2,Superior,AZ,33.2887,-111.0985,2872,Petroleum engineer,32.834849,-110.900625,18,4,12,33.16084873374401,53.72934453867164,0
misc_net,381.17,Burlington,WA,48.4786,-122.3345,14871,Public house manager,47.833251,-121.685659,0,4,1,44.82135523613963,86.40497611562246,0
misc_net,5.93,Paauilo,HI,20.0271,-155.3697,1490,"""Scientist, research (maths)""",21.025396,-154.865903,15,5,1,27.731690622861056,122.77818663904412,0
misc_pos,66.06,Centerview,MO,38.7897,-93.8702,2368,Electronics engineer,37.823534,-94.782476,21,3,1,29.4839151266256,133.7071605258455,0
gas_transport,45.88,Blairstown,MO,38.5319,-93.9221,467,Agricultural consultant,37.595224,-93.355742,8,0,1,68.61601642710473,115.35280788759432,0
shopping_pos,1526.91,Palmdale,CA,34.5715,-118.0231,171170,Chemical engineer,35.043491,-117.468909,2,3,1,55.62217659137577,72.90066428806095,0
misc_pos,131.9,Burlington,WA,48.4786,-122.3345,14871,Public house manager,48.130727,-123.310636,4,1,12,46.8062970568104,81.90689620598,0
personal_care,95.8,Meredith,CO,39.3199,-106.6596,61,Public relations account executive,38.793973,-105.666446,16,3,12,81.15811088295688,103.79536915168306,0
personal_care,32.94,Colton,WA,46.5901,-117.1692,761,Chief Marketing Officer,46.816715,-116.732388,20,0,12,77.49760438056126,41.76649029733502,0
entertainment,138.52,Kansas City,MO,38.9621,-94.5959,545147,Counsellor,38.260011,-94.200957,19,6,1,31.134839151266256,85.27748695344272,0
entertainment,5.14,Monitor,WA,47.4852,-120.4158,584,Medical technical officer,46.876417,-120.335742,12,3,1,49.7905544147844,67.96343990603353,0
shopping_pos,4.31,Meredith,CO,39.3199,-106.6596,61,Public relations account executive,39.168082,-107.599585,6,1,12,81.15263518138262,82.68878695845343,0
food_dining,82.19,Burbank,WA,46.1966,-118.9017,3684,Musician,45.751028,-118.859556,16,1,1,37.08966461327858,49.65227212482033,0
misc_pos,49.8,Jordan Valley,OR,42.8801,-117.281,641,Economist,42.450396,-118.088718,0,1,12,27.096509240246405,81.51405747499922,0
grocery_net,53.23,Alva,WY,44.6873,-104.4414,110,"""Administrator, local government""",44.275329,-104.480939,3,3,1,45.634496919917865,45.91635717530257,0
grocery_pos,104.84,Alva,WY,44.6873,-104.4414,110,"""Administrator, local government""",45.538062,-104.542117,0,1,1,45.686516084873375,94.92996939794102,0
misc_net,205.29,San Diego,CA,33.0067,-117.069,1241364,Chartered public finance accountant,32.803182,-117.655665,2,0,1,59.44421629021218,59.25990791412854,0
misc_pos,415.51,Espanola,NM,35.9866,-106.0654,18408,Historic buildings inspector/conservation officer,35.977418,-106.973947,18,1,12,48.44900752908966,81.75632427593668,0
misc_pos,4.93,Broomfield,CO,39.8854,-105.1139,92337,"""Engineer, electronics""",39.251874,-104.61469,3,1,12,53.19917864476386,82.42223836441892,0
misc_net,472.18,Parks,AZ,35.2563,-111.95,759,"""Geologist, engineering""",35.079206,-111.724329,2,4,12,63.74537987679671,28.43520565493737,0
gas_transport,66.1,Utica,MO,39.7417,-93.6289,271,Land/geomatics surveyor,40.146058,-93.390426,7,0,1,46.74058863791923,49.34504449647618,0
misc_pos,23.17,Parker Dam,CA,34.298,-114.156,126,Marketing executive,33.352532,-114.961724,10,1,1,26.2340862422998,128.8090500490593,0
gas_transport,9.21,Hubbell,NE,40.0456,-97.4735,121,Set designer,39.303936,-96.976292,2,0,2,22.89390828199863,92.80024993489332,1
food_dining,54.71,Valentine,NE,42.8062,-100.6215,4005,Network engineer,42.019963,-100.36861,11,1,1,73.83709787816564,89.85671177742513,0
entertainment,1.64,Pueblo,CO,38.2352,-104.66,151815,Further education lecturer,37.262277,-104.095405,21,0,12,32.982888432580424,119.02855797994673,0
home,85.24,Ballwin,MO,38.577,-90.5255,92608,"""Engineer, communications""",37.878985,-90.149377,18,0,1,17.470225872689937,84.28262990712818,0
shopping_net,29.28,Fields Landing,CA,40.7268,-124.2174,276,"""Scientist, audiological""",40.041795,-124.443855,7,6,1,89.67008898015058,78.5468415617181,0
gas_transport,62.43,Sutherland,NE,41.1558,-101.136,1789,Insurance broker,41.710526,-100.316741,8,0,12,38.87748117727584,92.02859210996333,0
grocery_pos,295.16,Coulee Dam,WA,48.0379,-118.9419,1439,"""Pilot, airline""",47.584587,-119.288769,1,6,3,19.482546201232037,56.67193487252767,1
gas_transport,113.98,Westfir,OR,43.7575,-122.481,597,Forensic psychologist,43.272789,-122.798829,9,6,1,57.65366187542779,59.68048867938344,0
gas_transport,61.86,San Diego,CA,33.0067,-117.069,1241364,Chartered public finance accountant,33.160432,-117.972583,10,6,1,59.441478439425055,85.90225969617681,0
shopping_pos,830.72,Wales,AK,64.7556,-165.6723,145,"""Administrator, education""",65.710538,-165.986117,22,5,1,79.15674195756331,107.18545056687952,1
grocery_pos,94.03,Athena,OR,45.8289,-118.4971,1302,Dealer,46.272165,-119.397093,6,5,1,42.2340862422998,85.16523745027986,0
gas_transport,75.88,Sacramento,CA,38.5662,-121.3286,757530,Magazine features editor,38.349554,-121.919757,9,3,1,39.71800136892539,56.83181836899966,0
grocery_pos,89.44,Paradise Valley,AZ,33.5494,-111.9565,17047,Building surveyor,33.0824,-112.675229,0,0,12,85.91375770020534,84.59695939310578,0
misc_pos,398.61,Conway,WA,48.34,-122.3456,85,"""Research officer, political party""",49.143322,-121.845382,21,3,12,36.31211498973306,96.56255007397002,0
entertainment,136.54,Kansas City,MO,38.9621,-94.5959,545147,Counsellor,38.963173,-94.116459,20,5,12,33.106091718001366,41.45273805363744,0
personal_care,61.05,Lagrange,WY,41.6423,-104.1974,635,Product/process development scientist,41.676596,-104.748649,17,3,1,45.51403148528405,45.95328209445116,0
shopping_net,7.25,Kent,OR,45.0838,-120.6649,60,Museum education officer,46.074576,-120.809994,7,6,12,78.73511293634498,110.74642679140264,0
gas_transport,12.41,Matthews,MO,36.7154,-89.6287,1019,Aeronautical engineer,37.623934,-90.532053,0,2,9,40.62422997946612,128.88856464151314,1
shopping_net,50.18,Burlington,WA,48.4786,-122.3345,14871,Public house manager,48.62923,-122.825093,19,0,1,44.86789869952088,39.803881320108616,0
grocery_net,74.41,Fullerton,NE,41.366,-98.0054,1749,"""Surveyor, mining""",41.361472,-97.154364,4,2,12,47.64955509924709,71.0247688919227,0
misc_net,784.69,Campbell,NE,40.2967,-98.737,493,"""Surveyor, minerals""",40.297181,-98.356994,22,3,5,78.6694045174538,32.22783044031161,1
food_dining,14.93,Mendon,UT,41.71,-111.9817,2078,"""Scientist, audiological""",41.338465,-111.452792,19,3,12,57.53319644079398,60.3775562736081,0
shopping_net,70.86,Issaquah,WA,47.4974,-122.0107,50489,Osteopath,47.862085,-122.694385,18,1,12,36.83230663928816,65.30023705688666,0
kids_pets,2.01,Sutherland,NE,41.1558,-101.136,1789,Insurance broker,40.312965,-101.664355,19,4,1,36.93360711841205,103.75427853993904,0
health_fitness,62.78,Louisiana,MO,39.4336,-91.0664,4593,"""Teacher, early years/pre""",38.804597,-91.271207,17,6,12,80.12594113620807,72.13904526511402,0
shopping_pos,8.55,San Jose,CA,37.3304,-121.7913,973849,Geoscientist,36.993131,-121.279511,20,3,1,21.9958932238193,58.849308370351366,0
personal_care,45.43,Port Costa,CA,38.046,-122.1866,198,Armed forces training and education officer,38.473004,-122.564252,19,0,12,61.74674880219028,57.80700671051062,0
home,140.29,Saint Louis,MO,38.6171,-90.4504,927396,Occupational hygienist,37.670937,-91.341698,19,3,1,58.85010266940452,130.93404449710292,0
food_dining,114.22,Orient,WA,48.8878,-118.2105,149,Special educational needs teacher,48.194743,-117.365561,14,5,12,42.5160848733744,99.0355677368678,0
misc_net,134.36,Gardiner,OR,43.7857,-124.1437,260,"""Engineer, maintenance""",44.696591,-124.28505,4,0,12,64.32306639288159,101.91038285635138,0
misc_pos,48.62,Arnold,MO,38.4305,-90.387,35439,Land/geomatics surveyor,38.98982,-90.276157,17,1,1,33.79329226557152,62.93276456311458,0
health_fitness,86.91,Kansas City,MO,38.9621,-94.5959,545147,Counsellor,39.314553,-93.929669,21,1,1,31.159479808350444,69.55194139446243,0
entertainment,177.26,Moriarty,NM,34.9889,-106.0609,7268,"""Therapist, art""",34.266058,-105.337317,13,2,1,30.412046543463383,104.1321993858287,0
food_dining,9.41,Oakland,CA,37.7878,-122.1884,381459,Barista,37.695973,-122.586767,17,2,12,46.98973305954826,36.486351811353714,0
shopping_pos,4.52,Lakeport,CA,39.047,-122.9328,11256,Podiatrist,39.341625,-123.465327,13,1,1,46.223134839151264,56.38511480647012,0
shopping_net,34.79,Mendon,UT,41.71,-111.9817,2078,"""Scientist, audiological""",42.127972,-112.700936,2,3,12,57.5523613963039,75.50687541827665,0
shopping_net,7.52,Orient,WA,48.8878,-118.2105,149,Special educational needs teacher,49.665726,-117.433308,19,5,1,40.54209445585216,103.25219068837208,0
home,173.34,Blairsden-Graeagle,CA,39.8127,-120.6405,1725,Chartered legal executive (England and Wales),40.251414,-119.836393,16,6,1,51.6331279945243,84.06356860446314,0
health_fitness,51.08,Fullerton,NE,41.366,-98.0054,1749,"""Surveyor, mining""",40.607907,-97.859465,16,6,1,45.686516084873375,85.18138986213988,0
misc_pos,39.19,Fort Washakie,WY,43.0048,-108.8964,1645,Freight forwarder,43.795985,-109.842402,7,6,12,44.83504449007529,116.53592477558853,0
travel,1.06,Gardiner,OR,43.7857,-124.1437,260,"""Engineer, maintenance""",44.128998,-125.109976,14,0,12,64.32306639288159,86.25131793038906,0
misc_pos,9.14,Parker,CO,39.5102,-104.7216,84861,Materials engineer,39.553046,-103.833337,11,1,12,88.80492813141684,76.32745502501469,0
grocery_net,50.38,Meadville,MO,39.7795,-93.3014,964,Tourist information centre manager,39.035472,-94.241671,10,5,1,44.03559206023272,115.6295792752912,0
entertainment,5.63,Meredith,CO,39.3199,-106.6596,61,Public relations account executive,39.615049,-106.422612,14,2,1,79.16221765913758,38.61264768339441,0
home,73.96,Meadville,MO,39.7795,-93.3014,964,Tourist information centre manager,38.929213,-93.377844,16,3,1,44.049281314168375,94.77576921368872,0
grocery_pos,359.25,Tekoa,WA,47.2271,-117.0819,895,Clothing/textile technologist,46.290811,-116.655318,1,5,8,20.194387405886378,109.06355734919102,1
shopping_net,4.62,Littleton,CO,39.5994,-105.0044,320420,Water engineer,39.440745,-104.88044,19,4,1,43.43052703627652,20.59813287453591,0
shopping_net,1203.92,Kirtland,NM,36.741,-108.351,6910,TEFL teacher,37.458851,-108.29787,22,6,9,64.65160848733744,79.96033996213876,1
shopping_pos,674.44,Indian Wells,CA,33.7163,-116.3381,4677,Learning mentor,34.239475,-115.904745,5,1,12,65.65092402464066,70.57595076366468,0
kids_pets,109.59,Littleton,CO,39.5994,-105.0044,320420,Water engineer,39.478962,-104.43495,14,2,1,43.44421629021218,50.6346742022464,0
food_dining,12.74,Wheaton,MO,36.7651,-94.0492,760,Production manager,37.43287,-94.407135,17,0,1,33.37166324435318,80.7536275741536,0
home,51.81,Arnold,MO,38.4305,-90.387,35439,Land/geomatics surveyor,38.8024,-91.374877,20,4,1,33.782340862423,95.27009115757409,0
personal_care,108.33,Huntington Beach,CA,33.6773,-118.0051,190249,"""Therapist, horticultural""",33.207376,-117.133189,19,1,12,44.28199863107461,96.30787046230256,0
shopping_net,5.62,Paauilo,HI,20.0271,-155.3697,1490,"""Scientist, research (maths)""",19.334764,-155.707745,23,0,1,27.77549623545517,84.73028451615575,0
gas_transport,64.44,Llano,NM,36.1486,-105.6648,247,Architectural technologist,36.153272,-105.0489,6,4,1,57.19644079397673,55.301604545648,0
misc_pos,21.08,Lakeport,CA,39.047,-122.9328,11256,Podiatrist,40.033694,-122.817359,3,2,12,48.19986310746064,110.1610091832729,0
gas_transport,57.38,Portland,OR,45.5303,-122.7033,841711,"""Engineer, building services""",45.709586,-122.84974,10,1,12,57.738535249828885,22.95946481255708,0
misc_pos,10.93,Rock Springs,WY,41.606,-109.23,27971,Music therapist,41.447762,-110.010724,8,6,12,36.40520191649555,67.33115416625591,0
shopping_pos,27.14,Burlington,WA,48.4786,-122.3345,14871,Public house manager,47.630168,-123.042494,16,4,1,44.85968514715948,108.02361806331824,0
kids_pets,56.96,San Diego,CA,32.7185,-117.1593,1241364,Comptroller,32.51257,-117.374189,22,1,12,33.08145106091718,30.48626009045037,0
shopping_net,1133.22,Sprague,NE,40.6267,-96.7456,142,Chiropodist,41.47972,-96.935342,22,5,7,52.88158795345654,96.1765430273179,1
misc_pos,9.54,High Rolls Mountain Park,NM,32.9396,-105.8189,899,Naval architect,32.182229,-105.162776,1,6,12,53.327857631759066,104.27467570696346,0
misc_net,7.69,Arnold,MO,38.4305,-90.387,35439,Land/geomatics surveyor,39.306836,-90.085454,5,5,12,35.73990417522245,100.88040069484222,0
gas_transport,61.56,Freedom,WY,43.0172,-111.0292,471,"""Education officer, museum""",42.551548,-110.381051,10,6,12,53.40451745379877,74.01805712544157,0
shopping_net,8.14,Kansas City,MO,38.9621,-94.5959,545147,Counsellor,39.758365,-95.571438,12,0,12,33.11156741957564,121.9557330402158,0
home,302.13,High Rolls Mountain Park,NM,32.9396,-105.8189,899,Naval architect,32.913278,-106.756143,22,4,12,53.3223819301848,87.52491442160003,0
home,48.28,Corona,CA,33.8419,-117.6043,233717,Wellsite geologist,33.530428,-118.172163,21,1,1,52.63244353182751,62.9289201754733,0
food_dining,74.49,Powell Butte,OR,44.2415,-121.0113,2016,Local government officer,44.811533,-120.852155,18,1,12,67.0116358658453,64.62808103422908,0
gas_transport,68.11,Tomales,CA,38.2427,-122.9145,337,Occupational psychologist,37.940455,-122.118019,8,1,12,66.48596851471595,77.38154376912293,0
grocery_pos,306.81,San Jose,CA,37.3304,-121.7913,973849,Science writer,36.502259,-122.323669,0,0,1,63.59206023271732,103.5352394451326,1
entertainment,20.21,Riverton,WY,43.0351,-108.2024,19408,"""Lecturer, higher education""",42.86628,-107.905866,23,1,12,27.299110198494184,30.57529763837669,0
food_dining,48.83,Lakeport,CA,39.047,-122.9328,11256,Podiatrist,38.24394,-123.344726,19,6,12,48.19164955509925,96.19530443528396,0
food_dining,17.42,Carlotta,CA,40.507,-123.9743,1139,"""Therapist, occupational""",40.4829,-123.150458,21,2,12,69.95756331279945,69.71506046550672,0
shopping_pos,1484.88,Hawthorne,CA,33.9143,-118.3493,93193,"""Editor, magazine features""",33.490436,-119.100045,12,5,12,25.689253935660503,83.93119694722951,0
shopping_pos,3.17,Tomales,CA,38.2427,-122.9145,337,Occupational psychologist,37.931917,-122.423239,0,0,1,64.54757015742642,55.160843127608445,0
misc_net,897.8,Portland,OR,45.5303,-122.7033,841711,"""Engineer, building services""",45.545722,-123.244956,22,2,7,57.30047912388775,42.22159355789005,1
personal_care,16.64,Oakland,CA,37.7878,-122.1884,381459,Barista,37.721995,-121.77518,14,1,12,46.98699520876112,37.05772322321302,0
entertainment,188.25,Malad City,ID,42.1808,-112.262,4154,Nature conservation officer,41.592779,-112.253563,5,5,1,56.96098562628337,65.38868190179979,0
kids_pets,26.12,Unionville,MO,40.4815,-92.9951,3805,"""Investment banker, corporate""",41.015796,-92.796424,19,3,1,68.32032854209446,61.723286338309855,0
personal_care,19.09,Bay City,OR,45.5197,-123.8761,1530,Colour technologist,44.572033,-124.545241,23,4,12,34.08624229979466,117.75996557522294,0
home,42.22,Blairstown,MO,38.5319,-93.9221,467,Agricultural consultant,38.185092,-93.012724,20,1,12,70.5927446954141,88.17075692532687,0
home,9.49,Yellowstone National Park,WY,44.7957,-110.6137,369,Materials engineer,44.585663,-111.504905,23,3,1,77.1690622861054,74.2196525321731,0
shopping_pos,29.52,Lakeport,CA,39.047,-122.9328,11256,Podiatrist,38.852583,-122.626293,12,0,12,48.19438740588638,34.20357194643386,0
home,14.11,Pueblo,CO,38.2352,-104.66,151815,Further education lecturer,37.509985,-104.162426,15,0,12,32.982888432580424,91.7073011188612,0
shopping_pos,890.46,Omaha,NE,41.2064,-95.9953,518429,"""Surveyor, land/geomatics""",42.049172,-96.762736,22,5,9,23.96714579055441,113.359142799282,1
shopping_net,22.54,Manley,NE,40.9207,-96.168,206,Human resources officer,40.34178,-95.824401,0,0,1,51.29911019849418,70.6016612363574,0
gas_transport,55.99,Glendale,CA,34.1556,-118.2322,172817,Advertising account planner,33.778002,-119.013484,4,1,1,36.42436687200548,83.39142398313767,0
grocery_pos,40.73,Oakland,CA,37.7878,-122.1884,381459,Barista,37.228485,-122.919365,10,1,1,44.99383983572896,89.5827168453601,0
food_dining,37.52,Issaquah,WA,47.4974,-122.0107,50489,Osteopath,47.662095,-122.290051,19,4,1,34.88569472963724,27.82849546850808,0
food_dining,46.59,Port Costa,CA,38.046,-122.1866,198,Armed forces training and education officer,37.871335,-122.817661,23,1,12,61.74948665297741,58.63625009038839,0
misc_net,123.19,Lake Oswego,OR,45.4093,-122.6847,42817,Planning and development surveyor,45.009594,-122.888368,6,1,12,38.59000684462697,47.222278428607545,0
health_fitness,31.05,Rocky Mount,MO,38.2911,-92.7059,1847,Tax inspector,39.28445,-91.824254,15,6,12,32.16974674880219,134.31014533802173,0
shopping_pos,8.19,Smith River,CA,41.9404,-124.1587,1930,Web designer,41.483907,-124.708963,12,6,1,35.56741957563313,68.2843707808498,0
shopping_pos,155.36,Fort Washakie,WY,43.0048,-108.8964,1645,Freight forwarder,42.378432,-109.177098,2,4,1,42.87474332648871,73.32982890905774,0
home,12.02,Daly City,CA,37.6787,-122.478,107941,"""Buyer, industrial""",38.241155,-122.775819,20,4,1,27.27173169062286,67.77340894844177,0
home,36.72,Parker,CO,39.5102,-104.7216,84861,Materials engineer,39.22481,-104.882242,13,4,12,88.7939767282683,34.608395964663515,0
shopping_pos,935.84,Kirk,CO,39.6171,-102.4776,207,Network engineer,39.730049,-102.510721,22,4,5,64.40793976728268,12.87528303571373,1
shopping_pos,79.75,Ruidoso,NM,33.3305,-105.6933,8874,Licensed conveyancer,32.590421,-106.611653,22,2,1,18.417522245037645,118.79799385417816,0
misc_net,14.87,Issaquah,WA,47.4974,-122.0107,50489,Osteopath,47.297456,-121.441991,1,0,12,36.82956878850103,48.235243098167146,0
personal_care,18.02,Laramie,WY,41.4247,-105.4781,35371,"""Pilot, airline""",41.100101,-105.358195,18,6,1,30.362765229295004,37.45936731500496,0
health_fitness,21.5,Greenview,CA,41.5403,-122.9366,308,Call centre manager,41.828875,-122.199637,14,1,1,60.30116358658453,69.10081568731277,0
grocery_net,73.48,Kirtland Afb,NM,35.0203,-106.5503,310,"""Surveyor, land/geomatics""",34.811187,-106.006342,8,0,1,40.27104722792608,54.77761067244302,0
kids_pets,31.82,Port Costa,CA,38.046,-122.1866,198,Armed forces training and education officer,38.899084,-123.135764,14,4,1,59.80287474332649,125.79902599574314,0
shopping_pos,3.19,Mound City,MO,40.1362,-95.2138,1631,Architect,39.299707,-95.975808,3,1,1,65.94661190965093,113.5743490864747,0
grocery_net,85.16,Indian Wells,CA,33.7163,-116.3381,4677,Learning mentor,34.567104,-117.309781,8,2,1,63.66050650239562,130.17854120040465,0
grocery_pos,73.74,Saint Louis,MO,38.6171,-90.4504,927396,Occupational hygienist,38.824216,-90.040425,10,5,1,58.81724845995893,42.37239458199131,0
kids_pets,4.4,Humboldt,AZ,34.5189,-112.2523,1179,"""Civil engineer, contracting""",33.567453,-112.662906,19,4,12,65.93018480492813,112.3566588667954,0
food_dining,118.71,North Loup,NE,41.4972,-98.7858,509,"""Nurse, children's""",42.224726,-98.100547,20,6,12,40.28199863107461,98.81603292195906,0
home,31.3,Meredith,CO,39.3199,-106.6596,61,Public relations account executive,40.121245,-106.558382,14,4,1,79.18685831622176,89.52501866708778,0
kids_pets,60.61,Orient,WA,48.8878,-118.2105,149,Special educational needs teacher,48.190343,-117.789092,22,0,1,40.58590006844627,83.52896815561036,0
personal_care,19.09,Bay City,OR,45.5197,-123.8761,1530,Colour technologist,44.572033,-124.545241,23,4,12,34.08624229979466,117.75996557522294,0
kids_pets,3.92,Nelson,NE,40.201,-98.0684,732,Television/film/video producer,39.554244,-98.58874,14,2,12,64.04654346338124,84.51851236066513,0
shopping_pos,308.37,Rock Springs,WY,41.606,-109.23,27971,Music therapist,41.132516,-108.870034,12,1,12,36.41067761806981,60.61525035039958,0
kids_pets,74.64,Superior,AZ,33.2887,-111.0985,2872,Petroleum engineer,33.211664,-111.188619,18,0,1,31.195071868583163,11.983513698400136,0
grocery_pos,68.09,Wheaton,MO,36.7651,-94.0492,760,Production manager,36.000787,-94.171566,8,2,1,33.35797399041752,85.69074117553244,0
kids_pets,12.58,Oakland,CA,37.7878,-122.1884,381459,Barista,38.685329,-123.116873,23,1,1,45.0321697467488,128.59117679884102,0
shopping_pos,12.96,Saint Louis,MO,38.6171,-90.4504,927396,Occupational hygienist,39.363413,-90.777533,7,6,12,60.79397672826831,87.67006387640751,0
kids_pets,61.58,Fiddletown,CA,38.5234,-120.6763,832,Immigration officer,38.451132,-121.476096,21,1,1,31.64134154688569,70.07424665932457,0
misc_pos,5.81,Moriarty,NM,34.9889,-106.0609,7268,"""Therapist, art""",34.138816,-106.56481,19,0,12,32.39972621492129,105.18549052926384,0
food_dining,4.32,Red River,NM,36.6659,-105.4694,606,"""Surveyor, land/geomatics""",36.225254,-104.904342,20,4,1,30.327173169062284,70.39408209873683,0
food_dining,6.93,Kirk,CO,39.6171,-102.4776,207,Network engineer,39.389097,-103.33105,16,5,1,63.10746064339494,77.48783447640378,0
travel,3.18,Rocky Mount,MO,38.2911,-92.7059,1847,Tax inspector,38.993898,-91.908987,19,1,12,32.17522245037645,104.38909541630416,0
gas_transport,80.99,Campbell,NE,40.2967,-98.737,493,"""Surveyor, minerals""",41.117994,-98.805604,6,0,12,80.290212183436,91.50661740335886,0
personal_care,240.13,Westerville,NE,41.4193,-99.3844,73,Product designer,40.6231,-99.413769,19,6,1,83.90417522245038,88.56767614545686,0
misc_pos,817.99,North Loup,NE,41.4972,-98.7858,509,"""Nurse, children's""",42.323283,-99.000137,8,2,4,39.58110882956879,93.55283097771856,1
shopping_net,4.86,Newhall,CA,34.3795,-118.523,34882,Health physicist,33.705082,-118.716742,18,6,1,47.72073921971253,77.08718676219628,0
gas_transport,44.65,Matthews,MO,36.7154,-89.6287,1019,Aeronautical engineer,36.183167,-88.927438,6,1,1,39.950718685831625,86.23555303694786,0
home,132.62,Albuquerque,NM,35.0561,-106.5506,641349,Charity officer,35.137178,-107.289698,19,4,1,51.94524298425736,67.84306471190608,0
personal_care,132.31,Arnold,MO,38.4305,-90.387,35439,Land/geomatics surveyor,38.795383,-89.871448,16,5,1,33.765913757700204,60.43718724275317,0
kids_pets,63.12,Kissee Mills,MO,36.6704,-93.0377,1201,"""Engineer, agricultural""",36.172083,-92.391683,20,1,12,40.78302532511978,80.07120331617537,0
entertainment,131.54,Jelm,WY,41.0539,-106.0763,100,Public librarian,41.704298,-106.558663,22,3,12,46.71047227926078,82.76478769502121,0
misc_net,7.9,Jelm,WY,41.0539,-106.0763,100,Public librarian,41.406197,-106.519846,6,5,12,46.69678302532512,53.94794979672962,0
gas_transport,53.69,Shedd,OR,44.453,-123.1065,917,Radio broadcast assistant,44.636244,-123.087817,4,2,12,25.481177275838466,20.429526560333212,0
food_dining,20.2,Littleton,CO,39.5994,-105.0044,320420,Water engineer,38.726905,-105.450492,17,1,1,43.422313483915126,104.36174435265316,0
shopping_net,11.77,Colorado Springs,CO,38.8881,-104.6556,525713,Museum/gallery exhibitions officer,38.389383,-104.992704,22,1,1,26.647501711156742,62.70942267754708,0
kids_pets,39.58,Woods Cross,UT,40.8874,-111.9027,13983,Insurance broker,40.032658,-111.012599,18,3,1,39.38945927446954,121.25900359814597,0
home,10.43,Paauilo,HI,20.0271,-155.3697,1490,"""Scientist, research (maths)""",19.947842,-155.51643,16,0,1,27.73716632443532,17.685254308181996,0
gas_transport,48.85,Port Costa,CA,38.046,-122.1866,198,Armed forces training and education officer,39.004922,-121.785831,9,1,1,59.775496235455165,112.18175473962296,0
gas_transport,75.52,Norwalk,CA,33.9056,-118.0818,105549,Firefighter,33.208097,-117.712514,1,3,1,45.31964407939768,84.77193130791943,0
misc_net,5.13,Crownpoint,NM,35.7206,-108.0271,5662,IT consultant,35.870189,-108.683917,21,3,1,29.738535249828885,61.53003513824197,0
food_dining,128.49,Newhall,CA,34.3795,-118.523,34882,Health physicist,35.174848,-118.781514,3,0,4,47.93429158110883,91.53603812999606,1
shopping_pos,4.28,Independence,MO,39.1412,-94.3515,123373,"""Engineer, production""",40.022848,-93.423578,15,6,12,28.082135523613964,126.23069071347064,0
home,44.56,Superior,AZ,33.2887,-111.0985,2872,Petroleum engineer,32.803937,-111.82612,12,5,12,33.163586584531146,86.63093943943016,0
home,60.25,Riverton,WY,43.0351,-108.2024,19408,"""Lecturer, higher education""",43.574281,-108.154064,12,0,12,27.29637234770705,60.08163395343333,0
grocery_pos,69.53,Orient,WA,48.8878,-118.2105,149,Special educational needs teacher,48.75708,-118.511748,10,6,12,42.51882272416153,26.413506049035064,0
entertainment,138.52,Kansas City,MO,38.9621,-94.5959,545147,Counsellor,38.260011,-94.200957,19,6,1,31.134839151266256,85.27748695344272,0
food_dining,85.97,Roseland,NE,40.4591,-98.5551,463,"""Nurse, mental health""",39.917634,-98.373172,19,3,12,72.56673511293634,62.15988692424512,0
gas_transport,57.66,Jelm,WY,41.0539,-106.0763,100,Public librarian,40.412006,-105.484666,7,1,1,44.73100616016427,87.05985320417051,0
grocery_net,56.64,Carroll,NE,42.277,-97.1926,566,Metallurgist,42.809392,-96.292125,4,1,12,45.92470910335387,94.58629366706997,0
health_fitness,31.56,Red River,NM,36.6659,-105.4694,606,"""Surveyor, land/geomatics""",36.180107,-106.062372,12,6,1,30.3709787816564,75.71479381334923,0
shopping_pos,76.12,Paauilo,HI,20.0271,-155.3697,1490,"""Scientist, research (maths)""",20.031815,-155.047621,19,0,1,27.73716632443532,33.65150654405861,0
shopping_net,2.61,Port Costa,CA,38.046,-122.1866,198,Armed forces training and education officer,38.855682,-122.832208,2,3,12,61.75496235455168,106.14344746164387,0
shopping_net,448.15,Burlington,WA,48.4786,-122.3345,14871,Public house manager,48.372745,-122.754119,22,2,1,44.85420944558521,33.12459443940842,0
entertainment,72.66,Cascade Locks,OR,45.671,-121.8686,1288,Barrister,45.31024,-122.112115,17,6,1,82.68309377138947,44.37908967471366,0
food_dining,14.98,Fields Landing,CA,40.7268,-124.2174,276,"""Scientist, audiological""",40.866766,-123.5444,21,0,12,91.64681724845995,58.75061236393152,0
misc_net,6.57,Browning,MO,40.029,-93.1607,602,Cytogeneticist,39.844408,-92.219707,1,0,1,64.50376454483231,82.81185595980116,0
misc_net,7.27,Rocky Mount,MO,38.2911,-92.7059,1847,Tax inspector,38.693549,-93.170151,1,4,12,32.16427104722793,60.29161899908583,0
personal_care,38.48,Superior,AZ,33.2887,-111.0985,2872,Petroleum engineer,34.199826,-110.575666,16,4,12,33.16084873374401,112.2544666257502,0
gas_transport,59.95,Tomales,CA,38.2427,-122.9145,337,Occupational psychologist,38.438612,-123.600393,0,4,1,64.5201916495551,63.66256667659635,0
grocery_pos,119.64,Scotts Mills,OR,44.9897,-122.6187,1252,"""Engineer, petroleum""",45.960307,-122.459295,6,5,1,81.94934976043805,108.63983607568548,0
gas_transport,56.18,Sutherland,NE,41.1558,-101.136,1789,Insurance broker,40.69697,-100.324549,1,2,12,38.8829568788501,85.149409924113,0
shopping_net,8.98,Mountain Center,CA,33.6401,-116.5567,1661,"""Therapist, music""",34.460424,-117.174128,17,3,12,32.26283367556468,107.49863087243732,0
shopping_net,1.04,Ruidoso,NM,33.3305,-105.6933,8874,Licensed conveyancer,33.501227,-104.996742,23,1,12,20.369609856262837,67.37970726829911,0
misc_pos,4.78,Centerview,MO,38.7897,-93.8702,2368,Electronics engineer,39.558813,-93.120366,21,6,1,29.492128678986997,107.19899087412684,0
kids_pets,100.14,Rock Springs,WY,41.606,-109.23,27971,Music therapist,40.859689,-109.784285,12,3,12,36.41615331964408,95.05244088247542,0
home,221.27,Meredith,CO,39.3199,-106.6596,61,Public relations account executive,38.954229,-107.069778,18,3,1,79.18412046543463,53.89609560556211,0
grocery_pos,125.2,Eugene,OR,44.0385,-123.0614,191096,"""Scientist, physiological""",44.338181,-122.126102,7,6,12,56.72553045859001,81.67959668555987,0
health_fitness,5.11,Mesa,ID,44.6255,-116.4493,129,Cartographer,45.292126,-115.629318,20,0,1,53.100616016427104,98.27019651424304,0
personal_care,13.11,June Lake,CA,37.7773,-119.0825,633,Health service manager,37.838361,-120.060118,17,3,1,91.31827515400413,86.1531706622671,0
personal_care,36.18,Howells,NE,41.6964,-96.9858,1063,Research scientist (maths),42.355431,-96.730313,12,4,12,92.73100616016428,76.25891904416727,0
shopping_net,909.98,Colton,WA,46.5901,-117.1692,761,Chief Marketing Officer,47.389921,-116.301184,22,0,10,76.290212183436,110.65222704418048,1
misc_pos,27.53,Lonetree,WY,41.0552,-110.1603,49,Research scientist (physical sciences),41.619475,-110.940968,1,4,1,37.53867214236824,90.46982666276536,0
entertainment,119.61,Sixes,OR,42.825,-124.4409,217,Retail merchandiser,42.337163,-124.150897,19,2,1,90.29158110882958,59.21390213955053,0
gas_transport,62.8,Laguna Hills,CA,33.615,-117.7114,45303,Sales executive,32.889722,-118.68183,10,5,1,49.03764544832307,121.02344483629736,0
shopping_net,13.58,Phoenix,AZ,33.5623,-112.0559,1312922,Contractor,33.814599,-111.440957,22,0,1,37.20465434633813,63.43594297841563,0
home,45.5,Laguna Hills,CA,33.615,-117.7114,45303,Sales executive,34.373137,-116.857311,21,5,1,49.05681040383299,115.35300278569198,0
shopping_net,5.84,Riverton,WY,43.0351,-108.2024,19408,"""Lecturer, higher education""",43.550545,-108.187721,16,1,1,25.305954825462013,57.32718021938411,0
shopping_net,10.14,Littleton,CO,39.5994,-105.0044,320420,Water engineer,39.62025,-104.457181,14,5,1,43.4715947980835,46.93474267554624,0
home,16.71,Wales,AK,64.7556,-165.6723,145,"""Administrator, education""",64.273084,-165.779181,12,6,1,79.15947980835044,53.89646066392385,0
shopping_pos,579.27,Hooper,NE,41.6414,-96.5232,1745,"""Engineer, automotive""",42.588543,-96.565586,12,2,1,45.05681040383299,105.3755066850748,0
gas_transport,22.57,Campbell,NE,40.2967,-98.737,493,"""Surveyor, minerals""",40.465727,-99.673822,1,3,5,78.6694045174538,81.54650133656435,1
personal_care,78.44,Fiddletown,CA,38.5234,-120.6763,832,Immigration officer,38.922361,-119.766993,17,4,1,31.64955509924709,90.50213945518216,0
personal_care,11.23,Manville,WY,42.73,-104.7024,241,Educational psychologist,43.668355,-105.571755,21,2,12,40.03832991101985,125.9059278762666,0
shopping_pos,155.55,Ravenna,NE,41.0233,-98.9041,2202,"""Solicitor, Scotland""",41.337853,-99.735011,20,4,1,44.55852156057495,77.83896505463035,0
personal_care,62.62,Luray,MO,40.4931,-91.8912,519,Town planner,40.902925,-92.612508,20,3,12,54.861054072553046,75.98867353319363,0
gas_transport,74.46,Cascade Locks,OR,45.671,-121.8686,1288,Barrister,44.988195,-121.491853,7,1,1,82.68856947296372,81.43628425041872,0
travel,4.98,Ashford,WA,46.7531,-121.9898,759,Video editor,47.387862,-121.231154,22,6,1,62.31074606433949,91.0101929679897,0
entertainment,83.88,Superior,AZ,33.2887,-111.0985,2872,Petroleum engineer,33.179443,-110.398005,16,1,12,33.17180013689254,66.27432318893537,0
shopping_pos,4.6,Newhall,CA,34.3795,-118.523,34882,Health physicist,33.72794,-117.756442,21,2,1,47.69062286105408,101.1735941855804,0
grocery_pos,124.86,Rocky Mount,MO,38.2911,-92.7059,1847,Tax inspector,39.058066,-91.859747,5,3,12,32.18069815195072,112.55456928215958,0
misc_pos,1.44,Arnold,MO,38.4305,-90.387,35439,Land/geomatics surveyor,38.087705,-89.544809,23,1,1,33.7741273100616,82.82526722043335,0
grocery_pos,83.38,Eugene,OR,44.0385,-123.0614,191096,"""Scientist, physiological""",43.659954,-123.848539,5,1,1,54.7378507871321,75.86762817798419,0
shopping_net,6.51,Louisiana,MO,39.4336,-91.0664,4593,"""Teacher, early years/pre""",40.041116,-91.085036,9,6,1,78.19028062970568,67.57148862772077,0
shopping_pos,1.71,Parks,AZ,35.2563,-111.95,759,"""Geologist, engineering""",34.987976,-111.468263,11,6,1,61.81519507186858,53.007823641435,0
gas_transport,102.25,Portland,OR,45.5303,-122.7033,841711,"""Engineer, building services""",45.718042,-122.586796,6,0,12,57.73579739904175,22.75716886946714,0
shopping_net,204.15,Fort Washakie,WY,43.0048,-108.8964,1645,Information systems manager,42.04018,-108.422267,12,0,1,32.8870636550308,114.0813780535951,0
health_fitness,42.95,Albuquerque,NM,35.0561,-106.5506,641349,Charity officer,34.909553,-105.918194,23,1,1,51.97535934291581,59.875075086582775,0
misc_net,315.59,Centerview,MO,38.7897,-93.8702,2368,Electronics engineer,39.068214,-94.412982,10,3,12,31.457905544147845,56.24512936243066,0
entertainment,92.34,Tekoa,WA,47.2271,-117.0819,895,Clothing/textile technologist,47.459463,-117.853276,23,3,12,21.587953456536617,63.60418572691858,0
personal_care,54.31,Mound City,MO,40.1362,-95.2138,1631,Architect,39.634591,-95.971082,18,0,12,67.93702943189597,85.35698713253292,0
shopping_net,4.61,Red River,NM,36.6659,-105.4694,606,"""Surveyor, land/geomatics""",36.45217,-104.712381,12,2,1,30.360027378507876,71.66919429240079,0
misc_net,1037.47,Huslia,AK,65.6899,-156.292,277,"""Engineer, civil (consulting)""",66.410651,-156.911727,23,0,5,54.548939082819984,84.8844056523732,1
personal_care,54.89,Port Costa,CA,38.046,-122.1866,198,Armed forces training and education officer,38.364558,-122.767366,12,1,12,61.74948665297741,61.885425550756906,0
shopping_net,1033.53,Oakland,CA,37.7878,-122.1884,381459,Barista,38.17295,-121.908292,23,1,3,46.16290212183436,49.36440398076588,1
entertainment,9.32,Hooper,NE,41.6414,-96.5232,1745,"""Engineer, automotive""",41.962195,-97.098947,18,5,12,47.00068446269678,59.58161967146452,0
kids_pets,208.7,Parks,AZ,35.2563,-111.95,759,"""Geologist, engineering""",34.355525,-111.301944,23,1,12,63.75633127994524,116.3315798685525,0
misc_pos,16.57,Independence,MO,39.1412,-94.3515,123373,"""Engineer, production""",39.349488,-94.751627,3,1,1,26.132785763175907,41.51705548749796,0
health_fitness,8.9,Holstein,NE,40.4542,-98.6538,331,Telecommunications researcher,39.520507,-99.182478,17,6,1,68.40246406570841,113.1705003291006,0
misc_net,180.78,Mound City,MO,40.1362,-95.2138,1631,Architect,40.923715,-94.215487,11,6,12,67.93429158110882,121.59957261865516,0
misc_net,9.18,Rock Springs,WY,41.606,-109.23,27971,Music therapist,41.116253,-109.846432,8,1,12,36.41067761806981,74.91513716588165,0
home,65.44,Norwalk,CA,33.9056,-118.0818,105549,Firefighter,33.808489,-117.084134,13,0,1,45.3305954825462,92.75441521557016,0
entertainment,91.15,Freedom,WY,43.0172,-111.0292,471,"""Education officer, museum""",43.620476,-111.768075,14,1,12,53.40999315537303,89.84852518008543,0
home,36.72,Parker,CO,39.5102,-104.7216,84861,Materials engineer,39.22481,-104.882242,13,4,12,88.7939767282683,34.608395964663515,0
misc_net,4.23,Westerville,NE,41.4193,-99.3844,73,Product designer,41.596011,-99.966886,10,6,1,83.9233401779603,52.33254845144575,0
shopping_net,1101.74,Lonetree,WY,41.0552,-110.1603,49,Research scientist (physical sciences),41.424991,-109.843923,23,5,3,37.69472963723477,48.89309332563426,1
gas_transport,86.64,Orient,WA,48.8878,-118.2105,149,Special educational needs teacher,47.930637,-118.694607,10,3,12,42.52977412731006,112.26926795316524,0
misc_net,772.98,Kirk,CO,39.6171,-102.4776,207,Network engineer,39.461653,-102.9418,18,3,4,64.40520191649556,43.396887786381136,1
travel,1.6,Llano,NM,36.1486,-105.6648,247,Architectural technologist,37.00272,-105.901204,21,1,1,57.20739219712526,97.29154981383572,0
misc_net,659.87,Howells,NE,41.6964,-96.9858,1063,Research scientist (maths),41.043728,-97.376716,23,5,11,91.66050650239562,79.56778160529764,1
health_fitness,25.74,Thompson,UT,38.9999,-109.615,46,"""Surveyor, minerals""",39.63423,-108.815381,13,5,12,33.67830253251198,98.52265698197562,0
shopping_net,4.39,Meridian,ID,43.6498,-116.4306,84106,Intelligence analyst,43.494484,-117.121063,19,3,12,49.86721423682409,58.24390287198839,0
entertainment,8.02,Hooper,NE,41.6414,-96.5232,1745,"""Engineer, automotive""",40.710738,-96.186405,18,0,1,45.0321697467488,107.25500855322564,0
entertainment,5.7,Burbank,WA,46.1966,-118.9017,3684,Musician,45.861471,-119.743738,20,2,1,37.13073237508556,74.9297634872006,0
home,53.73,Mountain Center,CA,33.6401,-116.5567,1661,"""Therapist, music""",33.992102,-117.21002,23,1,12,32.276522929500345,71.93636439637187,0
home,2.68,Wales,AK,64.7556,-165.6723,145,"""Administrator, education""",64.928272,-165.735959,17,2,1,79.16769336071184,19.43463111372941,0
misc_pos,109.25,Kirk,CO,39.6171,-102.4776,207,Network engineer,38.695388,-103.168778,2,1,1,63.096509240246405,118.55611850236096,0
travel,4.21,San Diego,CA,33.0067,-117.069,1241364,"""Pharmacist, hospital""",33.752533,-117.227443,17,6,12,60.824093086926766,84.22759803564071,0
gas_transport,87.49,Indian Wells,CA,33.7163,-116.3381,4677,Learning mentor,33.910183,-116.31082,4,2,1,63.66050650239562,21.7056235622992,0
kids_pets,7.76,Littleton,CO,39.5994,-105.0044,320420,Water engineer,38.611586,-105.207987,20,3,12,45.42094455852156,111.23564600986408,0
grocery_pos,149.09,Brainard,NE,41.1832,-96.9882,614,Associate Professor,40.758713,-96.203806,1,6,1,51.5482546201232,81.02305271562908,0
shopping_pos,6.52,Conway,WA,48.34,-122.3456,85,"""Research officer, political party""",47.965024,-123.020813,23,1,1,34.35181382614648,65.17237638345864,0
grocery_pos,97.38,North Loup,NE,41.4972,-98.7858,509,"""Nurse, children's""",40.827085,-97.906268,4,6,1,38.30800821355236,104.75270379553596,0
grocery_pos,105.97,Sutherland,NE,41.1558,-101.136,1789,Insurance broker,41.847295,-100.637671,8,4,12,38.86926762491444,87.37477314600572,0
grocery_pos,211.73,Superior,AZ,33.2887,-111.0985,2872,Petroleum engineer,32.67998,-111.995246,9,4,1,31.225188227241617,107.59747359318732,0
shopping_pos,1.75,Indian Wells,CA,33.7163,-116.3381,4677,Learning mentor,34.19842,-116.495147,5,1,12,65.65092402464066,55.53159153959902,0
home,144.94,Arnold,MO,38.4305,-90.387,35439,Land/geomatics surveyor,39.04423,-89.498053,21,4,1,33.76317590691308,102.96487854526517,0
shopping_pos,54.38,Redford,MO,37.3272,-91.0243,241,Investment analyst,36.7478,-90.126771,23,0,1,44.19712525667351,102.45524507382316,0
misc_pos,44.08,Dumont,CO,39.7532,-105.6356,565,Mental health nurse,39.250635,-106.163092,1,6,12,42.33538672142368,71.9104334707793,0
grocery_pos,82.58,Thompson,UT,38.9999,-109.615,46,"""Surveyor, minerals""",39.141819,-109.397842,10,0,12,33.68377823408624,24.5045440475226,0
home,78.51,Jordan Valley,OR,42.8801,-117.281,641,Economist,43.775666,-116.363021,22,0,1,25.138945927446954,124.21634498137166,0
personal_care,1.01,Altonah,UT,40.3207,-110.436,302,"""Sales professional, IT""",41.320144,-111.424027,19,3,12,30.954140999315538,138.78863522533902,0
personal_care,81.46,Superior,AZ,33.2887,-111.0985,2872,Petroleum engineer,32.753536,-110.290454,14,5,1,31.227926078028748,96.00359878579452,0
misc_pos,78.88,Mountain Center,CA,33.6401,-116.5567,1661,"""Therapist, music""",34.154625,-115.877564,14,0,12,32.27378507871321,84.86564373266826,0
home,118.09,Red River,NM,36.6659,-105.4694,606,"""Surveyor, land/geomatics""",37.542725,-104.556244,23,3,1,30.34360027378508,126.74160432231918,0
food_dining,78.48,Espanola,NM,35.9866,-106.0654,18408,Historic buildings inspector/conservation officer,35.892868,-105.873677,13,0,1,46.47227926078029,20.16300314007816,0
shopping_net,1.36,Espanola,NM,35.9866,-106.0654,18408,Historic buildings inspector/conservation officer,36.38596,-106.306668,14,4,12,48.43805612594114,49.404459331915824,0
entertainment,14.12,Centerview,MO,38.7897,-93.8702,2368,Electronics engineer,39.114499,-92.996116,17,2,12,31.45516769336071,83.76956089979544,0
gas_transport,5.53,Spirit Lake,ID,47.9657,-116.868,4161,Production manager,48.601017,-117.718227,3,4,11,63.441478439425055,94.59526213898664,1
shopping_net,965.6,Loving,NM,32.274,-104.0914,1925,Educational psychologist,32.18641,-104.314291,22,1,8,68.24914442162903,23.1172219526118,1
personal_care,1.4,Ballwin,MO,38.577,-90.5255,92608,"""Engineer, communications""",38.691778,-91.416089,21,1,1,17.43463381245722,78.40151386055912,0
travel,491.88,Athena,OR,45.8289,-118.4971,1302,Dealer,46.399554,-119.326505,15,6,1,42.217659137577,90.07566738609954,0
food_dining,69.41,Pueblo,CO,38.2352,-104.66,151815,Further education lecturer,37.681315,-104.109567,21,1,12,32.98562628336756,78.24320144786813,0
grocery_net,33.33,Wheaton,MO,36.7651,-94.0492,760,Production manager,37.697199,-94.408956,7,1,12,35.32922655715264,108.42790011048696,0
gas_transport,48.77,June Lake,CA,37.7773,-119.0825,633,Health service manager,37.611839,-118.145062,10,6,1,91.32648870636552,84.50853227908928,0
entertainment,183.27,Omaha,NE,41.2064,-95.9953,518429,"""Surveyor, land/geomatics""",41.559967,-95.428548,23,1,12,25.22108145106092,61.49325959880935,0
grocery_pos,103.53,Humboldt,AZ,34.5189,-112.2523,1179,"""Civil engineer, contracting""",33.530092,-112.557832,10,5,1,63.99726214921287,113.49838134852644,0
misc_pos,80.7,Manville,WY,42.73,-104.7024,241,Educational psychologist,43.381289,-104.222588,15,1,12,40.03559206023272,82.24581527906462,0
health_fitness,4.57,Eugene,OR,44.0385,-123.0614,191096,"""Scientist, physiological""",43.594883,-122.34648,21,1,1,54.7378507871321,75.65321251142008,0
home,35.45,Moriarty,NM,34.9889,-106.0609,7268,"""Therapist, art""",35.133462,-106.037507,12,6,1,30.442162902121837,16.214958203682475,0
misc_pos,32.19,Campbell,NE,40.2967,-98.737,493,"""Surveyor, minerals""",39.841562,-99.594646,4,4,1,78.34633812457221,88.81046017507214,0
health_fitness,35.49,Tomales,CA,38.2427,-122.9145,337,Occupational psychologist,39.060633,-122.324209,21,3,1,64.49828884325804,104.3999541681822,0
shopping_pos,485.98,Lakeport,CA,39.047,-122.9328,11256,Podiatrist,38.99391,-123.371331,14,1,1,46.223134839151264,38.34170493490516,0
home,121.21,Issaquah,WA,47.4974,-122.0107,50489,Osteopath,48.377519,-122.962536,20,1,1,34.83915126625599,120.8497743120203,0
food_dining,33.96,Redford,MO,37.3272,-91.0243,241,Investment analyst,38.106398,-91.300497,13,2,1,44.2217659137577,89.98429816592869,0
shopping_pos,7.69,Paauilo,HI,20.0271,-155.3697,1490,"""Scientist, research (maths)""",19.968555,-155.053512,21,1,1,27.720739219712527,33.67387987715251,0
gas_transport,64.33,Meridian,ID,43.6498,-116.4306,84106,Intelligence analyst,43.161156,-116.95978,7,2,12,49.88364134154688,69.13553445674955,0
misc_pos,2.45,High Rolls Mountain Park,NM,32.9396,-105.8189,899,Naval architect,33.552333,-105.485408,10,3,12,53.3388090349076,74.85899991903085,0
home,124.51,Lagrange,WY,41.6423,-104.1974,635,Product/process development scientist,42.524303,-104.725371,19,4,1,45.497604380561256,107.31668624568746,0
health_fitness,45.8,Eugene,OR,44.0385,-123.0614,191096,"""Scientist, physiological""",44.309277,-122.70765,22,0,1,54.77344284736482,41.26114074293564,0
kids_pets,5.91,Mound City,MO,40.1362,-95.2138,1631,Architect,40.671648,-95.898933,16,1,12,67.93976728268309,83.12841410446563,0
personal_care,74.1,Meadville,MO,39.7795,-93.3014,964,Tourist information centre manager,40.129984,-94.072912,18,3,12,46.02327173169062,76.4413310657506,0
shopping_pos,5.23,Fullerton,NE,41.366,-98.0054,1749,"""Surveyor, mining""",41.532977,-98.788008,19,5,1,45.68377823408624,67.81729735139822,0
shopping_net,909.29,Browning,MO,40.029,-93.1607,602,Cytogeneticist,40.977312,-93.55098,23,6,1,64.48186173853524,110.48960286224056,1
shopping_pos,1371.81,Tekoa,WA,47.2271,-117.0819,895,Clothing/textile technologist,47.065996,-116.262297,22,5,8,20.194387405886378,64.52010135657966,1
health_fitness,46.55,Llano,NM,36.1486,-105.6648,247,Architectural technologist,36.113599,-105.469136,12,5,1,57.23750855578371,17.998179885387206,0
grocery_net,57.3,Sutherland,NE,41.1558,-101.136,1789,Insurance broker,41.643383,-100.137216,11,3,12,38.88569472963724,99.39519004449332,0
health_fitness,216.08,Arnold,MO,38.4305,-90.387,35439,Land/geomatics surveyor,38.170557,-91.193829,17,1,12,35.748117727583846,76.10781722139507,0
personal_care,177.46,American Fork,UT,40.3928,-111.7941,42384,Futures trader,41.298285,-110.879218,21,5,1,26.036960985626283,126.72559012697374,0
health_fitness,4.57,Eugene,OR,44.0385,-123.0614,191096,"""Scientist, physiological""",43.594883,-122.34648,21,1,1,54.7378507871321,75.65321251142008,0
shopping_net,6.35,Ballwin,MO,38.577,-90.5255,92608,"""Engineer, communications""",38.249987,-90.450761,12,1,1,17.453798767967147,36.94064292997251,0
grocery_net,40.92,Riverton,WY,43.0351,-108.2024,19408,"""Lecturer, higher education""",42.404177,-109.12255,0,6,1,25.319644079397676,102.82031194065706,0
kids_pets,10.86,Clarksville,MO,39.3465,-90.9362,1146,Exercise physiologist,38.391967,-91.889862,15,4,1,89.782340862423,134.4677460198643,0
shopping_pos,15.14,Wheaton,MO,36.7651,-94.0492,760,Production manager,36.241693,-94.775059,14,0,12,35.3264887063655,87.15681664259611,0
home,98.79,Conway,WA,48.34,-122.3456,85,"""Research officer, political party""",48.20655,-122.808251,13,0,1,34.36824093086927,37.31739713808405,0
shopping_net,6.1,Grenada,CA,41.6125,-122.5258,589,Systems analyst,41.689178,-123.188129,6,6,1,73.04312114989733,55.68659269455954,0
home,37.0,Matthews,MO,36.7154,-89.6287,1019,Aeronautical engineer,37.066,-90.200805,23,3,1,39.95619438740589,64.09676497828544,0
shopping_net,6.69,Jelm,WY,41.0539,-106.0763,100,Public librarian,40.215109,-107.00724,22,4,1,44.75838466803559,121.94177506955783,0
home,72.18,Dumont,CO,39.7532,-105.6356,565,Mental health nurse,39.038853,-105.698018,15,1,12,42.34086242299794,79.6126309114961,0
misc_pos,1.45,Yellowstone National Park,WY,44.7957,-110.6137,369,Materials engineer,44.272792,-111.275667,6,0,1,77.18001368925394,78.31846557489706,0
shopping_pos,997.11,San Diego,CA,33.0067,-117.069,1241364,"""Pharmacist, hospital""",32.959991,-117.107205,22,5,6,60.26557152635181,6.29874846721333,1
shopping_net,95.91,Carroll,NE,42.277,-97.1926,566,Metallurgist,41.855796,-97.015128,11,1,1,43.969883641341546,49.07344870989627,0
grocery_pos,99.63,Fiddletown,CA,38.5234,-120.6763,832,Immigration officer,38.898232,-120.837966,7,2,12,33.61806981519507,43.97652862537138,0
travel,8.64,Matthews,MO,36.7154,-89.6287,1019,Aeronautical engineer,37.594005,-90.606586,14,5,12,41.91649555099247,130.59351791665384,0
food_dining,31.41,Phoenix,AZ,33.5623,-112.0559,1312922,Contractor,33.451396,-111.154783,12,1,1,37.22655715263518,84.45336872189385,0
home,9.55,Blairstown,MO,38.5319,-93.9221,467,Agricultural consultant,39.331155,-94.613299,15,5,12,70.5845311430527,107.11108955594224,0
shopping_pos,5.55,Fort Washakie,WY,43.0048,-108.8964,1645,Information systems manager,43.568471,-109.677753,15,5,12,34.85557837097878,89.0403492651546,0
home,1.61,Phoenix,AZ,33.5623,-112.0559,1312922,Contractor,34.103707,-112.270654,20,2,12,39.18412046543463,63.38534040391517,0
shopping_net,1124.32,Kirk,CO,39.6171,-102.4776,207,Network engineer,40.422377,-101.639318,23,3,4,64.40520191649556,114.51347542323114,1
gas_transport,41.25,Hooper,NE,41.6414,-96.5232,1745,"""Engineer, automotive""",41.074484,-97.439286,10,3,12,47.01437371663244,99.0936529007207,0
entertainment,1.12,Wales,AK,64.7556,-165.6723,145,"""Administrator, education""",64.78327,-164.877201,16,3,1,79.1895961670089,37.81136734695635,0
health_fitness,85.13,Lakeport,CA,39.047,-122.9328,11256,Podiatrist,39.945256,-122.225583,12,4,1,46.23134839151266,116.86962484424254,0
shopping_net,1323.74,Sun City,CA,33.7467,-117.1721,54287,"""Designer, exhibition/display""",34.394362,-116.94011,19,0,1,46.29158110882957,75.11987911127277,0
shopping_pos,2.86,Orient,WA,48.8878,-118.2105,149,Special educational needs teacher,49.493476,-117.630467,16,3,12,42.52977412731006,79.4507441291517,0
entertainment,69.25,Corona,CA,33.8419,-117.6043,233717,Wellsite geologist,33.003466,-117.056312,2,5,1,52.64339493497605,106.19826823083145,0
personal_care,26.46,Orient,WA,48.8878,-118.2105,149,Special educational needs teacher,48.574671,-117.689483,14,3,12,42.52977412731006,51.69656986072421,0
personal_care,20.72,Camden,MO,39.2048,-94.0259,464,Colour technologist,39.888155,-93.935511,12,6,1,59.630390143737166,76.37982103003884,0
personal_care,7.42,Crownpoint,NM,35.7206,-108.0271,5662,IT consultant,35.803132,-107.036298,13,2,1,29.7741273100616,89.86892100189455,0
personal_care,45.43,Port Costa,CA,38.046,-122.1866,198,Armed forces training and education officer,38.473004,-122.564252,19,0,12,61.74674880219028,57.80700671051062,0
home,85.44,Smith River,CA,41.9404,-124.1587,1930,Web designer,41.086086,-123.461579,17,5,1,35.564681724846,111.32407475026228,0
health_fitness,78.1,Carroll,NE,42.277,-97.1926,566,Metallurgist,42.355777,-97.158996,19,1,12,45.92470910335387,9.185026124523908,0
home,6.51,Port Costa,CA,38.046,-122.1866,198,Armed forces training and education officer,37.242136,-122.199565,16,5,1,59.7864476386037,89.39288692507839,0
shopping_net,6.08,Meredith,CO,39.3199,-106.6596,61,Public relations account executive,39.818999,-106.003755,10,1,1,79.17864476386038,78.99417506092115,0
grocery_pos,331.38,Monitor,WA,47.4852,-120.4158,584,Medical technical officer,46.723438,-119.448303,13,5,8,50.4476386036961,111.96643117459186,1
grocery_pos,194.1,Colorado Springs,CO,38.8881,-104.6556,525713,Museum/gallery exhibitions officer,39.219047,-104.411477,1,0,1,26.663928815879533,42.4095258922876,0
health_fitness,29.32,Scotts Mills,OR,44.9897,-122.6187,1252,"""Engineer, petroleum""",45.899586,-122.694835,15,4,1,81.90828199863107,101.34888866012672,0
shopping_pos,93.01,Meridian,ID,43.6498,-116.4306,84106,Intelligence analyst,44.460493,-116.799905,20,0,12,49.87816563997262,94.85261917798128,0
misc_net,6.91,Lamy,NM,35.4311,-105.9409,923,Public relations account executive,35.771016,-106.567271,6,4,1,54.554414784394254,68.08567148290061,0
health_fitness,1.82,Phoenix,AZ,33.5623,-112.0559,1312922,Contractor,32.653524,-112.853115,22,4,1,37.215605749486656,125.39824792681524,0
grocery_pos,333.11,Howells,NE,41.6964,-96.9858,1063,Research scientist (maths),42.661796,-97.472439,1,6,12,91.66324435318276,114.59163670450708,1
shopping_pos,1101.55,Glendale,CA,34.1556,-118.2322,172817,Advertising account planner,34.54218,-117.616706,22,6,1,36.43805612594114,70.99689184683929,0
health_fitness,55.0,Crownpoint,NM,35.7206,-108.0271,5662,IT consultant,35.378511,-107.576282,12,3,1,29.77686516084873,55.77060716366909,0
food_dining,108.4,Lake Oswego,OR,45.4093,-122.6847,42817,Planning and development surveyor,44.505584,-121.971632,20,1,1,36.63518138261465,115.09027092238868,0
entertainment,59.95,Fields Landing,CA,40.7268,-124.2174,276,"""Scientist, audiological""",40.146184,-123.592375,13,0,12,91.64681724845995,83.4643386490984,0
shopping_pos,737.77,Brashear,MO,40.1959,-92.4333,805,Private music teacher,40.932816,-91.672178,22,1,12,49.492128678986994,104.15295105611138,1
kids_pets,16.79,June Lake,CA,37.7773,-119.0825,633,Health service manager,37.273314,-118.714583,16,5,1,91.32375085557835,64.75529051990195,0
shopping_pos,113.83,Meredith,CO,39.3199,-106.6596,61,Public relations account executive,38.393991,-107.30437,9,5,1,79.17043121149898,117.11874959327754,0
misc_net,5.81,Blairstown,MO,38.5319,-93.9221,467,Agricultural consultant,39.035005,-94.310696,2,6,1,68.63244353182752,65.30011810813511,0
grocery_net,67.26,Riverton,WY,43.0351,-108.2024,19408,"""Lecturer, higher education""",42.554741,-107.49675,5,2,1,25.347022587268995,78.5364800797862,0
kids_pets,56.59,Dumont,CO,39.7532,-105.6356,565,Mental health nurse,40.641525,-105.305417,21,5,12,42.33264887063656,102.68074623558402,0
health_fitness,51.24,Red River,NM,36.6659,-105.4694,606,"""Surveyor, land/geomatics""",36.60464,-105.520575,21,5,12,32.303901437371664,8.200694612832606,0
grocery_pos,196.83,Littleton,CO,39.5994,-105.0044,320420,Water engineer,40.145403,-105.733968,0,1,1,43.460643394934976,86.96165869685127,0
home,144.09,Glendale,CA,34.1556,-118.2322,172817,Advertising account planner,34.45707,-119.187627,15,4,1,36.47091033538672,93.940941697934,0
shopping_pos,1.17,Fullerton,NE,41.366,-98.0054,1749,"""Surveyor, mining""",41.522328,-98.804542,17,3,12,47.6331279945243,68.84046810401139,0
shopping_net,14.89,Port Costa,CA,38.046,-122.1866,198,Armed forces training and education officer,37.871249,-121.840289,6,6,1,59.80835044490075,36.04745752429089,0
shopping_pos,3.38,Portland,OR,45.5303,-122.7033,841711,"""Engineer, building services""",45.867252,-123.569125,7,0,12,57.73579739904175,76.97495283633744,0
entertainment,13.58,Mesa,ID,44.6255,-116.4493,129,Cartographer,44.962267,-116.214343,17,2,12,55.04175222450377,41.78513378186797,0
kids_pets,36.82,Newhall,CA,34.3795,-118.523,34882,Health physicist,33.695592,-117.965069,14,0,1,47.70431211498973,91.79361829634664,0
gas_transport,9.38,Malad City,ID,42.1808,-112.262,4154,Nature conservation officer,41.724405,-111.508607,11,3,11,58.79534565366188,80.35488570456108,1
shopping_net,7.7,Newhall,CA,34.3795,-118.523,34882,Health physicist,33.382175,-117.875074,19,4,1,47.696098562628336,125.99829511065754,0
kids_pets,1.99,Mesa,ID,44.6255,-116.4493,129,Cartographer,43.881822,-116.071817,12,6,12,55.03353867214237,87.988533319031,0
entertainment,615.49,Lowell,OR,43.921,-122.7806,1420,Systems analyst,43.28018,-122.063582,22,1,2,53.2539356605065,91.71036790878124,1
gas_transport,48.74,Luray,MO,40.4931,-91.8912,519,Town planner,40.7614,-91.138328,7,3,12,54.88021902806297,70.19211006666447,0
shopping_pos,8.3,Orient,WA,48.8878,-118.2105,149,Special educational needs teacher,48.05011,-118.329201,21,1,1,40.53114305270363,93.55703373401371,0
kids_pets,163.49,Burbank,WA,46.1966,-118.9017,3684,Musician,45.386932,-119.347901,20,4,1,37.13620807665982,96.4485099206193,0
misc_pos,5.41,Laguna Hills,CA,33.615,-117.7114,45303,Sales executive,33.45639,-118.384361,3,3,1,49.07049965776865,64.8191567146983,0
home,225.7,Brashear,MO,40.1959,-92.4333,805,Private music teacher,39.27676,-93.149589,17,2,1,48.51745379876797,119.15001215871064,0
shopping_pos,6.74,Campbell,NE,40.2967,-98.737,493,"""Surveyor, minerals""",40.712365,-98.960651,5,6,12,80.28747433264887,49.93820444404157,0
gas_transport,72.95,Helm,CA,36.4992,-120.0936,123,Early years teacher,35.829606,-119.563658,0,3,1,45.90280629705681,88.35585164299874,0
home,37.68,Sun City,CA,33.7467,-117.1721,54287,"""Designer, exhibition/display""",33.820904,-116.930624,14,1,12,48.26830937713895,23.793376721104384,0
entertainment,47.84,Sun City,CA,33.7467,-117.1721,54287,"""Designer, exhibition/display""",33.708321,-117.078085,17,6,1,46.30800821355236,9.685324876042484,0
grocery_pos,284.72,Helm,CA,36.4992,-120.0936,123,Early years teacher,36.635682,-120.485818,6,2,9,46.59000684462697,38.1740174735776,1
entertainment,59.8,Littleton,CO,39.5994,-105.0044,320420,Water engineer,40.292353,-104.989425,23,2,12,45.41820670773443,77.06343188319802,0
grocery_net,85.16,Indian Wells,CA,33.7163,-116.3381,4677,Learning mentor,34.567104,-117.309781,8,2,1,63.66050650239562,130.17854120040465,0
home,27.12,Sutherland,NE,41.1558,-101.136,1789,Insurance broker,41.388235,-100.576203,15,1,12,38.88021902806297,53.44801656277414,0
gas_transport,48.35,Parks,AZ,35.2563,-111.95,759,"""Geologist, engineering""",34.594348,-112.663125,8,4,12,63.74537987679671,98.20674724843866,0
personal_care,4.57,Jelm,WY,41.0539,-106.0763,100,Public librarian,41.066121,-106.104742,22,3,12,46.691307323750856,2.744689081335648,0
grocery_pos,176.73,Sun City,CA,33.7467,-117.1721,54287,"""Designer, exhibition/display""",34.627165,-117.392905,11,3,12,48.27378507871321,99.98759641167278,0
gas_transport,67.19,Manley,NE,40.9207,-96.168,206,Human resources officer,41.568128,-95.554286,7,4,1,51.29089664613279,88.40482642112866,0
kids_pets,3.29,Weeping Water,NE,40.8731,-96.1528,1517,Dealer,40.566485,-97.026148,23,6,1,67.1813826146475,81.11451988657545,0
grocery_net,55.16,Lonetree,WY,41.0552,-110.1603,49,Research scientist (physical sciences),42.048653,-110.988676,7,1,1,37.530458590006845,130.20795098248087,0
health_fitness,51.5,Glendale,CA,34.1556,-118.2322,172817,Advertising account planner,34.917494,-117.849187,21,0,12,38.41478439425051,91.69550574731296,0
grocery_pos,354.03,Bay City,OR,45.5197,-123.8761,1530,Colour technologist,45.902121,-124.866313,2,1,3,33.31143052703628,87.86006780376852,1
shopping_net,120.13,Jordan Valley,OR,42.8801,-117.281,641,Economist,43.517391,-117.957977,8,3,1,25.14715947980835,89.62591568912892,0
gas_transport,10.14,Louisiana,MO,39.4336,-91.0664,4593,"""Teacher, early years/pre""",38.922426,-91.590025,1,4,5,79.46885694729637,72.58021294778025,1
kids_pets,44.63,Thompson,UT,38.9999,-109.615,46,"""Surveyor, minerals""",39.784914,-109.421193,15,2,1,31.71526351813826,88.86410271968573,0
home,9.13,Altonah,UT,40.3207,-110.436,302,"""Sales professional, IT""",40.939088,-110.334781,16,0,12,30.94592744695414,69.29010708225115,0
shopping_pos,4.43,Issaquah,WA,47.4974,-122.0107,50489,Osteopath,48.076539,-122.582352,21,2,1,34.861054072553046,77.27192056018403,0
misc_net,351.33,Thompson,UT,38.9999,-109.615,46,"""Surveyor, minerals""",38.539843,-108.919504,11,0,1,31.74811772758385,79.07260705765532,0
travel,1.06,Gardiner,OR,43.7857,-124.1437,260,"""Engineer, maintenance""",44.128998,-125.109976,14,0,12,64.32306639288159,86.25131793038906,0
shopping_net,973.99,Fort Washakie,WY,43.0048,-108.8964,1645,Freight forwarder,43.009123,-109.288587,23,0,12,43.841204654346335,31.8937331163082,1
entertainment,25.29,Lakeport,CA,39.047,-122.9328,11256,Podiatrist,38.839916,-123.398142,13,2,1,46.24503764544832,46.36636108979909,0
entertainment,15.93,Laguna Hills,CA,33.615,-117.7114,45303,Sales executive,33.916325,-117.470527,5,2,12,51.02258726899384,40.22942330922595,0
misc_net,781.13,Indian Wells,CA,33.7163,-116.3381,4677,Learning mentor,34.122485,-115.39313,22,6,5,64.99383983572895,98.19714863992758,1
shopping_net,910.76,Daly City,CA,37.6787,-122.478,107941,"""Buyer, industrial""",37.307984,-121.509379,2,5,3,27.44695414099932,94.87824208415468,1
home,14.11,Pueblo,CO,38.2352,-104.66,151815,Further education lecturer,37.509985,-104.162426,15,0,12,32.982888432580424,91.7073011188612,0
personal_care,84.21,Red River,NM,36.6659,-105.4694,606,"""Surveyor, land/geomatics""",37.038945,-104.681337,17,0,1,30.354551676933607,81.4692436135434,0
entertainment,67.02,Meadville,MO,39.7795,-93.3014,964,Tourist information centre manager,40.574588,-93.497262,16,0,12,46.01505817932922,89.96203469234443,0
personal_care,21.96,Sun City,CA,33.7467,-117.1721,54287,"""Designer, exhibition/display""",32.929399,-116.606318,18,1,12,48.26830937713895,104.98335269335688,0
misc_pos,18.1,Unionville,MO,40.4815,-92.9951,3805,"""Investment banker, corporate""",39.521426,-92.653091,3,0,12,70.2861054072553,110.65850530251942,0
food_dining,5.25,Orient,WA,48.8878,-118.2105,149,Special educational needs teacher,47.927494,-118.822393,20,6,12,42.51882272416153,115.9395259331776,0
food_dining,68.57,Tomales,CA,38.2427,-122.9145,337,Occupational psychologist,38.660586,-122.301081,13,0,12,66.48323066392882,70.79880839116719,0
grocery_net,60.78,Laramie,WY,41.4247,-105.4781,35371,"""Pilot, airline""",40.703837,-104.834909,2,4,1,30.376454483230663,96.60577546359748,0
gas_transport,61.47,Indian Wells,CA,33.7163,-116.3381,4677,Learning mentor,33.508605,-115.358546,3,0,12,65.64818617385353,93.6032099513952,0
health_fitness,95.84,Colorado Springs,CO,38.8881,-104.6556,525713,Museum/gallery exhibitions officer,37.97867,-104.87046,17,1,1,26.666666666666668,102.84107921544906,0
grocery_pos,176.73,Sun City,CA,33.7467,-117.1721,54287,"""Designer, exhibition/display""",34.627165,-117.392905,11,3,12,48.27378507871321,99.98759641167278,0
shopping_net,85.63,Camden,MO,39.2048,-94.0259,464,Colour technologist,39.927623,-94.323673,4,3,1,59.62217659137577,84.32975753231968,0
kids_pets,66.74,Los Angeles,CA,34.0443,-118.2509,2383912,"""Journalist, newspaper""",34.608771,-119.249346,18,5,1,59.60301163586585,111.11138389617768,0
gas_transport,76.39,Cascade Locks,OR,45.671,-121.8686,1288,Barrister,45.008993,-122.541459,1,4,1,82.6776180698152,90.4668237687126,0
health_fitness,3.16,Parker,CO,39.5102,-104.7216,84861,Materials engineer,40.073798,-105.483344,21,0,1,86.84736481861738,90.34971006622465,0
personal_care,29.24,Grenada,CA,41.6125,-122.5258,589,Systems analyst,42.114385,-123.20183,19,1,1,73.02943189596166,79.04689425421401,0
shopping_pos,9.2,Gardiner,OR,43.7857,-124.1437,260,"""Engineer, maintenance""",44.074772,-124.138915,1,0,1,62.38740588637919,32.145623761749775,0
shopping_net,6.36,Luray,MO,40.4931,-91.8912,519,Town planner,41.225666,-91.560351,3,6,1,52.8952772073922,86.07834670059877,0
shopping_pos,113.75,Superior,AZ,33.2887,-111.0985,2872,Petroleum engineer,33.4978,-111.193468,14,1,1,31.19780971937029,24.866352172384453,0
kids_pets,77.7,Rock Springs,WY,41.606,-109.23,27971,Music therapist,42.559378,-109.91984,15,4,12,36.39972621492129,120.32890500432327,0
home,13.78,Luray,MO,40.4931,-91.8912,519,Town planner,40.989509,-92.554443,17,6,1,52.8952772073922,78.54308544528855,0
personal_care,37.1,Littleton,CO,39.5994,-105.0044,320420,Water engineer,39.397032,-104.212135,16,6,12,45.40999315537303,71.60592212237238,0
shopping_net,20.65,Napa,CA,38.4549,-122.2564,94014,Airline pilot,37.820395,-122.897169,21,3,12,35.36208076659822,90.10136122561713,0
health_fitness,95.79,Howells,NE,41.6964,-96.9858,1063,Research scientist (maths),40.857899,-97.163879,18,1,12,92.7419575633128,94.41710837038302,0
shopping_net,26.0,Lake Oswego,OR,45.4093,-122.6847,42817,Planning and development surveyor,46.174934,-122.121669,13,6,1,36.629705681040384,95.67321190041856,0
misc_net,4.65,Iliff,CO,40.7692,-103.0968,648,Community arts worker,41.228696,-103.549028,2,6,1,49.3305954825462,63.64627342569665,0
kids_pets,19.72,Fullerton,NE,41.366,-98.0054,1749,"""Surveyor, mining""",40.901824,-97.413153,17,2,1,45.69472963723477,71.58303515330175,0
misc_net,407.42,Gardiner,OR,43.7857,-124.1437,260,"""Engineer, maintenance""",44.556768,-123.410213,8,1,1,62.33264887063656,103.79381276230032,0
gas_transport,55.1,Matthews,MO,36.7154,-89.6287,1019,Aeronautical engineer,36.162868,-90.083611,10,5,12,41.91649555099247,73.69322343760273,0
personal_care,43.74,Rocky Mount,MO,38.2911,-92.7059,1847,Tax inspector,37.438254,-93.264888,17,0,12,32.172484599589325,106.77500681442386,0
shopping_pos,6.21,Oakland,CA,37.7878,-122.1884,381459,Barista,37.119189,-122.80786,13,1,12,46.98699520876112,92.28889264501386,0
misc_pos,8.13,High Rolls Mountain Park,NM,32.9396,-105.8189,899,Naval architect,32.518581,-106.585197,10,3,12,53.3388090349076,85.61343252260335,0
travel,3.8,Phoenix,AZ,33.8155,-112.1202,1312922,Counselling psychologist,33.105818,-112.96299,21,4,1,19.11567419575633,111.08338162101032,0
grocery_pos,208.22,Rock Springs,WY,41.606,-109.23,27971,Music therapist,40.786028,-109.520009,9,6,1,34.431211498973305,94.35015606005427,0
home,49.05,Ballwin,MO,38.577,-90.5255,92608,"""Engineer, communications""",38.519245,-90.181423,14,0,12,19.42505133470226,30.603661362530087,0
shopping_pos,106.55,Lonetree,WY,41.0552,-110.1603,49,Research scientist (physical sciences),41.32431,-110.284096,11,5,1,37.541409993155376,31.665969180523746,0
grocery_pos,103.86,Rocky Mount,MO,38.2911,-92.7059,1847,Tax inspector,38.636201,-92.650748,11,1,1,30.20123203285421,38.67275097303938,0
shopping_net,5.19,Wendel,CA,40.3406,-120.2824,104,"""Teacher, adult education""",39.917925,-119.747364,18,1,12,31.370294318959616,65.4069445340394,0
food_dining,24.95,Hooper,NE,41.6414,-96.5232,1745,"""Engineer, automotive""",41.171477,-97.16909,22,1,1,45.054072553045856,75.04672927995446,0
misc_net,317.84,Paradise Valley,AZ,33.5494,-111.9565,17047,Building surveyor,32.86075,-112.123969,10,6,1,83.93702943189597,78.14345619639614,0
home,5.15,Fields Landing,CA,40.7268,-124.2174,276,"""Scientist, audiological""",39.786049,-123.809815,21,3,12,91.63586584531144,110.17611308505624,0
shopping_net,1041.76,Centerview,MO,38.7897,-93.8702,2368,Electronics engineer,38.85913,-93.019556,1,2,1,29.53867214236824,74.09324027550358,1
shopping_pos,824.98,Westfir,OR,43.7575,-122.481,597,Forensic psychologist,44.153659,-121.777378,22,3,10,58.450376454483234,71.50284795558531,1
misc_pos,49.52,Owensville,MO,38.3511,-91.4867,6703,Naval architect,38.668212,-92.255738,12,6,1,20.63244353182752,75.6360975821636,0
health_fitness,121.77,Crownpoint,NM,35.7206,-108.0271,5662,IT consultant,36.395346,-107.986226,22,6,1,29.765913757700204,75.11824277595133,0
kids_pets,74.77,Riverton,WY,43.0351,-108.2024,19408,"""Lecturer, higher education""",42.333617,-108.628813,18,6,1,25.319644079397676,85.43422071755712,0
shopping_pos,7.4,Moab,UT,38.5677,-109.5271,9772,Location manager,38.079055,-109.935075,18,0,12,31.093771389459278,64.95289566038537,0
personal_care,45.79,Indian Wells,CA,33.7163,-116.3381,4677,Learning mentor,32.978246,-116.480521,17,0,1,63.67419575633128,83.1272316909632,0
gas_transport,63.68,Mountain Center,CA,33.6401,-116.5567,1661,"""Therapist, music""",32.762112,-116.865307,1,5,1,30.2943189596167,101.76259526250315,0
entertainment,8.88,Hatch,UT,37.7175,-112.4777,258,Geoscientist,36.830939,-112.573789,15,2,12,59.09924709103354,98.94702850648645,0
gas_transport,83.81,Omaha,NE,41.2064,-95.9953,518429,"""Surveyor, land/geomatics""",40.283609,-96.451402,1,0,1,23.263518138261464,109.56743256837956,0
entertainment,57.97,Ballwin,MO,38.577,-90.5255,92608,"""Engineer, communications""",38.970506,-89.608513,19,3,12,19.41409993155373,90.73991633808916,0
shopping_net,215.99,Sixes,OR,42.825,-124.4409,217,Retail merchandiser,42.988724,-123.904978,1,1,1,90.2505133470226,47.29302051832019,0
shopping_pos,5.21,Riverton,WY,43.0351,-108.2024,19408,"""Lecturer, higher education""",42.983814,-107.647893,23,3,1,25.349760438056126,45.44626387579189,0
personal_care,157.78,Redford,MO,37.3272,-91.0243,241,Investment analyst,38.170106,-91.623716,23,3,1,44.18617385352498,107.52710838459184,0
food_dining,54.88,Meadville,MO,39.7795,-93.3014,964,Tourist information centre manager,39.853439,-92.497708,17,2,1,44.04654346338125,69.13271952512447,0
kids_pets,51.76,Kissee Mills,MO,36.6704,-93.0377,1201,"""Engineer, agricultural""",37.613879,-92.309102,20,1,1,38.82819986310746,123.19337370843382,0
kids_pets,76.55,Altonah,UT,40.3207,-110.436,302,"""Sales professional, IT""",39.448039,-109.698241,13,0,12,30.94592744695414,115.66405758499842,0
health_fitness,74.42,Dumont,CO,39.7532,-105.6356,565,Mental health nurse,39.401155,-105.139936,19,0,1,40.36413415468857,57.76676687077949,0
kids_pets,29.76,Red River,NM,36.6659,-105.4694,606,"""Surveyor, land/geomatics""",36.754316,-105.132376,12,1,1,30.357289527720734,31.61059595281541,0
food_dining,32.59,Omaha,NE,41.2064,-95.9953,518429,"""Surveyor, land/geomatics""",41.963713,-96.691466,14,4,1,23.274469541409992,102.19348343353776,0
shopping_pos,922.78,Altonah,UT,40.3207,-110.436,302,"""Sales professional, IT""",40.76037,-109.840468,21,0,12,30.94592744695414,70.16104235081424,0
grocery_pos,112.06,Gardiner,OR,43.7857,-124.1437,260,"""Engineer, maintenance""",44.306363,-124.558573,9,1,1,62.35181382614648,66.71811318998971,0
kids_pets,3.92,Nelson,NE,40.201,-98.0684,732,Television/film/video producer,39.554244,-98.58874,14,2,12,64.04654346338124,84.51851236066513,0
food_dining,54.52,Fiddletown,CA,38.5234,-120.6763,832,Immigration officer,37.73082,-121.401881,14,6,1,31.67419575633128,108.6044124599398,0
shopping_net,18.25,Sacramento,CA,38.6865,-121.3494,757530,Soil scientist,38.62411,-122.135674,5,1,12,54.27789185489391,68.62673620296995,0
personal_care,73.97,Dumont,CO,39.7532,-105.6356,565,Mental health nurse,38.776687,-105.206947,21,2,12,42.34360027378508,114.68237566040573,0
home,4.52,Llano,NM,36.1486,-105.6648,247,Architectural technologist,36.567927,-105.635082,20,5,1,57.21834360027378,46.70291481938192,0
grocery_pos,292.73,Hawthorne,CA,33.9143,-118.3493,93193,"""Editor, magazine features""",33.794068,-118.674993,3,1,9,24.3750855578371,32.91294513112901,1
food_dining,62.23,Kissee Mills,MO,36.6704,-93.0377,1201,"""Engineer, agricultural""",36.914019,-92.314198,13,2,12,40.78576317590692,69.88843555496977,0
personal_care,92.34,Centerview,MO,38.7897,-93.8702,2368,Electronics engineer,38.994976,-94.295957,21,5,1,29.470225872689937,43.34452035512649,0
gas_transport,63.97,Orient,WA,48.8878,-118.2105,149,Special educational needs teacher,49.423538,-118.749525,2,4,12,42.51334702258727,71.31093460173041,0
shopping_net,1005.31,San Diego,CA,32.7185,-117.1593,1241364,Comptroller,33.003474,-116.408968,22,0,1,31.16221765913758,76.91347687682793,1
health_fitness,48.53,Lakeport,CA,39.047,-122.9328,11256,Podiatrist,39.804494,-122.494139,17,3,12,48.20260095824778,92.27212030397476,0
home,47.5,Kirk,CO,39.6171,-102.4776,207,Network engineer,39.188219,-103.334185,21,6,12,65.06502395619438,87.69773395720418,0
gas_transport,61.02,Hooper,NE,41.6414,-96.5232,1745,"""Engineer, automotive""",41.958562,-95.577185,1,3,1,45.0403832991102,85.98281211337982,0
home,72.35,Holstein,NE,40.4542,-98.6538,331,Telecommunications researcher,40.468904,-99.558319,18,1,1,68.38877481177276,76.54099837609418,0
grocery_net,72.88,Daly City,CA,37.6787,-122.478,107941,"""Buyer, industrial""",38.471592,-121.600988,1,3,12,29.24298425735797,116.90207665022726,0
grocery_pos,193.1,Azusa,CA,34.1248,-117.9031,59705,Civil Service fast streamer,33.437683,-117.678285,5,1,1,35.526351813826146,79.17867055737773,0
health_fitness,89.58,Westerville,NE,41.4193,-99.3844,73,Product designer,42.167552,-99.5455,20,2,12,85.88637919233402,84.26685847678644,0
shopping_net,8.66,Iliff,CO,40.7692,-103.0968,648,Community arts worker,41.066143,-103.15392,8,1,1,49.31690622861054,33.36554925427176,0
personal_care,87.29,Roseland,NE,40.4591,-98.5551,463,"""Nurse, mental health""",41.012213,-99.281249,15,4,1,70.59548254620123,86.75134315259304,0
gas_transport,82.24,Glendale,CA,34.1556,-118.2322,172817,Advertising account planner,33.501178,-119.08643,2,2,12,38.42026009582478,107.33667268009656,0
grocery_pos,300.37,Weeping Water,NE,40.8731,-96.1528,1517,Dealer,41.519019,-95.720079,0,3,2,68.28473648186174,80.43216175262613,1
entertainment,64.03,Dumont,CO,39.7532,-105.6356,565,Mental health nurse,39.741791,-105.823917,15,5,1,40.3586584531143,16.149953466027647,0
