category,amt,city,state,lat,long,city_pop,job,merch_lat,merch_long,trans_hour,trans_dayofweek,trans_month,customer_age,merchant_distance_km,is_fraud
health_fitness,195.01,Espanola,NM,35.9866,-106.0654,18408,Historic buildings inspector/conservation officer,35.570024,-106.241512,22,4,12,48.43805612594114,48.96986966910242,0
food_dining,60.89,Monitor,WA,47.4852,-120.4158,584,Medical technical officer,47.985539,-120.557409,2,6,1,49.79876796714579,56.63408733434857,0
travel,7.26,June Lake,CA,37.7773,-119.0825,633,Health service manager,37.404205,-119.27573,1,6,1,91.36481861738535,44.843864639002994,0
shopping_pos,4.97,Norwalk,CA,33.9056,-118.0818,105549,Firefighter,33.435151,-118.817357,0,2,1,45.29774127310061,85.84769633182131,0
kids_pets,15.04,Rock Springs,WY,41.606,-109.23,27971,Music therapist,40.893422,-109.885259,0,2,12,36.41341546885695,96.32727882760904,0
shopping_net,5.09,Burlington,WA,48.4786,-122.3345,14871,Public house manager,48.383935,-121.340722,3,0,1,44.86789869952088,74.07197686706901,0
misc_net,882.81,Fort Washakie,WY,43.0048,-108.8964,1645,Freight forwarder,42.046046,-109.034853,22,0,12,43.841204654346335,107.2105865333512,1
shopping_net,793.81,Riverton,WY,43.0351,-108.2024,19408,"""Lecturer, higher education""",43.442907,-109.060297,2,2,5,25.711156741957563,82.97981994763254,1
home,52.25,Holstein,NE,40.4542,-98.6538,331,Telecommunications researcher,40.792448,-99.341685,23,6,1,68.3832991101985,69.17411809990891,0
shopping_pos,945.07,Eugene,OR,44.0385,-123.0614,191096,"""Scientist, physiological""",43.874128,-122.496196,22,4,4,55.05270362765229,48.79452014851861,1
shopping_pos,1.99,Centerview,MO,38.7897,-93.8702,2368,Electronics engineer,38.173654,-94.595877,1,1,1,29.47843942505133,93.1784323807096,0
grocery_net,44.99,Newhall,CA,34.3795,-118.523,34882,Health physicist,34.846017,-119.178037,3,2,1,47.709787816564,79.27380159499651,0
grocery_pos,122.82,Centerview,MO,38.7897,-93.8702,2368,Electronics engineer,39.767949,-94.443694,2,0,1,29.51403148528405,119.45188031472968,0
grocery_net,22.53,Riverton,WY,43.0351,-108.2024,19408,"""Lecturer, higher education""",43.691293,-109.162298,2,1,1,25.34428473648186,106.51373554843246,0
home,16.71,Wales,AK,64.7556,-165.6723,145,"""Administrator, education""",64.273084,-165.779181,2,6,1,79.15947980835044,53.89646066392385,0
entertainment,84.35,Helm,CA,36.4992,-120.0936,123,Early years teacher,35.610841,-120.979915,2,5,12,47.88227241615332,126.90775014673326,0
kids_pets,51.78,Fiddletown,CA,38.5234,-120.6763,832,Immigration officer,38.178471,-120.360422,1,6,12,33.609856262833674,47.22059165000899,0
personal_care,30.78,Centerview,MO,38.7897,-93.8702,2368,Electronics engineer,39.241172,-94.216961,22,1,1,29.45927446954141,58.461006659734494,0
entertainment,6.49,Kansas City,MO,38.9621,-94.5959,545147,Counsellor,38.000902,-94.354983,3,0,1,31.156741957563312,108.91803368152044,0
kids_pets,37.52,Matthews,MO,36.7154,-89.6287,1019,Aeronautical engineer,37.566224,-89.049923,0,3,12,41.93018480492813,107.62132647985815,0
shopping_net,4.85,Kirtland Afb,NM,35.0203,-106.5503,310,"""Surveyor, land/geomatics""",35.377937,-106.62152,1,1,1,40.25462012320329,40.290506570233205,0
grocery_pos,298.14,Camden,MO,39.2048,-94.0259,464,Colour technologist,39.193684,-93.873486,0,2,10,61.38261464750171,13.19167402944202,1
entertainment,11.02,Parker,CO,39.5102,-104.7216,84861,Materials engineer,39.492378,-103.733917,23,1,12,88.80492813141684,84.76510237812766,0
entertainment,159.43,Ruidoso,NM,33.3305,-105.6933,8874,Licensed conveyancer,33.394931,-105.415257,3,3,1,18.40109514031485,26.797493453188277,0
grocery_net,52.52,Colton,WA,46.5901,-117.1692,761,Chief Marketing Officer,47.474216,-117.313177,2,6,12,77.49486652977413,98.91289216215236,0
grocery_pos,89.4,Stayton,OR,44.8021,-122.7624,9587,"""Engineer, biomedical""",44.532233,-122.747426,1,1,12,52.766598220396986,30.031197092736665,0
home,58.77,Oakland,CA,37.7878,-122.1884,381459,Barista,37.885538,-122.883432,0,2,1,45.034907597535934,61.99589454492079,0
grocery_pos,204.57,Meridian,ID,43.6498,-116.4306,84106,Intelligence analyst,43.383206,-116.860111,2,6,12,49.87542778918549,45.58798662617532,0
personal_care,77.4,Shedd,OR,44.453,-123.1065,917,Radio broadcast assistant,45.144585,-122.282993,1,1,12,25.47843942505133,100.67494854224672,0
home,45.4,Ballwin,MO,38.577,-90.5255,92608,"""Engineer, communications""",38.86177,-90.948805,0,0,12,19.42505133470226,48.49064309940582,0
grocery_pos,168.86,Meridian,ID,43.6498,-116.4306,84106,Intelligence analyst,44.196838,-116.890114,0,3,1,47.893223819301845,71.09441165548964,0
grocery_pos,132.25,Rocky Mount,MO,38.2911,-92.7059,1847,Tax inspector,39.000367,-93.602418,23,0,1,30.217659137577,110.82281537473038,0
shopping_net,4.93,Hooper,NE,41.6414,-96.5232,1745,"""Engineer, automotive""",41.639432,-96.607675,22,3,1,45.02121834360028,7.023219525184929,0
home,17.02,Moriarty,NM,34.9889,-106.0609,7268,"""Therapist, art""",34.87796,-106.016683,1,1,1,30.428473648186174,12.977804211024834,0
shopping_net,96.16,Newhall,CA,34.3795,-118.523,34882,Health physicist,34.553078,-119.049584,3,2,12,49.68377823408624,51.99028561362306,0
shopping_net,3.55,Malad City,ID,42.1808,-112.262,4154,Nature conservation officer,42.996609,-111.604981,22,1,1,56.969199178644764,105.4601511795969,0
travel,8.75,Burlington,WA,48.4786,-122.3345,14871,Public house manager,47.510223,-122.814186,3,5,1,44.84325804243669,113.4399652612685,0
personal_care,68.74,Helm,CA,36.4992,-120.0936,123,Early years teacher,35.525566,-120.675214,2,2,1,45.93839835728953,120.238841711444,0
health_fitness,62.59,Fullerton,NE,41.366,-98.0054,1749,"""Surveyor, mining""",41.915209,-97.924917,23,1,1,45.69199178644764,61.4343780194944,0
shopping_net,283.14,Sun City,CA,33.7467,-117.1721,54287,"""Designer, exhibition/display""",33.574423,-116.309617,1,0,1,46.32991101984942,82.09023157091508,0
food_dining,105.03,Holstein,NE,40.4542,-98.6538,331,Telecommunications researcher,40.573794,-99.20132,22,6,12,70.35728952772074,48.15735647682387,0
kids_pets,104.4,Portland,OR,45.5303,-122.7033,841711,"""Engineer, building services""",45.147753,-122.268812,2,0,12,57.73579739904175,54.430282641327786,0
gas_transport,75.29,Hawthorne,CA,33.9143,-118.3493,93193,"""Editor, magazine features""",34.873533,-118.25361,2,1,1,23.72347707049966,107.02258470240191,0
grocery_pos,131.82,Vinton,CA,40.0235,-120.7986,128,Education administrator,40.041138,-120.272648,0,0,12,54.85010266940452,44.82237741230252,0
grocery_net,15.05,Westerville,NE,41.4193,-99.3844,73,Product designer,42.015822,-98.943391,22,1,1,83.92881587953457,75.75934849509375,1
shopping_net,95.78,Dumont,CO,39.7532,-105.6356,565,Mental health nurse,39.66095,-105.488753,3,6,1,40.39972621492129,16.218008488889275,0
shopping_pos,2.03,Ruidoso,NM,33.3305,-105.6933,8874,Licensed conveyancer,33.490922,-105.990541,0,6,1,18.390143737166323,32.85406985598519,0
grocery_pos,120.37,Spirit Lake,ID,47.9657,-116.868,4161,Production manager,47.963776,-116.948166,3,0,1,61.57152635181382,5.972573778733911,0
shopping_net,337.77,Independence,MO,39.1412,-94.3515,123373,"""Engineer, production""",40.100474,-95.288108,2,6,1,26.127310061601644,133.4643615656948,0
food_dining,50.37,Lamy,NM,35.4311,-105.9409,923,Public relations account executive,35.808921,-106.603115,2,6,1,54.55989048596852,73.12921641890567,0
gas_transport,72.87,Sutherland,NE,41.1558,-101.136,1789,Insurance broker,41.60723,-100.347015,2,6,12,38.87474332648871,82.78148991543144,0
misc_pos,6.83,Glendale,CA,34.1556,-118.2322,172817,Advertising account planner,34.626066,-117.819422,23,1,1,36.42436687200548,64.58526467458286,0
travel,5.05,Unionville,MO,40.4815,-92.9951,3805,"""Investment banker, corporate""",39.530876,-93.078453,0,3,12,70.2943189596167,105.94268707983544,0
misc_pos,5.13,Howells,NE,41.6964,-96.9858,1063,Research scientist (maths),42.691062,-96.011031,0,1,1,90.78713210130049,136.67718307761794,0
health_fitness,72.26,Helm,CA,36.4992,-120.0936,123,Early years teacher,36.685497,-120.573699,0,2,12,47.893223819301845,47.60559946161945,0
shopping_net,9.76,San Diego,CA,32.7185,-117.1593,1241364,Comptroller,32.134116,-116.914307,22,2,1,31.129363449691997,68.92898388302322,0
home,19.41,Centerview,MO,38.7897,-93.8702,2368,Electronics engineer,38.88789,-94.38703,1,1,12,31.45242984257358,46.07550772509413,0
grocery_pos,85.4,Orient,WA,48.8878,-118.2105,149,Special educational needs teacher,48.790294,-117.668055,22,6,1,40.563997262149215,41.15313175068786,0
home,76.19,Fiddletown,CA,38.5234,-120.6763,832,Immigration officer,38.139068,-120.935981,2,3,1,31.627652292950035,48.36734258315755,0
grocery_pos,66.04,Broomfield,CO,39.8854,-105.1139,92337,"""Engineer, electronics""",39.806135,-105.536023,2,1,12,53.19917864476386,37.09975805961692,0
gas_transport,65.47,Honokaa,HI,20.0827,-155.488,4878,Physiotherapist,19.893265,-155.462633,3,0,12,54.06981519507187,21.23034589653287,0
personal_care,46.42,Iliff,CO,40.7692,-103.0968,648,Community arts worker,41.021687,-103.676033,2,1,12,51.27173169062286,56.20093427305504,0
kids_pets,20.17,Moriarty,NM,34.9889,-106.0609,7268,"""Therapist, art""",34.630637,-105.699715,0,4,10,31.20328542094456,51.713943810322725,1
shopping_net,1008.56,Ruidoso,NM,33.3305,-105.6933,8874,Licensed conveyancer,33.290521,-106.014594,3,4,9,20.109514031485283,30.18579752913973,1
misc_net,34.29,Daly City,CA,37.6787,-122.478,107941,"""Buyer, industrial""",37.361163,-122.175725,0,0,12,29.234770704996578,44.24214644487747,0
grocery_net,23.68,Tekoa,WA,47.2271,-117.0819,895,Clothing/textile technologist,47.43777,-116.402536,23,1,12,21.582477754962355,56.30235205579814,0
home,69.68,Williamsburg,MO,38.8874,-91.7689,710,Glass blower/designer,39.348822,-90.879083,3,3,1,48.26830937713895,92.33185504997162,0
food_dining,66.65,Scotts Mills,OR,44.9897,-122.6187,1252,"""Engineer, petroleum""",45.71088,-121.648339,0,6,12,83.88774811772758,110.36418027801218,0
misc_net,66.19,Laramie,WY,41.4247,-105.4781,35371,"""Pilot, airline""",40.461199,-104.947639,22,4,1,30.357289527720734,116.03093859276282,0
entertainment,96.38,Mound City,MO,40.1362,-95.2138,1631,Architect,39.711133,-94.404426,0,6,1,65.99863107460644,83.651813324678,0
entertainment,127.61,Littleton,CO,39.5994,-105.0044,320420,Water engineer,39.240103,-104.005319,2,6,1,43.45516769336072,94.66371950910327,0
shopping_pos,867.54,Indian Wells,CA,33.7163,-116.3381,4677,Learning mentor,32.883123,-117.3329,23,0,5,64.99657768651609,130.88370124040415,1
entertainment,22.26,Monitor,WA,47.4852,-120.4158,584,Medical technical officer,47.979112,-120.549998,0,3,1,49.80971937029432,55.83003197177689,0
grocery_pos,295.82,Paradise Valley,AZ,33.5494,-111.9565,17047,Building surveyor,33.130158,-111.37532,22,6,10,85.71937029431896,71.32987702784686,1
grocery_pos,222.4,Kansas City,MO,38.9621,-94.5959,545147,Counsellor,38.274294,-94.747439,2,4,12,33.10335386721424,77.60540398278225,0
misc_pos,8.78,Oakland,CA,37.7878,-122.1884,381459,Barista,38.10553,-121.280505,0,1,3,46.16290212183436,87.09696835404065,1
misc_pos,9.58,Norwalk,CA,33.9056,-118.0818,105549,Firefighter,34.573305,-118.156761,23,6,1,45.327857631759066,74.56447852665025,0
shopping_net,1030.02,Azusa,CA,34.1248,-117.9031,59705,Civil Service fast streamer,33.782994,-118.279099,23,6,9,37.26488706365503,51.45137957893113,1
misc_net,6.19,Hooper,NE,41.6414,-96.5232,1745,"""Engineer, automotive""",41.200243,-95.796853,1,5,12,47.00068446269678,77.93759285737941,0
food_dining,53.93,Littleton,CO,39.5994,-105.0044,320420,Water engineer,39.703983,-106.001425,2,2,1,43.46338124572211,86.1465360131865,0
food_dining,5.69,Conway,WA,48.34,-122.3456,85,"""Research officer, political party""",47.453278,-121.44884,3,4,1,34.340862422997944,119.1260809902286,0
shopping_pos,103.9,Azusa,CA,34.1248,-117.9031,59705,Civil Service fast streamer,35.01346,-118.693141,0,0,1,35.54277891854894,122.46157286874256,0
grocery_net,76.3,Issaquah,WA,47.4974,-122.0107,50489,Osteopath,47.957515,-121.507376,22,1,12,36.83230663928816,63.52031521303251,0
shopping_pos,50.11,Vinton,CA,40.0235,-120.7986,128,Education administrator,39.36782,-121.283019,2,0,1,52.87611225188228,83.86506867813155,0
food_dining,73.85,Fort Washakie,WY,43.0048,-108.8964,1645,Information systems manager,42.432624,-108.71063,1,5,1,32.90075290896646,65.40801663544315,0
personal_care,51.0,Phoenix,AZ,33.5623,-112.0559,1312922,Contractor,33.067068,-112.630359,2,2,1,37.19096509240247,76.69265133627633,0
misc_pos,4.91,Parker,CO,39.5102,-104.7216,84861,Materials engineer,39.502652,-103.829693,22,2,12,88.80766598220397,76.5234940334925,0
shopping_pos,873.31,Los Angeles,CA,34.0443,-118.2509,2383912,"""Journalist, newspaper""",33.665873,-118.085413,23,4,2,60.7501711156742,44.7679994125244,1
kids_pets,94.91,Phoenix,AZ,33.5623,-112.0559,1312922,Contractor,33.470145,-111.984873,2,5,1,37.19917864476386,12.180403876036504,0
home,24.82,San Diego,CA,33.0067,-117.069,1241364,Chartered public finance accountant,32.787856,-116.7494,2,2,1,59.449691991786445,38.50373361754156,0
kids_pets,68.16,Grenada,CA,41.6125,-122.5258,589,Systems analyst,42.295639,-122.224883,0,0,12,75.0198494182067,79.93338365700303,0
grocery_pos,125.02,Cascade Locks,OR,45.671,-121.8686,1288,Barrister,44.722584,-121.195677,2,1,12,84.66255989048597,117.90481290731653,0
entertainment,5.46,Sacramento,CA,38.6865,-121.3494,757530,Soil scientist,38.484339,-121.359678,3,6,12,54.27241615331965,22.49702188143731,0
kids_pets,156.74,Napa,CA,38.4549,-122.2564,94014,Airline pilot,38.689595,-122.596821,0,1,12,35.35660506502396,39.4572136658061,0
gas_transport,86.67,Phoenix,AZ,33.5623,-112.0559,1312922,Contractor,34.518043,-111.691754,3,0,1,37.223819301848046,111.444355292204,0
kids_pets,233.56,Conway,WA,48.34,-122.3456,85,"""Research officer, political party""",49.016592,-122.358861,23,3,1,34.37645448323067,75.2398972534335,0
gas_transport,72.78,Espanola,NM,35.9866,-106.0654,18408,Historic buildings inspector/conservation officer,36.678284,-106.879445,23,5,1,46.48596851471595,105.98396782757337,0
health_fitness,42.21,Pueblo,CO,38.2352,-104.66,151815,Further education lecturer,37.260733,-103.874831,2,3,12,32.99110198494182,128.47718324396905,0
home,53.99,Honokaa,HI,20.0827,-155.488,4878,Physiotherapist,20.043481,-155.309218,1,1,1,52.09856262833676,19.175730363969883,0
kids_pets,43.04,Kissee Mills,MO,36.6704,-93.0377,1201,"""Engineer, agricultural""",37.086494,-92.35193,22,3,1,38.8145106091718,76.55845509670164,0
entertainment,9.42,Oakland,CA,37.7878,-122.1884,381459,Barista,38.584617,-121.477068,2,1,1,45.01300479123888,108.23708366985127,0
kids_pets,56.71,Valentine,NE,42.8062,-100.6215,4005,Network engineer,43.291233,-100.111819,23,5,1,73.82888432580424,68.00013719917557,0
kids_pets,48.98,Parks,AZ,35.2563,-111.95,759,"""Geologist, engineering""",36.22288,-112.049931,2,0,1,61.77960301163586,107.85653708916362,0
health_fitness,70.0,Lakeport,CA,39.047,-122.9328,11256,Podiatrist,38.309802,-123.617622,22,5,1,46.21492128678987,101.2584547361665,0
grocery_pos,174.94,Kirk,CO,39.6171,-102.4776,207,Network engineer,39.495697,-103.209324,2,6,1,63.12936344969199,64.16733523323002,0
gas_transport,72.62,Lakeport,CA,39.047,-122.9328,11256,Podiatrist,39.791537,-122.369535,2,0,12,48.19438740588638,95.89025507548284,0
misc_pos,28.35,Rock Springs,WY,41.606,-109.23,27971,Music therapist,40.888037,-108.54683,2,4,12,36.39972621492129,98.16077968922814,0
grocery_pos,96.23,Loving,NM,32.274,-104.0914,1925,Educational psychologist,33.197908,-104.742355,1,4,1,66.64750171115674,119.42033715061687,0
shopping_pos,8.15,Laguna Hills,CA,33.615,-117.7114,45303,Sales executive,33.624631,-118.204008,0,0,1,49.08145106091718,45.62572672803498,0
shopping_pos,7.01,Superior,AZ,33.2887,-111.0985,2872,Petroleum engineer,33.008996,-111.293603,2,6,1,31.211498973305957,36.01713314813033,0
grocery_pos,117.48,Tomales,CA,38.2427,-122.9145,337,Occupational psychologist,37.256145,-122.52474,23,1,12,66.48596851471595,114.92736385137084,0
misc_net,870.55,Phoenix,AZ,33.8155,-112.1202,1312922,Counselling psychologist,32.975568,-112.378563,2,3,10,20.876112251882272,96.42673874337744,1
health_fitness,57.21,Carlotta,CA,40.507,-123.9743,1139,"""Therapist, occupational""",39.978116,-124.113006,1,3,1,68.00547570157427,59.9760200609273,0
kids_pets,167.58,Eugene,OR,44.0385,-123.0614,191096,"""Scientist, physiological""",44.117117,-122.763775,0,6,12,56.72553045859001,25.33106330904097,0
shopping_net,9.85,Lamy,NM,35.4311,-105.9409,923,Public relations account executive,35.492498,-106.34697,1,2,1,54.548939082819984,37.40545302923378,0
gas_transport,56.88,Holstein,NE,40.4542,-98.6538,331,Telecommunications researcher,40.124506,-99.348784,1,6,1,68.40246406570841,69.41695570686721,0
entertainment,156.9,Glendale,CA,34.1556,-118.2322,172817,Advertising account planner,35.062421,-118.777548,22,0,1,36.47912388774812,112.50911872373328,0
home,62.3,Glendale,CA,34.1556,-118.2322,172817,Advertising account planner,34.690824,-117.593798,22,2,1,36.446269678302535,83.49064852952078,0
shopping_pos,654.62,Freedom,WY,43.0172,-111.0292,471,"""Education officer, museum""",43.973646,-111.336588,23,0,6,52.851471594798085,109.2038572122513,1
shopping_pos,6.74,Campbell,NE,40.2967,-98.737,493,"""Surveyor, minerals""",40.712365,-98.960651,22,6,12,80.28747433264887,49.93820444404157,0
misc_net,763.2,Lowell,OR,43.921,-122.7806,1420,Systems analyst,43.043863,-122.854471,0,1,2,53.2539356605065,97.71510265528626,1
misc_pos,79.81,Meredith,CO,39.3199,-106.6596,61,Public relations account executive,39.724258,-106.123624,2,4,12,81.14168377823408,64.30452383211623,0
grocery_pos,191.24,Lake Oswego,OR,45.4093,-122.6847,42817,Planning and development surveyor,45.904654,-122.315201,1,1,1,36.616016427104725,62.1173850758918,0
home,56.61,June Lake,CA,37.7773,-119.0825,633,Health service manager,38.554735,-118.389631,0,4,1,91.32101300479124,105.55575015182087,0
kids_pets,50.57,Portland,OR,45.5303,-122.7033,841711,"""Engineer, building services""",45.274638,-123.456426,3,1,12,57.738535249828885,65.30980816121469,0
misc_pos,8.04,Napa,CA,38.4549,-122.2564,94014,Airline pilot,37.622482,-122.480084,1,3,1,33.4072553045859,94.61080068263811,0
grocery_pos,132.46,Luray,MO,40.4931,-91.8912,519,Town planner,40.882135,-92.069993,22,5,1,52.91170431211499,45.81020325782621,0
health_fitness,54.8,Browning,MO,40.029,-93.1607,602,Cytogeneticist,40.09335,-93.454437,2,3,12,66.44763860369609,26.00205764302081,0
kids_pets,81.3,Wheaton,MO,36.7651,-94.0492,760,Production manager,37.386876,-94.269026,1,3,1,33.360711841204655,71.83610040565269,0
shopping_pos,6.38,Sun City,CA,33.7467,-117.1721,54287,"""Designer, exhibition/display""",34.093613,-116.465007,1,0,12,48.26557152635181,75.79455043741575,0
entertainment,71.17,Campbell,NE,40.2967,-98.737,493,"""Surveyor, minerals""",39.746138,-99.649774,1,3,1,78.34360027378509,98.93924442438048,0
grocery_pos,310.38,Arvada,CO,39.8422,-105.1097,122111,Hotel manager,39.74417,-104.614383,1,4,8,32.27104722792608,43.69999611204782,1
travel,510.04,Fields Landing,CA,40.7268,-124.2174,276,"""Scientist, audiological""",40.725323,-123.636728,22,5,12,91.6413415468857,48.93208114426937,0
grocery_pos,201.74,Sun City,CA,33.7467,-117.1721,54287,"""Designer, exhibition/display""",33.108874,-117.118255,1,0,12,48.26557152635181,71.09882059781846,0
shopping_net,48.57,Independence,MO,39.1412,-94.3515,123373,"""Engineer, production""",39.201037,-95.132877,2,3,1,26.09993155373032,67.68644591242273,0
home,78.44,Centerview,MO,38.7897,-93.8702,2368,Electronics engineer,39.146814,-93.921403,23,4,1,29.48665297741273,39.9552374364708,0
food_dining,114.63,Lake Oswego,OR,45.4093,-122.6847,42817,Planning and development surveyor,46.09463,-123.201661,1,6,1,36.64887063655031,86.1159730738621,0
grocery_pos,91.38,Redford,MO,37.3272,-91.0243,241,Investment analyst,36.640628,-90.175237,22,0,1,44.19712525667351,107.31124526696134,0
food_dining,92.04,Palmdale,CA,34.5715,-118.0231,171170,Chemical engineer,34.70241,-117.49172,0,1,12,57.57152635181382,50.74725926433667,0
food_dining,54.4,Parks,AZ,35.2563,-111.95,759,"""Geologist, engineering""",34.31658,-112.21526,0,5,1,61.7741273100616,107.26313294382628,0
gas_transport,84.68,Sutherland,NE,41.1558,-101.136,1789,Insurance broker,41.769977,-101.915706,3,3,1,36.89253935660506,94.2606676780218,0
entertainment,2.38,Unionville,MO,40.4815,-92.9951,3805,"""Investment banker, corporate""",41.313693,-93.932723,23,1,12,70.28884325804243,121.54433587548252,0
gas_transport,61.39,Orient,WA,48.8878,-118.2105,149,Special educational needs teacher,48.394218,-117.363563,23,1,1,40.53114305270363,82.97268778035097,0
misc_net,837.54,Monitor,WA,47.4852,-120.4158,584,Medical technical officer,48.293419,-119.587485,0,6,9,50.450376454483234,109.04496330938092,1
misc_pos,51.07,Sprague,NE,40.6267,-96.7456,142,Chiropodist,41.541876,-96.182446,3,4,7,52.87885010266941,112.17533980060348,1
gas_transport,81.16,Kent,OR,45.0838,-120.6649,60,Museum education officer,45.355588,-119.666833,3,1,12,78.74058863791923,83.81088481729222,0
food_dining,106.64,Saint Louis,MO,38.6171,-90.4504,927396,Occupational hygienist,39.531593,-89.795383,22,3,12,60.80492813141684,116.34947856595748,0
grocery_pos,79.33,Red River,NM,36.6659,-105.4694,606,"""Surveyor, land/geomatics""",37.44535,-104.900897,23,0,1,30.37371663244353,100.28349901957844,0
gas_transport,73.37,Santa Monica,CA,34.0287,-118.4924,92043,"""Civil engineer, contracting""",33.411455,-119.033708,2,0,12,59.676933607118414,84.95326857482723,0
shopping_net,278.36,Rock Springs,WY,41.606,-109.23,27971,Music therapist,41.417985,-110.019924,22,2,1,34.458590006844624,69.0151083934329,0
misc_net,84.26,Lonetree,WY,41.0552,-110.1603,49,Research scientist (physical sciences),41.306479,-110.605916,3,4,12,39.47433264887064,46.599064881710106,0
entertainment,84.28,Tekoa,WA,47.2271,-117.0819,895,Clothing/textile technologist,46.637742,-116.99694,23,6,1,19.62217659137577,65.85036000803512,0
grocery_pos,125.62,Colton,WA,46.5901,-117.1692,761,Chief Marketing Officer,47.517485,-116.563894,3,5,12,77.492128678987,112.85604937862944,0
shopping_pos,644.55,Syracuse,MO,38.6547,-92.8929,628,"""Radiographer, diagnostic""",38.933978,-93.300914,23,6,12,59.02532511978097,47.06098491867899,0
grocery_pos,69.53,Orient,WA,48.8878,-118.2105,149,Special educational needs teacher,48.75708,-118.511748,0,6,12,42.51882272416153,26.413506049035064,0
misc_net,796.47,Indian Wells,CA,33.7163,-116.3381,4677,Learning mentor,34.415768,-117.035442,1,6,5,64.99383983572895,100.87226945636417,1
grocery_pos,146.59,Colton,WA,46.5901,-117.1692,761,Chief Marketing Officer,46.298689,-118.031402,22,4,1,75.51540041067761,73.58022686539623,0
gas_transport,69.28,Thompson,UT,38.9999,-109.615,46,"""Surveyor, minerals""",39.02913,-110.192456,1,0,12,33.68377823408624,49.99611621857554,0
misc_net,648.73,Sacramento,CA,38.6865,-121.3494,757530,Soil scientist,39.543841,-120.372066,1,1,3,53.530458590006845,127.26864259269772,1
shopping_net,4.65,Eugene,OR,44.0385,-123.0614,191096,"""Scientist, physiological""",43.821635,-122.497236,2,1,1,54.79534565366188,51.21147488472518,0
food_dining,3.11,Pueblo,CO,38.2352,-104.66,151815,Further education lecturer,37.684781,-103.898257,3,0,12,32.982888432580424,90.58520406458553,0
misc_net,11.41,Redford,MO,37.3272,-91.0243,241,Investment analyst,38.305893,-90.250645,1,0,1,44.19712525667351,128.30090773351213,0
misc_pos,87.25,Burlington,WA,48.4786,-122.3345,14871,Public house manager,48.709422,-122.444558,0,5,12,46.79808350444901,26.91223496283689,0
personal_care,9.83,Indian Wells,CA,33.7163,-116.3381,4677,Learning mentor,32.89802,-117.178938,0,0,12,65.64818617385353,119.93479212100284,0
home,16.02,Carlotta,CA,40.507,-123.9743,1139,"""Therapist, occupational""",40.145628,-124.336183,0,2,1,68.00273785078713,50.55441073157173,0
misc_net,863.5,Camden,MO,39.2048,-94.0259,464,Colour technologist,40.075505,-93.371757,2,3,10,61.385352498288846,111.85229100685518,1
misc_net,3.31,Hawthorne,CA,33.9143,-118.3493,93193,"""Editor, magazine features""",32.946811,-119.343394,23,5,12,25.689253935660503,141.71443872118357,0
food_dining,63.29,Utica,MO,39.7417,-93.6289,271,Land/geomatics surveyor,40.227146,-92.735575,23,0,1,46.72142368240931,93.30849931142085,0
health_fitness,8.49,Camden,MO,39.2048,-94.0259,464,Colour technologist,38.452085,-93.057213,0,3,12,61.596167008898014,118.51635072612694,0
personal_care,20.09,Red River,NM,36.6659,-105.4694,606,"""Surveyor, land/geomatics""",37.339583,-105.091622,22,6,1,30.33264887063655,82.07860378715452,0
gas_transport,56.81,Centerview,MO,38.7897,-93.8702,2368,Electronics engineer,39.477397,-93.749625,22,5,12,31.444216290212182,77.17233898075776,0
home,314.25,Crownpoint,NM,35.7206,-108.0271,5662,IT consultant,34.783715,-107.166531,22,0,12,31.72347707049966,130.22588999524925,0
grocery_net,22.43,Smith River,CA,41.9404,-124.1587,1930,Web designer,42.419326,-123.564473,2,6,1,35.58658453114305,72.34256206861788,0
grocery_pos,85.56,Red River,NM,36.6659,-105.4694,606,"""Surveyor, land/geomatics""",36.633207,-104.744761,2,2,1,30.360027378507876,64.74836830182366,0
shopping_net,931.28,Meredith,CO,39.3199,-106.6596,61,Public relations account executive,38.511562,-106.99463,2,5,12,80.09034907597535,94.44105476697044,1
grocery_pos,50.68,Moab,UT,38.5677,-109.5271,9772,Location manager,38.482541,-108.853856,0,1,1,29.10335386721424,59.32706651301313,0
kids_pets,69.68,Fullerton,NE,41.366,-98.0054,1749,"""Surveyor, mining""",40.676129,-97.403237,2,6,1,45.7056810403833,91.8495164858345,0
health_fitness,80.66,Nelson,NE,40.201,-98.0684,732,Television/film/video producer,39.447151,-98.127381,22,4,12,64.03285420944559,83.97537418562476,0
gas_transport,45.71,Thompson,UT,38.9999,-109.615,46,"""Surveyor, minerals""",38.577075,-110.538886,3,5,1,31.704312114989733,92.8570945347219,0
entertainment,146.03,Blairstown,MO,38.5319,-93.9221,467,Agricultural consultant,37.851494,-93.342335,1,1,1,68.63791923340177,91.05599084702035,0
personal_care,11.05,Sacramento,CA,38.5662,-121.3286,757530,Magazine features editor,38.016096,-121.29801,3,0,1,39.709787816564,61.22700444861575,0
entertainment,30.22,Manville,WY,42.73,-104.7024,241,Educational psychologist,42.963347,-104.914279,22,1,1,38.04243668720055,31.17082454127465,0
kids_pets,47.09,Blairstown,MO,38.5319,-93.9221,467,Agricultural consultant,39.187648,-93.646264,0,4,12,70.58179329226557,76.72758129466149,0
shopping_net,99.46,Fiddletown,CA,38.5234,-120.6763,832,Immigration officer,38.598126,-120.824518,2,1,12,33.61533196440794,15.333806631051592,0
food_dining,112.09,Gardiner,OR,43.7857,-124.1437,260,"""Engineer, maintenance""",44.081979,-123.458868,0,5,2,63.45516769336072,63.97335901608447,1
food_dining,43.95,Campbell,NE,40.2967,-98.737,493,"""Surveyor, minerals""",40.822091,-99.26686,0,3,1,78.30527036276523,73.59722510844212,0
home,1.6,Tomales,CA,38.2427,-122.9145,337,Occupational psychologist,38.928118,-122.046231,22,3,12,66.47227926078028,107.25688031314805,0
gas_transport,68.85,Meadville,MO,39.7795,-93.3014,964,Tourist information centre manager,38.795002,-94.219522,0,1,1,44.02464065708419,135.00730537507917,0
misc_net,821.25,Fiddletown,CA,38.5234,-120.6763,832,Immigration officer,38.93413,-121.021703,23,1,9,32.35044490075291,54.62194163151887,1
grocery_pos,180.07,Colorado Springs,CO,38.8881,-104.6556,525713,Museum/gallery exhibitions officer,38.709629,-104.302344,23,0,1,26.702258726899384,36.48266891694854,0
entertainment,2.36,Browning,MO,40.029,-93.1607,602,Cytogeneticist,39.433127,-92.95714,2,5,12,66.45311430527036,68.50648605308218,0
shopping_pos,849.0,Monitor,WA,47.4852,-120.4158,584,Medical technical officer,47.987815,-121.192762,1,6,9,50.450376454483234,80.618876614934,1
entertainment,201.42,Parks,AZ,35.2563,-111.95,759,"""Geologist, engineering""",35.693321,-112.891477,1,0,1,61.817932922655714,98.130512311686,0
home,21.94,Sutherland,NE,41.1558,-101.136,1789,Insurance broker,41.196125,-101.4117,0,0,1,36.92265571526352,23.50644767272659,0
shopping_net,1.61,Luray,MO,40.4931,-91.8912,519,Town planner,39.933543,-92.454576,3,1,12,54.87474332648871,78.4840747033754,0
gas_transport,94.74,Glendale,CA,34.1556,-118.2322,172817,Advertising account planner,33.600791,-118.099781,22,1,1,36.4435318275154,62.89142739056031,0
home,26.59,Phoenix,AZ,33.5623,-112.0559,1312922,Contractor,33.078615,-112.080013,0,1,1,37.20739219712526,53.82996353731564,0
shopping_net,7.33,Arnold,MO,38.4305,-90.387,35439,Land/geomatics surveyor,37.520683,-90.459112,22,6,1,33.80698151950719,101.36428605001872,0
kids_pets,7.79,Mesa,ID,44.6255,-116.4493,129,Cartographer,44.184708,-116.537467,0,0,1,53.08145106091718,49.51170915282916,0
gas_transport,48.97,Orient,WA,48.8878,-118.2105,149,Special educational needs teacher,49.440285,-118.473406,3,5,1,40.54209445585216,64.33879110278063,0
kids_pets,118.14,Burbank,WA,46.1966,-118.9017,3684,Musician,45.718901,-119.814878,0,1,12,39.082819986310746,88.34172337627193,0
misc_pos,4.73,Grenada,CA,41.6125,-122.5258,589,Systems analyst,40.947035,-122.639063,3,4,12,75.0116358658453,74.59913975824658,0
home,72.18,Athena,OR,45.8289,-118.4971,1302,Dealer,45.123879,-118.653309,0,6,12,44.19164955509925,79.33520234263898,0
entertainment,83.88,Superior,AZ,33.2887,-111.0985,2872,Petroleum engineer,33.179443,-110.398005,2,1,12,33.17180013689254,66.27432318893537,0
entertainment,487.35,Parker,CO,39.5102,-104.7216,84861,Materials engineer,39.92264,-104.655071,0,2,10,87.61943874058863,46.212913856366185,1
health_fitness,75.3,Ruidoso,NM,33.3305,-105.6933,8874,Licensed conveyancer,33.024163,-106.189963,23,6,1,18.409308692676248,57.41852929025857,0
grocery_net,29.41,Sutherland,NE,41.1558,-101.136,1789,Insurance broker,41.104492,-100.392106,2,2,1,36.90896646132786,62.56453622903831,0
grocery_pos,189.68,Phoenix,AZ,33.5623,-112.0559,1312922,Contractor,33.495688,-112.689839,3,1,12,39.181382614647504,59.22646746675973,0
personal_care,10.33,San Diego,CA,32.7185,-117.1593,1241364,Comptroller,33.678514,-116.787649,23,2,12,33.08418891170431,112.20973863407715,0
kids_pets,54.54,Helm,CA,36.4992,-120.0936,123,Early years teacher,36.549502,-119.925343,2,6,12,47.885010266940455,16.041604310619746,0
grocery_pos,49.45,Norwalk,CA,33.9056,-118.0818,105549,Firefighter,33.131848,-117.466428,23,5,1,45.28678986995209,103.23124629726875,0
gas_transport,9.79,Buellton,CA,34.6209,-120.1922,5505,Nature conservation officer,35.529945,-119.444982,2,1,4,87.65776865160849,121.82310670702864,1
misc_pos,25.88,High Rolls Mountain Park,NM,32.9396,-105.8189,899,Naval architect,33.525129,-106.302735,2,3,1,51.34565366187543,79.14608688960202,0
gas_transport,77.37,Campbell,NE,40.2967,-98.737,493,"""Surveyor, minerals""",40.753815,-98.67751,0,1,12,80.29295003422314,51.07696236497791,0
shopping_pos,67.59,Napa,CA,38.4549,-122.2564,94014,Airline pilot,37.609359,-122.805554,2,1,12,35.35660506502396,105.60758666978676,0
health_fitness,32.5,Paauilo,HI,20.0271,-155.3697,1490,"""Scientist, research (maths)""",19.622813,-155.2685,23,4,12,29.70294318959617,46.18424534874857,0
personal_care,13.12,Superior,AZ,33.2887,-111.0985,2872,Petroleum engineer,33.652735,-110.590149,22,0,12,33.16906228610541,62.14375512934753,0
health_fitness,53.34,Sun City,CA,33.7467,-117.1721,54287,"""Designer, exhibition/display""",33.864227,-116.907516,22,5,1,46.30527036276523,27.72013056615208,0
health_fitness,7.89,Blairsden-Graeagle,CA,39.8127,-120.6405,1725,Chartered legal executive (England and Wales),39.546691,-120.407583,0,0,12,53.59069130732375,35.668164960268484,0
home,22.82,Odessa,MO,38.9829,-93.9757,9512,Clinical research associate,38.920673,-93.933639,3,4,1,46.04791238877481,7.817035078370901,0
grocery_pos,282.54,Coulee Dam,WA,48.0379,-118.9419,1439,"""Pilot, airline""",48.552067,-118.828143,22,0,3,19.485284052019164,57.788773757541485,1
food_dining,1.43,Wheaton,MO,36.7651,-94.0492,760,Production manager,37.619841,-94.592274,0,1,1,33.374401095140314,106.52278904300331,0
grocery_pos,134.65,Redford,MO,37.3272,-91.0243,241,Investment analyst,37.904584,-91.392451,2,3,1,44.22450376454484,71.92621671045322,0
personal_care,72.99,Campbell,NE,40.2967,-98.737,493,"""Surveyor, minerals""",40.187943,-99.524325,23,3,1,78.34360027378509,67.91111605039808,0
misc_pos,2.1,Eugene,OR,44.0385,-123.0614,191096,"""Scientist, physiological""",44.482413,-122.264497,2,1,1,54.757015742642025,80.39732715199983,0
shopping_net,374.42,Laramie,WY,41.4247,-105.4781,35371,"""Pilot, airline""",40.59941,-105.390799,23,4,1,30.338124572210816,92.0599199576819,0
kids_pets,49.24,Riverton,WY,43.0351,-108.2024,19408,"""Lecturer, higher education""",42.151201,-107.232481,2,6,12,27.29363449691992,126.34598014533444,0
shopping_net,2.31,Sun City,CA,33.7467,-117.1721,54287,"""Designer, exhibition/display""",34.516237,-116.358391,1,0,12,48.26557152635181,113.7148217422118,0
gas_transport,60.98,Sprague,NE,40.6267,-96.7456,142,Chiropodist,40.25719,-97.55494,1,4,12,53.3388090349076,79.86989909776813,0
kids_pets,12.54,Wheaton,MO,36.7651,-94.0492,760,Production manager,36.113672,-94.254706,23,3,1,33.379876796714576,74.73180544289451,0
shopping_pos,7.19,Wales,AK,64.7556,-165.6723,145,"""Administrator, education""",65.268914,-165.167445,0,6,1,79.1978097193703,61.80754225508313,0
health_fitness,12.68,Nelson,NE,40.201,-98.0684,732,Television/film/video producer,41.126729,-98.686419,3,4,1,62.07802874743327,115.38193064115757,0
misc_net,707.11,Vancouver,WA,45.6892,-122.6616,299480,Teaching laboratory technician,44.993214,-123.335403,22,0,7,35.54551676933607,93.60774103632382,1
grocery_pos,68.49,Manville,WY,42.73,-104.7024,241,Educational psychologist,43.422388,-104.66597,2,1,1,38.0807665982204,77.04686850506484,0
shopping_pos,957.09,La Grande,OR,45.3304,-118.0852,16955,"""Engineer, site""",46.157676,-117.699328,0,4,2,57.64818617385352,96.73929542741696,1
grocery_pos,226.74,Napa,CA,38.4549,-122.2564,94014,Airline pilot,38.716595,-122.829039,2,0,12,35.35386721423682,57.6548049432149,0
gas_transport,61.35,Powell Butte,OR,44.2415,-121.0113,2016,Local government officer,43.376437,-121.477668,1,1,12,67.0116358658453,103.2135185147196,0
misc_pos,4.64,Red River,NM,36.6659,-105.4694,606,"""Surveyor, land/geomatics""",36.84257,-105.862634,0,6,1,30.3709787816564,40.16531582310238,0
grocery_net,41.27,Wheaton,MO,36.7651,-94.0492,760,Production manager,36.893387,-93.094413,23,5,1,33.36618754277892,86.16771280268773,0
grocery_pos,87.07,Broomfield,CO,39.8854,-105.1139,92337,"""Engineer, electronics""",40.273585,-104.562952,1,1,1,51.22518822724162,63.721272729992045,0
grocery_pos,119.68,Lowell,OR,43.921,-122.7806,1420,Systems analyst,43.368614,-122.878684,22,5,12,55.12388774811773,61.92747320344964,0
grocery_pos,94.83,Fiddletown,CA,38.5234,-120.6763,832,Immigration officer,38.014239,-120.167858,1,5,1,31.67145790554415,71.94147964531271,0
misc_pos,795.59,Thompson,UT,38.9999,-109.615,46,"""Surveyor, minerals""",38.278335,-109.044284,22,3,1,31.73716632443532,94.31075351560968,1
food_dining,48.57,San Diego,CA,33.0067,-117.069,1241364,"""Pharmacist, hospital""",33.036403,-116.86384,1,2,1,58.87748117727584,19.410763056182414,0
shopping_pos,51.84,Littleton,CO,39.5994,-105.0044,320420,Water engineer,40.333066,-104.873632,1,2,12,45.41820670773443,82.33758286433648,0
shopping_net,822.92,Redford,MO,37.3272,-91.0243,241,Investment analyst,36.809548,-91.64029,22,4,1,44.20807665982204,79.37317405816972,0
kids_pets,19.87,Vinton,CA,40.0235,-120.7986,128,Education administrator,40.441106,-121.60384,2,3,12,54.83915126625599,82.63657567492588,0
shopping_net,108.34,Independence,MO,39.1412,-94.3515,123373,"""Engineer, production""",39.704381,-93.890142,0,5,12,28.079397672826836,74.10818747292652,0
grocery_pos,347.79,Meredith,CO,39.3199,-106.6596,61,Public relations account executive,38.655135,-106.04446,2,5,12,80.09034907597535,91.0522748525156,1
gas_transport,43.22,Rocky Mount,MO,38.2911,-92.7059,1847,Tax inspector,38.958959,-93.125032,22,6,12,32.16974674880219,82.70785879200186,0
grocery_pos,111.06,Mendon,UT,41.71,-111.9817,2078,"""Scientist, audiological""",42.423281,-111.546176,23,6,12,57.541409993155376,87.08057947656326,0
shopping_net,160.01,Syracuse,MO,38.6547,-92.8929,628,"""Radiographer, diagnostic""",38.940745,-92.075703,0,6,12,59.02532511978097,77.63359196163614,0
food_dining,1.96,Altonah,UT,40.3207,-110.436,302,"""Sales professional, IT""",40.885743,-109.836107,23,0,12,30.94592744695414,80.69954783875158,0
kids_pets,11.91,Ballwin,MO,38.577,-90.5255,92608,"""Engineer, communications""",37.853199,-90.535646,23,4,12,19.416837782340863,80.4878800302976,0
kids_pets,37.8,Holstein,NE,40.4542,-98.6538,331,Telecommunications researcher,39.764784,-98.567225,1,3,12,70.34907597535934,77.0123030718788,0
shopping_pos,4.12,Meredith,CO,39.3199,-106.6596,61,Public relations account executive,40.257588,-106.497972,22,5,12,81.14442162902122,105.17667543369951,0
misc_pos,3.84,Espanola,NM,35.9866,-106.0654,18408,Historic buildings inspector/conservation officer,35.243657,-105.556113,2,4,1,46.46406570841889,94.57278248169148,0
grocery_pos,112.14,Carroll,NE,42.277,-97.1926,566,Metallurgist,41.673137,-96.762854,22,4,12,45.91375770020534,75.96493991080632,0
shopping_pos,715.29,San Diego,CA,32.7185,-117.1593,1241364,Comptroller,32.785261,-117.276053,23,1,1,31.16495550992471,13.203033127488892,1
grocery_pos,190.74,Ashford,WA,46.7531,-121.9898,759,Video editor,47.739419,-121.166074,1,5,12,64.2819986310746,126.07149425151964,0
kids_pets,41.29,Manville,WY,42.73,-104.7024,241,Educational psychologist,43.008126,-103.822743,2,1,12,40.03559206023272,78.07420062569058,0
kids_pets,127.79,Meridian,ID,43.6498,-116.4306,84106,Intelligence analyst,43.333163,-117.123976,23,3,12,49.88637919233402,66.09249556285428,0
home,50.33,Redford,MO,37.3272,-91.0243,241,Investment analyst,38.278151,-90.936671,23,5,1,44.19164955509925,106.0208140520608,0
food_dining,49.82,Cascade Locks,OR,45.671,-121.8686,1288,Barrister,45.295721,-122.153876,3,0,12,84.65982203969884,47.285747983508855,0
shopping_pos,27.14,Burlington,WA,48.4786,-122.3345,14871,Public house manager,47.630168,-123.042494,3,4,1,44.85968514715948,108.02361806331824,0
food_dining,5.56,Mountain Center,CA,33.6401,-116.5567,1661,"""Therapist, music""",33.215802,-117.070078,1,1,1,30.321697467488026,67.04969598259116,0
grocery_pos,187.31,Newhall,CA,34.3795,-118.523,34882,Health physicist,34.748932,-117.755593,0,2,1,47.709787816564,81.3958160043749,0
shopping_net,14.89,Port Costa,CA,38.046,-122.1866,198,Armed forces training and education officer,37.871249,-121.840289,0,6,1,59.80835044490075,36.04745752429089,0
grocery_net,57.22,Laramie,WY,41.4247,-105.4781,35371,"""Pilot, airline""",41.182473,-106.455503,1,5,1,30.340862422997947,85.97207878467376,0
grocery_net,40.19,Orient,WA,48.8878,-118.2105,149,Special educational needs teacher,49.807705,-117.388555,1,3,12,42.52977412731006,118.35438430354716,0
shopping_pos,126.78,Fiddletown,CA,38.5234,-120.6763,832,Immigration officer,39.101732,-120.295377,23,1,1,31.62217659137577,72.28225812515784,0
shopping_net,337.79,Rock Springs,WY,41.606,-109.23,27971,Music therapist,41.039721,-108.392157,22,0,12,36.40793976728269,94.12746348062196,0
shopping_net,447.78,Newhall,CA,34.3795,-118.523,34882,Health physicist,34.645469,-118.051634,22,1,1,47.68788501026694,52.34417593548777,0
health_fitness,74.14,Fiddletown,CA,38.5234,-120.6763,832,Immigration officer,38.080364,-120.457712,3,1,12,33.61533196440794,52.827050574996434,0
health_fitness,51.21,Loving,NM,32.274,-104.0914,1925,Educational psychologist,32.899234,-103.672257,0,1,1,66.63928815879535,79.84671947059178,0
home,28.77,Broomfield,CO,39.8854,-105.1139,92337,"""Engineer, electronics""",38.949159,-105.955902,0,1,1,51.20602327173169,126.76428820586528,0
misc_net,8.58,Vinton,CA,40.0235,-120.7986,128,Education administrator,40.272194,-121.261788,0,6,12,54.847364818617386,48.110465167161166,0
health_fitness,69.56,Fullerton,NE,41.366,-98.0054,1749,"""Surveyor, mining""",40.5843,-98.072892,2,5,1,45.68377823408624,87.105543380738,0
health_fitness,76.32,Athena,OR,45.8289,-118.4971,1302,Dealer,46.275764,-117.717463,22,6,1,42.25598904859685,78.02955938805073,0
shopping_net,15.57,Mound City,MO,40.1362,-95.2138,1631,Architect,40.276855,-94.843925,22,1,1,65.96577686516085,35.088930526851975,0
personal_care,69.49,Meadville,MO,39.7795,-93.3014,964,Tourist information centre manager,39.037125,-92.527709,23,0,1,44.04106776180698,105.98289044956056,0
kids_pets,28.61,Ashford,WA,46.7531,-121.9898,759,Video editor,46.437095,-122.302667,0,1,12,64.290212183436,42.49883574144442,0
gas_transport,46.74,Loving,NM,32.274,-104.0914,1925,Educational psychologist,31.902277,-104.263139,2,5,1,66.61190965092402,44.38737630127744,0
misc_net,269.57,Blairstown,MO,38.5319,-93.9221,467,Agricultural consultant,38.883263,-94.76994,0,1,12,70.5927446954141,83.29803116390674,0
personal_care,105.64,Burlington,WA,48.4786,-122.3345,14871,Public house manager,47.910297,-122.51806,0,4,1,44.82135523613963,64.64052488319896,0
grocery_pos,155.23,Huslia,AK,65.6899,-156.292,277,"""Engineer, civil (consulting)""",64.934388,-157.214487,3,5,1,53.163586584531146,94.30081076202866,0
shopping_pos,909.85,Owensville,MO,38.3511,-91.4867,6703,Naval architect,37.490612,-92.201705,22,1,8,22.22861054072553,114.40446804574532,1
health_fitness,17.25,Brashear,MO,40.1959,-92.4333,805,Private music teacher,39.85788,-93.251209,1,6,12,50.50239561943874,79.13710380730946,0
food_dining,5.72,Ruidoso,NM,33.3305,-105.6933,8874,Licensed conveyancer,33.622283,-106.547059,1,1,12,20.369609856262837,85.57411496006772,0
shopping_pos,1061.88,Laguna Hills,CA,33.615,-117.7114,45303,Sales executive,34.021827,-118.134221,0,0,1,50.05886379192334,59.7672382761823,1
grocery_net,50.44,Meredith,CO,39.3199,-106.6596,61,Public relations account executive,40.044962,-106.832351,2,2,1,79.20054757015743,81.96728909561654,0
gas_transport,69.82,Saint Louis,MO,38.6171,-90.4504,927396,Occupational hygienist,37.916267,-90.902968,23,1,1,58.84462696783025,87.37260593198424,0
kids_pets,29.3,Fullerton,NE,41.366,-98.0054,1749,"""Surveyor, mining""",41.160243,-98.044328,3,0,1,45.67008898015058,23.109342143412537,0
health_fitness,62.61,Sutherland,NE,41.1558,-101.136,1789,Insurance broker,40.892707,-101.814872,23,1,1,36.90622861054072,64.02410872885055,0
shopping_net,5.67,Kirk,CO,39.6171,-102.4776,207,Network engineer,39.430908,-101.551965,1,5,12,65.06228610540725,82.04738125767916,0
misc_pos,7.9,Ruidoso,NM,33.3305,-105.6933,8874,Licensed conveyancer,33.231494,-105.387103,1,4,9,20.109514031485283,30.518208351538917,1
health_fitness,81.29,Cascade Locks,OR,45.671,-121.8686,1288,Barrister,45.314725,-122.064798,3,4,12,84.65160848733744,42.465302409285954,0
shopping_net,83.52,Ravenna,NE,41.0233,-98.9041,2202,"""Solicitor, Scotland""",40.992141,-98.831582,0,1,1,44.53114305270363,7.002241486104815,0
kids_pets,35.24,Lowell,OR,43.921,-122.7806,1420,Systems analyst,43.55101,-122.790743,23,0,12,55.12936344969199,41.14908074669422,0
gas_transport,56.27,Orient,WA,48.8878,-118.2105,149,Special educational needs teacher,48.112988,-117.843299,22,3,12,42.52977412731006,90.30303586830536,0
kids_pets,33.12,Azusa,CA,34.1248,-117.9031,59705,Civil Service fast streamer,34.838901,-118.033576,0,6,1,35.540041067761805,80.29993249999899,0
shopping_pos,644.55,Syracuse,MO,38.6547,-92.8929,628,"""Radiographer, diagnostic""",38.933978,-93.300914,2,6,12,59.02532511978097,47.06098491867899,0
travel,4.05,Napa,CA,38.4549,-122.2564,94014,Airline pilot,37.856585,-122.741139,22,1,12,35.35660506502396,78.88298239936611,0
misc_pos,4.08,Paradise Valley,AZ,33.5494,-111.9565,17047,Building surveyor,32.559682,-112.412062,3,5,1,83.95345653661876,117.95719402610906,0
grocery_pos,117.95,Kent,OR,45.0838,-120.6649,60,Museum education officer,45.564386,-121.006552,1,5,12,78.73237508555783,59.74223491777312,0
entertainment,174.91,Riverton,WY,43.0351,-108.2024,19408,"""Lecturer, higher education""",42.678606,-108.916825,22,1,12,27.299110198494184,70.44516804872843,0
home,17.01,Fields Landing,CA,40.7268,-124.2174,276,"""Scientist, audiological""",40.081942,-124.965981,23,0,12,91.64681724845995,95.70325576535755,0
misc_net,6.75,Smith River,CA,41.9404,-124.1587,1930,Web designer,42.668304,-124.116401,1,6,12,37.541409993155376,81.01394392473205,0
home,52.28,Pueblo,CO,38.2352,-104.66,151815,Further education lecturer,37.964643,-104.491492,23,4,1,31.019849418206707,33.50365612576859,0
personal_care,18.76,Laramie,WY,41.4247,-105.4781,35371,"""Pilot, airline""",40.560154,-104.499129,22,6,1,30.362765229295004,126.4598951559746,0
home,97.51,Huntington Beach,CA,33.6773,-118.0051,190249,"""Therapist, horticultural""",34.136134,-118.448281,1,0,12,44.27926078028747,65.38940990266161,0
health_fitness,2.39,Sutherland,NE,41.1558,-101.136,1789,Insurance broker,40.789275,-101.990158,2,4,12,38.86926762491444,82.48244623868915,0
home,47.52,Cascade Locks,OR,45.671,-121.8686,1288,Barrister,45.660157,-121.130572,22,3,1,82.69404517453799,57.3631727896168,0
gas_transport,40.82,Luray,MO,40.4931,-91.8912,519,Town planner,40.283543,-92.8022,23,0,1,52.89801505817933,80.59753403493377,0
personal_care,179.83,Laramie,WY,41.4247,-105.4781,35371,"""Pilot, airline""",40.624792,-105.675693,23,0,12,32.32032854209446,90.47696085487776,0
entertainment,30.68,Newberg,OR,45.3099,-122.9685,28278,Research scientist (physical sciences),45.51857,-123.349498,1,3,12,43.43874058863792,37.72000345415464,0
kids_pets,19.95,Red River,NM,36.6659,-105.4694,606,"""Surveyor, land/geomatics""",37.410599,-105.674337,2,5,1,30.349075975359344,84.78104347979713,0
food_dining,51.87,Issaquah,WA,47.4974,-122.0107,50489,Osteopath,46.832589,-122.754054,2,0,1,34.893908281998634,92.8585206783398,0
gas_transport,23.27,Loving,NM,32.274,-104.0914,1925,Educational psychologist,32.212844,-103.681711,3,0,8,68.24640657084188,39.12566949164431,1
shopping_net,17.81,Parks,AZ,35.2563,-111.95,759,"""Geologist, engineering""",34.681765,-111.698765,2,4,1,61.7905544147844,67.86308638109081,0
grocery_pos,120.5,Kent,OR,45.0838,-120.6649,60,Museum education officer,44.441872,-121.172509,23,2,12,78.74332648870636,81.85984134398292,0
home,44.06,Los Angeles,CA,34.0443,-118.2509,2383912,"""Journalist, newspaper""",33.432835,-118.99506,22,4,1,59.63860369609856,96.73501718623956,0
home,71.28,Luray,MO,40.4931,-91.8912,519,Town planner,40.780326,-92.88831,1,0,1,52.91718001368925,89.99405807949381,0
home,10.74,North Loup,NE,41.4972,-98.7858,509,"""Nurse, children's""",40.717294,-99.693523,3,0,1,38.31074606433949,115.34376056712216,0
gas_transport,20.01,Monitor,WA,47.4852,-120.4158,584,Medical technical officer,47.8791,-120.672876,3,6,9,50.450376454483234,47.84115069541,1
home,82.67,Jordan Valley,OR,42.8801,-117.281,641,Economist,43.246235,-117.53349,23,6,12,27.091033538672143,45.587669420623605,0
shopping_pos,733.98,Sixes,OR,42.825,-124.4409,217,Retail merchandiser,43.049603,-124.743203,23,0,2,91.35934291581108,35.06202887141659,1
food_dining,64.62,Fort Washakie,WY,43.0048,-108.8964,1645,Freight forwarder,42.546683,-108.451613,22,2,1,42.888432580424364,62.55236329360012,0
food_dining,114.22,Orient,WA,48.8878,-118.2105,149,Special educational needs teacher,48.194743,-117.365561,22,5,12,42.5160848733744,99.0355677368678,0
kids_pets,55.3,Helm,CA,36.4992,-120.0936,123,Early years teacher,36.527792,-119.577223,1,0,1,45.95208761122519,46.25754013740411,0
gas_transport,58.64,Burlington,WA,48.4786,-122.3345,14871,Public house manager,48.538982,-121.744509,1,1,12,46.8062970568104,43.978419936765576,0
shopping_pos,4.76,Superior,AZ,33.2887,-111.0985,2872,Petroleum engineer,33.618453,-111.575189,0,4,1,31.20602327173169,57.44751796312729,0
misc_net,834.52,Cardwell,MO,36.0434,-90.2907,1120,Television floor manager,35.056914,-89.906683,23,4,7,62.27241615331965,115.06211394088184,1
home,57.1,Issaquah,WA,47.4974,-122.0107,50489,Osteopath,47.237816,-122.411757,2,6,12,36.82683093771389,41.77844248600659,0
grocery_pos,138.77,Sutherland,NE,41.1558,-101.136,1789,Insurance broker,41.35778,-101.850711,0,0,1,36.941820670773446,63.82592203771959,0
shopping_net,136.94,Kirk,CO,39.6171,-102.4776,207,Network engineer,39.994365,-103.09345,2,1,1,63.096509240246405,67.28502767496907,0
grocery_pos,127.47,Wheaton,MO,36.7651,-94.0492,760,Production manager,36.17468,-93.376104,3,6,1,33.38809034907597,89.06534611677733,0
travel,57.8,Monitor,WA,47.4852,-120.4158,584,Medical technical officer,47.198015,-120.472466,23,2,12,51.78097193702944,32.21769007615112,0
entertainment,82.53,Kissee Mills,MO,36.6704,-93.0377,1201,"""Engineer, agricultural""",36.159759,-92.070383,23,5,12,40.77481177275838,103.51893847209104,0
shopping_pos,705.84,Yellowstone National Park,WY,44.7957,-110.6137,369,Materials engineer,45.091591,-110.539327,3,6,10,77.88637919233402,33.41820498428601,1
grocery_net,36.33,North Loup,NE,41.4972,-98.7858,509,"""Nurse, children's""",40.892835,-99.298656,1,5,12,40.27926078028747,79.73370205039456,0
shopping_pos,738.3,Norwalk,CA,33.9056,-118.0818,105549,Firefighter,33.500179,-118.643236,23,0,4,46.55715263518138,68.7721498917291,1
grocery_net,64.19,Centerview,MO,38.7897,-93.8702,2368,Electronics engineer,39.204704,-93.195151,1,1,1,29.47843942505133,74.38122717201303,0
personal_care,136.9,Oakland,CA,37.7878,-122.1884,381459,Barista,38.032496,-122.313526,1,3,1,45.01848049281314,29.339869872878232,0
grocery_pos,95.61,Portland,OR,45.5303,-122.7033,841711,"""Engineer, building services""",46.046949,-123.537622,3,4,1,55.75359342915811,86.51653237483721,0
gas_transport,37.9,Sutherland,NE,41.1558,-101.136,1789,Insurance broker,40.297496,-101.751405,23,3,12,38.88569472963724,108.6173249270131,0
home,67.18,Meadville,MO,39.7795,-93.3014,964,Tourist information centre manager,39.390176,-94.1047,3,5,12,46.00958247775496,81.31968854385936,0
shopping_pos,37.58,Sun City,CA,33.7467,-117.1721,54287,"""Designer, exhibition/display""",34.340041,-118.042669,3,6,1,46.288843258042434,103.85914880926862,0
gas_transport,67.42,Howells,NE,41.6964,-96.9858,1063,Research scientist (maths),41.929427,-97.644914,23,2,1,90.75154004106776,60.45879830947883,0
grocery_pos,145.28,Llano,NM,36.1486,-105.6648,247,Architectural technologist,35.308098,-104.981979,22,0,12,59.17864476386037,111.95338056436556,0
grocery_pos,118.46,Syracuse,MO,38.6547,-92.8929,628,"""Radiographer, diagnostic""",38.2286,-93.488474,1,3,12,59.0362765229295,70.25193521111454,0
gas_transport,54.02,Campbell,NE,40.2967,-98.737,493,"""Surveyor, minerals""",39.841184,-99.47303,22,2,1,78.34086242299794,80.54933832100058,0
food_dining,23.28,Clarksville,MO,39.3465,-90.9362,1146,Exercise physiologist,38.862355,-91.315114,23,6,12,91.72347707049964,62.985042375585465,0
gas_transport,39.03,Redford,MO,37.3272,-91.0243,241,Investment analyst,36.831375,-91.238792,0,4,1,44.18891170431211,58.32433140786168,0
shopping_net,278.36,Rock Springs,WY,41.606,-109.23,27971,Music therapist,41.417985,-110.019924,3,2,1,34.458590006844624,69.0151083934329,0
home,74.14,Norwalk,CA,33.9056,-118.0818,105549,Firefighter,33.644455,-118.579515,3,3,1,45.28131416837783,54.40091968185501,0
home,4.26,Carlotta,CA,40.507,-123.9743,1139,"""Therapist, occupational""",41.321026,-123.337995,22,1,12,69.95482546201232,105.12730608799006,0
gas_transport,110.41,Newberg,OR,45.3099,-122.9685,28278,Research scientist (physical sciences),44.92492,-122.583812,3,3,1,41.503080082135526,52.37948241584197,0
shopping_net,9.21,Crownpoint,NM,35.7206,-108.0271,5662,IT consultant,35.547967,-107.46102,22,6,1,29.78507871321013,54.641571908491485,0
home,77.42,Glendale,CA,34.1556,-118.2322,172817,Advertising account planner,33.54496,-118.38906,2,6,12,38.41204654346338,69.42798925158618,0
food_dining,30.71,Glendale,CA,34.1556,-118.2322,172817,Advertising account planner,33.18744,-118.481171,3,1,1,36.46269678302532,110.0921688052064,0
shopping_pos,1158.16,Campbell,NE,40.2967,-98.737,493,"""Surveyor, minerals""",39.787016,-98.745168,3,4,5,78.67214236824093,56.67854015107919,1
grocery_net,66.84,Arnold,MO,38.4305,-90.387,35439,Land/geomatics surveyor,39.38116,-91.379197,23,4,1,33.80150581793292,136.1789496095776,0
grocery_net,33.79,Orient,WA,48.8878,-118.2105,149,Special educational needs teacher,48.575319,-118.32814,3,0,1,40.58590006844627,35.80150549708541,0
personal_care,36.61,Freedom,WY,43.0172,-111.0292,471,"""Education officer, museum""",42.298467,-110.369432,22,0,1,51.45242984257358,96.42506017933584,0
misc_pos,184.32,Moab,UT,38.5677,-109.5271,9772,Location manager,39.23489,-109.151088,1,4,1,29.149897330595483,81.00975763442945,0
shopping_pos,7.36,Sutherland,NE,41.1558,-101.136,1789,Insurance broker,41.705594,-100.994293,0,1,1,36.92539356605065,62.2653179864798,0
kids_pets,51.14,Helm,CA,36.4992,-120.0936,123,Early years teacher,36.354139,-120.66239,23,0,1,45.95208761122519,53.38433430627572,0
home,9.13,Altonah,UT,40.3207,-110.436,302,"""Sales professional, IT""",40.939088,-110.334781,22,0,12,30.94592744695414,69.29010708225115,0
shopping_net,1055.47,Iliff,CO,40.7692,-103.0968,648,Community arts worker,39.940564,-103.528231,2,1,1,49.27857631759069,99.12714464471486,0
personal_care,24.47,Humboldt,AZ,34.5189,-112.2523,1179,"""Civil engineer, contracting""",35.030968,-112.519477,0,4,1,63.97535934291581,61.9481516015477,0
gas_transport,84.74,Browning,MO,40.029,-93.1607,602,Cytogeneticist,39.323273,-93.980087,1,3,1,64.47364818617385,105.23980427515905,0
entertainment,34.35,Iliff,CO,40.7692,-103.0968,648,Community arts worker,40.787328,-102.91894,0,6,1,49.29226557152635,15.111135798160918,0
shopping_net,996.11,Hubbell,NE,40.0456,-97.4735,121,Set designer,40.540097,-96.514041,0,0,2,22.89390828199863,98.20983063164542,1
health_fitness,1.8,Manley,NE,40.9207,-96.168,206,Human resources officer,40.420497,-96.159977,3,1,1,51.24435318275154,55.62415148943011,0
kids_pets,47.24,Fort Washakie,WY,43.0048,-108.8964,1645,Freight forwarder,42.384263,-108.801907,22,3,1,42.8911704312115,69.43135862985113,0
shopping_pos,40.35,Colorado Springs,CO,38.8881,-104.6556,525713,Museum/gallery exhibitions officer,39.168256,-104.868744,2,4,1,26.67488021902806,36.18592618953066,0
gas_transport,67.83,Paauilo,HI,20.0271,-155.3697,1490,"""Scientist, research (maths)""",19.314331,-156.08977,2,0,1,27.73716632443532,109.38895263957092,0
kids_pets,54.84,Oakland,CA,37.7878,-122.1884,381459,Barista,38.492726,-122.2569,0,3,1,45.03764544832307,78.61277736285803,0
gas_transport,48.95,Wales,AK,64.7556,-165.6723,145,"""Administrator, education""",65.180194,-166.101988,23,6,12,81.13347022587268,51.35874095378811,0
shopping_pos,588.42,Meridian,ID,43.6498,-116.4306,84106,Intelligence analyst,43.846518,-117.223864,22,0,1,47.90417522245038,67.36912158248491,0
health_fitness,17.73,Brainard,NE,41.1832,-96.9882,614,Associate Professor,41.035852,-97.161807,3,6,1,51.56741957563313,21.90887702870501,0
kids_pets,10.36,Clarksville,MO,39.3465,-90.9362,1146,Exercise physiologist,39.11232,-90.493924,3,3,12,91.73442847364818,46.14407854005497,0
grocery_pos,186.03,Vancouver,WA,45.6892,-122.6616,299480,Teaching laboratory technician,44.792525,-123.541406,23,1,1,34.03422313483915,121.18542433761618,0
home,79.85,Portland,OR,45.5303,-122.7033,841711,"""Engineer, building services""",45.637942,-123.17384,22,5,1,55.79466119096509,38.524387494049776,0
shopping_net,929.11,Paradise Valley,AZ,33.5494,-111.9565,17047,Building surveyor,33.057623,-112.536252,22,6,10,85.71937029431896,76.76648033041815,1
shopping_net,23.89,Centerview,MO,38.7897,-93.8702,2368,Electronics engineer,39.520415,-94.061394,22,0,1,29.51403148528405,82.90731201912938,0
travel,517.6,Alva,WY,44.6873,-104.4414,110,"""Administrator, local government""",45.454161,-105.167688,2,0,1,45.68377823408624,102.58623659966888,0
entertainment,13.82,Hatch,UT,37.7175,-112.4777,258,Geoscientist,36.785132,-112.453981,3,1,12,59.096509240246405,103.69584351185463,0
gas_transport,40.37,Wales,AK,64.7556,-165.6723,145,"""Administrator, education""",64.713854,-165.093569,22,6,12,81.13347022587268,27.85543968138604,0
grocery_pos,155.23,Huslia,AK,65.6899,-156.292,277,"""Engineer, civil (consulting)""",64.934388,-157.214487,2,5,1,53.163586584531146,94.30081076202866,0
grocery_pos,37.12,Espanola,NM,35.9866,-106.0654,18408,Historic buildings inspector/conservation officer,36.074636,-105.815152,23,6,1,46.48870636550308,24.54020421900792,0
misc_net,1.01,San Jose,CA,37.3304,-121.7913,973849,Geoscientist,37.072933,-121.084727,0,4,12,23.93429158110883,68.81731230739913,0
kids_pets,4.54,Westerville,NE,41.4193,-99.3844,73,Product designer,40.819207,-98.744225,1,0,12,85.88090349075975,85.60484936005767,0
kids_pets,133.85,Palmdale,CA,34.5715,-118.0231,171170,Chemical engineer,34.848885,-118.828423,2,2,1,55.58110882956879,79.81249075605105,0
shopping_pos,1.84,Clarksville,MO,39.3465,-90.9362,1146,Exercise physiologist,39.823753,-90.748905,3,5,1,89.74674880219028,55.442164826924206,0
grocery_pos,174.59,Littleton,CO,39.5994,-105.0044,320420,Water engineer,40.472385,-105.239683,22,1,12,45.4154688569473,99.11654917919591,0
shopping_pos,582.08,Conway,WA,48.34,-122.3456,85,"""Research officer, political party""",49.250866,-122.639994,23,3,1,34.37645448323067,103.55361529234864,0
personal_care,77.03,Meredith,CO,39.3199,-106.6596,61,Public relations account executive,39.734667,-107.239888,23,1,12,81.15263518138262,67.85295619403118,0
home,52.07,Meridian,ID,43.6498,-116.4306,84106,Intelligence analyst,43.522493,-116.231137,23,0,12,49.87816563997262,21.412210436380327,0
grocery_net,51.16,Jordan Valley,OR,42.8801,-117.281,641,Economist,43.308731,-118.121484,3,0,1,25.138945927446954,83.2402854027991,0
gas_transport,52.68,Nelson,NE,40.201,-98.0684,732,Television/film/video producer,40.261622,-97.300808,2,0,1,62.08624229979466,65.50918474534534,0
gas_transport,53.77,Meridian,ID,43.6498,-116.4306,84106,Intelligence analyst,44.532933,-115.624446,23,1,12,49.88090349075976,117.4221892495936,0
gas_transport,89.63,Cascade Locks,OR,45.671,-121.8686,1288,Barrister,46.39288,-121.713721,3,6,12,84.65708418891171,81.1549220952251,0
misc_net,806.03,Lamy,NM,35.4311,-105.9409,923,Public relations account executive,35.933504,-106.014046,0,6,2,54.65571526351814,56.25405367054388,1
shopping_pos,1.38,Riverton,WY,43.0351,-108.2024,19408,"""Lecturer, higher education""",43.367552,-108.291452,1,6,12,27.29363449691992,37.66508944608836,0
health_fitness,9.98,Holstein,NE,40.4542,-98.6538,331,Telecommunications researcher,41.112085,-99.143052,0,1,12,70.36276522929501,83.95361565784836,0
travel,3.88,Matthews,MO,36.7154,-89.6287,1019,Aeronautical engineer,35.928619,-89.716721,22,1,12,41.92470910335387,87.84072517726048,0
grocery_pos,66.4,Redford,MO,37.3272,-91.0243,241,Investment analyst,36.552892,-91.860169,3,6,1,44.2135523613963,113.71623569524304,0
shopping_pos,6.08,Jelm,WY,41.0539,-106.0763,100,Public librarian,40.055588,-106.106467,22,1,1,44.7501711156742,111.0364807031193,0
misc_net,81.06,Carroll,NE,42.277,-97.1926,566,Metallurgist,41.392575,-97.683544,23,1,12,45.92470910335387,106.42227013778522,0
shopping_pos,3.62,Manville,WY,42.73,-104.7024,241,Educational psychologist,42.5835,-105.056677,23,6,12,40.03011635865845,33.236965226032446,0
shopping_net,102.52,Meadville,MO,39.7795,-93.3014,964,Tourist information centre manager,39.550402,-92.466303,23,1,12,46.01779603011636,75.88486705263016,0
shopping_pos,6.28,Sacramento,CA,38.5662,-121.3286,757530,Magazine features editor,38.613811,-121.413926,22,1,1,39.67419575633128,9.11174585423268,0
shopping_pos,2.82,Paauilo,HI,20.0271,-155.3697,1490,"""Scientist, research (maths)""",20.508169,-155.731236,22,0,1,27.73716632443532,65.44934381554155,0
home,7.66,Owensville,MO,38.3511,-91.4867,6703,Naval architect,37.574292,-91.401081,2,1,12,22.611909650924023,86.70260862797893,0
kids_pets,47.82,Sun City,CA,33.7467,-117.1721,54287,"""Designer, exhibition/display""",33.295545,-117.809236,3,3,1,46.299794661190965,77.49234004279342,0
home,9.21,Red River,NM,36.6659,-105.4694,606,"""Surveyor, land/geomatics""",37.384288,-104.901749,22,6,1,30.3709787816564,94.44767521413328,0
travel,5.97,Wendel,CA,40.3406,-120.2824,104,"""Teacher, adult education""",39.441444,-120.94705,23,2,12,31.37303216974675,114.94168360914456,0
kids_pets,19.44,Altonah,UT,40.3207,-110.436,302,"""Sales professional, IT""",39.404255,-110.28527,1,0,1,28.99110198494182,102.71285508174056,0
home,42.62,Indian Wells,CA,33.7163,-116.3381,4677,Learning mentor,32.84874,-116.617382,3,6,12,65.64544832306639,99.9002997121607,0
entertainment,69.82,Parker Dam,CA,34.298,-114.156,126,Marketing executive,34.701703,-113.56594,2,0,12,28.22450376454483,70.27712455169902,0
misc_net,4.59,Paauilo,HI,20.0271,-155.3697,1490,"""Scientist, research (maths)""",19.87429,-156.163955,2,0,12,29.711156741957563,84.7378743684396,0
shopping_net,22.21,Newhall,CA,34.3795,-118.523,34882,Health physicist,33.620139,-118.732719,1,3,12,49.667351129363446,86.62200504168362,0
kids_pets,17.24,Orient,WA,48.8878,-118.2105,149,Special educational needs teacher,49.717959,-118.329367,0,0,1,40.56673511293634,92.71089929281533,0
grocery_pos,34.03,Hawthorne,CA,33.9143,-118.3493,93193,"""Editor, magazine features""",34.616683,-118.371407,23,6,1,23.756331279945243,78.12784259812183,0
gas_transport,39.26,Greenview,CA,41.5403,-122.9366,308,Call centre manager,42.49382,-122.465032,3,1,12,62.27515400410677,112.95647922891088,0
misc_pos,8.25,Unionville,MO,40.4815,-92.9951,3805,"""Investment banker, corporate""",40.26123,-93.761921,2,2,1,68.33675564681725,69.4250866563398,0
entertainment,18.12,Saint Louis,MO,38.6171,-90.4504,927396,Occupational hygienist,39.265372,-90.369974,22,2,12,60.80219028062971,72.41936510803411,0
entertainment,4.7,Broomfield,CO,39.8854,-105.1139,92337,"""Engineer, electronics""",40.714644,-104.320461,2,6,12,53.1937029431896,114.147212601723,0
entertainment,19.32,Paauilo,HI,20.0271,-155.3697,1490,"""Scientist, research (maths)""",19.854707,-155.079989,22,0,12,29.711156741957563,35.84015486043037,0
gas_transport,41.03,Port Costa,CA,38.046,-122.1866,198,Armed forces training and education officer,38.897001,-122.080782,2,0,12,61.74674880219028,95.0743235057796,0
gas_transport,70.02,Red River,NM,36.6659,-105.4694,606,"""Surveyor, land/geomatics""",37.152572,-104.847091,2,2,1,30.360027378507876,77.39368805665534,0
kids_pets,35.07,Newhall,CA,34.3795,-118.523,34882,Health physicist,35.227512,-117.640287,22,4,1,47.73442847364819,124.04313548188335,0
gas_transport,46.1,Blairstown,MO,38.5319,-93.9221,467,Agricultural consultant,38.060822,-93.0532,0,3,12,70.59822039698837,92.15954259642707,0
shopping_net,6.6,Luray,MO,40.4931,-91.8912,519,Town planner,40.474585,-92.355176,22,1,1,52.90075290896646,39.29406750893644,0
food_dining,36.08,Mesa,ID,44.6255,-116.4493,129,Cartographer,45.068781,-116.933376,1,2,12,55.04175222450377,62.3371608916094,0
shopping_pos,120.64,Helm,CA,36.4992,-120.0936,123,Early years teacher,36.379643,-120.389977,3,2,12,47.893223819301845,29.658647435110627,0
shopping_pos,8.81,Manville,WY,42.73,-104.7024,241,Educational psychologist,42.655057,-104.520084,22,0,1,38.05886379192334,17.07238343177574,0
kids_pets,29.17,Phoenix,AZ,33.8155,-112.1202,1312922,Counselling psychologist,33.037841,-111.573145,0,0,12,21.078713210130047,100.27288888090084,0
grocery_net,45.37,Thompson,UT,38.9999,-109.615,46,"""Surveyor, minerals""",39.243228,-110.436362,3,0,1,31.709787816564,75.84547858296712,0
gas_transport,36.98,Altonah,UT,40.3207,-110.436,302,"""Sales professional, IT""",41.286729,-109.709829,23,4,12,30.937713894592743,123.58814873922564,0
misc_net,5.59,Ashford,WA,46.7531,-121.9898,759,Video editor,47.017693,-121.350694,22,6,1,62.34907597535934,56.78610914527329,0
shopping_net,220.14,Phoenix,AZ,33.5623,-112.0559,1312922,Contractor,33.197811,-112.285456,0,5,1,37.21834360027378,45.79237941511799,0
misc_net,714.34,Shedd,OR,44.453,-123.1065,917,Radio broadcast assistant,45.226968,-123.222397,1,0,2,24.61327857631759,86.54506418988085,1
food_dining,13.57,Greenview,CA,41.5403,-122.9366,308,Call centre manager,41.147628,-122.952271,1,3,12,62.26146475017112,43.68272785713123,0
shopping_pos,6.88,Smith River,CA,41.9404,-124.1587,1930,Web designer,41.531711,-124.583768,23,3,1,35.59753593429158,57.52519680434852,0
shopping_net,112.55,Lake Oswego,OR,45.4093,-122.6847,42817,Planning and development surveyor,45.115532,-123.137364,3,4,1,36.60506502395619,48.18890533255439,0
personal_care,71.32,Lonetree,WY,41.0552,-110.1603,49,Research scientist (physical sciences),41.893217,-109.472759,1,1,1,37.492128678986994,109.38028351964614,0
misc_pos,9.02,Glendale,CA,34.1556,-118.2322,172817,Advertising account planner,34.03968,-118.160172,23,4,12,38.34907597535934,14.49590921142478,1
misc_net,2.3,Phoenix,AZ,33.5623,-112.0559,1312922,Contractor,33.308769,-112.621479,3,6,1,37.22108145106092,59.57402249986003,0
gas_transport,11.44,Sacramento,CA,38.5662,-121.3286,757530,Magazine features editor,38.019298,-120.698601,3,6,9,40.33949349760438,81.98195997943851,1
misc_net,28.32,Roseland,NE,40.4591,-98.5551,463,"""Nurse, mental health""",40.81774,-97.875659,0,0,1,70.60369609856262,69.83579922524201,0
personal_care,73.59,Brainard,NE,41.1832,-96.9882,614,Associate Professor,40.534262,-96.494249,22,0,12,53.52498288843258,83.26138313414188,0
shopping_pos,9.56,Riverton,WY,43.0351,-108.2024,19408,"""Lecturer, higher education""",43.704158,-108.786125,1,0,1,25.322381930184804,88.09616094180453,0
entertainment,21.35,Luray,MO,40.4931,-91.8912,519,Town planner,40.337966,-92.186169,1,5,12,54.86652977412731,30.35068560406664,0
shopping_net,4.46,San Diego,CA,33.0067,-117.069,1241364,Chartered public finance accountant,32.617408,-116.798973,22,1,12,61.40177960301163,50.10584242043112,0
shopping_pos,268.16,Wales,AK,64.7556,-165.6723,145,"""Administrator, education""",64.081462,-165.898698,1,1,1,79.20328542094455,75.7446398662858,0
gas_transport,55.51,Weeping Water,NE,40.8731,-96.1528,1517,Dealer,40.328136,-96.28566,3,2,12,69.14442162902122,61.62661705958289,0
grocery_pos,95.51,Orient,WA,48.8878,-118.2105,149,Special educational needs teacher,48.064463,-118.967709,22,3,1,40.57494866529774,107.22344162685032,0
travel,8.25,Cascade Locks,OR,45.671,-121.8686,1288,Barrister,45.688137,-120.889282,2,0,1,82.70499657768652,76.10523851082766,0
shopping_net,87.3,Kissee Mills,MO,36.6704,-93.0377,1201,"""Engineer, agricultural""",36.306032,-92.184937,22,6,1,38.80355920602327,86.33261879573315,0
kids_pets,118.65,Laramie,WY,41.4247,-105.4781,35371,"""Pilot, airline""",41.89351,-105.917242,2,0,1,30.38466803559206,63.62669434645658,0
kids_pets,115.11,Hatch,UT,37.7175,-112.4777,258,Geoscientist,36.898066,-111.867818,0,1,1,57.12251882272416,105.8852007051152,0
health_fitness,71.77,Vancouver,WA,45.6892,-122.6616,299480,Teaching laboratory technician,44.985947,-122.440492,22,3,12,35.97535934291581,80.08504342429367,0
gas_transport,78.62,Cascade Locks,OR,45.671,-121.8686,1288,Barrister,44.932635,-120.958733,3,4,1,82.69678302532512,108.64851866867753,0
shopping_pos,154.27,Red Cliff,CO,39.4584,-106.3851,277,Human resources officer,40.002816,-106.256982,22,4,1,33.7741273100616,61.51971794104649,0
gas_transport,69.42,Kissee Mills,MO,36.6704,-93.0377,1201,"""Engineer, agricultural""",36.22782,-93.758241,1,1,12,40.78302532511978,81.0883461207129,0
gas_transport,71.59,Rocky Mount,MO,38.2911,-92.7059,1847,Tax inspector,38.788835,-93.320472,23,5,12,32.167008898015055,76.94251279945657,0
grocery_pos,362.56,Lowell,OR,43.921,-122.7806,1420,Systems analyst,44.328304,-122.658093,3,1,2,53.2539356605065,46.33369396892951,1
entertainment,70.13,Alva,WY,44.6873,-104.4414,110,"""Administrator, local government""",44.077383,-104.13382,2,0,1,45.68377823408624,72.08994738828764,0
personal_care,15.99,Hooper,NE,41.6414,-96.5232,1745,"""Engineer, automotive""",40.977626,-96.840625,2,5,8,46.63655030800821,78.42554682238664,1
misc_pos,218.71,Littleton,CO,39.5994,-105.0044,320420,Water engineer,39.335171,-104.102882,0,1,1,43.422313483915126,82.77651594999121,0
misc_net,784.77,Ravenna,NE,41.0233,-98.9041,2202,"""Solicitor, Scotland""",40.341318,-99.045651,0,5,1,44.56125941136208,76.76651345284223,1
gas_transport,56.58,Lakeport,CA,39.047,-122.9328,11256,Podiatrist,38.622406,-122.828934,1,0,12,48.19438740588638,48.062193653930514,0
food_dining,143.5,Kent,OR,45.0838,-120.6649,60,Museum education officer,45.446517,-120.101289,2,5,1,76.75838466803559,59.76864027483433,0
shopping_net,9.15,Phoenix,AZ,33.5623,-112.0559,1312922,Contractor,33.060314,-112.082264,3,1,1,37.22655715263518,55.87203306867211,0
kids_pets,141.62,Spirit Lake,ID,47.9657,-116.868,4161,Production manager,48.469024,-116.722848,22,0,1,61.60985626283368,56.990919188956354,0
entertainment,14.42,Campbell,NE,40.2967,-98.737,493,"""Surveyor, minerals""",39.818191,-99.096251,1,0,1,78.31622176591375,61.36692786661955,0
grocery_net,54.92,Redford,MO,37.3272,-91.0243,241,Investment analyst,36.537797,-90.846525,22,5,1,44.19164955509925,89.18842399789668,0
shopping_pos,11.6,Thompson,UT,38.9999,-109.615,46,"""Surveyor, minerals""",38.559623,-109.951468,23,6,12,33.68104038329911,56.985891523608416,0
personal_care,28.75,Llano,NM,36.1486,-105.6648,247,Architectural technologist,35.334068,-105.096783,2,2,1,57.21013004791239,104.0732649293568,0
shopping_net,41.62,Wales,AK,64.7556,-165.6723,145,"""Administrator, education""",64.48242,-166.382335,23,0,12,81.13620807665983,45.47456505191478,0
personal_care,56.34,Aurora,CO,39.6662,-104.835,389246,"""Scientist, marine""",39.583131,-104.769807,2,4,1,49.06228610540725,10.793311124278915,0
food_dining,109.53,Dumont,CO,39.7532,-105.6356,565,Mental health nurse,39.557126,-105.756555,0,4,3,41.5441478439425,24.13644845139009,1
home,47.05,Burbank,WA,46.1966,-118.9017,3684,Musician,45.716706,-119.886246,23,3,12,39.08829568788501,92.95021454833343,0
gas_transport,65.95,Centerview,MO,38.7897,-93.8702,2368,Electronics engineer,39.286738,-94.141126,0,4,1,29.48665297741273,60.01734372011005,0
home,13.34,Sacramento,CA,38.5662,-121.3286,757530,Magazine features editor,39.231037,-120.777479,1,3,12,41.67282683093772,87.97544282538941,0
kids_pets,10.36,Clarksville,MO,39.3465,-90.9362,1146,Exercise physiologist,39.11232,-90.493924,2,3,12,91.73442847364818,46.14407854005497,0
shopping_net,184.21,Syracuse,MO,38.6547,-92.8929,628,"""Radiographer, diagnostic""",37.964577,-92.515933,1,2,1,57.059548254620125,83.48966238098643,0
kids_pets,55.42,Browning,MO,40.029,-93.1607,602,Cytogeneticist,39.596348,-92.272318,3,1,12,66.46132785763176,89.84464526686914,0
personal_care,51.77,Campbell,NE,40.2967,-98.737,493,"""Surveyor, minerals""",39.426025,-97.949758,3,5,12,80.28473648186174,117.84623085382708,0
gas_transport,7.55,Laguna Hills,CA,33.615,-117.7114,45303,Sales executive,34.251133,-117.582871,2,6,1,50.05612594113621,71.72174898542696,1
food_dining,17.1,Sacramento,CA,38.5662,-121.3286,757530,Magazine features editor,38.898841,-121.246223,1,1,12,41.667351129363446,37.67184718649989,0
food_dining,60.29,Alva,WY,44.6873,-104.4414,110,"""Administrator, local government""",44.572457,-103.864062,23,1,1,45.6290212183436,47.437468073743005,0
grocery_pos,41.81,Tekoa,WA,47.2271,-117.0819,895,Clothing/textile technologist,46.851376,-116.309441,0,0,12,21.579739904175224,71.91562159494573,0
home,70.71,Alva,WY,44.6873,-104.4414,110,"""Administrator, local government""",44.361826,-104.184784,22,2,1,45.63175906913073,41.516862239666665,0
food_dining,68.51,Athena,OR,45.8289,-118.4971,1302,Dealer,45.314996,-117.877284,0,3,1,42.209445585215605,74.78571225716554,0
grocery_pos,105.2,Fort Washakie,WY,43.0048,-108.8964,1645,Information systems manager,42.314401,-108.55452,3,5,1,32.88158795345654,81.70050498054155,0
shopping_net,900.06,Meadville,MO,39.7795,-93.3014,964,Tourist information centre manager,38.864622,-92.568113,0,4,2,44.12867898699521,119.69721864773808,1
gas_transport,41.38,Conway,WA,48.34,-122.3456,85,"""Research officer, political party""",48.892568,-121.47255,22,2,1,34.37371663244353,88.84766384511137,0
grocery_pos,87.16,Utica,MO,39.7417,-93.6289,271,Land/geomatics surveyor,39.851697,-94.548976,1,1,1,46.72416153319645,79.5506793323367,0
grocery_pos,60.58,Phoenix,AZ,33.8155,-112.1202,1312922,Counselling psychologist,34.310002,-112.36291,3,1,1,19.107460643394933,59.35763182581234,0
shopping_net,30.36,Daly City,CA,37.6787,-122.478,107941,"""Buyer, industrial""",38.082322,-123.080613,3,1,12,29.23750855578371,69.36451552292569,0
entertainment,113.07,Tekoa,WA,47.2271,-117.0819,895,Clothing/textile technologist,46.811999,-117.797963,23,5,12,21.57426420260096,71.25308448174067,0
entertainment,63.41,Phoenix,AZ,33.5623,-112.0559,1312922,Contractor,34.484645,-111.541725,0,1,12,39.181382614647504,112.97736398974736,0
personal_care,2.06,Rocky Mount,MO,38.2911,-92.7059,1847,Tax inspector,38.262829,-93.225425,1,3,12,32.18069815195072,45.45854318317747,0
home,85.06,Lonetree,WY,41.0552,-110.1603,49,Research scientist (physical sciences),40.798105,-110.130136,23,0,1,37.50855578370979,28.6997611145432,0
misc_net,892.22,Newberg,OR,45.3099,-122.9685,28278,Research scientist (physical sciences),45.26244,-122.493458,23,3,8,43.1129363449692,37.53672348446574,1
gas_transport,83.6,Oakland,CA,37.7878,-122.1884,381459,Barista,38.03305,-121.343113,23,3,12,46.992470910335385,79.0117163126493,0
kids_pets,44.55,Rock Springs,WY,41.606,-109.23,27971,Music therapist,42.368256,-108.564786,3,1,1,34.455852156057496,101.02851490363324,0
gas_transport,48.5,Holstein,NE,40.4542,-98.6538,331,Telecommunications researcher,40.023713,-99.020388,2,1,12,70.36276522929501,57.09259299764083,0
shopping_pos,258.91,Littleton,CO,39.5994,-105.0044,320420,Water engineer,39.11268,-105.834277,3,3,12,45.40177960301163,89.5541297194186,0
travel,7.33,Mound City,MO,40.1362,-95.2138,1631,Architect,40.977943,-96.135389,2,1,1,65.94661190965093,121.744886948789,0
gas_transport,38.67,Mesa,ID,44.6255,-116.4493,129,Cartographer,45.602182,-117.338452,3,6,1,53.097878165639976,129.08146840055915,0
home,73.58,Blairstown,MO,38.5319,-93.9221,467,Agricultural consultant,38.07588,-93.785312,22,6,12,70.58726899383984,52.0929443958946,0
gas_transport,46.15,San Jose,CA,37.3304,-121.7913,973849,Geoscientist,37.479106,-122.229881,3,5,12,23.93702943189596,42.12083664992983,0
misc_net,743.3,Claremont,CA,34.1092,-117.7183,35705,Wellsite geologist,33.283995,-118.196633,22,6,9,63.29637234770705,101.87144001625256,1
grocery_net,71.6,Indian Wells,CA,33.7163,-116.3381,4677,Learning mentor,34.70416,-116.332032,0,4,12,65.63997262149213,109.84643737415146,0
food_dining,52.38,Superior,AZ,33.2887,-111.0985,2872,Petroleum engineer,33.169245,-110.863969,1,1,1,31.19780971937029,25.540220309308985,0
misc_net,26.0,Centerview,MO,38.7897,-93.8702,2368,Electronics engineer,38.424715,-93.033649,0,5,1,29.508555783709788,83.25163423257024,0
grocery_pos,95.26,Claremont,CA,34.1092,-117.7183,35705,Wellsite geologist,33.410982,-117.960217,22,0,1,62.64750171115674,80.7950042592992,0
grocery_pos,344.55,Mound City,MO,40.1362,-95.2138,1631,Architect,39.442517,-94.706316,23,6,9,67.64681724845995,88.48576726501827,1
grocery_pos,79.33,Red River,NM,36.6659,-105.4694,606,"""Surveyor, land/geomatics""",37.44535,-104.900897,2,0,1,30.37371663244353,100.28349901957844,0
shopping_pos,10.27,Crownpoint,NM,35.7206,-108.0271,5662,IT consultant,35.787838,-108.621192,23,0,12,31.72347707049966,54.1284943958429,0
gas_transport,7.52,Lonetree,WY,41.0552,-110.1603,49,Research scientist (physical sciences),41.573646,-110.021844,23,5,3,37.69472963723477,58.79686217491694,1
misc_pos,4.88,San Diego,CA,32.7185,-117.1593,1241364,Comptroller,32.990592,-117.82799,3,6,12,33.07597535934291,69.403456483107,0
home,35.45,Moriarty,NM,34.9889,-106.0609,7268,"""Therapist, art""",35.133462,-106.037507,22,6,1,30.442162902121837,16.214958203682475,0
misc_net,247.14,Tomales,CA,38.2427,-122.9145,337,Occupational psychologist,37.395201,-123.189612,3,3,12,66.49144421629022,97.2865001156863,0
travel,6.42,San Diego,CA,33.0067,-117.069,1241364,Chartered public finance accountant,33.475118,-117.067941,3,0,12,61.399041752224505,52.08579826139793,0
home,134.88,Phoenix,AZ,33.8155,-112.1202,1312922,Counselling psychologist,33.304977,-111.14447,1,0,1,19.143052703627653,106.75402276432315,0
misc_net,3.5,Arnold,MO,38.4305,-90.387,35439,Land/geomatics surveyor,38.606136,-89.990979,22,1,12,35.748117727583846,39.60396283932228,0
grocery_pos,122.82,Centerview,MO,38.7897,-93.8702,2368,Electronics engineer,39.767949,-94.443694,22,0,1,29.51403148528405,119.45188031472968,0
shopping_net,6.72,Sutherland,NE,41.1558,-101.136,1789,Insurance broker,41.498774,-100.50282,23,2,12,38.8829568788501,65.19050308399402,0
shopping_pos,863.1,Spirit Lake,ID,47.9657,-116.868,4161,Production manager,48.472635,-117.486623,1,4,11,63.441478439425055,72.64932426402514,1
shopping_net,9.21,Crownpoint,NM,35.7206,-108.0271,5662,IT consultant,35.547967,-107.46102,22,6,1,29.78507871321013,54.641571908491485,0
home,119.04,Sacramento,CA,38.5662,-121.3286,757530,Magazine features editor,37.806834,-121.843654,0,6,12,41.661875427789184,95.68707902051813,0
shopping_pos,7.59,Ruidoso,NM,33.3305,-105.6933,8874,Licensed conveyancer,32.692582,-105.307324,22,1,1,18.39561943874059,79.54094361813979,0
grocery_pos,280.25,Arnold,MO,38.4305,-90.387,35439,Land/geomatics surveyor,38.876613,-89.844888,1,0,3,33.94387405886379,68.38653921209915,1
personal_care,33.54,Lakeport,CA,39.047,-122.9328,11256,Podiatrist,39.503372,-122.665609,22,5,1,46.25325119780972,55.71476065306287,0
misc_pos,35.31,Lonetree,WY,41.0552,-110.1603,49,Research scientist (physical sciences),42.031653,-110.982903,2,1,12,39.48528405201917,128.35616090666568,0
shopping_net,5.92,Glendale,CA,34.1556,-118.2322,172817,Advertising account planner,33.555725,-118.874733,22,6,1,36.47638603696099,89.27218303062894,0
shopping_net,19.38,Littleton,CO,39.5994,-105.0044,320420,Water engineer,38.830358,-105.953762,23,6,1,43.45516769336072,118.32862854784632,0
home,13.27,Tomales,CA,38.2427,-122.9145,337,Occupational psychologist,38.443821,-122.094472,23,5,1,64.52292950034223,74.93033763154014,0
grocery_pos,53.48,Phoenix,AZ,33.8155,-112.1202,1312922,Counselling psychologist,34.792504,-111.548716,2,1,12,21.08145106091718,120.65455584448868,0
grocery_net,30.55,Burlington,WA,48.4786,-122.3345,14871,Public house manager,49.160768,-121.73102,22,4,1,44.82135523613963,87.78275139737966,0
shopping_net,679.77,Weeping Water,NE,40.8731,-96.1528,1517,Dealer,40.068511,-96.45789,0,5,12,69.13347022587268,93.1139061598259,0
food_dining,13.57,Greenview,CA,41.5403,-122.9366,308,Call centre manager,41.147628,-122.952271,1,3,12,62.26146475017112,43.68272785713123,0
home,20.78,Nelson,NE,40.201,-98.0684,732,Television/film/video producer,40.726702,-97.240357,1,1,1,62.08898015058179,91.23648445497774,0
shopping_pos,8.51,Ballwin,MO,38.577,-90.5255,92608,"""Engineer, communications""",38.917157,-89.55828,2,0,12,19.42505133470226,92.01281928923312,0
health_fitness,88.58,Tomales,CA,38.2427,-122.9145,337,Occupational psychologist,38.059417,-122.926481,2,4,1,64.5201916495551,20.40704898583705,0
shopping_net,1162.35,Aurora,CO,39.7656,-104.7069,389246,Industrial/product designer,40.157469,-103.745416,0,0,3,80.62970568104038,92.80953721477366,1
misc_pos,6.48,Roseland,NE,40.4591,-98.5551,463,"""Nurse, mental health""",39.736694,-98.639815,2,5,12,72.57221081451061,80.6504089034454,0
shopping_pos,2.49,San Jose,CA,37.3304,-121.7913,973849,Geoscientist,36.448898,-122.28436,23,1,1,21.971252566735117,107.37918193236337,0
shopping_pos,43.02,Ballwin,MO,38.577,-90.5255,92608,"""Engineer, communications""",38.124698,-90.41745,3,2,1,17.475701574264203,51.16865248022082,0
food_dining,39.53,Arnold,MO,38.4305,-90.387,35439,Land/geomatics surveyor,38.690337,-90.618508,1,1,1,33.7741273100616,35.21320795850158,0
grocery_pos,319.86,Malad City,ID,42.1808,-112.262,4154,Nature conservation officer,43.025469,-112.147995,2,4,11,58.79808350444901,94.38523236898452,1
shopping_net,875.2,Luray,MO,40.4931,-91.8912,519,Town planner,40.900215,-92.441448,3,6,8,54.5242984257358,64.81636250107162,1
gas_transport,71.89,Rocky Mount,MO,38.2911,-92.7059,1847,Tax inspector,37.351815,-92.818835,2,1,12,32.17522245037645,104.91371111282204,0
gas_transport,64.33,Meridian,ID,43.6498,-116.4306,84106,Intelligence analyst,43.161156,-116.95978,3,2,12,49.88364134154688,69.13553445674955,0
entertainment,26.95,Moriarty,NM,34.9889,-106.0609,7268,"""Therapist, art""",35.432303,-105.638116,1,3,1,30.414784394250518,62.49975098331362,0
kids_pets,74.77,Riverton,WY,43.0351,-108.2024,19408,"""Lecturer, higher education""",42.333617,-108.628813,22,6,1,25.319644079397676,85.43422071755712,0
entertainment,11.72,Freedom,WY,43.0172,-111.0292,471,"""Education officer, museum""",43.978291,-110.638438,0,1,1,51.43600273785079,111.4192017896806,0
personal_care,65.92,Indian Wells,CA,33.7163,-116.3381,4677,Learning mentor,33.927717,-115.569694,23,4,1,63.70431211498973,74.77471622245385,0
food_dining,1.18,Conway,WA,48.34,-122.3456,85,"""Research officer, political party""",48.009447,-122.106057,3,5,1,34.38193018480493,40.82268801517265,0
food_dining,7.86,Altonah,UT,40.3207,-110.436,302,"""Sales professional, IT""",41.019174,-110.242471,23,6,12,30.94318959616701,79.36323479668864,0
shopping_pos,4.33,Redford,MO,37.3272,-91.0243,241,Investment analyst,37.397678,-90.84043,23,1,1,44.19986310746064,18.04124443229805,0
grocery_pos,331.37,Burlington,WA,48.4786,-122.3345,14871,Public house manager,47.877698,-122.618073,23,1,6,46.26967830253251,70.04725321958763,1
gas_transport,62.45,Vinton,CA,40.0235,-120.7986,128,Education administrator,40.604939,-121.102326,1,5,1,52.90896646132786,69.59286415524875,0
misc_net,9.02,Greenview,CA,41.5403,-122.9366,308,Call centre manager,40.669097,-123.56002,1,5,12,62.26694045174538,110.05756440191404,0
kids_pets,57.46,Lake Oswego,OR,45.4093,-122.6847,42817,Planning and development surveyor,45.315024,-123.19106,3,1,12,38.59000684462697,40.92623074763599,0
shopping_pos,2.77,Independence,MO,39.1412,-94.3515,123373,"""Engineer, production""",39.335365,-94.787078,0,3,1,26.09993155373032,43.282470256673705,0
travel,2.58,Claremont,CA,34.1092,-117.7183,35705,Wellsite geologist,34.310173,-117.995683,23,4,1,62.63928815879535,33.91181862131733,0
gas_transport,39.03,Redford,MO,37.3272,-91.0243,241,Investment analyst,36.831375,-91.238792,22,4,1,44.18891170431211,58.32433140786168,0
shopping_net,4.81,Iliff,CO,40.7692,-103.0968,648,Community arts worker,41.337312,-102.580538,22,1,12,51.27173169062286,76.58023436112168,0
misc_pos,439.2,Claremont,CA,34.1092,-117.7183,35705,Wellsite geologist,33.757421,-116.855571,0,2,1,62.63381245722108,88.68485744892799,0
kids_pets,13.84,Espanola,NM,35.9866,-106.0654,18408,Historic buildings inspector/conservation officer,36.466742,-106.745349,3,6,12,48.4435318275154,81.05706667671569,0
food_dining,43.63,Napa,CA,38.4549,-122.2564,94014,Airline pilot,39.270068,-122.077454,1,1,12,35.35660506502396,91.95710913194104,0
shopping_pos,7.99,Centerview,MO,38.7897,-93.8702,2368,Electronics engineer,37.935927,-93.906376,3,1,12,31.45242984257358,94.98760419784868,0
home,59.25,Thompson,UT,38.9999,-109.615,46,"""Surveyor, minerals""",38.41623,-109.506449,22,0,12,33.68377823408624,65.5810439167187,0
kids_pets,72.86,Utica,MO,39.7417,-93.6289,271,Land/geomatics surveyor,40.621543,-92.788097,22,1,1,46.743326488706366,121.13319001293252,0
home,51.93,Lowell,OR,43.921,-122.7806,1420,Systems analyst,42.953907,-122.990057,3,5,1,53.16906228610541,108.85743783987547,0
misc_net,757.36,Coulee Dam,WA,48.0379,-118.9419,1439,"""Pilot, airline""",48.57905,-118.658233,22,6,3,19.482546201232037,63.72539965938365,1
entertainment,37.05,Camden,MO,39.2048,-94.0259,464,Colour technologist,38.702744,-94.640276,22,1,12,61.59069130732375,77.06384131495093,0
personal_care,235.88,Issaquah,WA,47.4974,-122.0107,50489,Osteopath,47.74451,-122.648001,0,3,12,36.818617385352496,55.10424151944919,0
misc_net,662.08,Utica,MO,39.7417,-93.6289,271,Land/geomatics surveyor,40.023795,-93.622165,3,3,12,48.68446269678302,31.372796542195506,0
misc_net,88.7,Conway,WA,48.34,-122.3456,85,"""Research officer, political party""",47.491363,-122.665369,2,2,1,34.33538672142368,97.3265261081242,0
gas_transport,46.83,Hatch,UT,37.7175,-112.4777,258,Geoscientist,38.380438,-112.476355,22,6,1,57.15537303216975,73.71543635969124,0
grocery_pos,191.9,Phoenix,AZ,33.5623,-112.0559,1312922,Contractor,34.42088,-111.095793,3,1,1,37.20739219712526,130.18890434355242,0
travel,3.75,Camden,MO,39.2048,-94.0259,464,Colour technologist,39.520373,-94.71867,3,6,12,61.58521560574949,69.12575624847474,0
home,65.06,Smith River,CA,41.9404,-124.1587,1930,Web designer,42.779353,-123.655909,2,4,1,35.56194387405886,102.02488738499804,0
personal_care,7.89,Port Costa,CA,38.046,-122.1866,198,Armed forces training and education officer,38.504995,-122.227152,3,0,12,61.74674880219028,51.16052612607805,0
health_fitness,48.89,Newhall,CA,34.3795,-118.523,34882,Health physicist,33.866995,-117.643433,23,0,12,49.67830253251198,99.00903934001276,0
health_fitness,37.76,Meredith,CO,39.3199,-106.6596,61,Public relations account executive,39.869494,-106.077359,3,0,12,81.14989733059548,78.88908394473451,0
shopping_net,1050.34,Mound City,MO,40.1362,-95.2138,1631,Architect,40.866274,-94.242387,23,0,9,67.6495550992471,115.48168046852916,1
grocery_pos,52.52,Moab,UT,38.5677,-109.5271,9772,Location manager,38.195456,-108.947118,2,0,12,31.093771389459278,65.3372060369382,0
grocery_pos,116.15,Roseland,NE,40.4591,-98.5551,463,"""Nurse, mental health""",41.355195,-99.101622,1,0,1,70.62286105407256,109.71628297990688,0
misc_net,1.66,Carlotta,CA,40.507,-123.9743,1139,"""Therapist, occupational""",40.587183,-124.300559,2,0,1,67.97809719370294,28.972858773323185,0
home,48.28,Corona,CA,33.8419,-117.6043,233717,Wellsite geologist,33.530428,-118.172163,1,1,1,52.63244353182751,62.9289201754733,0
kids_pets,48.61,Williamsburg,MO,38.8874,-91.7689,710,Glass blower/designer,38.424004,-92.084724,1,6,1,48.276522929500345,58.37064302895992,0
shopping_pos,4.39,Red River,NM,36.6659,-105.4694,606,"""Surveyor, land/geomatics""",35.747548,-105.244733,1,3,12,32.2984257357974,104.0865073115208,0
health_fitness,4.4,Ballwin,MO,38.577,-90.5255,92608,"""Engineer, communications""",38.64391,-91.334831,2,0,1,17.470225872689937,70.71376477165823,0
grocery_net,119.43,Laramie,WY,41.4247,-105.4781,35371,"""Pilot, airline""",40.572371,-105.721669,2,1,1,30.349075975359344,96.95377498836297,0
travel,9.33,Thompson,UT,38.9999,-109.615,46,"""Surveyor, minerals""",39.23064,-108.990363,22,4,1,31.73990417522245,59.68560284261064,1
home,30.01,Meridian,ID,43.6498,-116.4306,84106,Intelligence analyst,44.110668,-116.017413,2,6,1,47.93976728268309,61.014995311459,0
home,132.62,Albuquerque,NM,35.0561,-106.5506,641349,Charity officer,35.137178,-107.289698,1,4,1,51.94524298425736,67.84306471190608,0
misc_net,772.39,Fullerton,NE,41.366,-98.0054,1749,"""Surveyor, mining""",40.745923,-97.348637,23,5,12,46.64202600958248,88.2409584858098,1
grocery_pos,298.96,Monitor,WA,47.4852,-120.4158,584,Medical technical officer,46.770909,-120.547567,1,5,8,50.4476386036961,80.04862116927707,1
gas_transport,30.75,Ruidoso,NM,33.3305,-105.6933,8874,Licensed conveyancer,33.811805,-106.561039,3,4,12,20.358658453114305,96.57797598643572,0
grocery_net,14.31,Howells,NE,41.6964,-96.9858,1063,Research scientist (maths),41.333122,-97.701202,3,6,12,91.66324435318276,71.96997015244469,1
grocery_pos,118.46,Syracuse,MO,38.6547,-92.8929,628,"""Radiographer, diagnostic""",38.2286,-93.488474,3,3,12,59.0362765229295,70.25193521111454,0
gas_transport,11.15,Red Cliff,CO,39.4584,-106.3851,277,Human resources officer,39.570466,-107.319323,0,0,5,34.12731006160164,81.10300156155667,1
misc_pos,9.77,June Lake,CA,37.7773,-119.0825,633,Health service manager,36.821401,-119.202072,2,4,12,93.29500342231348,106.8160018291592,0
misc_net,13.84,Hatch,UT,37.7175,-112.4777,258,Geoscientist,37.788241,-111.989102,0,4,12,59.08555783709788,43.67040844478525,0
food_dining,64.99,Jordan Valley,OR,42.8801,-117.281,641,Economist,43.130538,-117.343974,2,0,1,25.15811088295688,28.314340428980323,0
misc_pos,8.12,Manville,WY,42.73,-104.7024,241,Educational psychologist,42.30425,-104.590213,1,0,1,38.05886379192334,48.22587325779694,0
food_dining,48.84,Vancouver,WA,45.6892,-122.6616,299480,Teaching laboratory technician,46.526304,-122.751963,23,4,1,34.04243668720055,93.34201240778424,0
health_fitness,12.55,Centerview,MO,38.7897,-93.8702,2368,Electronics engineer,39.169693,-93.867407,23,3,1,29.4839151266256,42.25398347173595,0
health_fitness,9.05,Aurora,CO,39.6662,-104.835,389246,"""Scientist, marine""",38.784033,-104.248528,22,3,1,49.07871321013005,110.33613075763832,0
entertainment,10.26,Conway,WA,48.34,-122.3456,85,"""Research officer, political party""",48.655618,-123.273094,22,4,12,36.31485284052019,76.82450453666573,0
travel,8.75,Burlington,WA,48.4786,-122.3345,14871,Public house manager,47.510223,-122.814186,0,5,1,44.84325804243669,113.4399652612685,0
shopping_pos,12.96,Saint Louis,MO,38.6171,-90.4504,927396,Occupational hygienist,39.363413,-90.777533,0,6,12,60.79397672826831,87.67006387640751,0
misc_pos,5.9,North Loup,NE,41.4972,-98.7858,509,"""Nurse, children's""",41.891545,-99.108952,22,2,1,38.33538672142368,51.40672821783132,0
misc_net,892.22,Newberg,OR,45.3099,-122.9685,28278,Research scientist (physical sciences),45.26244,-122.493458,0,3,8,43.1129363449692,37.53672348446574,1
shopping_pos,5.66,North Loup,NE,41.4972,-98.7858,509,"""Nurse, children's""",40.58492,-98.811865,1,0,1,38.31074606433949,101.46445709157184,0
gas_transport,54.38,Lakeport,CA,39.047,-122.9328,11256,Podiatrist,38.914006,-122.784886,23,4,12,48.18617385352498,19.54892333208935,0
health_fitness,2.82,Manley,NE,40.9207,-96.168,206,Human resources officer,40.307245,-97.052957,0,2,12,53.24024640657084,101.15685874216004,0
food_dining,1.21,Manville,WY,42.73,-104.7024,241,Educational psychologist,41.818193,-104.674822,0,0,12,40.03285420944559,101.41369757491864,0
food_dining,20.34,Redford,MO,37.3272,-91.0243,241,Investment analyst,37.522521,-90.667327,1,0,1,44.23545516769336,38.2802690553593,0
kids_pets,15.2,Fields Landing,CA,40.7268,-124.2174,276,"""Scientist, audiological""",39.908217,-124.566091,0,1,12,91.6495550992471,95.70255512565195,0
personal_care,106.59,Burbank,WA,46.1966,-118.9017,3684,Musician,47.090261,-119.67621,2,6,12,39.07734428473648,115.62876362007891,0
home,69.92,Sacramento,CA,38.5662,-121.3286,757530,Magazine features editor,37.595786,-120.413455,23,1,1,39.71252566735113,134.38327080772754,0
grocery_pos,108.09,Westerville,NE,41.4193,-99.3844,73,Product designer,42.222182,-99.214071,0,5,12,85.8754277891855,90.38520614532229,0
grocery_pos,122.75,Fields Landing,CA,40.7268,-124.2174,276,"""Scientist, audiological""",41.701192,-123.309297,0,0,12,91.64681724845995,132.31995055773828,0
shopping_pos,9.21,San Diego,CA,32.7185,-117.1593,1241364,Comptroller,32.029909,-117.999784,23,0,1,31.1047227926078,109.96633339783804,0
health_fitness,51.24,Red River,NM,36.6659,-105.4694,606,"""Surveyor, land/geomatics""",36.60464,-105.520575,2,5,12,32.303901437371664,8.200694612832606,0
shopping_net,4.85,Kirtland Afb,NM,35.0203,-106.5503,310,"""Surveyor, land/geomatics""",35.377937,-106.62152,23,1,1,40.25462012320329,40.290506570233205,0
shopping_net,1.27,Scotts Mills,OR,44.9897,-122.6187,1252,"""Engineer, petroleum""",44.846552,-123.55797,23,6,1,81.95208761122518,75.65017018762207,0
grocery_pos,306.52,Valentine,NE,42.8062,-100.6215,4005,Network engineer,42.953308,-100.881318,2,5,9,74.48049281314168,26.753678589995648,1
health_fitness,9.99,Powell Butte,OR,44.2415,-121.0113,2016,Local government officer,45.214776,-120.042584,3,6,12,67.00616016427105,132.5448001986761,0
personal_care,19.42,Cascade Locks,OR,45.671,-121.8686,1288,Barrister,44.962219,-122.768876,2,6,12,84.65708418891171,105.67118808109846,0
shopping_net,1.31,Oakland,CA,37.7878,-122.1884,381459,Barista,38.077339,-121.884559,3,0,12,46.98425735797399,41.79280816406576,0
shopping_pos,4.35,Sacramento,CA,38.5662,-121.3286,757530,Magazine features editor,37.847539,-120.474093,3,6,12,41.661875427789184,109.36222258384912,0
misc_pos,69.23,Utica,MO,39.7417,-93.6289,271,Land/geomatics surveyor,39.173181,-94.465694,0,0,1,46.74058863791923,95.69404680452774,0
home,82.67,Jordan Valley,OR,42.8801,-117.281,641,Economist,43.246235,-117.53349,2,6,12,27.091033538672143,45.587669420623605,0
health_fitness,25.1,Redford,MO,37.3272,-91.0243,241,Investment analyst,37.877852,-91.448093,23,0,12,46.17111567419576,71.71397927667284,0
misc_pos,2.83,Sun City,CA,33.7467,-117.1721,54287,"""Designer, exhibition/display""",33.319245,-117.532439,0,6,1,46.30800821355236,58.09199058595696,0
food_dining,2.6,Centerview,MO,38.7897,-93.8702,2368,Electronics engineer,38.897822,-94.064186,1,5,1,29.470225872689937,20.65888419557807,0
home,126.67,Thompson,UT,38.9999,-109.615,46,"""Surveyor, minerals""",38.050698,-108.796647,3,0,1,31.72895277207392,127.30931618961246,0
travel,3.64,June Lake,CA,37.7773,-119.0825,633,Health service manager,37.533239,-118.575169,3,1,1,91.35112936344969,52.26053724714112,0
shopping_net,4.42,Santa Monica,CA,34.0287,-118.4924,92043,"""Civil engineer, contracting""",33.114819,-118.149173,0,6,12,59.67419575633128,106.47783013301144,0
misc_net,161.12,Conway,WA,48.34,-122.3456,85,"""Research officer, political party""",47.415988,-122.289357,1,6,1,34.34633812457221,102.8310243534245,0
gas_transport,59.07,Fields Landing,CA,40.7268,-124.2174,276,"""Scientist, audiological""",40.008932,-123.543386,23,4,12,91.63860369609856,98.14410847067336,0
grocery_pos,277.53,San Jose,CA,37.3304,-121.7913,973849,Science writer,36.59875,-121.383937,2,0,1,63.59206023271732,89.04269069844821,1
grocery_pos,126.06,Ashford,WA,46.7531,-121.9898,759,Video editor,46.331294,-121.16751,1,0,1,62.35181382614648,78.4535583601657,0
personal_care,73.97,Dumont,CO,39.7532,-105.6356,565,Mental health nurse,38.776687,-105.206947,1,2,12,42.34360027378508,114.68237566040573,0
grocery_pos,168.43,Phoenix,AZ,33.5623,-112.0559,1312922,Contractor,32.60815,-111.890171,2,6,12,39.175906913073234,107.21420615511256,0
home,15.0,Moriarty,NM,34.9889,-106.0609,7268,"""Therapist, art""",35.191886,-105.832554,1,0,1,30.444900752908968,30.6772277847708,0
home,83.25,San Jose,CA,37.3304,-121.7913,973849,Geoscientist,36.725794,-121.361168,22,0,12,23.942505133470227,77.31551381065492,0
grocery_pos,98.27,Meadville,MO,39.7795,-93.3014,964,Tourist information centre manager,40.652327,-94.254467,23,4,12,46.00684462696783,126.3641350445498,0
entertainment,94.57,Moab,UT,38.5677,-109.5271,9772,Location manager,38.849007,-109.070153,23,0,12,31.093771389459278,50.50225846867022,0
personal_care,47.51,Wheaton,MO,36.7651,-94.0492,760,Production manager,36.832348,-94.462476,2,1,1,33.374401095140314,37.54962430816255,0
gas_transport,16.33,Humboldt,AZ,34.5189,-112.2523,1179,"""Civil engineer, contracting""",34.085224,-112.885194,22,5,9,64.64887063655031,75.53168005803066,1
kids_pets,47.56,Meadville,MO,39.7795,-93.3014,964,Tourist information centre manager,40.082856,-92.888651,23,3,12,46.02327173169062,48.748268156130656,0
health_fitness,72.26,Helm,CA,36.4992,-120.0936,123,Early years teacher,36.685497,-120.573699,1,2,12,47.893223819301845,47.60559946161945,0
personal_care,34.5,Issaquah,WA,47.4974,-122.0107,50489,Osteopath,48.16212,-121.435863,2,3,12,36.818617385352496,85.46613562781774,0
food_dining,108.86,Independence,MO,39.1412,-94.3515,123373,"""Engineer, production""",39.138231,-95.311996,1,0,12,28.08487337440109,82.83708884953343,0
misc_pos,7.69,Pueblo,CO,38.2352,-104.66,151815,Further education lecturer,38.934471,-104.563082,3,4,12,32.97467488021903,78.2103735398779,0
personal_care,117.66,Greenview,CA,41.5403,-122.9366,308,Call centre manager,41.37582,-122.153212,3,0,1,60.31759069130732,67.79609913160246,0
grocery_pos,315.96,Aurora,CO,39.7656,-104.7069,389246,Industrial/product designer,39.723035,-105.285917,22,1,3,80.63244353182752,49.730655403655575,1
kids_pets,39.25,Mendon,UT,41.71,-111.9817,2078,"""Scientist, audiological""",41.082066,-112.281494,3,6,12,57.541409993155376,74.1659340418689,0
kids_pets,47.24,Fort Washakie,WY,43.0048,-108.8964,1645,Freight forwarder,42.384263,-108.801907,1,3,1,42.8911704312115,69.43135862985113,0
misc_pos,8.57,Vacaville,CA,38.3847,-121.9887,99475,Clinical cytogeneticist,37.871215,-122.115239,1,3,1,48.602327173169066,58.15981929557113,1
entertainment,429.9,Meridian,ID,43.6498,-116.4306,84106,Intelligence analyst,42.986073,-116.349024,22,6,9,49.568788501026695,74.09754584296883,1
misc_net,57.93,Phoenix,AZ,33.5623,-112.0559,1312922,Contractor,33.17522,-112.583263,1,2,1,37.21013004791239,65.19892104347608,0
food_dining,7.57,Phoenix,AZ,33.8155,-112.1202,1312922,Counselling psychologist,33.212949,-112.672044,2,0,12,21.078713210130047,84.29969047967735,0
health_fitness,33.53,Centerview,MO,38.7897,-93.8702,2368,Electronics engineer,37.980624,-93.824577,1,5,12,31.444216290212182,90.05298220680051,0
shopping_net,7.83,Wales,AK,64.7556,-165.6723,145,"""Administrator, education""",64.174057,-166.539712,22,6,1,79.1978097193703,76.87603890866414,0
grocery_pos,70.45,Thompson,UT,38.9999,-109.615,46,"""Surveyor, minerals""",39.22157,-109.969091,1,4,12,33.67556468172484,39.25422457406763,0
home,35.96,Conway,WA,48.34,-122.3456,85,"""Research officer, political party""",49.080255,-121.827026,3,4,1,34.379192334017795,90.68105580310969,0
kids_pets,49.23,Newhall,CA,34.3795,-118.523,34882,Health physicist,35.27153,-118.75173,2,2,1,47.709787816564,101.3626274054785,0
kids_pets,23.06,Matthews,MO,36.7154,-89.6287,1019,Aeronautical engineer,35.915007,-88.825894,22,1,9,40.62149212867899,114.43139909367258,1
gas_transport,63.78,Luray,MO,40.4931,-91.8912,519,Town planner,40.747793,-92.568119,3,1,1,52.90075290896646,63.76662341932988,0
kids_pets,5.44,Sutherland,NE,41.1558,-101.136,1789,Insurance broker,41.734011,-100.605518,3,2,1,36.889801505817935,78.03038575758735,0
shopping_pos,7.26,Red River,NM,36.6659,-105.4694,606,"""Surveyor, land/geomatics""",36.350142,-105.736933,23,1,1,30.357289527720734,42.47926192102492,0
misc_pos,1.93,Orient,WA,48.8878,-118.2105,149,Special educational needs teacher,49.002189,-117.977232,2,1,1,40.53114305270363,21.260348963401785,0
home,145.34,Brashear,MO,40.1959,-92.4333,805,Private music teacher,39.467607,-93.161019,0,4,12,50.49691991786448,102.0751238913042,0
shopping_net,6.16,Phoenix,AZ,33.8155,-112.1202,1312922,Counselling psychologist,34.679224,-111.414967,1,6,1,19.1211498973306,115.8692140103687,0
travel,2.82,Oakland,CA,37.7878,-122.1884,381459,Barista,38.035802,-121.501049,0,3,1,45.01848049281314,66.30627527037898,0
personal_care,20.41,Fort Washakie,WY,43.0048,-108.8964,1645,Information systems manager,42.132393,-109.69482,2,5,3,33.034907597535934,116.98342957838403,1
gas_transport,84.43,Colton,WA,46.5901,-117.1692,761,Chief Marketing Officer,47.380843,-116.526897,3,2,1,75.50992470910336,100.52240747656684,0
home,17.78,Sutherland,NE,41.1558,-101.136,1789,Insurance broker,40.866626,-102.013679,2,5,1,36.91718001368925,80.35552969035584,0
misc_net,23.8,Fields Landing,CA,40.7268,-124.2174,276,"""Scientist, audiological""",40.110823,-124.429537,3,1,1,89.65639972621491,70.80863040901848,0
health_fitness,4.22,Blairsden-Graeagle,CA,39.8127,-120.6405,1725,Chartered legal executive (England and Wales),39.317031,-120.2729,3,3,1,51.605749486652975,63.48760794720922,0
kids_pets,59.51,Palmdale,CA,34.5715,-118.0231,171170,Chemical engineer,34.235441,-117.872277,22,2,12,57.57426420260096,39.847689429778825,0
grocery_net,51.16,Jordan Valley,OR,42.8801,-117.281,641,Economist,43.308731,-118.121484,23,0,1,25.138945927446954,83.2402854027991,0
grocery_pos,95.87,Mesa,ID,44.6255,-116.4493,129,Cartographer,44.835671,-117.032846,2,0,1,53.100616016427104,51.68285976142669,0
health_fitness,19.77,Centerview,MO,38.7897,-93.8702,2368,Electronics engineer,38.941219,-94.67348,1,2,1,29.50034223134839,71.55840074356564,0
misc_pos,12.17,Colorado Springs,CO,38.8881,-104.6556,525713,Museum/gallery exhibitions officer,39.784004,-103.848598,22,0,1,26.68309377138946,121.41163245024214,0
misc_net,28.13,Rock Springs,WY,41.606,-109.23,27971,Music therapist,41.988448,-109.381488,22,3,12,36.41615331964408,44.34165211640505,0
misc_net,44.18,Independence,MO,39.1412,-94.3515,123373,"""Engineer, production""",39.00715,-94.941064,1,4,12,28.076659822039694,53.031299778939314,0
shopping_net,989.44,High Rolls Mountain Park,NM,32.9396,-105.8189,899,Naval architect,33.722184,-105.551096,1,0,2,52.48733744010951,90.50620991109024,1
gas_transport,49.9,San Diego,CA,33.0067,-117.069,1241364,Chartered public finance accountant,33.227271,-117.973396,23,3,1,59.43326488706366,87.72616625662866,0
personal_care,27.52,San Jose,CA,37.3304,-121.7913,973849,Geoscientist,37.603625,-121.886944,23,5,12,23.93702943189596,31.532076299735564,0
grocery_pos,326.24,Kirk,CO,39.6171,-102.4776,207,Network engineer,39.097303,-103.08537,22,3,4,64.40520191649556,77.91741177042479,1
gas_transport,55.08,Manville,WY,42.73,-104.7024,241,Educational psychologist,42.08455,-104.708931,1,5,12,40.02737850787132,71.77276838610231,0
grocery_net,99.59,Broomfield,CO,39.8854,-105.1139,92337,"""Engineer, electronics""",39.714352,-105.5413,22,5,1,51.21697467488022,41.16923949884881,0
kids_pets,34.22,Meridian,ID,43.6498,-116.4306,84106,Intelligence analyst,42.832116,-115.851291,1,1,12,49.88090349075976,102.31695311924734,0
shopping_pos,1015.13,Sacramento,CA,38.6865,-121.3494,757530,Soil scientist,37.861448,-121.537382,0,1,3,53.530458590006845,93.19757585591384,1
misc_net,891.62,Crownpoint,NM,35.7206,-108.0271,5662,IT consultant,36.236939,-108.121556,0,4,12,30.680355920602327,58.03996915275895,1
grocery_net,53.26,Burbank,WA,46.1966,-118.9017,3684,Musician,45.97416,-118.460038,2,4,1,37.097878165639976,42.09534275099471,0
travel,62.76,Omaha,NE,41.2064,-95.9953,518429,"""Surveyor, land/geomatics""",41.457039,-96.315425,1,6,12,25.21560574948665,38.61567296683181,0
shopping_net,50.93,Carlotta,CA,40.507,-123.9743,1139,"""Therapist, occupational""",40.169993,-123.658108,2,0,12,69.95208761122518,46.07013792393806,0
kids_pets,133.7,Paauilo,HI,20.0271,-155.3697,1490,"""Scientist, research (maths)""",20.529014,-154.568013,2,1,12,29.71389459274469,100.53246421089992,0
home,43.93,Lowell,OR,43.921,-122.7806,1420,Systems analyst,44.521127,-123.005899,3,6,1,53.17180013689254,69.10398324628119,0
travel,9.9,Honokaa,HI,20.0827,-155.488,4878,Physiotherapist,20.219604,-154.709206,2,4,1,52.12594113620808,82.70992015626061,0
gas_transport,60.78,Stayton,OR,44.8021,-122.7624,9587,"""Engineer, biomedical""",45.433533,-121.82773,1,4,1,50.78165639972622,101.52849999632336,0
grocery_pos,98.24,Carlotta,CA,40.507,-123.9743,1139,"""Therapist, occupational""",41.13367,-124.815593,0,0,1,67.99726214921287,99.33350990737668,0
shopping_net,334.6,High Rolls Mountain Park,NM,32.9396,-105.8189,899,Naval architect,32.005625,-106.76052,23,3,1,51.38398357289528,136.33691788024024,0
shopping_net,7.13,Ashford,WA,46.7531,-121.9898,759,Video editor,46.138433,-121.331034,1,2,12,64.29295003422314,84.96385095916719,0
travel,8.49,Mound City,MO,40.1362,-95.2138,1631,Architect,40.191854,-94.892174,22,6,9,67.64681724845995,28.02211705007342,1
shopping_net,11.91,Issaquah,WA,47.4974,-122.0107,50489,Osteopath,48.015004,-121.593128,3,5,12,36.824093086926766,65.47478753641246,0
misc_pos,202.21,Tekoa,WA,47.2271,-117.0819,895,Clothing/textile technologist,47.809169,-116.428163,3,6,12,21.57700205338809,81.23493874655226,0
gas_transport,44.49,Eugene,OR,44.0385,-123.0614,191096,"""Scientist, physiological""",44.150902,-123.397333,22,0,12,56.72826830937714,29.595892671078595,0
grocery_net,105.38,North Loup,NE,41.4972,-98.7858,509,"""Nurse, children's""",41.271599,-99.630652,2,1,1,38.2943189596167,74.81534932352217,0
travel,2.58,Kirk,CO,39.6171,-102.4776,207,Network engineer,39.471336,-102.601613,22,2,12,65.07323750855578,19.38505325620617,0
misc_net,1.35,Nelson,NE,40.201,-98.0684,732,Television/film/video producer,41.020881,-97.161655,2,5,12,64.03559206023272,119.03593666100733,0
kids_pets,62.42,Fields Landing,CA,40.7268,-124.2174,276,"""Scientist, audiological""",41.357122,-124.455291,22,4,12,91.63860369609856,72.87279871242723,0
entertainment,10.29,Paradise Valley,AZ,33.5494,-111.9565,17047,Building surveyor,33.412776,-111.376321,0,2,1,83.92607802874743,55.911579549803015,0
kids_pets,1.8,North Loup,NE,41.4972,-98.7858,509,"""Nurse, children's""",41.380603,-98.631062,1,1,12,40.28747433264887,18.28847792423952,0
gas_transport,65.55,American Fork,UT,40.3928,-111.7941,42384,Futures trader,39.880203,-112.638099,2,0,1,26.04243668720055,91.63209593847424,0
grocery_net,50.35,Woods Cross,UT,40.8874,-111.9027,13983,Insurance broker,40.582203,-112.805505,0,1,12,41.37713894592745,83.29355901525133,0
kids_pets,10.19,Red River,NM,36.6659,-105.4694,606,"""Surveyor, land/geomatics""",37.413432,-106.383525,3,3,12,32.31759069130732,116.15481096798356,0
shopping_pos,130.88,Laramie,WY,41.4247,-105.4781,35371,"""Pilot, airline""",41.244445,-104.972231,2,1,1,30.349075975359344,46.75072479174364,0
grocery_net,43.95,Phoenix,AZ,33.5623,-112.0559,1312922,Contractor,33.210558,-113.002537,23,4,1,37.23477070499658,96.19996265293068,0
grocery_pos,339.79,Matthews,MO,36.7154,-89.6287,1019,Aeronautical engineer,36.721113,-90.57449,2,1,9,40.62149212867899,84.30239957525806,1
kids_pets,17.07,Laramie,WY,41.4247,-105.4781,35371,"""Pilot, airline""",40.955581,-105.118271,2,6,12,32.31759069130732,60.22966316027251,0
shopping_net,2.96,Humboldt,AZ,34.5189,-112.2523,1179,"""Civil engineer, contracting""",34.137921,-111.611563,0,3,1,63.95345653661875,72.5007075666521,0
personal_care,73.1,Conway,WA,48.34,-122.3456,85,"""Research officer, political party""",48.882249,-122.86862,2,5,12,36.31759069130732,71.51217018189281,0
shopping_net,2.78,Espanola,NM,35.9866,-106.0654,18408,Historic buildings inspector/conservation officer,35.95936,-105.328474,3,1,12,48.44900752908966,66.38450507940789,0
misc_pos,32.8,Helm,CA,36.4992,-120.0936,123,Early years teacher,36.4709,-119.369531,2,5,1,45.90828199863108,64.80954752256189,0
misc_net,3.13,Tomales,CA,38.2427,-122.9145,337,Occupational psychologist,37.502041,-122.879309,2,0,12,66.48323066392882,82.41542639091638,0
home,5.51,Greenview,CA,41.5403,-122.9366,308,Call centre manager,41.652392,-122.709142,1,3,12,62.28062970568104,22.65195331607108,0
shopping_net,6.9,Shedd,OR,44.453,-123.1065,917,Radio broadcast assistant,44.06447,-122.179653,23,3,12,25.4839151266256,85.52471131422905,0
kids_pets,133.85,Palmdale,CA,34.5715,-118.0231,171170,Chemical engineer,34.848885,-118.828423,2,2,1,55.58110882956879,79.81249075605105,0
gas_transport,64.38,Mesa,ID,44.6255,-116.4493,129,Cartographer,45.349471,-116.937359,0,5,12,55.03080082135524,89.18360882490175,0
gas_transport,55.06,Paauilo,HI,20.0271,-155.3697,1490,"""Scientist, research (maths)""",19.331237,-154.468786,1,1,12,29.71389459274469,122.001394542648,0
shopping_pos,2.85,Santa Monica,CA,34.0287,-118.4924,92043,"""Civil engineer, contracting""",34.256256,-118.875747,23,0,12,59.676933607118414,43.41513871288284,0
travel,4.07,Ballwin,MO,38.577,-90.5255,92608,"""Engineer, communications""",37.731183,-89.994185,23,5,1,17.4839151266256,104.89839047583727,0
entertainment,78.19,Carroll,NE,42.277,-97.1926,566,Metallurgist,42.726735,-96.339081,22,3,1,43.95619438740589,86.00343605225947,0
home,66.1,Orient,WA,48.8878,-118.2105,149,Special educational needs teacher,49.549749,-117.599917,3,5,12,42.5160848733744,85.93151875164729,0
gas_transport,63.67,Ruidoso,NM,33.3305,-105.6933,8874,Licensed conveyancer,34.005996,-104.969456,22,4,1,18.403832991101982,100.64230801423476,0
home,74.22,Independence,MO,39.1412,-94.3515,123373,"""Engineer, production""",38.442726,-94.42199,22,1,1,26.094455852156056,77.90666137568037,0
misc_net,134.36,Gardiner,OR,43.7857,-124.1437,260,"""Engineer, maintenance""",44.696591,-124.28505,3,0,12,64.32306639288159,101.91038285635138,0
misc_pos,5.08,Manley,NE,40.9207,-96.168,206,Human resources officer,41.394395,-95.664639,1,3,12,53.242984257357975,67.45520192366503,0
kids_pets,6.62,Campbell,NE,40.2967,-98.737,493,"""Surveyor, minerals""",39.766555,-99.189213,0,4,12,80.2819986310746,70.40870727323528,0
personal_care,68.22,Rocky Mount,MO,38.2911,-92.7059,1847,Tax inspector,37.793877,-92.97179,2,0,12,32.172484599589325,59.99163678688295,0
shopping_pos,133.13,Helm,CA,36.4992,-120.0936,123,Early years teacher,36.521196,-119.548937,0,4,12,47.879534565366185,48.73952468682298,0
grocery_net,30.09,Newberg,OR,45.3099,-122.9685,28278,Research scientist (physical sciences),44.337227,-122.527174,22,1,12,43.45242984257358,113.61854309570845,0
personal_care,65.92,Conway,WA,48.34,-122.3456,85,"""Research officer, political party""",48.821481,-122.077984,2,3,1,34.37645448323067,57.04288840999073,0
kids_pets,47.06,Ballwin,MO,38.577,-90.5255,92608,"""Engineer, communications""",39.298812,-90.703405,23,3,12,19.41409993155373,81.72340469101626,0
grocery_pos,100.05,Fort Washakie,WY,43.0048,-108.8964,1645,Freight forwarder,43.402223,-109.215822,1,1,1,42.88569472963724,51.21687329641393,0
shopping_pos,1.69,Albuquerque,NM,35.0561,-106.5506,641349,Charity officer,34.221268,-106.096211,3,1,12,53.93018480492813,101.71156852490148,0
home,76.19,Fiddletown,CA,38.5234,-120.6763,832,Immigration officer,38.139068,-120.935981,3,3,1,31.627652292950035,48.36734258315755,0
gas_transport,51.2,Sutherland,NE,41.1558,-101.136,1789,Insurance broker,41.048192,-101.808248,0,5,12,38.87200547570158,57.58428330582868,0
personal_care,74.86,Red Cliff,CO,39.4584,-106.3851,277,Human resources officer,38.698328,-106.424126,2,0,12,35.73716632443532,84.58325589094684,0
grocery_net,33.76,Llano,NM,36.1486,-105.6648,247,Architectural technologist,35.539666,-104.707746,1,6,12,59.175906913073234,109.66365753754266,0
grocery_pos,214.97,Newhall,CA,34.3795,-118.523,34882,Health physicist,35.140209,-119.422462,0,5,1,47.71800136892539,117.92456553911089,0
misc_net,650.64,Crownpoint,NM,35.7206,-108.0271,5662,IT consultant,35.794737,-108.52811,22,3,12,30.6776180698152,45.95365046581586,1
gas_transport,52.46,North Loup,NE,41.4972,-98.7858,509,"""Nurse, children's""",42.41485,-98.553726,0,5,1,38.30527036276523,103.82679823589584,0
grocery_pos,283.94,Stayton,OR,44.8021,-122.7624,9587,"""Engineer, biomedical""",45.330009,-122.81173,1,3,11,52.67624914442163,58.82850553923341,1
misc_net,831.25,Carroll,NE,42.277,-97.1926,566,Metallurgist,41.58913,-97.668688,3,5,2,45.073237508555785,86.03060722009698,1
grocery_pos,302.98,Glendale,CA,34.1556,-118.2322,172817,"""Accountant, chartered""",33.253266,-118.857299,22,4,9,77.95208761122518,115.80409502120584,1
kids_pets,1.99,Mesa,ID,44.6255,-116.4493,129,Cartographer,43.881822,-116.071817,2,6,12,55.03353867214237,87.988533319031,0
gas_transport,48.54,Hooper,NE,41.6414,-96.5232,1745,"""Engineer, automotive""",41.398167,-97.419088,3,5,1,45.06502395619439,79.33862628131584,0
shopping_net,130.12,Meridian,ID,43.6498,-116.4306,84106,Intelligence analyst,43.000913,-116.867691,3,6,1,47.93976728268309,80.34979635520634,0
kids_pets,37.68,Colorado Springs,CO,38.8881,-104.6556,525713,Museum/gallery exhibitions officer,37.972637,-105.599792,0,1,12,28.640657084188916,130.866107313986,0
grocery_net,47.54,Athena,OR,45.8289,-118.4971,1302,Dealer,45.542176,-118.562415,22,1,1,42.20396988364134,32.283435957690976,0
shopping_pos,665.03,Wendel,CA,40.3406,-120.2824,104,"""Teacher, adult education""",39.796748,-120.9295,23,5,1,30.42299794661191,81.78684154664371,1
misc_net,4.73,Orient,WA,48.8878,-118.2105,149,Special educational needs teacher,47.925056,-118.4726,3,6,12,42.51882272416153,108.7862733922082,0
entertainment,75.46,Mesa,ID,44.6255,-116.4493,129,Cartographer,43.921224,-116.858597,3,3,12,55.044490075290895,84.82115678255376,0
entertainment,14.32,Colton,WA,46.5901,-117.1692,761,Chief Marketing Officer,46.311736,-117.341662,1,1,1,75.54551676933607,33.654626391103136,0
grocery_pos,202.71,Burlington,WA,48.4786,-122.3345,14871,Public house manager,49.221275,-123.32192,22,1,1,44.81314168377824,109.72371070360974,0
shopping_pos,51.84,Littleton,CO,39.5994,-105.0044,320420,Water engineer,40.333066,-104.873632,22,2,12,45.41820670773443,82.33758286433648,0
entertainment,31.88,Iliff,CO,40.7692,-103.0968,648,Community arts worker,41.707677,-103.273322,0,1,12,51.27173169062286,105.39247387114789,0
entertainment,11.42,Kirtland Afb,NM,35.0203,-106.5503,310,"""Surveyor, land/geomatics""",35.041538,-105.85198,1,0,1,40.27104722792608,63.626528870555575,0
kids_pets,5.91,Mound City,MO,40.1362,-95.2138,1631,Architect,40.671648,-95.898933,22,1,12,67.93976728268309,83.12841410446563,0
entertainment,73.26,Fort Washakie,WY,43.0048,-108.8964,1645,Freight forwarder,42.229961,-108.17433,2,0,1,42.8829568788501,104.47043872470168,0
gas_transport,54.58,San Jose,CA,37.3304,-121.7913,973849,Science writer,38.049289,-122.731869,1,6,12,65.54414784394251,115.06189260826967,0
entertainment,43.15,Utica,MO,39.7417,-93.6289,271,Land/geomatics surveyor,40.333121,-93.251589,22,4,12,48.68720054757016,73.18849699245533,0
entertainment,95.45,Meredith,CO,39.3199,-106.6596,61,Public relations account executive,39.94366,-105.66002,22,5,12,81.14442162902122,110.17280332507018,0
entertainment,34.53,Manville,WY,42.73,-104.7024,241,Educational psychologist,42.75787,-104.278903,0,0,1,38.09719370294319,34.721693675384024,0
grocery_net,51.28,Phoenix,AZ,33.8155,-112.1202,1312922,Counselling psychologist,34.166811,-111.595599,2,1,1,19.08829568788501,62.170507048914814,0
kids_pets,3.29,Weeping Water,NE,40.8731,-96.1528,1517,Dealer,40.566485,-97.026148,2,6,1,67.1813826146475,81.11451988657545,0
misc_pos,3.72,Claremont,CA,34.1092,-117.7183,35705,Wellsite geologist,34.093039,-117.676157,0,6,12,64.61875427789185,4.276225755834932,0
food_dining,18.95,Independence,MO,39.1412,-94.3515,123373,"""Engineer, production""",38.191456,-94.098795,23,1,1,26.132785763175907,107.86153543747358,0
shopping_pos,142.37,Tekoa,WA,47.2271,-117.0819,895,Clothing/textile technologist,46.355899,-117.998477,3,0,1,19.60574948665298,119.38622104911668,0
shopping_net,3.24,Kirtland Afb,NM,35.0203,-106.5503,310,"""Surveyor, land/geomatics""",35.083415,-106.017465,0,3,1,40.26009582477755,49.00783530688327,0
food_dining,28.79,Cascade Locks,OR,45.671,-121.8686,1288,Barrister,45.906188,-121.69785,23,2,12,84.66529774127311,29.312014972157467,0
travel,8.58,Red River,NM,36.6659,-105.4694,606,"""Surveyor, land/geomatics""",37.027132,-105.77168,0,6,3,31.482546201232037,48.34136331688795,1
gas_transport,75.46,Daly City,CA,37.6787,-122.478,107941,"""Buyer, industrial""",38.55478,-122.164588,22,4,12,29.22655715263518,101.20043422239536,0
entertainment,68.83,Superior,AZ,33.2887,-111.0985,2872,Petroleum engineer,33.136459,-111.400599,23,1,12,33.17180013689254,32.80898965040785,0
food_dining,84.57,Vinton,CA,40.0235,-120.7986,128,Education administrator,40.338,-121.713802,1,3,12,54.85831622176591,85.25244635816989,0
health_fitness,118.27,Carlotta,CA,40.507,-123.9743,1139,"""Therapist, occupational""",39.568061,-124.213088,3,4,1,68.0082135523614,106.36582867350208,0
grocery_pos,251.96,Newhall,CA,34.3795,-118.523,34882,Health physicist,34.209317,-117.676437,2,2,1,47.69062286105408,80.03764652747897,0
entertainment,117.61,Vinton,CA,40.0235,-120.7986,128,Education administrator,40.939595,-120.152266,2,4,12,54.84188911704312,115.60499289509733,0
shopping_pos,1.69,Albuquerque,NM,35.0561,-106.5506,641349,Charity officer,34.221268,-106.096211,1,1,12,53.93018480492813,101.71156852490148,0
misc_net,6.69,Burlington,WA,48.4786,-122.3345,14871,Public house manager,47.901919,-122.869408,22,6,12,46.80082135523614,75.39310214041396,0
travel,2.17,Fort Washakie,WY,43.0048,-108.8964,1645,Information systems manager,43.148304,-109.882904,0,5,12,34.85557837097878,81.69819314561319,0
shopping_pos,5.33,San Diego,CA,33.0067,-117.069,1241364,Chartered public finance accountant,32.758952,-116.53687,3,5,12,61.39356605065024,56.81548320260281,0
entertainment,9.22,High Rolls Mountain Park,NM,32.9396,-105.8189,899,Naval architect,33.78182,-105.186846,22,2,1,51.38124572210815,110.52621062605051,0
entertainment,174.91,Riverton,WY,43.0351,-108.2024,19408,"""Lecturer, higher education""",42.678606,-108.916825,3,1,12,27.299110198494184,70.44516804872843,0
grocery_pos,100.95,Fullerton,NE,41.366,-98.0054,1749,"""Surveyor, mining""",41.286544,-98.413631,2,6,12,47.6413415468857,35.214852321460654,0
shopping_pos,12.06,Redford,MO,37.3272,-91.0243,241,Investment analyst,37.898127,-91.502856,23,1,12,46.17385352498289,76.20411232735822,0
misc_pos,427.99,Moab,UT,38.5677,-109.5271,9772,Location manager,37.708533,-109.906451,2,1,1,29.10335386721424,101.13158702559468,0
gas_transport,78.9,Blairsden-Graeagle,CA,39.8127,-120.6405,1725,Chartered legal executive (England and Wales),38.910861,-119.91575,3,2,1,51.62217659137577,118.05944479565792,0
grocery_pos,291.69,Helm,CA,36.4992,-120.0936,123,Early years teacher,36.437697,-119.51509,22,2,9,46.59000684462697,52.18106926296073,1
food_dining,112.9,Burbank,WA,46.1966,-118.9017,3684,Musician,45.56994,-118.79058,22,4,4,38.40109514031485,70.21024223269649,1
gas_transport,42.69,Ballwin,MO,38.577,-90.5255,92608,"""Engineer, communications""",38.806551,-90.447915,1,1,1,17.472963723477072,26.39814293695797,0
entertainment,125.49,Orient,WA,48.8878,-118.2105,149,Special educational needs teacher,49.228888,-118.206791,3,1,1,40.53114305270363,37.928217987053735,0
gas_transport,38.62,Sutherland,NE,41.1558,-101.136,1789,Insurance broker,41.177959,-101.84213,22,0,1,36.9034907597536,59.15922691129881,0
shopping_net,79.61,Fiddletown,CA,38.5234,-120.6763,832,Immigration officer,38.795424,-119.69374,1,4,1,31.64955509924709,90.51758623758252,0
food_dining,109.87,Freedom,WY,43.0172,-111.0292,471,"""Education officer, museum""",43.766999,-111.557074,22,0,6,52.851471594798085,93.65039249747078,1
shopping_net,7.54,Lakeport,CA,39.047,-122.9328,11256,Podiatrist,39.631392,-123.155009,1,5,12,48.18891170431211,67.73298860613733,0
travel,7.43,Altonah,UT,40.3207,-110.436,302,"""Sales professional, IT""",40.311609,-111.356638,1,1,1,28.974674880219027,78.06208871256605,0
shopping_pos,725.52,Saint Louis,MO,38.6171,-90.4504,927396,Occupational hygienist,39.106587,-90.9344,22,6,1,58.83915126625599,68.69175415141196,0
shopping_pos,7.42,Riverton,WY,43.0351,-108.2024,19408,"""Lecturer, higher education""",43.062017,-108.018195,2,2,12,27.301848049281315,15.264531946693404,0
shopping_net,920.07,Lowell,OR,43.921,-122.7806,1420,Systems analyst,43.948308,-122.346761,3,1,2,53.2539356605065,34.872062656276604,1
gas_transport,18.19,Wales,AK,64.7556,-165.6723,145,"""Administrator, education""",63.917785,-165.827621,3,5,1,79.15674195756331,93.46048716277448,1
entertainment,22.59,Hawthorne,CA,33.9143,-118.3493,93193,"""Editor, magazine features""",34.38673,-118.66842,22,4,1,23.750855578370977,60.18246032577737,0
misc_net,1.46,Tomales,CA,38.2427,-122.9145,337,Occupational psychologist,38.922125,-123.67423,23,0,1,64.50924024640658,100.34130887897706,0
grocery_pos,81.82,Jelm,WY,41.0539,-106.0763,100,Public librarian,41.771897,-106.388392,23,5,1,44.72279260780287,83.97241888308746,0
shopping_net,1.55,Littleton,CO,39.5994,-105.0044,320420,Water engineer,40.370602,-105.826308,0,1,1,43.460643394934976,110.71152000136723,0
health_fitness,22.25,Gardiner,OR,43.7857,-124.1437,260,"""Engineer, maintenance""",42.819884,-123.930034,22,4,1,62.36002737850787,108.77663549830685,0
kids_pets,151.02,Carlotta,CA,40.507,-123.9743,1139,"""Therapist, occupational""",41.430035,-124.514778,3,0,12,69.95208761122518,112.22019178123078,0
health_fitness,6.67,San Jose,CA,37.3304,-121.7913,973849,Geoscientist,37.500076,-122.065189,2,6,12,23.939767282683093,30.67695311775502,0
grocery_pos,209.89,Phoenix,AZ,33.5623,-112.0559,1312922,Contractor,33.133991,-111.460639,2,1,1,37.18822724161533,72.97484905662353,0
health_fitness,184.25,Stayton,OR,44.8021,-122.7624,9587,"""Engineer, biomedical""",45.073995,-122.406566,23,1,1,50.81177275838467,41.21300730630121,0
home,151.39,Tomales,CA,38.2427,-122.9145,337,Occupational psychologist,37.473927,-123.014284,22,6,1,64.52566735112936,85.93133225977921,0
entertainment,49.53,Sutherland,NE,41.1558,-101.136,1789,Insurance broker,41.71693,-101.43831,3,2,1,36.90896646132786,67.29183624583318,0
food_dining,93.89,Napa,CA,38.4549,-122.2564,94014,Airline pilot,38.781012,-121.895802,23,4,1,33.37166324435318,47.92076989332332,0
misc_net,761.93,Downey,CA,33.9581,-118.1174,111772,Fine artist,32.990923,-118.706493,1,0,5,56.18617385352498,120.62843798639246,1
shopping_net,1086.61,Napa,CA,38.4549,-122.2564,94014,Airline pilot,38.009217,-122.483321,3,5,3,33.56605065023956,53.3742050123483,1
personal_care,20.25,Albuquerque,NM,35.0561,-106.5506,641349,Charity officer,35.003639,-107.484173,22,2,2,52.054757015742645,85.20356632837776,1
home,244.33,Azusa,CA,34.1248,-117.9031,59705,Civil Service fast streamer,33.916197,-118.405267,22,6,9,37.26488706365503,51.76827721766937,1
misc_pos,9.26,Rocky Mount,MO,38.2911,-92.7059,1847,Tax inspector,37.792899,-91.958687,22,5,12,32.167008898015055,85.73542940092986,0
gas_transport,67.2,Moriarty,NM,34.9889,-106.0609,7268,"""Therapist, art""",34.767037,-106.632301,22,0,12,32.39972621492129,57.66709286541908,0
shopping_net,8.6,Matthews,MO,36.7154,-89.6287,1019,Aeronautical engineer,37.697552,-90.417429,22,6,1,39.96440793976728,129.63723929707018,0
food_dining,30.72,Glendale,CA,34.1556,-118.2322,172817,Advertising account planner,33.844178,-118.821991,2,2,12,38.42026009582478,64.46074912115051,0
travel,491.88,Athena,OR,45.8289,-118.4971,1302,Dealer,46.399554,-119.326505,1,6,1,42.217659137577,90.07566738609954,0
food_dining,46.59,Port Costa,CA,38.046,-122.1866,198,Armed forces training and education officer,37.871335,-122.817661,3,1,12,61.74948665297741,58.63625009038839,0
kids_pets,29.66,Rock Springs,WY,41.606,-109.23,27971,Music therapist,40.721514,-110.048806,2,4,1,34.42573579739904,119.87746563978163,0
personal_care,12.48,Red River,NM,36.6659,-105.4694,606,"""Surveyor, land/geomatics""",36.179784,-104.79367,3,0,1,30.37371663244353,81.09962667013896,0
grocery_pos,88.36,Helm,CA,36.4992,-120.0936,123,Early years teacher,36.170108,-119.51295,23,3,1,45.921971252566735,63.59468717733986,0
food_dining,51.87,Issaquah,WA,47.4974,-122.0107,50489,Osteopath,46.832589,-122.754054,23,0,1,34.893908281998634,92.8585206783398,0
entertainment,11.83,Luray,MO,40.4931,-91.8912,519,Town planner,40.624413,-92.657853,3,4,12,54.86379192334018,66.39149105620773,0
personal_care,120.53,Centerview,MO,38.7897,-93.8702,2368,Electronics engineer,39.61014,-94.00355,23,3,1,29.4839151266256,91.94954408868442,0
entertainment,2.46,Valentine,NE,42.8062,-100.6215,4005,Network engineer,43.315234,-100.387415,22,6,12,75.78644763860369,59.71136927735899,0
entertainment,26.95,Moriarty,NM,34.9889,-106.0609,7268,"""Therapist, art""",35.432303,-105.638116,2,3,1,30.414784394250518,62.49975098331362,0
entertainment,61.21,Sun City,CA,33.7467,-117.1721,54287,"""Designer, exhibition/display""",32.996971,-116.261028,2,0,12,48.26557152635181,118.77409266627345,0
health_fitness,77.64,Fort Washakie,WY,43.0048,-108.8964,1645,Freight forwarder,43.231727,-109.865211,3,4,12,44.82956878850103,82.58339737355718,0
grocery_pos,103.81,Iliff,CO,40.7692,-103.0968,648,Community arts worker,41.339717,-102.612124,3,2,1,49.28131416837783,75.33951513490209,0
kids_pets,158.23,Phoenix,AZ,33.8155,-112.1202,1312922,Counselling psychologist,33.980574,-111.816689,22,6,1,19.14031485284052,33.49068725029033,0
misc_pos,2.5,North Loup,NE,41.4972,-98.7858,509,"""Nurse, children's""",42.291905,-98.972803,2,4,1,38.32169746748802,89.71244378822789,0
shopping_net,936.08,Sixes,OR,42.825,-124.4409,217,Retail merchandiser,42.372413,-125.150222,3,1,2,91.36208076659824,76.83394764051124,1
travel,2.97,Iliff,CO,40.7692,-103.0968,648,Community arts worker,41.092537,-102.106512,2,2,1,49.28131416837783,90.62790079879132,0
entertainment,82.13,Meadville,MO,39.7795,-93.3014,964,Tourist information centre manager,40.150935,-92.949166,2,0,12,46.01505817932922,51.05818617151768,0
shopping_pos,134.0,Athena,OR,45.8289,-118.4971,1302,Dealer,45.299593,-119.457881,3,5,1,42.2340862422998,95.17449354534696,0
home,257.51,Orient,WA,48.8878,-118.2105,149,Special educational needs teacher,49.579889,-118.25379,0,4,12,42.455852156057496,77.02094368629291,1
entertainment,352.51,Littleton,CO,39.5994,-105.0044,320420,Water engineer,40.377584,-104.423101,22,4,12,45.40451745379877,99.69912547276292,0
health_fitness,26.52,Sun City,CA,33.7467,-117.1721,54287,"""Designer, exhibition/display""",33.764413,-117.920053,0,6,1,46.32717316906229,69.17555779436863,0
travel,8.26,Phoenix,AZ,33.8155,-112.1202,1312922,Counselling psychologist,32.821657,-112.339144,23,0,1,19.123887748117728,112.36712929062494,0
gas_transport,70.45,Port Costa,CA,38.046,-122.1866,198,Armed forces training and education officer,38.558309,-121.325521,22,1,12,61.74948665297741,94.29076911889726,0
gas_transport,59.95,Tomales,CA,38.2427,-122.9145,337,Occupational psychologist,38.438612,-123.600393,22,4,1,64.5201916495551,63.66256667659635,0
kids_pets,16.37,Wales,AK,64.7556,-165.6723,145,"""Administrator, education""",65.317358,-165.142457,2,1,12,81.13894592744695,67.23107943301693,0
shopping_net,3.27,Moriarty,NM,34.9889,-106.0609,7268,"""Therapist, art""",35.863489,-105.606809,1,1,1,30.409308692676248,105.5950950396238,0
shopping_net,1.54,Centerview,MO,38.7897,-93.8702,2368,Electronics engineer,39.302022,-94.022395,1,4,1,29.505817932922657,58.46411358707408,0
shopping_pos,9.1,Campbell,NE,40.2967,-98.737,493,"""Surveyor, minerals""",40.748238,-98.477304,2,0,12,80.290212183436,54.79731827345957,0
kids_pets,42.2,Broomfield,CO,39.8854,-105.1139,92337,"""Engineer, electronics""",40.398202,-104.32227,1,2,12,53.20191649555099,88.20060710924285,0
health_fitness,85.21,Browning,MO,40.029,-93.1607,602,Cytogeneticist,39.386535,-93.633479,1,3,1,64.49281314168378,82.09208408135599,0
kids_pets,93.32,High Rolls Mountain Park,NM,32.9396,-105.8189,899,Naval architect,33.686192,-105.999733,22,0,1,51.39493497604381,84.70075141795425,0
gas_transport,64.15,Colorado Springs,CO,38.8881,-104.6556,525713,Museum/gallery exhibitions officer,38.42981,-104.684513,3,1,12,28.640657084188916,51.02132419880864,0
personal_care,53.6,Independence,MO,39.1412,-94.3515,123373,"""Engineer, production""",38.97682,-94.42562,0,0,12,28.08487337440109,19.366197900949587,0
grocery_pos,70.72,Paauilo,HI,20.0271,-155.3697,1490,"""Scientist, research (maths)""",19.032689,-155.835954,22,6,12,29.70841889117043,120.88808328989944,0
travel,500.99,Meadville,MO,39.7795,-93.3014,964,Tourist information centre manager,39.099483,-93.785,2,6,12,46.012320328542096,86.2679773813106,0
home,65.44,Helm,CA,36.4992,-120.0936,123,Early years teacher,35.596557,-120.709733,2,5,1,45.90828199863108,114.6393766211314,0
gas_transport,118.48,June Lake,CA,37.7773,-119.0825,633,Health service manager,38.398068,-119.006987,22,1,12,93.305954825462,69.34189023159759,0
personal_care,18.2,American Fork,UT,40.3928,-111.7941,42384,Futures trader,41.13078,-112.750185,23,4,12,27.98904859685147,114.96745024801834,0
shopping_net,1020.23,Riverton,WY,43.0351,-108.2024,19408,"""Lecturer, higher education""",43.573202,-108.7889,22,2,5,25.711156741957563,76.37031766923985,1
shopping_net,7.83,Wales,AK,64.7556,-165.6723,145,"""Administrator, education""",64.174057,-166.539712,23,6,1,79.1978097193703,76.87603890866414,0
gas_transport,99.64,Powell Butte,OR,44.2415,-121.0113,2016,Local government officer,45.019543,-121.479886,22,0,1,65.05407255304586,94.12545259982755,0
personal_care,20.51,Cascade Locks,OR,45.671,-121.8686,1288,Barrister,45.14221,-122.579527,2,2,1,82.69130732375086,80.85423432253336,0
shopping_net,22.54,Manley,NE,40.9207,-96.168,206,Human resources officer,40.34178,-95.824401,1,0,1,51.29911019849418,70.6016612363574,0
health_fitness,15.96,San Jose,CA,37.3304,-121.7913,973849,Geoscientist,36.671081,-122.485669,3,5,1,22.001368925393567,95.79610479486227,0
home,418.14,Luray,MO,40.4931,-91.8912,519,Town planner,40.750018,-92.027005,2,6,8,54.5242984257358,30.781559324460662,1
shopping_net,94.46,Dumont,CO,39.7532,-105.6356,565,Mental health nurse,39.075787,-105.257524,1,1,1,40.3668720054757,82.02859389654209,0
gas_transport,109.35,High Rolls Mountain Park,NM,32.9396,-105.8189,899,Naval architect,33.685944,-105.595506,1,0,1,51.37577002053388,85.54643198000254,0
food_dining,8.67,Tekoa,WA,47.2271,-117.0819,895,Clothing/textile technologist,46.731271,-117.695279,22,6,12,21.57700205338809,72.14584614895057,0
grocery_pos,191.43,Laramie,WY,41.4247,-105.4781,35371,"""Pilot, airline""",40.942649,-106.455794,22,6,12,32.31759069130732,97.81239892850044,0
grocery_pos,320.52,Norwalk,CA,33.9056,-118.0818,105549,Firefighter,34.84076,-117.832896,1,1,4,46.55989048596852,106.46456867721538,1
home,68.63,Athena,OR,45.8289,-118.4971,1302,Dealer,46.153429,-119.460021,22,3,12,44.20260095824778,82.68000461685419,0
home,104.8,Azusa,CA,34.1248,-117.9031,59705,Civil Service fast streamer,33.184117,-117.924276,22,5,1,35.57563312799452,104.61753822977867,0
kids_pets,15.97,Centerview,MO,38.7897,-93.8702,2368,Electronics engineer,37.83194,-94.685917,23,5,1,29.470225872689937,128.0891656505033,0
entertainment,28.36,Mound City,MO,40.1362,-95.2138,1631,Architect,40.168422,-95.451159,3,3,1,65.99041752224504,20.488831889003528,0
health_fitness,77.39,Lonetree,WY,41.0552,-110.1603,49,Research scientist (physical sciences),40.574282,-109.710352,0,1,12,39.48528405201917,65.52412603263151,0
shopping_net,957.4,Downey,CA,33.9581,-118.1174,111772,Fine artist,34.651145,-117.923465,2,1,5,56.18891170431211,79.09507281523497,1
shopping_pos,1.57,Lagrange,WY,41.6423,-104.1974,635,Product/process development scientist,41.348087,-104.119886,0,3,12,47.46885694729637,33.34589128846925,0
travel,1.11,Laramie,WY,41.4247,-105.4781,35371,"""Pilot, airline""",41.293576,-105.139081,23,4,12,32.31211498973306,31.830526175275136,0
gas_transport,72.82,Roseland,NE,40.4591,-98.5551,463,"""Nurse, mental health""",41.273767,-99.02367,0,4,1,70.63381245722108,98.78460089995714,0
gas_transport,60.1,Llano,NM,36.1486,-105.6648,247,Architectural technologist,35.578386,-104.915304,22,3,1,57.1937029431896,92.6376291034903,0
food_dining,77.26,Superior,AZ,33.2887,-111.0985,2872,Petroleum engineer,32.867594,-110.380241,2,1,1,31.21697467488022,81.67695728081405,0
misc_net,7.59,Norwalk,CA,33.9056,-118.0818,105549,Firefighter,33.577068,-117.428077,23,3,1,45.30047912388775,70.62738915257925,0
health_fitness,5.92,Laguna Hills,CA,33.615,-117.7114,45303,Sales executive,32.80487,-118.468585,0,6,12,51.01437371663244,114.3542874945153,0
personal_care,37.12,Holstein,NE,40.4542,-98.6538,331,Telecommunications researcher,40.291611,-97.953725,3,6,12,70.35728952772074,61.99988678489042,0
entertainment,20.73,Eugene,OR,44.0385,-123.0614,191096,"""Scientist, physiological""",44.796255,-122.582428,1,0,12,56.72826830937714,92.44742813875912,0
entertainment,7.0,Ruidoso,NM,33.3305,-105.6933,8874,Licensed conveyancer,33.638085,-106.158681,0,4,12,20.358658453114305,55.06832624667848,0
shopping_pos,2.28,Centerview,MO,38.7897,-93.8702,2368,Electronics engineer,38.87774,-93.68454,1,3,12,31.43874058863792,18.826765262298167,0
entertainment,98.66,Weeping Water,NE,40.8731,-96.1528,1517,Dealer,40.221013,-96.325908,2,0,12,69.13894592744695,73.96925380163728,0
personal_care,103.08,Utica,MO,39.7417,-93.6289,271,Land/geomatics surveyor,39.53652,-94.522309,23,4,12,48.68720054757016,79.83067223984261,0
health_fitness,39.88,Newhall,CA,34.3795,-118.523,34882,Health physicist,33.410244,-119.291632,1,2,12,49.68377823408624,129.0288711376901,0
grocery_pos,125.27,Redford,MO,37.3272,-91.0243,241,Investment analyst,38.152726,-90.904996,3,5,1,44.2299794661191,92.39179467545593,0
kids_pets,8.84,Shedd,OR,44.453,-123.1065,917,Radio broadcast assistant,43.836715,-123.628129,1,0,12,25.475701574264203,80.17689549816119,0
home,41.21,Colton,WA,46.5901,-117.1692,761,Chief Marketing Officer,47.534349,-117.406317,0,2,1,75.52908966461328,106.5206676365937,0
misc_net,8.75,Colton,WA,46.5901,-117.1692,761,Chief Marketing Officer,47.044129,-117.743421,22,2,1,75.5482546201232,66.7681524417604,0
home,87.06,Blairstown,MO,38.5319,-93.9221,467,Agricultural consultant,39.039049,-94.507081,23,1,1,68.59958932238193,75.8348612992112,0
shopping_net,1.89,Phoenix,AZ,33.8155,-112.1202,1312922,Counselling psychologist,32.985461,-111.957387,3,1,12,21.08145106091718,93.52538754299424,0
kids_pets,5.12,Independence,MO,39.1412,-94.3515,123373,"""Engineer, production""",38.779905,-93.358932,1,1,1,26.11362080766598,94.7572423035152,0
grocery_net,68.31,Ruidoso,NM,33.3305,-105.6933,8874,Licensed conveyancer,33.146799,-105.745195,23,2,1,18.379192334017795,20.98906144643937,0
entertainment,7.47,Paauilo,HI,20.0271,-155.3697,1490,"""Scientist, research (maths)""",20.693557,-155.494865,0,2,1,27.72347707049966,75.24656736342972,0
grocery_pos,99.47,Redford,MO,37.3272,-91.0243,241,Investment analyst,38.070443,-90.258362,1,6,1,44.23271731690623,106.63561884823476,0
shopping_net,3.36,Spirit Lake,ID,47.9657,-116.868,4161,Production manager,47.417377,-117.727527,1,0,12,63.54551676933607,88.63441300412595,0
food_dining,68.11,Ashford,WA,46.7531,-121.9898,759,Video editor,46.193067,-121.231896,2,2,1,62.299794661190965,85.12571495936413,0
misc_pos,49.8,Jordan Valley,OR,42.8801,-117.281,641,Economist,42.450396,-118.088718,23,1,12,27.096509240246405,81.51405747499922,0
health_fitness,77.62,Athena,OR,45.8289,-118.4971,1302,Dealer,46.235293,-119.309221,1,3,12,44.18343600273785,77.28160128393135,0
misc_pos,858.02,Bay City,OR,45.5197,-123.8761,1530,Colour technologist,44.739347,-124.300237,0,0,3,33.308692676249144,92.93158535845475,1
gas_transport,23.27,Loving,NM,32.274,-104.0914,1925,Educational psychologist,32.212844,-103.681711,3,0,8,68.24640657084188,39.12566949164431,1
health_fitness,19.38,Saint Louis,MO,38.6171,-90.4504,927396,Occupational hygienist,38.462883,-89.72828,22,5,1,58.83641341546885,65.1042087644991,0
health_fitness,74.6,Fort Washakie,WY,43.0048,-108.8964,1645,Freight forwarder,43.737751,-108.456041,22,0,12,44.837782340862425,88.93364547438816,0
gas_transport,80.1,Colton,WA,46.5901,-117.1692,761,Chief Marketing Officer,46.345869,-116.54045,0,6,1,75.55920602327173,55.28362513003236,0
misc_pos,9.54,High Rolls Mountain Park,NM,32.9396,-105.8189,899,Naval architect,32.182229,-105.162776,1,6,12,53.327857631759066,104.27467570696346,0
health_fitness,125.43,Kirk,CO,39.6171,-102.4776,207,Network engineer,39.344313,-102.182655,2,4,1,63.1047227926078,39.50737351125353,0
kids_pets,140.89,Howells,NE,41.6964,-96.9858,1063,Research scientist (maths),41.665482,-97.946293,0,0,1,90.76522929500342,79.83967912465934,0
home,24.36,Redford,MO,37.3272,-91.0243,241,Investment analyst,37.853933,-91.974322,3,6,12,46.16837782340863,102.1615474778258,0
grocery_pos,85.6,Santa Monica,CA,34.0287,-118.4924,92043,"""Civil engineer, contracting""",34.651932,-119.236428,0,1,12,59.67967145790554,97.30841979888692,0
home,7.89,Sutherland,NE,41.1558,-101.136,1789,Insurance broker,40.781805,-101.998753,22,6,12,38.87474332648871,83.52455080277967,0
misc_pos,9.36,Conway,WA,48.34,-122.3456,85,"""Research officer, political party""",48.842519,-122.241071,22,2,12,36.328542094455855,56.40392553307956,0
shopping_pos,1.49,Cascade Locks,OR,45.671,-121.8686,1288,Barrister,45.000346,-122.201124,3,0,12,84.65982203969884,78.97286423575878,0
shopping_pos,8.9,Moriarty,NM,34.9889,-106.0609,7268,"""Therapist, art""",34.414433,-105.627043,22,1,1,30.428473648186174,75.18900890950457,0
kids_pets,33.3,Kansas City,MO,38.9621,-94.5959,545147,Counsellor,39.078013,-93.767361,3,1,1,31.1211498973306,72.72855410554807,0
food_dining,96.67,Eugene,OR,44.0385,-123.0614,191096,"""Scientist, physiological""",43.400398,-123.211399,23,5,1,54.74880219028063,71.9703741687656,0
entertainment,21.26,Riverton,WY,43.0351,-108.2024,19408,"""Lecturer, higher education""",42.573707,-108.193759,22,1,1,25.34428473648186,51.30940355742042,0
shopping_pos,2.72,Superior,AZ,33.2887,-111.0985,2872,Petroleum engineer,32.469997,-110.691362,23,1,1,31.17864476386037,98.6556478508535,0
home,77.39,Ravenna,NE,41.0233,-98.9041,2202,"""Solicitor, Scotland""",40.529536,-99.757262,1,3,1,44.55578370978782,90.41700812204442,0
misc_net,189.13,Santa Monica,CA,34.0287,-118.4924,92043,"""Civil engineer, contracting""",34.513833,-118.277952,0,5,12,59.67145790554415,57.43075058694824,0
entertainment,117.88,Newhall,CA,34.3795,-118.523,34882,Health physicist,34.159314,-118.19114,2,6,1,47.7015742642026,39.107429325298206,0
misc_pos,120.67,Newberg,OR,45.3099,-122.9685,28278,Research scientist (physical sciences),46.046097,-123.619093,1,3,1,41.503080082135526,96.20774339307472,0
kids_pets,28.61,Ashford,WA,46.7531,-121.9898,759,Video editor,46.437095,-122.302667,0,1,12,64.290212183436,42.49883574144442,0
shopping_pos,6.89,San Diego,CA,33.0067,-117.069,1241364,Chartered public finance accountant,33.347872,-117.943265,1,1,1,59.42778918548939,89.77502141194712,0
grocery_net,32.67,Conway,WA,48.34,-122.3456,85,"""Research officer, political party""",48.974433,-122.265157,3,1,12,36.32580424366872,70.79272820208017,0
shopping_pos,943.71,Kirtland,NM,36.741,-108.351,6910,TEFL teacher,36.401327,-108.647255,0,0,9,64.65434633812457,46.11397007141717,1
misc_pos,22.83,Kansas City,MO,38.9621,-94.5959,545147,Counsellor,38.159154,-93.866536,22,3,12,33.11978097193703,109.51296013969534,0
food_dining,234.63,Campbell,NE,40.2967,-98.737,493,"""Surveyor, minerals""",39.906034,-99.579092,0,0,1,78.33538672142369,83.76631871125281,0
kids_pets,19.89,Azusa,CA,34.1248,-117.9031,59705,Civil Service fast streamer,34.889895,-118.500866,3,6,9,37.26488706365503,101.1817022354084,1
health_fitness,63.0,Odessa,MO,38.9829,-93.9757,9512,Clinical research associate,39.575944,-94.151231,23,1,1,46.02053388090349,67.65204980243756,0
grocery_pos,186.06,Burbank,WA,46.1966,-118.9017,3684,Musician,46.17091,-118.67571,3,3,12,39.08829568788501,17.63091545091363,0
gas_transport,81.29,Port Costa,CA,38.046,-122.1866,198,Armed forces training and education officer,37.853515,-122.442119,1,2,12,61.75222450376455,30.98497992574417,0
grocery_pos,191.1,Burbank,WA,46.1966,-118.9017,3684,Musician,45.790265,-119.772668,1,0,1,37.125256673511295,81.04580293100827,0
entertainment,9.32,Hooper,NE,41.6414,-96.5232,1745,"""Engineer, automotive""",41.962195,-97.098947,23,5,12,47.00068446269678,59.58161967146452,0
travel,4.08,Newhall,CA,34.3795,-118.523,34882,Health physicist,34.897589,-118.079801,3,5,1,47.71800136892539,70.44695903225848,0
shopping_net,2.94,San Jose,CA,37.3304,-121.7913,973849,Geoscientist,37.561234,-120.989427,22,5,12,23.93702943189596,75.29941887685047,0
grocery_pos,293.71,Espanola,NM,35.9866,-106.0654,18408,Historic buildings inspector/conservation officer,35.655151,-106.276084,23,3,5,47.80287474332649,41.46277079640943,1
home,124.74,Cascade Locks,OR,45.671,-121.8686,1288,Barrister,45.123018,-121.866223,0,6,12,84.65708418891171,60.93310093803695,0
health_fitness,6.68,Vinton,CA,40.0235,-120.7986,128,Education administrator,39.347627,-119.839924,0,6,12,54.847364818617386,111.25430908410888,0
misc_net,22.9,Sixes,OR,42.825,-124.4409,217,Retail merchandiser,42.368603,-125.304237,0,6,12,92.23819301848047,87.00167706044404,0
gas_transport,45.88,Blairstown,MO,38.5319,-93.9221,467,Agricultural consultant,37.595224,-93.355742,22,0,1,68.61601642710473,115.35280788759432,0
personal_care,2.31,Matthews,MO,36.7154,-89.6287,1019,Aeronautical engineer,36.563433,-89.820825,23,0,1,39.96714579055441,24.07055309435153,0
shopping_net,9.43,Wheaton,MO,36.7651,-94.0492,760,Production manager,37.261322,-93.070667,22,6,12,35.32375085557837,102.92211219558088,0
entertainment,171.37,Albuquerque,NM,35.0561,-106.5506,641349,Charity officer,35.785827,-107.101501,1,1,1,51.95619438740589,95.26747419448228,0
gas_transport,65.95,Centerview,MO,38.7897,-93.8702,2368,Electronics engineer,39.286738,-94.141126,0,4,1,29.48665297741273,60.01734372011005,0
misc_pos,55.14,Napa,CA,38.4549,-122.2564,94014,Airline pilot,38.792616,-121.36492,1,0,12,35.35386721423682,86.06856893983421,0
gas_transport,89.2,High Rolls Mountain Park,NM,32.9396,-105.8189,899,Naval architect,31.952711,-106.599644,1,1,1,51.37850787132101,131.94437064009736,0
food_dining,23.11,Mountain Center,CA,33.6401,-116.5567,1661,"""Therapist, music""",33.057362,-116.901643,2,6,1,30.33538672142368,72.28604518404796,0
personal_care,37.26,San Jose,CA,37.3304,-121.7913,973849,Geoscientist,37.027699,-122.47387,1,3,12,23.9315537303217,69.20799633243897,0
shopping_pos,29.52,Lakeport,CA,39.047,-122.9328,11256,Podiatrist,38.852583,-122.626293,1,0,12,48.19438740588638,34.20357194643386,0
grocery_pos,100.66,Thompson,UT,38.9999,-109.615,46,"""Surveyor, minerals""",39.616097,-109.867525,1,3,12,33.69199178644764,71.88006062176156,0
personal_care,51.89,Campbell,NE,40.2967,-98.737,493,"""Surveyor, minerals""",40.884104,-99.336761,1,6,1,78.33264887063655,82.6492173776325,0
personal_care,27.08,Holstein,NE,40.4542,-98.6538,331,Telecommunications researcher,40.334661,-98.112875,1,0,1,68.38603696098562,47.69827636699405,0
shopping_pos,7.59,Kirk,CO,39.6171,-102.4776,207,Network engineer,40.112224,-103.047556,23,3,12,65.07597535934292,73.4668261123922,0
grocery_pos,34.03,Hawthorne,CA,33.9143,-118.3493,93193,"""Editor, magazine features""",34.616683,-118.371407,23,6,1,23.756331279945243,78.12784259812183,0
home,30.52,Burbank,WA,46.1966,-118.9017,3684,Musician,47.15607,-119.329031,2,3,1,37.09514031485284,111.55793315286648,0
kids_pets,78.03,Hatch,UT,37.7175,-112.4777,258,Geoscientist,37.20005,-112.275205,0,3,1,57.1088295687885,60.2498964025631,0
shopping_net,86.3,Dumont,CO,39.7532,-105.6356,565,Mental health nurse,40.133588,-105.031876,1,3,1,40.39151266255989,66.61806215617204,0
grocery_net,15.55,Gardiner,OR,43.7857,-124.1437,260,"""Engineer, maintenance""",44.719554,-123.706112,23,4,2,63.45242984257358,109.53201313636028,1
misc_net,768.0,La Grande,OR,45.3304,-118.0852,16955,"""Engineer, site""",45.224147,-118.552234,0,3,2,57.64544832306639,38.40559252018914,1
kids_pets,11.15,Paauilo,HI,20.0271,-155.3697,1490,"""Scientist, research (maths)""",20.965633,-154.816771,1,5,1,27.731690622861056,119.19568382205526,0
misc_net,28.32,Roseland,NE,40.4591,-98.5551,463,"""Nurse, mental health""",40.81774,-97.875659,1,0,1,70.60369609856262,69.83579922524201,0
personal_care,75.97,Athena,OR,45.8289,-118.4971,1302,Dealer,44.87183,-117.749455,1,1,12,44.19712525667351,121.402421480313,0
shopping_pos,827.78,Tomales,CA,38.2427,-122.9145,337,Occupational psychologist,37.90017,-123.522281,0,5,5,64.86789869952088,65.43125664815797,1
gas_transport,59.23,Unionville,MO,40.4815,-92.9951,3805,"""Investment banker, corporate""",41.469865,-93.668859,3,6,1,68.34770704996578,123.60147280792845,0
entertainment,79.3,Odessa,MO,38.9829,-93.9757,9512,Clinical research associate,39.722617,-93.002013,1,1,1,46.039698836413415,117.36335576787404,0
