category,amt,city,state,lat,long,city_pop,job,merch_lat,merch_long,trans_hour,trans_dayofweek,trans_month,customer_age,merchant_distance_km,is_fraud
misc_pos,237.36,Arnold,MO,38.4305,-90.387,35439,Land/geomatics surveyor,39.072362,-90.419479,23,2,12,35.75085557837098,71.42734741692615,0
food_dining,77.5,Cardwell,MO,36.0434,-90.2907,1120,Television floor manager,36.462169,-91.205776,23,1,12,63.7015742642026,94.34550052450156,0
misc_pos,45.12,Lonetree,WY,41.0552,-110.1603,49,Research scientist (physical sciences),40.752531,-110.820473,2,0,1,37.54688569472964,64.89168830052634,0
kids_pets,68.89,Issaquah,WA,47.4974,-122.0107,50489,Osteopath,47.729568,-121.943782,14,1,12,36.83230663928816,26.298716767762613,0
travel,5.92,Paradise Valley,AZ,33.5494,-111.9565,17047,Building surveyor,34.451882,-112.873939,23,6,1,83.95619438740589,131.23508446722718,0
grocery_net,47.06,Sacramento,CA,38.5662,-121.3286,757530,Magazine features editor,37.57766,-120.903915,7,3,1,39.71800136892539,116.03649403420148,0
shopping_pos,871.27,Lamy,NM,35.4311,-105.9409,923,Public relations account executive,34.839465,-106.569735,22,5,2,54.652977412731005,87.16483514834069,1
shopping_net,92.81,Fiddletown,CA,38.5234,-120.6763,832,Immigration officer,39.122207,-121.039054,6,4,1,31.630390143737166,73.62751868765726,0
misc_pos,39.66,Kissee Mills,MO,36.6704,-93.0377,1201,"""Engineer, agricultural""",36.224014,-93.452517,8,2,1,38.83093771389459,61.970760734131495,0
shopping_pos,140.07,Athena,OR,45.8289,-118.4971,1302,Dealer,45.65162,-117.98441,10,6,12,44.19164955509925,44.402461184042885,0
gas_transport,58.75,Sutherland,NE,41.1558,-101.136,1789,Insurance broker,40.275991,-101.152751,7,1,1,36.92539356605065,97.84048273033862,0
grocery_net,9.94,Tekoa,WA,47.2271,-117.0819,895,Clothing/textile technologist,46.255331,-117.391764,3,6,8,20.197125256673512,110.60524876187142,1
shopping_net,6.87,Fort Washakie,WY,43.0048,-108.8964,1645,Information systems manager,43.477317,-109.467136,13,3,1,32.87611225188228,69.98495598568016,0
grocery_pos,71.27,Crownpoint,NM,35.7206,-108.0271,5662,IT consultant,34.919261,-107.424031,4,6,1,29.78507871321013,104.5624098572102,0
grocery_pos,85.89,Hooper,NE,41.6414,-96.5232,1745,"""Engineer, automotive""",42.389859,-96.866445,2,3,1,45.059548254620125,87.92290739075422,0
personal_care,13.07,Wheaton,MO,36.7651,-94.0492,760,Production manager,37.304014,-94.115381,15,1,1,33.33607118412046,60.21175005617247,0
gas_transport,41.25,Hooper,NE,41.6414,-96.5232,1745,"""Engineer, automotive""",41.074484,-97.439286,10,3,12,47.01437371663244,99.0936529007207,0
personal_care,36.96,Littleton,CO,39.5994,-105.0044,320420,Water engineer,39.97508,-104.182606,23,0,1,43.45790554414784,81.70408155288956,0
shopping_pos,485.98,Lakeport,CA,39.047,-122.9328,11256,Podiatrist,38.99391,-123.371331,14,1,1,46.223134839151264,38.34170493490516,0
home,39.28,Mesa,ID,44.6255,-116.4493,129,Cartographer,45.287375,-116.149343,20,1,12,55.03901437371663,77.28903105230643,0
entertainment,24.5,Ruidoso,NM,33.3305,-105.6933,8874,Licensed conveyancer,32.445044,-105.430689,16,5,12,20.36139630390144,101.46565322924316,0
shopping_pos,265.51,Issaquah,WA,47.4974,-122.0107,50489,Osteopath,48.245061,-122.519689,20,4,12,36.82135523613963,91.39403431838514,0
kids_pets,302.54,Westerville,NE,41.4193,-99.3844,73,Product designer,41.833728,-99.658061,18,2,1,83.89322381930185,51.39014396302297,0
shopping_net,1.31,Oakland,CA,37.7878,-122.1884,381459,Barista,38.077339,-121.884559,20,0,12,46.98425735797399,41.79280816406576,0
shopping_net,7.13,Ashford,WA,46.7531,-121.9898,759,Video editor,46.138433,-121.331034,9,2,12,64.29295003422314,84.96385095916719,0
travel,1.26,Laguna Hills,CA,33.615,-117.7114,45303,Sales executive,32.953701,-118.433198,20,5,12,51.011635865845314,99.54200112527067,0
home,85.24,Ballwin,MO,38.577,-90.5255,92608,"""Engineer, communications""",37.878985,-90.149377,18,0,1,17.470225872689937,84.28262990712818,0
home,50.96,Independence,MO,39.1412,-94.3515,123373,"""Engineer, production""",39.728784,-93.49938,23,2,1,26.09719370294319,98.10247818761393,0
home,22.79,Manley,NE,40.9207,-96.168,206,Human resources officer,40.962399,-95.288209,20,3,1,51.2498288843258,74.04239506434686,0
misc_pos,132.03,San Diego,CA,33.0067,-117.069,1241364,Chartered public finance accountant,33.410989,-117.330428,4,3,12,61.4072553045859,51.112498571569134,0
misc_net,1.89,Orient,WA,48.8878,-118.2105,149,Special educational needs teacher,48.628821,-118.810014,2,4,1,40.57768651608488,52.54100627777258,0
grocery_pos,219.49,Issaquah,WA,47.4974,-122.0107,50489,Osteopath,48.216801,-121.899657,6,3,1,34.8829568788501,80.42160117997334,0
health_fitness,30.23,Browning,MO,40.029,-93.1607,602,Cytogeneticist,40.121819,-94.146525,17,6,1,64.50102669404518,84.5121487720395,0
shopping_pos,6.82,Hooper,NE,41.6414,-96.5232,1745,"""Engineer, automotive""",41.084222,-97.443924,12,0,1,45.05133470225873,98.7049659561572,0
personal_care,44.38,Phoenix,AZ,33.5623,-112.0559,1312922,Contractor,33.189314,-112.782775,23,1,1,37.20739219712526,79.21901320693702,0
shopping_pos,56.68,Meridian,ID,43.6498,-116.4306,84106,Intelligence analyst,42.6606,-116.851495,12,6,1,47.93976728268309,115.17047542774098,0
health_fitness,27.71,Meridian,ID,43.6498,-116.4306,84106,Intelligence analyst,43.845356,-116.096616,21,3,12,49.88637919233402,34.5334985841657,0
grocery_pos,128.4,Cardwell,MO,36.0434,-90.2907,1120,Television floor manager,35.151938,-89.762469,3,1,1,61.72758384668035,110.031294781479,0
shopping_net,5.81,Smith River,CA,41.9404,-124.1587,1930,Web designer,42.417348,-124.855742,22,4,12,37.53593429158111,78.17650393494742,0
gas_transport,73.27,Thompson,UT,38.9999,-109.615,46,"""Surveyor, minerals""",39.777196,-110.560314,8,0,1,31.709787816564,118.61583720738648,0
shopping_pos,69.48,Burlington,WA,48.4786,-122.3345,14871,Public house manager,48.919008,-122.768879,21,2,1,44.81587953456537,58.43317879955827,0
grocery_pos,117.29,Blairsden-Graeagle,CA,39.8127,-120.6405,1725,Chartered legal executive (England and Wales),40.172973,-120.254823,11,0,12,53.59069130732375,51.81040386573087,0
health_fitness,31.41,High Rolls Mountain Park,NM,32.9396,-105.8189,899,Naval architect,32.893164,-106.203375,17,1,12,53.333333333333336,36.25803011540612,0
personal_care,4.54,Blairsden-Graeagle,CA,39.8127,-120.6405,1725,Chartered legal executive (England and Wales),39.46649,-120.915494,12,1,1,51.63860369609856,45.12726168533568,0
shopping_net,2.65,San Jose,CA,37.3304,-121.7913,973849,Geoscientist,36.421551,-121.439957,20,2,12,23.94798083504449,105.78093299389984,0
home,1.52,Sun City,CA,33.7467,-117.1721,54287,"""Designer, exhibition/display""",33.871707,-116.539257,14,2,12,48.27104722792608,60.098647304195865,0
home,19.69,Ballwin,MO,38.577,-90.5255,92608,"""Engineer, communications""",38.09598,-90.098192,22,4,1,17.44284736481862,65.19084000197321,0
entertainment,30.68,Newberg,OR,45.3099,-122.9685,28278,Research scientist (physical sciences),45.51857,-123.349498,19,3,12,43.43874058863792,37.72000345415464,0
home,20.07,Utica,MO,39.7417,-93.6289,271,Land/geomatics surveyor,40.672388,-92.876313,20,6,12,48.69267624914442,121.63058558708542,0
entertainment,57.19,Holstein,NE,40.4542,-98.6538,331,Telecommunications researcher,39.561089,-99.215353,23,4,12,70.35181382614647,110.2257363532058,0
travel,6.71,Scotts Mills,OR,44.9897,-122.6187,1252,"""Engineer, petroleum""",44.475967,-123.271069,17,6,12,83.88774811772758,76.93305884969537,0
misc_net,857.18,Yellowstone National Park,WY,44.7957,-110.6137,369,Materials engineer,45.785814,-110.995793,22,5,10,77.88364134154689,114.0805194576824,1
gas_transport,82.24,Glendale,CA,34.1556,-118.2322,172817,Advertising account planner,33.501178,-119.08643,2,2,12,38.42026009582478,107.33667268009656,0
personal_care,19.36,Bay City,OR,45.5197,-123.8761,1530,Colour technologist,45.274073,-123.616794,23,1,3,33.31143052703628,33.99846218917795,1
entertainment,16.66,Freedom,WY,43.0172,-111.0292,471,"""Education officer, museum""",43.587023,-110.071759,14,6,1,51.449691991786445,100.0861860059954,0
personal_care,34.16,Mesa,ID,44.6255,-116.4493,129,Cartographer,44.008546,-115.53311,12,1,1,53.06502395619439,100.09512060194628,0
misc_pos,44.69,Newberg,OR,45.3099,-122.9685,28278,Research scientist (physical sciences),44.88311,-122.43977,12,4,12,43.441478439425055,63.04403864636007,0
grocery_pos,45.17,Pueblo,CO,38.2352,-104.66,151815,Further education lecturer,38.371984,-105.10131,10,6,12,32.98015058179329,41.40302851012397,0
grocery_net,34.74,Thompson,UT,38.9999,-109.615,46,"""Surveyor, minerals""",39.429985,-110.466154,11,5,1,31.742642026009584,87.54417161799704,0
gas_transport,87.56,Greenview,CA,41.5403,-122.9366,308,Call centre manager,41.864753,-122.33147,1,0,12,62.27241615331965,61.849388926510805,0
personal_care,27.77,Los Angeles,CA,34.0443,-118.2509,2383912,"""Journalist, newspaper""",33.584969,-117.474129,23,6,1,59.6249144421629,88.0819418675149,0
grocery_net,72.8,Arnold,MO,38.4305,-90.387,35439,Land/geomatics surveyor,37.695442,-90.392498,1,0,12,35.74537987679671,81.73613761764162,0
kids_pets,13.75,Kirk,CO,39.6171,-102.4776,207,Network engineer,39.122038,-103.327302,23,1,1,63.096509240246405,91.46186128323214,0
shopping_net,5.14,Paauilo,HI,20.0271,-155.3697,1490,"""Scientist, research (maths)""",19.655465,-154.55059,13,2,12,29.71663244353183,95.11913475501828,0
home,10.29,Campbell,NE,40.2967,-98.737,493,"""Surveyor, minerals""",41.156579,-97.788352,13,6,12,80.28747433264887,124.62735422267195,0
kids_pets,32.72,Lakeport,CA,39.047,-122.9328,11256,Podiatrist,38.391146,-123.892955,13,2,1,46.2258726899384,110.71148703068744,0
shopping_net,1019.51,Camden,MO,39.2048,-94.0259,464,Colour technologist,39.765945,-93.170819,16,2,10,61.38261464750171,96.32273880088329,1
shopping_pos,16.67,Colorado Springs,CO,38.8881,-104.6556,525713,Museum/gallery exhibitions officer,37.920191,-104.007111,16,1,12,28.640657084188916,121.55815564555913,0
home,21.46,Shedd,OR,44.453,-123.1065,917,Radio broadcast assistant,44.141439,-122.887032,18,6,1,23.498973305954827,38.79792379749886,0
entertainment,39.94,Llano,NM,36.1486,-105.6648,247,Architectural technologist,35.415337,-105.998431,15,5,12,59.17316906228611,86.9120094721958,0
shopping_net,1152.92,Albuquerque,NM,35.1506,-106.569,641349,Civil Service administrator,34.476275,-106.612729,1,6,5,43.082819986310746,75.08771477819128,1
grocery_net,9.95,Saint Louis,MO,38.6171,-90.4504,927396,Occupational hygienist,37.774315,-90.437294,0,1,3,58.978781656399725,93.72041431846225,1
entertainment,28.23,Laguna Hills,CA,33.615,-117.7114,45303,Sales executive,33.350792,-117.191153,9,3,12,51.02532511978097,56.48927536431301,0
grocery_pos,150.43,Tomales,CA,38.2427,-122.9145,337,Occupational psychologist,37.732925,-123.225461,6,6,12,66.48049281314168,62.89488506052427,0
misc_net,42.19,Nelson,NE,40.201,-98.0684,732,Television/film/video producer,40.446423,-98.807602,8,4,1,62.07802874743327,68.34988606843744,0
shopping_net,1.09,Arnold,MO,38.4305,-90.387,35439,Land/geomatics surveyor,38.952606,-89.827291,21,5,1,33.78507871321013,75.69767219191473,0
grocery_pos,290.2,Centerview,MO,38.7897,-93.8702,2368,Electronics engineer,38.507573,-93.024078,2,3,1,29.541409993155373,79.89525549433226,1
kids_pets,35.07,Newhall,CA,34.3795,-118.523,34882,Health physicist,35.227512,-117.640287,13,4,1,47.73442847364819,124.04313548188335,0
home,58.68,Meredith,CO,39.3199,-106.6596,61,Public relations account executive,38.650633,-107.50683,21,1,12,81.15263518138262,104.40486022681978,0
home,27.9,Burbank,WA,46.1966,-118.9017,3684,Musician,45.278139,-118.893478,18,5,12,39.07460643394935,102.13019672995374,0
home,21.02,Greenview,CA,41.5403,-122.9366,308,Call centre manager,42.177142,-122.891285,22,4,1,60.328542094455855,70.91297008841889,0
grocery_pos,290.92,Syracuse,MO,38.6547,-92.8929,628,"""Radiographer, diagnostic""",38.541135,-92.984968,21,0,6,57.49486652977413,14.949223251165796,1
kids_pets,47.56,Meadville,MO,39.7795,-93.3014,964,Tourist information centre manager,40.082856,-92.888651,19,3,12,46.02327173169062,48.748268156130656,0
gas_transport,6.84,Riverton,WY,43.0351,-108.2024,19408,"""Lecturer, higher education""",43.707644,-107.326056,1,2,5,25.711156741957563,103.0040775088438,1
entertainment,20.0,Oakland,CA,37.7878,-122.1884,381459,Barista,37.773943,-121.283179,21,1,1,44.99383983572896,79.5690303879319,0
grocery_pos,56.95,Oakland,CA,37.7878,-122.1884,381459,Barista,37.046565,-121.599662,10,3,12,46.992470910335385,97.4504828575974,0
personal_care,60.74,Manley,NE,40.9207,-96.168,206,Human resources officer,40.532844,-95.629016,23,1,1,51.26351813826147,62.63222815736123,0
grocery_pos,85.64,San Diego,CA,33.0067,-117.069,1241364,Chartered public finance accountant,33.626146,-118.027852,4,3,12,61.4072553045859,112.61578653094,0
shopping_net,977.42,Powell Butte,OR,44.2415,-121.0113,2016,Local government officer,44.069205,-120.647508,22,1,12,66.01505817932923,34.77545465130431,1
shopping_pos,9.79,Sun City,CA,33.7467,-117.1721,54287,"""Designer, exhibition/display""",34.228033,-117.713608,16,2,12,48.27104722792608,73.19267863892861,0
shopping_pos,1.7,Riverton,WY,43.0351,-108.2024,19408,"""Lecturer, higher education""",42.820603,-108.396779,13,0,1,25.322381930184804,28.62394470162674,0
grocery_pos,41.41,Glendale,CA,34.1556,-118.2322,172817,Advertising account planner,34.960676,-118.175196,5,0,12,38.41478439425051,89.67242983718694,0
grocery_pos,308.39,Aurora,CO,39.6662,-104.835,389246,"""Scientist, marine""",39.901004,-104.64744,1,0,10,49.83709787816564,30.635628929565275,1
misc_net,6.5,Altonah,UT,40.3207,-110.436,302,"""Sales professional, IT""",41.109849,-109.695889,7,0,12,30.94592744695414,107.66006657139526,0
gas_transport,9.84,Glendale,CA,34.1556,-118.2322,172817,"""Accountant, chartered""",34.5978,-118.636646,1,5,9,77.95482546201232,61.60703786665814,1
shopping_pos,2.77,Laguna Hills,CA,33.615,-117.7114,45303,Sales executive,33.231652,-118.582213,8,4,12,51.00889801505818,91.36867413937554,0
food_dining,8.19,Matthews,MO,36.7154,-89.6287,1019,Aeronautical engineer,37.376149,-90.055592,16,3,1,39.97535934291581,82.66500365939461,0
entertainment,125.88,Browning,MO,40.029,-93.1607,602,Cytogeneticist,39.846579,-92.242454,7,6,12,66.45585215605749,80.87235305825013,0
food_dining,94.81,Matthews,MO,36.7154,-89.6287,1019,Aeronautical engineer,37.370177,-89.421386,17,1,12,41.92470910335387,75.09685108762504,0
gas_transport,61.02,Hooper,NE,41.6414,-96.5232,1745,"""Engineer, automotive""",41.958562,-95.577185,1,3,1,45.0403832991102,85.98281211337982,0
gas_transport,76.56,Fullerton,NE,41.366,-98.0054,1749,"""Surveyor, mining""",41.854191,-97.529769,5,2,12,47.64955509924709,67.15965160778124,0
gas_transport,45.06,Orient,WA,48.8878,-118.2105,149,Special educational needs teacher,48.385911,-118.963871,0,6,1,40.58316221765914,78.60600774997923,0
kids_pets,7.88,Mound City,MO,40.1362,-95.2138,1631,Architect,39.314796,-94.436425,18,3,1,65.97125256673512,112.9686311023589,0
grocery_net,12.0,Fields Landing,CA,40.7268,-124.2174,276,"""Scientist, audiological""",41.531019,-123.891251,2,2,4,89.927446954141,93.50405946371498,1
shopping_pos,4.19,Powell Butte,OR,44.2415,-121.0113,2016,Local government officer,43.414231,-121.086151,6,5,12,67.00342231348391,92.1838621653965,0
kids_pets,19.6,Newhall,CA,34.3795,-118.523,34882,Health physicist,34.990867,-118.49498,20,6,1,47.73990417522245,68.0291675039666,0
grocery_pos,302.65,Seligman,MO,36.5276,-93.9359,2693,"""Engineer, biomedical""",37.058973,-93.754921,0,5,10,52.65982203969884,61.2441889208244,1
health_fitness,49.34,Littleton,CO,39.5994,-105.0044,320420,Water engineer,38.620621,-104.029579,20,1,1,43.422313483915126,137.54505198799782,0
travel,10.18,Phoenix,AZ,33.8155,-112.1202,1312922,Counselling psychologist,34.424236,-113.06184,22,3,10,20.876112251882272,109.97860453552516,1
grocery_net,57.22,Laramie,WY,41.4247,-105.4781,35371,"""Pilot, airline""",41.182473,-106.455503,10,5,1,30.340862422997947,85.97207878467376,0
home,15.13,Corona,CA,33.8419,-117.6043,233717,Wellsite geologist,33.160868,-117.486119,16,4,1,52.65982203969884,76.51600803212469,0
shopping_pos,3.64,Conway,WA,48.34,-122.3456,85,"""Research officer, political party""",49.089932,-122.822418,12,2,12,36.328542094455855,90.42878413955414,0
grocery_pos,294.02,Parker Dam,CA,34.298,-114.156,126,Marketing executive,33.868431,-114.495419,1,0,1,26.308008213552363,57.08473964099015,1
kids_pets,87.82,Riverton,WY,43.0351,-108.2024,19408,"""Lecturer, higher education""",42.819417,-108.652839,16,5,12,27.290896646132783,43.81978215111875,0
grocery_net,59.76,Howells,NE,41.6964,-96.9858,1063,Research scientist (maths),40.955922,-96.427326,6,3,12,92.74743326488706,94.62613406533028,0
shopping_net,793.81,Riverton,WY,43.0351,-108.2024,19408,"""Lecturer, higher education""",43.442907,-109.060297,23,2,5,25.711156741957563,82.97981994763254,1
health_fitness,57.63,Mound City,MO,40.1362,-95.2138,1631,Architect,40.009066,-95.445478,14,0,12,67.93702943189597,24.258231915278227,0
home,38.37,Camden,MO,39.2048,-94.0259,464,Colour technologist,39.100461,-93.337773,18,0,12,61.58795345653662,60.45926134394374,0
personal_care,35.39,Holstein,NE,40.4542,-98.6538,331,Telecommunications researcher,41.421919,-99.592013,17,1,1,68.40793976728268,133.37614669619464,0
entertainment,14.66,Conway,WA,48.34,-122.3456,85,"""Research officer, political party""",49.286081,-122.264392,23,1,12,36.32580424366872,105.36731285673896,0
misc_pos,10.0,Sutherland,NE,41.1558,-101.136,1789,Insurance broker,40.814512,-101.117375,17,5,1,36.91718001368925,37.98168208654757,0
health_fitness,68.55,Wheaton,MO,36.7651,-94.0492,760,Production manager,37.51547,-94.945453,17,6,12,35.32375085557837,115.20781044672216,0
misc_net,7.88,Albuquerque,NM,35.1506,-106.569,641349,Civil Service administrator,35.283152,-105.913151,11,6,1,42.776180698151954,61.37551816870238,0
kids_pets,49.23,Newhall,CA,34.3795,-118.523,34882,Health physicist,35.27153,-118.75173,12,2,1,47.709787816564,101.3626274054785,0
grocery_pos,37.32,San Diego,CA,32.7185,-117.1593,1241364,Comptroller,32.76892,-116.603318,4,0,12,33.07871321013005,52.300007200514514,0
home,6.78,Thompson,UT,38.9999,-109.615,46,"""Surveyor, minerals""",38.330667,-110.375355,22,6,1,31.745379876796715,99.4762396505881,0
travel,510.04,Fields Landing,CA,40.7268,-124.2174,276,"""Scientist, audiological""",40.725323,-123.636728,17,5,12,91.6413415468857,48.93208114426937,0
misc_net,1037.47,Huslia,AK,65.6899,-156.292,277,"""Engineer, civil (consulting)""",66.410651,-156.911727,23,0,5,54.548939082819984,84.8844056523732,1
grocery_pos,125.8,Jelm,WY,41.0539,-106.0763,100,Public librarian,40.822161,-105.176165,1,3,12,46.71047227926078,79.88007243611133,0
home,40.29,Browning,MO,40.029,-93.1607,602,Cytogeneticist,40.229155,-93.542674,23,0,1,64.48459958932239,39.36957663110495,0
misc_pos,177.79,Burlington,WA,48.4786,-122.3345,14871,Public house manager,47.988347,-122.468635,7,6,12,46.80082135523614,55.411527863946255,0
shopping_net,21.34,Superior,AZ,33.2887,-111.0985,2872,Petroleum engineer,32.536252,-110.239303,17,5,1,31.227926078028748,115.90053332160817,0
grocery_pos,104.84,Alva,WY,44.6873,-104.4414,110,"""Administrator, local government""",45.538062,-104.542117,0,1,1,45.686516084873375,94.92996939794102,0
misc_net,768.25,Paradise Valley,AZ,33.5494,-111.9565,17047,Building surveyor,32.982192,-111.751157,22,6,10,85.71937029431896,65.8967950650458,1
health_fitness,41.21,Littleton,CO,39.5994,-105.0044,320420,Water engineer,40.077487,-105.273825,23,3,1,43.44695414099932,57.92447929589963,0
personal_care,12.51,Holstein,NE,40.4542,-98.6538,331,Telecommunications researcher,40.136849,-97.836898,15,4,1,68.41615331964408,77.75043979782444,0
home,12.74,Lowell,OR,43.921,-122.7806,1420,Systems analyst,44.062987,-123.453175,18,5,12,55.12388774811773,56.07288090131481,0
home,78.76,Orient,WA,48.8878,-118.2105,149,Special educational needs teacher,48.736073,-117.85168,12,0,12,42.521560574948666,31.22499353633728,0
home,259.5,Angwin,CA,38.5769,-122.4477,3661,Human resources officer,38.141809,-123.365017,22,5,5,50.32991101984942,93.4754798308166,1
shopping_net,931.28,Meredith,CO,39.3199,-106.6596,61,Public relations account executive,38.511562,-106.99463,23,5,12,80.09034907597535,94.44105476697044,1
shopping_pos,4.65,Kansas City,MO,38.9621,-94.5959,545147,Counsellor,39.272079,-95.302142,14,6,12,33.1088295687885,70.00209205160168,0
personal_care,32.94,Colton,WA,46.5901,-117.1692,761,Chief Marketing Officer,46.816715,-116.732388,20,0,12,77.49760438056126,41.76649029733502,0
entertainment,17.94,Scotts Mills,OR,44.9897,-122.6187,1252,"""Engineer, petroleum""",44.184063,-122.088616,4,0,12,83.89048596851471,98.92985470021937,0
misc_pos,4.63,Phoenix,AZ,33.5623,-112.0559,1312922,Contractor,33.124422,-112.109817,6,5,1,37.19917864476386,48.94672408749231,0
gas_transport,53.25,Altonah,UT,40.3207,-110.436,302,"""Sales professional, IT""",39.730834,-111.429729,0,0,1,28.971937029431896,107.05766409821786,0
home,190.82,Ashford,WA,46.7531,-121.9898,759,Video editor,46.091592,-122.368008,22,4,12,64.27926078028747,79.06268984386877,0
grocery_pos,334.45,Meridian,ID,43.6498,-116.4306,84106,Intelligence analyst,43.416164,-116.139527,2,0,9,49.57152635181382,35.00708556931142,1
food_dining,215.46,Tomales,CA,38.2427,-122.9145,337,Occupational psychologist,37.396343,-123.684322,16,4,12,66.47501711156742,115.8833921477151,0
misc_net,837.54,Monitor,WA,47.4852,-120.4158,584,Medical technical officer,48.293419,-119.587485,22,6,9,50.450376454483234,109.04496330938092,1
shopping_net,454.95,Sun City,CA,33.7467,-117.1721,54287,"""Designer, exhibition/display""",34.561643,-117.95365,12,3,12,48.27378507871321,115.68583423119377,0
entertainment,7.44,Sutherland,NE,41.1558,-101.136,1789,Insurance broker,41.93211,-101.231691,20,3,12,38.86652977412731,86.6882899174847,0
health_fitness,59.17,Omaha,NE,41.2064,-95.9953,518429,"""Surveyor, land/geomatics""",41.056251,-96.903795,13,0,1,23.263518138261464,77.89848533181252,0
personal_care,12.13,Conway,WA,48.34,-122.3456,85,"""Research officer, political party""",47.396496,-122.345589,20,6,1,34.38466803559206,104.912858072056,0
shopping_pos,791.6,San Jose,CA,37.3304,-121.7913,973849,Geoscientist,38.032623,-122.391723,23,5,6,22.403832991101982,94.2806708683939,1
misc_pos,439.2,Claremont,CA,34.1092,-117.7183,35705,Wellsite geologist,33.757421,-116.855571,4,2,1,62.63381245722108,88.68485744892799,0
entertainment,68.69,Parks,AZ,35.2563,-111.95,759,"""Geologist, engineering""",35.032507,-112.310587,11,0,1,61.77960301163586,41.16036853362374,0
health_fitness,30.25,Browning,MO,40.029,-93.1607,602,Cytogeneticist,40.838796,-94.020826,13,4,1,64.47638603696099,115.79023802368884,0
home,2.82,Moriarty,NM,34.9889,-106.0609,7268,"""Therapist, art""",34.694905,-105.182604,19,4,12,32.39151266255989,86.56400906283976,0
shopping_pos,2.77,Cardwell,MO,36.0434,-90.2907,1120,Television floor manager,35.499827,-90.546231,4,6,1,61.74127310061601,64.68972779657639,0
shopping_pos,2.94,Arnold,MO,38.4305,-90.387,35439,Land/geomatics surveyor,37.71551,-91.173689,14,2,12,35.75085557837098,105.17940633747698,0
entertainment,22.79,Freedom,WY,43.0172,-111.0292,471,"""Education officer, museum""",42.964345,-111.344491,14,0,1,51.43326488706366,26.30904466418765,0
health_fitness,6.5,Fields Landing,CA,40.7268,-124.2174,276,"""Scientist, audiological""",39.975817,-125.185621,22,3,1,89.66187542778918,117.06656008026356,0
shopping_pos,5.21,Riverton,WY,43.0351,-108.2024,19408,"""Lecturer, higher education""",42.983814,-107.647893,23,3,1,25.349760438056126,45.44626387579189,0
shopping_net,3.49,Roseland,NE,40.4591,-98.5551,463,"""Nurse, mental health""",40.510011,-99.402844,4,6,12,72.57494866529774,71.91890579166072,0
home,45.18,Palmdale,CA,34.5715,-118.0231,171170,Chemical engineer,34.664212,-117.745697,14,0,1,55.6331279945243,27.398307164182444,0
grocery_pos,184.52,Daly City,CA,37.6787,-122.478,107941,"""Buyer, industrial""",36.919201,-122.693492,0,0,1,27.279945242984255,86.5766975311034,0
kids_pets,93.17,Gardiner,OR,43.7857,-124.1437,260,"""Engineer, maintenance""",44.409084,-123.632272,13,0,12,64.32306639288159,80.45328898889507,0
grocery_pos,130.5,Cascade Locks,OR,45.671,-121.8686,1288,Barrister,46.265694,-121.96819,0,5,1,82.69952087611225,66.57338437397193,0
shopping_pos,147.13,Colorado Springs,CO,38.8881,-104.6556,525713,Museum/gallery exhibitions officer,39.86814,-105.441183,16,1,1,26.666666666666668,128.19696630576823,0
personal_care,108.16,Tomales,CA,38.2427,-122.9145,337,Occupational psychologist,39.141943,-123.814582,23,3,12,66.49144421629022,126.88643281485494,0
personal_care,69.48,Parker,CO,39.5102,-104.7216,84861,Materials engineer,38.833493,-104.521833,12,1,12,88.80492813141684,77.19173491632823,0
misc_net,1.39,Littleton,CO,39.5994,-105.0044,320420,Water engineer,40.0874,-105.482994,8,3,1,43.46611909650924,67.92642653515136,0
shopping_pos,1.55,Rock Springs,WY,41.606,-109.23,27971,Music therapist,42.422672,-108.497499,14,1,1,34.43668720054757,109.12535715609312,0
travel,6.35,Unionville,MO,40.4815,-92.9951,3805,"""Investment banker, corporate""",39.526913,-93.379632,20,1,12,70.28884325804243,111.08311556724954,0
shopping_net,8.7,Wales,AK,64.7556,-165.6723,145,"""Administrator, education""",65.023497,-166.148374,2,1,1,79.14579055441479,37.30970390352909,0
home,31.96,Sacramento,CA,38.5662,-121.3286,757530,Magazine features editor,38.979859,-120.497303,17,6,1,39.72621492128679,85.49345982587874,0
gas_transport,81.25,Albuquerque,NM,35.0561,-106.5506,641349,Charity officer,35.977961,-107.434031,5,1,1,51.937029431895965,130.0004580079223,0
misc_net,4.11,Altonah,UT,40.3207,-110.436,302,"""Sales professional, IT""",40.968835,-111.400604,1,0,1,29.010266940451743,108.70638275210838,0
grocery_pos,188.23,Issaquah,WA,47.4974,-122.0107,50489,Osteopath,47.797501,-121.817218,10,2,1,34.861054072553046,36.38143770121346,0
kids_pets,51.76,Kissee Mills,MO,36.6704,-93.0377,1201,"""Engineer, agricultural""",37.613879,-92.309102,20,1,1,38.82819986310746,123.19337370843382,0
food_dining,38.49,Mound City,MO,40.1362,-95.2138,1631,Architect,40.163232,-96.213051,19,0,12,67.93702943189597,84.98226365359994,0
personal_care,10.48,Paradise Valley,AZ,33.5494,-111.9565,17047,Building surveyor,33.747519,-112.912366,15,2,12,85.91923340177961,91.1801793608526,0
gas_transport,64.73,Manville,WY,42.73,-104.7024,241,Educational psychologist,42.782633,-104.871449,11,6,12,40.03011635865845,14.991513455844318,0
shopping_pos,9.34,Eugene,OR,44.0385,-123.0614,191096,"""Scientist, physiological""",43.194714,-123.475295,7,4,1,54.76522929500342,99.56496619125907,0
shopping_net,1.67,Independence,MO,39.1412,-94.3515,123373,"""Engineer, production""",39.315895,-93.949939,21,6,12,28.082135523613964,39.669777689459,0
shopping_net,955.39,Santa Monica,CA,34.0287,-118.4924,92043,"""Civil engineer, contracting""",33.055071,-117.521416,23,4,7,59.2662559890486,140.7780040055341,1
health_fitness,6.86,Burbank,WA,46.1966,-118.9017,3684,Musician,45.820857,-118.129739,15,1,12,39.082819986310746,72.80072468313382,0
home,80.1,Superior,AZ,33.2887,-111.0985,2872,Petroleum engineer,33.931415,-110.542269,16,5,12,33.163586584531146,88.09491349505333,0
grocery_pos,298.76,Craig,AK,55.4732,-133.1171,1920,Commissioning editor,55.408278,-132.321002,0,3,12,23.463381245722108,50.73083968055898,1
home,135.23,Hawthorne,CA,33.9143,-118.3493,93193,"""Editor, magazine features""",33.139718,-118.821775,16,5,12,25.689253935660503,96.6246758055538,0
grocery_pos,114.27,Conway,WA,48.34,-122.3456,85,"""Research officer, political party""",48.561757,-123.231207,0,2,12,36.328542094455855,69.81381576076123,0
gas_transport,9.94,Kaktovik,AK,66.6933,-153.994,239,Careers information officer,66.252098,-154.718147,1,5,3,22.973305954825463,58.650702553028594,1
kids_pets,93.86,Colorado Springs,CO,38.8881,-104.6556,525713,Museum/gallery exhibitions officer,38.762848,-105.294378,22,1,1,26.68583162217659,57.06133681007047,0
shopping_pos,278.51,Palmdale,CA,34.5715,-118.0231,171170,Chemical engineer,33.897189,-118.99228,5,2,12,57.57426420260096,116.44692427668612,0
kids_pets,245.78,Tomales,CA,38.2427,-122.9145,337,Occupational psychologist,39.188928,-121.950559,12,5,12,66.47775496235455,134.40301509132783,0
gas_transport,46.44,Gardiner,OR,43.7857,-124.1437,260,"""Engineer, maintenance""",42.884164,-123.524414,3,6,1,62.34633812457221,112.0615092997702,0
kids_pets,233.56,Conway,WA,48.34,-122.3456,85,"""Research officer, political party""",49.016592,-122.358861,17,3,1,34.37645448323067,75.2398972534335,0
gas_transport,82.2,Campbell,NE,40.2967,-98.737,493,"""Surveyor, minerals""",39.879546,-98.548457,11,5,12,80.28473648186174,49.08018610513037,0
home,47.52,Cascade Locks,OR,45.671,-121.8686,1288,Barrister,45.660157,-121.130572,20,3,1,82.69404517453799,57.3631727896168,0
misc_net,526.44,Browning,MO,40.029,-93.1607,602,Cytogeneticist,40.497207,-92.708527,8,2,1,64.47091033538672,64.67229144101488,0
entertainment,88.33,Tekoa,WA,47.2271,-117.0819,895,Clothing/textile technologist,46.864365,-118.006126,14,6,1,19.64134154688569,80.8127930906923,0
shopping_net,50.93,Carlotta,CA,40.507,-123.9743,1139,"""Therapist, occupational""",40.169993,-123.658108,4,0,12,69.95208761122518,46.07013792393806,0
kids_pets,5.12,Burlington,WA,48.4786,-122.3345,14871,Public house manager,48.216572,-122.432591,23,0,1,44.84873374401095,30.02441495161522,0
kids_pets,39.61,Moriarty,NM,34.9889,-106.0609,7268,"""Therapist, art""",35.468887,-105.237224,14,4,1,30.43668720054757,91.90038855289298,0
misc_net,780.63,American Fork,UT,40.3928,-111.7941,42384,Futures trader,39.72863,-111.424263,2,5,8,26.5927446954141,80.27946867734009,1
shopping_pos,837.97,Fullerton,NE,41.366,-98.0054,1749,"""Surveyor, mining""",41.261585,-98.170919,22,6,12,46.64476386036961,18.052824083753087,1
misc_net,150.25,Wheaton,MO,36.7651,-94.0492,760,Production manager,36.714019,-93.924581,7,5,1,33.36618754277892,12.472824895763088,0
entertainment,26.2,Ruidoso,NM,33.3305,-105.6933,8874,Licensed conveyancer,34.321054,-106.139729,18,1,1,18.414784394250518,117.61085486912482,0
personal_care,170.62,Thompson,UT,38.9999,-109.615,46,"""Surveyor, minerals""",38.939706,-109.835772,17,0,12,33.68377823408624,20.22567968949673,0
grocery_pos,122.48,Blairsden-Graeagle,CA,39.8127,-120.6405,1725,Chartered legal executive (England and Wales),40.054497,-121.170088,7,2,1,51.6413415468857,52.55266654534807,0
misc_net,49.85,Rock Springs,WY,41.606,-109.23,27971,Music therapist,40.913003,-108.506301,2,5,1,34.46680355920602,97.96494612428089,0
grocery_net,67.03,Burlington,WA,48.4786,-122.3345,14871,Public house manager,48.667139,-122.735149,11,6,12,46.80082135523614,36.172119597150896,0
gas_transport,62.43,Sutherland,NE,41.1558,-101.136,1789,Insurance broker,41.710526,-100.316741,8,0,12,38.87748117727584,92.02859210996333,0
shopping_pos,1.25,Smith River,CA,41.9404,-124.1587,1930,Web designer,42.437011,-124.248331,13,4,12,37.53593429158111,55.71218708463806,0
shopping_net,244.3,Monitor,WA,47.4852,-120.4158,584,Medical technical officer,48.255312,-120.599255,3,5,1,49.79603011635866,86.71893440420057,0
home,18.03,Freedom,WY,43.0172,-111.0292,471,"""Education officer, museum""",42.963955,-111.294474,20,6,1,51.43052703627652,22.3736993458735,0
misc_net,88.7,Conway,WA,48.34,-122.3456,85,"""Research officer, political party""",47.491363,-122.665369,22,2,1,34.33538672142368,97.3265261081242,0
travel,429.45,Fiddletown,CA,38.5234,-120.6763,832,Immigration officer,37.783009,-119.705013,15,2,12,33.61806981519507,118.28102201587618,0
misc_net,4.73,Orient,WA,48.8878,-118.2105,149,Special educational needs teacher,47.925056,-118.4726,1,6,12,42.51882272416153,108.7862733922082,0
misc_net,716.27,Unionville,MO,40.4815,-92.9951,3805,"""Investment banker, corporate""",40.617341,-91.99891,23,0,7,68.8104038329911,85.51315417926058,1
gas_transport,52.63,Moab,UT,38.5677,-109.5271,9772,Location manager,38.634975,-110.147456,0,6,12,31.091033538672143,54.425062142674285,0
personal_care,17.34,Mountain Center,CA,33.6401,-116.5567,1661,"""Therapist, music""",34.517055,-116.032998,18,4,12,32.26557152635181,108.78901614575976,0
grocery_net,35.11,Pueblo,CO,38.2352,-104.66,151815,Further education lecturer,37.860082,-104.380534,3,3,1,31.0362765229295,48.35992323277097,0
shopping_pos,2.86,Orient,WA,48.8878,-118.2105,149,Special educational needs teacher,49.493476,-117.630467,16,3,12,42.52977412731006,79.4507441291517,0
grocery_pos,325.59,Fullerton,NE,41.366,-98.0054,1749,"""Surveyor, mining""",41.881216,-98.073377,1,6,12,46.64476386036961,57.5673627527686,1
shopping_pos,122.94,Parker Dam,CA,34.298,-114.156,126,Marketing executive,34.99266,-114.803802,8,3,1,26.258726899383984,97.3553456403415,0
misc_net,12.44,Newhall,CA,34.3795,-118.523,34882,Health physicist,34.605008,-119.451112,8,1,12,49.68104038329911,88.677532738365,0
shopping_net,5.37,Sun City,CA,33.7467,-117.1721,54287,"""Designer, exhibition/display""",34.233526,-117.864486,18,4,1,46.28336755646817,83.69679815624164,0
misc_pos,4.57,Eugene,OR,44.0385,-123.0614,191096,"""Scientist, physiological""",44.61555,-122.284229,3,3,1,54.78165639972622,89.09935927516703,0
shopping_pos,68.84,Superior,AZ,33.2887,-111.0985,2872,Petroleum engineer,32.865915,-111.409803,22,1,1,31.21697467488022,55.23937369474963,0
shopping_net,6.87,Riverton,WY,43.0351,-108.2024,19408,"""Lecturer, higher education""",43.63237,-108.737803,23,2,12,27.301848049281315,79.28329778687204,0
misc_net,68.93,Littleton,CO,39.5994,-105.0044,320420,Water engineer,39.701322,-105.13533,8,3,12,45.42094455852156,15.94037378624122,0
shopping_net,849.79,Thompson,UT,38.9999,-109.615,46,"""Surveyor, minerals""",38.376171,-110.36249,3,4,1,31.73990417522245,94.96941715380096,1
entertainment,160.28,Sun City,CA,33.7467,-117.1721,54287,"""Designer, exhibition/display""",34.580904,-117.17497,18,4,1,46.28336755646817,92.75962842025348,0
shopping_net,1.06,Blairstown,MO,38.5319,-93.9221,467,Agricultural consultant,37.682398,-93.583224,9,1,1,68.61875427789185,99.00412159802296,0
shopping_net,898.86,Daly City,CA,37.6787,-122.478,107941,"""Buyer, industrial""",38.482353,-122.684603,0,5,3,27.44695414099932,91.17334862010271,1
home,22.48,Parker,CO,39.5102,-104.7216,84861,Materials engineer,38.933141,-104.47913,12,3,12,88.8104038329911,67.47993985636572,0
gas_transport,52.38,Mound City,MO,40.1362,-95.2138,1631,Architect,41.010301,-96.152542,10,1,12,67.93976728268309,125.43109903607214,0
travel,5.49,Fort Washakie,WY,43.0048,-108.8964,1645,Information systems manager,42.289541,-109.079051,20,3,12,34.85010266940452,80.92391566215969,0
home,62.93,Dumont,CO,39.7532,-105.6356,565,Mental health nurse,39.325418,-104.911509,22,0,1,40.40246406570842,78.21781883059282,0
misc_pos,1.64,Ballwin,MO,38.577,-90.5255,92608,"""Engineer, communications""",38.358926,-89.61189,17,2,12,19.430527036276523,83.1532904424097,0
grocery_pos,118.61,Altonah,UT,40.3207,-110.436,302,"""Sales professional, IT""",39.444399,-110.222462,9,0,1,28.971937029431896,99.12902131303956,0
misc_pos,7.54,Blairsden-Graeagle,CA,39.8127,-120.6405,1725,Chartered legal executive (England and Wales),39.416322,-119.865556,4,6,1,51.6331279945243,79.6805713041199,0
shopping_net,9.41,Luray,MO,40.4931,-91.8912,519,Town planner,40.516796,-90.931775,10,1,12,54.87474332648871,81.15893335025218,0
food_dining,1.16,Sutherland,NE,41.1558,-101.136,1789,Insurance broker,40.517098,-100.263656,20,3,12,38.88569472963724,102.12505078632014,0
misc_pos,29.84,Meadville,MO,39.7795,-93.3014,964,Tourist information centre manager,39.047318,-94.148179,6,1,1,44.04380561259411,109.17840309558518,0
shopping_pos,832.6,Shedd,OR,44.453,-123.1065,917,Radio broadcast assistant,44.966507,-123.693997,23,1,2,24.61601642710472,73.59129230355941,1
shopping_net,8.89,Matthews,MO,36.7154,-89.6287,1019,Aeronautical engineer,37.011426,-89.942529,12,3,1,39.937029431895965,43.16231141213574,0
kids_pets,56.5,Grenada,CA,41.6125,-122.5258,589,Systems analyst,40.954128,-121.593682,22,2,12,75.02532511978097,106.88925042119818,0
entertainment,24.36,Newberg,OR,45.3099,-122.9685,28278,Research scientist (physical sciences),44.932143,-123.350645,14,0,12,43.449691991786445,51.6078761244984,0
shopping_pos,779.75,Carroll,NE,42.277,-97.1926,566,Metallurgist,42.743913,-96.283554,23,6,2,45.07597535934291,90.8155579939855,1
entertainment,92.7,Superior,AZ,33.2887,-111.0985,2872,Petroleum engineer,34.221653,-111.899463,22,5,1,31.227926078028748,127.4551517336009,0
kids_pets,74.64,Superior,AZ,33.2887,-111.0985,2872,Petroleum engineer,33.211664,-111.188619,18,0,1,31.195071868583163,11.983513698400136,0
misc_net,642.43,Parker,CO,39.5102,-104.7216,84861,Materials engineer,40.096961,-104.328956,23,1,10,87.6167008898015,73.36137923221987,1
shopping_pos,774.06,Williamsburg,MO,38.8874,-91.7689,710,Glass blower/designer,37.982616,-92.368928,23,4,8,48.92265571526352,113.37137398427014,1
misc_net,922.87,Meredith,CO,39.3199,-106.6596,61,Public relations account executive,38.902259,-106.675975,22,5,12,80.09034907597535,46.4610459414393,1
misc_pos,1.89,Redford,MO,37.3272,-91.0243,241,Investment analyst,37.619944,-90.26842,22,5,1,44.2299794661191,74.22338343479818,0
shopping_net,1039.27,Kansas City,MO,38.9621,-94.5959,545147,Counsellor,38.00688,-93.634885,1,2,3,31.29637234770705,135.19663413224478,1
entertainment,55.59,Newhall,CA,34.3795,-118.523,34882,Health physicist,34.647163,-118.059383,17,3,12,49.667351129363446,51.86741960496649,0
grocery_pos,201.74,Sun City,CA,33.7467,-117.1721,54287,"""Designer, exhibition/display""",33.108874,-117.118255,7,0,12,48.26557152635181,71.09882059781846,0
personal_care,72.58,Kissee Mills,MO,36.6704,-93.0377,1201,"""Engineer, agricultural""",36.659941,-92.737093,22,2,1,38.83093771389459,26.837469168661187,0
misc_pos,124.58,Wheaton,MO,36.7651,-94.0492,760,Production manager,37.070407,-94.191921,23,1,1,33.374401095140314,36.242089763506506,0
kids_pets,12.36,Syracuse,MO,38.6547,-92.8929,628,"""Radiographer, diagnostic""",37.856825,-92.743931,12,5,12,59.02258726899384,89.66806541719919,0
personal_care,72.73,Laramie,WY,41.4247,-105.4781,35371,"""Pilot, airline""",40.612397,-104.524796,15,1,12,32.323066392881586,120.6423985087,0
kids_pets,16.78,Sutherland,NE,41.1558,-101.136,1789,Insurance broker,40.533353,-100.565798,12,0,12,38.87748117727584,84.207425367305,0
entertainment,14.74,Blairstown,MO,38.5319,-93.9221,467,Agricultural consultant,38.875971,-93.291163,21,3,1,68.62422997946612,66.79245367235158,0
grocery_pos,102.3,Conway,WA,48.34,-122.3456,85,"""Research officer, political party""",48.524427,-123.089953,4,0,1,34.38740588637919,58.62095355996942,0
shopping_pos,1133.39,Tekoa,WA,47.2271,-117.0819,895,Clothing/textile technologist,46.716521,-116.414628,23,5,8,20.194387405886378,76.06890882338823,1
misc_pos,30.69,Phoenix,AZ,33.5623,-112.0559,1312922,Contractor,34.155319,-111.40599,5,2,12,39.18412046543463,89.15959689977109,0
misc_net,5.85,Thompson,UT,38.9999,-109.615,46,"""Surveyor, minerals""",39.244044,-109.620388,0,1,1,31.731690622861056,27.151552813007434,0
kids_pets,71.2,Arnold,MO,38.4305,-90.387,35439,Land/geomatics surveyor,38.201047,-90.560144,19,0,12,35.74537987679671,29.65044849531392,0
home,10.57,Powell Butte,OR,44.2415,-121.0113,2016,Local government officer,43.544413,-120.040694,18,4,1,65.04585900068446,109.80394652067024,0
kids_pets,41.72,Burbank,WA,46.1966,-118.9017,3684,Musician,47.181562,-119.51438,17,5,1,37.13894592744696,119.0751212945785,0
health_fitness,3.13,High Rolls Mountain Park,NM,32.9396,-105.8189,899,Naval architect,33.436645,-105.565402,12,3,1,51.34565366187543,60.09253581235556,0
food_dining,12.2,Shedd,OR,44.453,-123.1065,917,Radio broadcast assistant,45.420382,-123.675183,19,3,12,25.464750171115675,116.50922699175,0
health_fitness,8.3,Glendale,CA,34.1556,-118.2322,172817,Advertising account planner,34.584764,-118.327517,20,3,1,36.46817248459959,48.51610382073971,0
gas_transport,40.32,Paauilo,HI,20.0271,-155.3697,1490,"""Scientist, research (maths)""",19.63397,-154.88991,5,5,12,29.7056810403833,66.55519323914842,0
home,111.04,Hawthorne,CA,33.9143,-118.3493,93193,"""Editor, magazine features""",34.668298,-119.228665,19,6,12,25.69199178644764,116.42691077730473,0
gas_transport,54.02,Campbell,NE,40.2967,-98.737,493,"""Surveyor, minerals""",39.841184,-99.47303,2,2,1,78.34086242299794,80.54933832100058,0
misc_net,9.38,Moriarty,NM,34.9889,-106.0609,7268,"""Therapist, art""",35.607758,-105.254432,11,5,1,30.439425051334705,100.45787745387804,0
kids_pets,5.11,Mound City,MO,40.1362,-95.2138,1631,Architect,40.993892,-95.50219,17,2,12,67.94250513347022,98.43288771321352,0
shopping_pos,804.93,Holstein,NE,40.4542,-98.6538,331,Telecommunications researcher,41.19601,-97.919504,13,6,5,69.76317590691308,103.05863326657276,1
misc_net,790.95,Loving,NM,32.274,-104.0914,1925,Educational psychologist,31.894484,-103.630521,22,1,8,68.24914442162903,60.54886529679107,1
shopping_pos,6.46,Orient,WA,48.8878,-118.2105,149,Special educational needs teacher,48.874692,-118.461092,14,3,1,40.53661875427789,18.382210947517795,0
gas_transport,66.16,Glendale,CA,34.1556,-118.2322,172817,Advertising account planner,34.917214,-117.798289,11,1,1,36.42436687200548,93.55025056895026,0
shopping_net,1114.22,Valentine,NE,42.8062,-100.6215,4005,Network engineer,43.552956,-99.668637,22,5,9,74.48049281314168,113.4197303843612,1
misc_net,35.73,Carlotta,CA,40.507,-123.9743,1139,"""Therapist, occupational""",39.603942,-124.815502,8,0,1,68.0164271047228,123.32404826613624,0
misc_pos,49.44,Moriarty,NM,34.9889,-106.0609,7268,"""Therapist, art""",35.623282,-106.99695,21,1,12,32.40246406570842,110.41080974375986,0
shopping_pos,3.24,Fullerton,NE,41.366,-98.0054,1749,"""Surveyor, mining""",42.215418,-98.150944,23,4,12,47.63586584531143,95.21855831747116,0
shopping_net,4.39,Burbank,WA,46.1966,-118.9017,3684,Musician,45.985719,-119.077992,22,3,1,37.13347022587269,27.10475729743229,0
personal_care,197.01,Crownpoint,NM,35.7206,-108.0271,5662,IT consultant,36.185336,-108.455967,12,5,12,31.718001368925396,64.50292280210125,0
shopping_pos,3.65,Portland,OR,45.5303,-122.7033,841711,"""Engineer, building services""",45.276354,-121.792207,5,6,1,55.75906913073238,76.52954428835861,0
home,41.51,Newhall,CA,34.3795,-118.523,34882,Health physicist,34.198577,-117.886031,23,3,1,47.73169062286105,61.879685221833945,0
entertainment,98.73,Syracuse,MO,38.6547,-92.8929,628,"""Radiographer, diagnostic""",39.29955,-91.97839,13,4,1,57.08418891170431,106.72648403497872,0
misc_pos,7.19,Daly City,CA,37.6787,-122.478,107941,"""Buyer, industrial""",37.229158,-122.294453,10,4,3,27.444216290212182,52.546910130338105,1
shopping_pos,3.41,Redford,MO,37.3272,-91.0243,241,Investment analyst,37.907524,-90.030241,21,0,1,44.19712525667351,108.76389047434483,0
misc_net,1.02,San Diego,CA,33.0067,-117.069,1241364,Chartered public finance accountant,33.262882,-117.007446,4,0,1,59.46338124572211,29.05701181931582,0
health_fitness,48.74,Utica,MO,39.7417,-93.6289,271,Land/geomatics surveyor,40.029695,-93.414319,12,1,12,48.69815195071869,36.887847077752,0
food_dining,62.68,Matthews,MO,36.7154,-89.6287,1019,Aeronautical engineer,36.409842,-89.57646,18,5,1,39.94250513347023,34.2953491341613,0
health_fitness,72.97,Fort Washakie,WY,43.0048,-108.8964,1645,Freight forwarder,43.212775,-109.52276,17,1,1,42.847364818617386,55.85879051476767,0
health_fitness,184.25,Stayton,OR,44.8021,-122.7624,9587,"""Engineer, biomedical""",45.073995,-122.406566,22,1,1,50.81177275838467,41.21300730630121,0
entertainment,8.75,Cardwell,MO,36.0434,-90.2907,1120,Television floor manager,37.02967,-89.542506,19,0,12,63.69883641341547,128.43340282354603,0
shopping_pos,7.53,San Diego,CA,32.7185,-117.1593,1241364,Comptroller,32.899714,-117.645682,21,3,12,33.06776180698152,49.721780481019614,0
home,68.96,Holstein,NE,40.4542,-98.6538,331,Telecommunications researcher,40.471296,-99.552734,19,4,1,68.41615331964408,76.07344018691603,0
shopping_pos,4.0,Altonah,UT,40.3207,-110.436,302,"""Sales professional, IT""",39.506904,-110.986347,17,0,1,28.971937029431896,101.93858527908267,0
grocery_pos,116.79,Fort Washakie,WY,43.0048,-108.8964,1645,Freight forwarder,42.426388,-109.31694,7,6,1,42.861054072553046,72.91776963946624,0
entertainment,91.4,Pueblo,CO,38.2352,-104.66,151815,Further education lecturer,38.653849,-103.806022,15,0,1,31.028062970568104,87.73914412219679,0
gas_transport,8.12,Utica,MO,39.7417,-93.6289,271,Land/geomatics surveyor,39.4273,-93.330428,2,1,3,46.93497604380561,43.317500129975855,1
kids_pets,16.88,Mountain Center,CA,33.6401,-116.5567,1661,"""Therapist, music""",32.762737,-115.782402,23,4,1,30.310746064339494,121.27448966632208,0
home,86.68,Red Cliff,CO,39.4584,-106.3851,277,Human resources officer,38.962183,-106.258672,19,2,1,33.74948665297741,56.24170310358186,0
home,19.72,Aurora,CO,39.6662,-104.835,389246,"""Scientist, marine""",39.610624,-104.468346,20,1,12,51.04722792607803,31.998823439041093,0
kids_pets,79.88,Burbank,WA,46.1966,-118.9017,3684,Musician,46.094245,-118.109775,23,6,1,37.14168377823409,62.061528524834046,0
shopping_net,81.79,Ravenna,NE,41.0233,-98.9041,2202,"""Solicitor, Scotland""",40.818184,-98.516937,4,4,12,46.51334702258727,39.72876833944581,0
kids_pets,58.48,Manley,NE,40.9207,-96.168,206,Human resources officer,41.311086,-96.52995,18,6,1,51.27720739219713,52.95003549959524,0
kids_pets,71.26,Kent,OR,45.0838,-120.6649,60,Museum education officer,44.238695,-121.529817,12,2,1,76.78850102669405,116.23117265637788,0
misc_pos,18.69,Colorado Springs,CO,38.8881,-104.6556,525713,Museum/gallery exhibitions officer,38.485576,-105.490386,11,3,12,28.64613278576317,85.1651568593766,0
home,20.65,Ruidoso,NM,33.3305,-105.6933,8874,Licensed conveyancer,32.759179,-105.347391,15,0,1,18.412046543463383,71.24121140730152,0
shopping_net,3.64,Sprague,NE,40.6267,-96.7456,142,Chiropodist,39.955624,-95.897,10,1,12,53.34976043805612,103.67414185677976,0
gas_transport,65.47,Honokaa,HI,20.0827,-155.488,4878,Physiotherapist,19.893265,-155.462633,3,0,12,54.06981519507187,21.23034589653287,0
travel,9.9,Honokaa,HI,20.0827,-155.488,4878,Physiotherapist,20.219604,-154.709206,14,4,1,52.12594113620808,82.70992015626061,0
personal_care,19.24,Jelm,WY,41.0539,-106.0763,100,Public librarian,40.375162,-106.756212,22,3,7,45.215605749486656,94.7614229974145,1
health_fitness,16.71,Manley,NE,40.9207,-96.168,206,Human resources officer,41.239398,-96.135472,21,6,12,53.23203285420944,35.542325349928106,0
shopping_net,1113.79,Red River,NM,36.6659,-105.4694,606,"""Surveyor, land/geomatics""",37.170368,-105.846143,6,6,3,31.482546201232037,65.33211614493622,1
health_fitness,101.09,Glendale,CA,34.1556,-118.2322,172817,Advertising account planner,35.055825,-118.492974,21,5,1,36.435318275154,102.90621029324537,0
home,47.88,North Loup,NE,41.4972,-98.7858,509,"""Nurse, children's""",41.374597,-99.2267,13,1,1,38.33264887063656,39.2013167660909,0
grocery_pos,77.49,Conway,WA,48.34,-122.3456,85,"""Research officer, political party""",48.646398,-121.617024,0,5,1,34.34360027378508,63.5859802916777,0
misc_net,174.82,Carlotta,CA,40.507,-123.9743,1139,"""Therapist, occupational""",40.254633,-124.501575,8,5,1,67.97262149212868,52.74604235023156,0
personal_care,103.31,Thompson,UT,38.9999,-109.615,46,"""Surveyor, minerals""",39.048726,-108.73923,20,0,12,33.68377823408624,75.84764229706634,0
personal_care,10.85,Newberg,OR,45.3099,-122.9685,28278,Research scientist (physical sciences),45.989362,-122.85239,21,0,12,43.449691991786445,76.08985320377596,0
shopping_net,1.05,Thompson,UT,38.9999,-109.615,46,"""Surveyor, minerals""",39.49525,-109.239732,23,1,12,33.686516084873375,63.85986694927892,0
shopping_net,876.1,Altonah,UT,40.3207,-110.436,302,"""Sales professional, IT""",40.638516,-109.952976,3,5,6,30.42299794661191,54.0174729896335,1
misc_net,1.66,Carlotta,CA,40.507,-123.9743,1139,"""Therapist, occupational""",40.587183,-124.300559,0,0,1,67.97809719370294,28.972858773323185,0
shopping_pos,3.91,Redford,MO,37.3272,-91.0243,241,Investment analyst,37.484376,-91.335236,19,4,12,46.16290212183436,32.55366813678163,0
entertainment,17.94,Scotts Mills,OR,44.9897,-122.6187,1252,"""Engineer, petroleum""",44.184063,-122.088616,4,0,12,83.89048596851471,98.92985470021937,0
home,69.6,Smith River,CA,41.9404,-124.1587,1930,Web designer,41.393114,-124.18747,15,6,1,35.56741957563313,60.90233074589536,0
shopping_pos,6.95,Freedom,WY,43.0172,-111.0292,471,"""Education officer, museum""",42.053955,-110.228644,1,4,12,53.399041752224505,125.5954723552306,0
home,30.04,Newhall,CA,34.3795,-118.523,34882,Health physicist,34.068369,-118.271496,17,5,12,49.67282683093772,41.61239017712929,0
shopping_net,859.91,Athena,OR,45.8289,-118.4971,1302,Dealer,46.232287,-118.660137,22,4,3,43.40041067761807,46.5870063226096,1
kids_pets,3.18,Burlington,WA,48.4786,-122.3345,14871,Public house manager,47.73173,-122.614618,15,1,1,44.81314168377824,85.61296570322966,0
food_dining,39.78,Mesa,ID,44.6255,-116.4493,129,Cartographer,43.903843,-116.579097,19,2,1,53.06776180698152,80.90744948062319,0
personal_care,20.0,Crownpoint,NM,35.7206,-108.0271,5662,IT consultant,35.191041,-108.255173,22,3,12,30.6776180698152,62.402672829188376,1
gas_transport,8.27,Moab,UT,38.5677,-109.5271,9772,Location manager,39.500255,-110.124889,0,4,5,29.475701574264203,115.8382846666954,1
grocery_pos,184.27,Meridian,ID,43.6498,-116.4306,84106,Intelligence analyst,43.721587,-116.509846,9,0,1,47.9233401779603,10.213809591251334,0
home,12.25,San Diego,CA,32.7185,-117.1593,1241364,Comptroller,31.878856,-117.199713,12,1,1,31.107460643394933,93.44138555478769,0
grocery_pos,120.19,Westerville,NE,41.4193,-99.3844,73,Product designer,40.544583,-99.295223,4,6,1,83.9233401779603,97.55171426825945,0
gas_transport,43.16,Carlotta,CA,40.507,-123.9743,1139,"""Therapist, occupational""",40.162634,-123.8759,2,6,1,67.97535934291581,39.18955817178684,0
food_dining,138.45,Cardwell,MO,36.0434,-90.2907,1120,Television floor manager,36.278088,-89.97629,22,6,12,63.696098562628336,38.441087886941865,0
travel,7.55,Roseland,NE,40.4591,-98.5551,463,"""Nurse, mental health""",39.675498,-98.232851,23,2,3,70.81998631074606,91.34562232560268,1
grocery_pos,150.82,June Lake,CA,37.7773,-119.0825,633,Health service manager,38.179302,-119.614224,7,1,1,91.31279945242984,64.57654550476678,0
kids_pets,12.2,Superior,AZ,33.2887,-111.0985,2872,Petroleum engineer,32.834849,-110.900625,18,4,12,33.16084873374401,53.72934453867164,0
kids_pets,15.83,Loving,NM,32.274,-104.0914,1925,Educational psychologist,33.023627,-104.815954,12,3,12,68.59958932238193,107.4693120545849,0
home,130.24,Napa,CA,38.4549,-122.2564,94014,Airline pilot,37.57348,-122.175675,23,2,12,35.35934291581109,98.26423018197468,0
misc_net,26.05,Arnold,MO,38.4305,-90.387,35439,Land/geomatics surveyor,39.246843,-90.286699,8,6,1,33.78781656399726,91.18792495104462,0
gas_transport,58.42,Smith River,CA,41.9404,-124.1587,1930,Web designer,42.773736,-123.517307,9,0,12,37.5441478439425,106.60084752528849,0
gas_transport,44.65,Matthews,MO,36.7154,-89.6287,1019,Aeronautical engineer,36.183167,-88.927438,6,1,1,39.950718685831625,86.23555303694786,0
health_fitness,12.55,Centerview,MO,38.7897,-93.8702,2368,Electronics engineer,39.169693,-93.867407,17,3,1,29.4839151266256,42.25398347173595,0
shopping_net,1080.62,Vinton,CA,40.0235,-120.7986,128,Education administrator,40.768845,-121.061243,23,3,1,53.93839835728953,85.8110046012406,1
kids_pets,66.15,Santa Monica,CA,34.0287,-118.4924,92043,"""Civil engineer, contracting""",34.933678,-119.24722,14,6,12,59.67419575633128,122.11743678741534,0
travel,9.72,Centerview,MO,38.7897,-93.8702,2368,Electronics engineer,39.022731,-93.185436,12,3,1,29.464750171115675,64.66990135274877,0
shopping_pos,147.13,Colorado Springs,CO,38.8881,-104.6556,525713,Museum/gallery exhibitions officer,39.86814,-105.441183,16,1,1,26.666666666666668,128.19696630576823,0
shopping_pos,2.15,Carlotta,CA,40.507,-123.9743,1139,"""Therapist, occupational""",41.302169,-123.883081,1,1,1,68.0,88.75045796011683,0
shopping_pos,1.04,Holstein,NE,40.4542,-98.6538,331,Telecommunications researcher,41.096205,-99.375293,8,5,1,68.39972621492129,93.73933462842191,0
travel,5.91,Blairsden-Graeagle,CA,39.8127,-120.6405,1725,Chartered legal executive (England and Wales),39.960406,-121.006299,18,5,12,53.58521560574949,35.268243037556275,0
shopping_pos,276.05,Issaquah,WA,47.4974,-122.0107,50489,Osteopath,46.696236,-121.055829,12,5,12,36.824093086926766,114.71841122822356,0
gas_transport,50.56,Carlotta,CA,40.507,-123.9743,1139,"""Therapist, occupational""",40.557406,-123.975257,4,6,1,67.97535934291581,5.605474981719151,0
misc_pos,4.77,Ballwin,MO,38.577,-90.5255,92608,"""Engineer, communications""",37.864773,-90.852688,20,3,12,19.43326488706365,84.19586097413791,0
home,4.26,Carlotta,CA,40.507,-123.9743,1139,"""Therapist, occupational""",41.321026,-123.337995,22,1,12,69.95482546201232,105.12730608799006,0
kids_pets,114.76,Superior,AZ,33.2887,-111.0985,2872,Petroleum engineer,32.495269,-111.478307,15,3,12,33.177275838466805,95.08567105940276,0
health_fitness,164.94,Colorado Springs,CO,38.8881,-104.6556,525713,Museum/gallery exhibitions officer,39.304213,-103.797025,20,0,1,26.702258726899384,87.35259029213093,0
travel,4.07,Ballwin,MO,38.577,-90.5255,92608,"""Engineer, communications""",37.731183,-89.994185,21,5,1,17.4839151266256,104.89839047583727,0
grocery_pos,98.78,Dumont,CO,39.7532,-105.6356,565,Mental health nurse,40.05465,-106.300316,4,0,12,42.338124572210816,65.8669365369799,0
personal_care,70.42,Dumont,CO,39.7532,-105.6356,565,Mental health nurse,40.581072,-106.429206,23,4,1,40.375085557837096,114.11044616783064,0
shopping_pos,49.33,High Rolls Mountain Park,NM,32.9396,-105.8189,899,Naval architect,32.333241,-106.814461,4,4,12,53.3223819301848,115.04878870923775,0
grocery_pos,297.64,Athena,OR,45.8289,-118.4971,1302,Dealer,46.597497,-119.421557,22,4,3,43.40041067761807,111.1910528213334,1
home,6.27,Luray,MO,40.4931,-91.8912,519,Town planner,40.293006,-91.423694,15,6,1,52.8952772073922,45.41546552261145,0
personal_care,42.86,Newhall,CA,34.3795,-118.523,34882,Health physicist,35.000877,-118.700587,17,1,1,47.70704996577687,70.97603851298845,0
health_fitness,32.5,Paauilo,HI,20.0271,-155.3697,1490,"""Scientist, research (maths)""",19.622813,-155.2685,18,4,12,29.70294318959617,46.18424534874857,0
grocery_pos,113.16,Paauilo,HI,20.0271,-155.3697,1490,"""Scientist, research (maths)""",19.527399,-155.348868,3,6,1,27.772758384668037,55.606955511018434,0
gas_transport,7.65,Portland,OR,45.5303,-122.7033,841711,"""Engineer, building services""",45.040038,-121.810712,3,2,7,57.30047912388775,88.58924386287345,1
personal_care,3.17,Fort Washakie,WY,43.0048,-108.8964,1645,Information systems manager,43.924336,-109.154454,22,6,1,32.903490759753595,104.34702049119166,0
shopping_net,270.67,Lakeport,CA,39.047,-122.9328,11256,Podiatrist,39.204831,-123.12458,15,5,1,46.25325119780972,24.11794921127864,0
misc_net,80.46,Jordan Valley,OR,42.8801,-117.281,641,Economist,43.800396,-117.256126,1,0,12,27.093771389459278,102.35201402682073,0
grocery_pos,95.66,Redford,MO,37.3272,-91.0243,241,Investment analyst,37.009166,-91.130233,0,5,1,44.21081451060917,36.58826071697246,0
grocery_pos,113.15,Colton,WA,46.5901,-117.1692,761,Chief Marketing Officer,47.50622,-116.820623,4,4,1,75.55373032169747,105.23550198006096,0
grocery_pos,180.69,Littleton,CO,39.5994,-105.0044,320420,Water engineer,39.359554,-104.711468,5,6,1,43.43600273785079,36.651703169341744,0
shopping_pos,1.44,Meredith,CO,39.3199,-106.6596,61,Public relations account executive,38.550552,-107.494308,9,0,1,79.19507186858316,111.93986098802164,0
home,38.24,Napa,CA,38.4549,-122.2564,94014,Airline pilot,38.561692,-122.154733,14,3,1,33.38809034907597,14.80760908320521,0
gas_transport,58.93,Owensville,MO,38.3511,-91.4867,6703,Naval architect,39.002186,-91.533462,9,6,1,20.670773442847366,72.51117038749945,0
misc_net,5.45,Espanola,NM,35.9866,-106.0654,18408,Historic buildings inspector/conservation officer,36.704095,-105.516115,1,4,12,48.43805612594114,93.72969321710572,0
shopping_net,705.4,High Rolls Mountain Park,NM,32.9396,-105.8189,899,Naval architect,33.706382,-106.110671,6,4,12,53.3223819301848,89.46811958837554,0
health_fitness,43.37,Moriarty,NM,34.9889,-106.0609,7268,"""Therapist, art""",35.829672,-106.35504,17,6,1,30.442162902121837,97.21561653646604,0
gas_transport,43.38,Matthews,MO,36.7154,-89.6287,1019,Aeronautical engineer,36.633173,-90.510471,4,6,12,41.9192334017796,79.16861326292027,0
food_dining,75.88,Carroll,NE,42.277,-97.1926,566,Metallurgist,42.658414,-97.049135,18,3,1,43.937029431895965,44.013542001125415,0
entertainment,50.92,Fields Landing,CA,40.7268,-124.2174,276,"""Scientist, audiological""",40.865518,-123.411278,15,6,12,91.64407939767284,69.58916373441792,0
entertainment,66.99,Phoenix,AZ,33.5623,-112.0559,1312922,Contractor,34.437626,-111.280441,17,5,1,37.21834360027378,120.76176804149353,0
misc_pos,793.81,Matthews,MO,36.7154,-89.6287,1019,Aeronautical engineer,37.437569,-90.269994,0,2,9,40.62422997946612,98.41208176269416,1
shopping_pos,42.37,Wales,AK,64.7556,-165.6723,145,"""Administrator, education""",64.561986,-165.697816,7,0,12,81.13620807665983,21.56311579840739,0
gas_transport,53.33,Sutherland,NE,41.1558,-101.136,1789,Insurance broker,41.118619,-101.953303,5,6,12,38.87474332648871,68.56948511403027,0
personal_care,13.11,June Lake,CA,37.7773,-119.0825,633,Health service manager,37.838361,-120.060118,17,3,1,91.31827515400413,86.1531706622671,0
gas_transport,59.4,Meridian,ID,43.6498,-116.4306,84106,Intelligence analyst,43.258811,-115.943393,1,0,1,47.94250513347023,58.62368320726684,0
kids_pets,118.93,Smith River,CA,41.9404,-124.1587,1930,Web designer,41.185724,-123.700364,15,6,1,35.605749486652975,92.17361663181065,0
shopping_pos,5.59,Phoenix,AZ,33.5623,-112.0559,1312922,Contractor,33.927186,-111.791456,21,6,12,39.175906913073234,47.371293016764426,0
grocery_pos,292.85,Aurora,CO,39.6662,-104.835,389246,"""Scientist, marine""",40.477301,-104.170544,2,6,10,49.83436002737851,106.44609770357076,1
gas_transport,62.13,Colton,WA,46.5901,-117.1692,761,Chief Marketing Officer,46.034983,-117.789809,10,0,12,77.49760438056126,77.98763999820562,0
gas_transport,39.55,Mound City,MO,40.1362,-95.2138,1631,Architect,39.664541,-95.705326,10,6,12,67.93429158110882,67.14630430986993,0
grocery_pos,41.41,Glendale,CA,34.1556,-118.2322,172817,Advertising account planner,34.960676,-118.175196,5,0,12,38.41478439425051,89.67242983718694,0
home,36.84,Colton,WA,46.5901,-117.1692,761,Chief Marketing Officer,46.559552,-118.070635,22,3,12,77.48665297741273,68.98550715179445,0
shopping_net,1.9,San Diego,CA,33.0067,-117.069,1241364,"""Pharmacist, hospital""",33.231144,-116.391804,6,5,1,58.88569472963724,67.82557705188292,0
personal_care,14.14,Kirk,CO,39.6171,-102.4776,207,Network engineer,40.335909,-102.163819,19,5,1,63.12662559890486,84.28117366070884,0
personal_care,39.8,Carlotta,CA,40.507,-123.9743,1139,"""Therapist, occupational""",41.047965,-123.919703,21,0,12,69.95208761122518,60.32797609106848,0
gas_transport,72.28,Parker,CO,39.5102,-104.7216,84861,Materials engineer,40.448668,-104.63093,10,1,1,86.81177275838466,104.63844749244886,0
grocery_net,57.77,Sutherland,NE,41.1558,-101.136,1789,Insurance broker,41.813214,-101.998534,4,3,1,36.91170431211499,102.49794624293976,0
misc_net,849.01,Brashear,MO,40.1959,-92.4333,805,Private music teacher,41.173005,-91.451523,22,1,12,49.492128678986994,136.59129581873682,1
gas_transport,81.74,Holstein,NE,40.4542,-98.6538,331,Telecommunications researcher,40.124556,-99.35941,1,6,1,68.3832991101985,70.18097740277805,0
kids_pets,63.72,Owensville,MO,38.3511,-91.4867,6703,Naval architect,38.289823,-91.579178,17,0,12,22.60917180013689,10.559984235002576,0
health_fitness,49.59,Laramie,WY,41.4247,-105.4781,35371,"""Pilot, airline""",41.879963,-104.984004,23,1,12,32.323066392881586,65.17565515098971,0
shopping_net,34.7,Lakeport,CA,39.047,-122.9328,11256,Podiatrist,38.283515,-122.724825,14,0,1,46.25872689938399,86.79462633110386,0
misc_pos,55.05,Sutherland,NE,41.1558,-101.136,1789,Insurance broker,40.555732,-102.015525,18,6,1,36.93908281998631,99.61751346847042,0
gas_transport,49.08,Campbell,NE,40.2967,-98.737,493,"""Surveyor, minerals""",40.746274,-98.570706,3,2,12,80.29568788501027,51.92887769201787,0
grocery_pos,87.52,Paauilo,HI,20.0271,-155.3697,1490,"""Scientist, research (maths)""",19.720165,-156.068505,11,6,12,29.70841889117043,80.65292086733835,0
grocery_pos,135.28,Westfir,OR,43.7575,-122.481,597,Forensic psychologist,44.379407,-121.830924,5,4,12,59.60301163586585,86.48421289044403,0
travel,9.69,Tekoa,WA,47.2271,-117.0819,895,Clothing/textile technologist,46.240087,-117.607921,20,2,12,21.58521560574949,116.84265342047004,0
shopping_net,881.12,Craig,AK,55.4732,-133.1171,1920,Commissioning editor,56.034742,-132.408328,23,3,12,23.463381245722108,76.58801352737129,1
kids_pets,54.93,Browning,MO,40.029,-93.1607,602,Cytogeneticist,39.625186,-92.716373,16,1,12,66.46132785763176,58.78679870297446,0
shopping_net,1.07,Iliff,CO,40.7692,-103.0968,648,Community arts worker,40.784648,-102.690466,8,3,12,51.27720739219713,34.25771109129531,0
shopping_net,1128.83,Carlotta,CA,40.507,-123.9743,1139,"""Therapist, occupational""",39.674539,-124.877603,22,1,12,69.89733059548254,120.30193436005824,1
gas_transport,65.55,American Fork,UT,40.3928,-111.7941,42384,Futures trader,39.880203,-112.638099,3,0,1,26.04243668720055,91.63209593847424,0
shopping_pos,826.27,Issaquah,WA,47.4974,-122.0107,50489,Osteopath,48.399267,-121.500632,3,1,6,36.33401779603012,107.2367031859775,1
shopping_pos,725.52,Saint Louis,MO,38.6171,-90.4504,927396,Occupational hygienist,39.106587,-90.9344,9,6,1,58.83915126625599,68.69175415141196,0
grocery_pos,194.1,Colorado Springs,CO,38.8881,-104.6556,525713,Museum/gallery exhibitions officer,39.219047,-104.411477,1,0,1,26.663928815879533,42.4095258922876,0
gas_transport,53.66,Mountain Center,CA,33.6401,-116.5567,1661,"""Therapist, music""",33.386197,-117.401629,1,3,12,32.28199863107461,83.26534589138227,0
gas_transport,73.43,Athena,OR,45.8289,-118.4971,1302,Dealer,46.544202,-119.292294,8,4,12,44.18617385352498,100.3661576950442,0
shopping_pos,6.78,Howells,NE,41.6964,-96.9858,1063,Research scientist (maths),41.568463,-96.198637,4,2,12,92.74469541409994,66.94937109346945,0
food_dining,63.28,Centerview,MO,38.7897,-93.8702,2368,Electronics engineer,39.288453,-94.307133,15,5,1,29.470225872689937,67.07978759626253,0
home,69.44,Burbank,WA,46.1966,-118.9017,3684,Musician,46.342136,-119.421293,12,3,1,37.09514031485284,43.09275063692038,0
shopping_pos,131.95,Manley,NE,40.9207,-96.168,206,Human resources officer,40.691306,-96.144149,11,5,1,51.25530458590007,25.586320635106212,0
personal_care,23.32,Holstein,NE,40.4542,-98.6538,331,Telecommunications researcher,39.483534,-98.264825,16,1,1,68.40793976728268,112.90825541436824,0
personal_care,65.75,Sun City,CA,33.7467,-117.1721,54287,"""Designer, exhibition/display""",33.06418,-117.830145,18,0,1,46.31074606433949,97.42040903297564,0
home,71.28,Luray,MO,40.4931,-91.8912,519,Town planner,40.780326,-92.88831,14,0,1,52.91718001368925,89.99405807949381,0
misc_pos,18.48,Thompson,UT,38.9999,-109.615,46,"""Surveyor, minerals""",38.754067,-109.331323,15,3,12,33.69199178644764,36.74558293100496,0
misc_net,51.43,June Lake,CA,37.7773,-119.0825,633,Health service manager,37.338928,-118.638409,1,0,1,91.36755646817248,62.51736118219445,0
gas_transport,60.06,Ashford,WA,46.7531,-121.9898,759,Video editor,47.509188,-121.787054,3,0,12,64.28747433264887,85.46060702259048,0
entertainment,82.82,Meadville,MO,39.7795,-93.3014,964,Tourist information centre manager,39.04004,-92.985564,22,0,12,46.01505817932922,86.58549111286803,0
home,172.25,Hawthorne,CA,33.9143,-118.3493,93193,"""Editor, magazine features""",33.932172,-119.012822,13,3,1,23.72895277207392,61.2539836060855,0
shopping_pos,9.85,Howells,NE,41.6964,-96.9858,1063,Research scientist (maths),41.575739,-96.279788,5,5,12,92.7337440109514,60.18732325997513,0
food_dining,34.58,Moab,UT,38.5677,-109.5271,9772,Location manager,39.419454,-110.275483,19,6,1,29.155373032169745,114.68654379381488,0
shopping_pos,93.01,Meridian,ID,43.6498,-116.4306,84106,Intelligence analyst,44.460493,-116.799905,20,0,12,49.87816563997262,94.85261917798128,0
gas_transport,82.99,Luray,MO,40.4931,-91.8912,519,Town planner,39.825706,-92.359671,10,5,1,52.89253935660506,84.21470284822463,0
grocery_pos,369.54,Azusa,CA,34.1248,-117.9031,59705,Civil Service fast streamer,34.648215,-118.361462,3,5,9,37.2621492128679,71.8083799864343,1
misc_pos,64.73,Meridian,ID,43.6498,-116.4306,84106,Intelligence analyst,43.319943,-116.35552,5,2,12,49.88364134154688,37.17522770524627,0
shopping_net,843.12,June Lake,CA,37.7773,-119.0825,633,Health service manager,37.439564,-118.477502,0,6,12,93.30047912388775,65.19585545728789,0
shopping_pos,1.06,Sprague,NE,40.6267,-96.7456,142,Chiropodist,40.817102,-96.597142,9,6,1,51.370294318959616,24.59200996285834,0
health_fitness,51.21,Loving,NM,32.274,-104.0914,1925,Educational psychologist,32.899234,-103.672257,14,1,1,66.63928815879535,79.84671947059178,0
grocery_pos,355.18,Wendel,CA,40.3406,-120.2824,104,"""Teacher, adult education""",41.138186,-119.452939,0,5,1,30.42299794661191,112.91052304330448,1
grocery_pos,142.24,Holstein,NE,40.4542,-98.6538,331,Telecommunications researcher,40.691158,-98.411735,11,0,1,68.38603696098562,33.35039652821064,0
shopping_net,2.48,Kirk,CO,39.6171,-102.4776,207,Network engineer,39.205691,-102.766246,4,6,12,65.06502395619438,52.03520320950903,0
grocery_pos,221.77,Newhall,CA,34.3795,-118.523,34882,Health physicist,34.792885,-118.026857,5,2,12,49.68377823408624,64.62000548558507,0
misc_net,4.6,Issaquah,WA,47.4974,-122.0107,50489,Osteopath,47.638574,-122.46912,1,3,12,36.837782340862425,37.80591818642109,0
misc_pos,218.71,Littleton,CO,39.5994,-105.0044,320420,Water engineer,39.335171,-104.102882,1,1,1,43.422313483915126,82.77651594999121,0
shopping_pos,555.35,Meridian,ID,43.6498,-116.4306,84106,Intelligence analyst,42.994598,-116.852435,23,1,1,47.92607802874743,80.4505771749523,0
home,69.92,Sacramento,CA,38.5662,-121.3286,757530,Magazine features editor,37.595786,-120.413455,12,1,1,39.71252566735113,134.38327080772754,0
health_fitness,2.2,Holstein,NE,40.4542,-98.6538,331,Telecommunications researcher,40.103286,-99.048708,18,0,12,70.36002737850787,51.427907828643086,0
food_dining,80.59,Utica,MO,39.7417,-93.6289,271,Land/geomatics surveyor,40.445319,-93.758998,16,5,12,48.68993839835729,79.0176200758056,0
health_fitness,59.17,Omaha,NE,41.2064,-95.9953,518429,"""Surveyor, land/geomatics""",41.056251,-96.903795,13,0,1,23.263518138261464,77.89848533181252,0
food_dining,16.02,Shedd,OR,44.453,-123.1065,917,Radio broadcast assistant,44.091381,-122.945784,18,0,1,23.540041067761805,42.19712155024202,0
gas_transport,52.04,Manley,NE,40.9207,-96.168,206,Human resources officer,41.691126,-96.143938,5,3,12,53.242984257357975,85.69103543212309,0
grocery_net,105.38,North Loup,NE,41.4972,-98.7858,509,"""Nurse, children's""",41.271599,-99.630652,3,1,1,38.2943189596167,74.81534932352217,0
travel,3.85,Carlotta,CA,40.507,-123.9743,1139,"""Therapist, occupational""",40.19482,-124.335236,21,0,1,68.0164271047228,46.26530322322825,0
gas_transport,11.15,Carroll,NE,42.277,-97.1926,566,Metallurgist,41.843552,-97.165502,1,6,2,45.07597535934291,48.24910751442207,1
gas_transport,92.42,Espanola,NM,35.9866,-106.0654,18408,Historic buildings inspector/conservation officer,36.374161,-106.738658,6,1,12,48.44900752908966,74.21910006078552,0
shopping_pos,4.94,Sun City,CA,33.7467,-117.1721,54287,"""Designer, exhibition/display""",34.288116,-117.635829,18,0,12,48.26557152635181,73.83114515557999,0
grocery_pos,204.55,Littleton,CO,39.5994,-105.0044,320420,Water engineer,39.047851,-105.812008,0,1,1,43.441478439425055,92.66650525364668,0
gas_transport,44.46,Manville,WY,42.73,-104.7024,241,Educational psychologist,43.159464,-104.774202,8,2,1,38.064339493497606,48.11051508336491,0
grocery_pos,101.99,Helm,CA,36.4992,-120.0936,123,Early years teacher,35.785117,-120.698716,1,5,12,47.88227241615332,96.21409450277402,0
misc_pos,4.64,Red River,NM,36.6659,-105.4694,606,"""Surveyor, land/geomatics""",36.84257,-105.862634,14,6,1,30.3709787816564,40.16531582310238,0
home,6.68,Centerview,MO,38.7897,-93.8702,2368,Electronics engineer,38.939962,-94.565916,14,6,1,29.51129363449692,62.50898473193858,0
grocery_pos,132.88,Grenada,CA,41.6125,-122.5258,589,Systems analyst,42.228966,-122.770464,7,6,1,73.08145106091717,71.47424106234322,0
personal_care,73.1,Conway,WA,48.34,-122.3456,85,"""Research officer, political party""",48.882249,-122.86862,21,5,12,36.31759069130732,71.51217018189281,0
misc_net,7.37,High Rolls Mountain Park,NM,32.9396,-105.8189,899,Naval architect,32.386548,-106.067765,1,2,12,53.33607118412046,65.76123168417683,0
entertainment,74.63,Kissee Mills,MO,36.6704,-93.0377,1201,"""Engineer, agricultural""",36.024574,-92.933552,14,4,12,40.772073921971256,72.41579026913402,0
home,223.89,Jelm,WY,41.0539,-106.0763,100,Public librarian,40.41506,-106.529194,23,3,7,45.215605749486656,80.63607366789924,1
gas_transport,110.41,Newberg,OR,45.3099,-122.9685,28278,Research scientist (physical sciences),44.92492,-122.583812,4,3,1,41.503080082135526,52.37948241584197,0
misc_net,5.56,Lake Oswego,OR,45.4093,-122.6847,42817,Planning and development surveyor,44.87279,-123.616743,3,3,1,36.62149212867899,94.35458336858588,0
misc_net,9.41,Meredith,CO,39.3199,-106.6596,61,Public relations account executive,39.234361,-105.821303,9,4,1,79.16769336071184,72.7805061782688,0
food_dining,3.37,Holstein,NE,40.4542,-98.6538,331,Telecommunications researcher,39.541515,-99.019341,12,0,12,70.36002737850787,106.1550614141652,0
misc_pos,38.84,Ravenna,NE,41.0233,-98.9041,2202,"""Solicitor, Scotland""",40.442897,-98.146768,4,0,12,46.521560574948666,90.75767081391491,0
shopping_pos,1194.56,Coulee Dam,WA,48.0379,-118.9419,1439,"""Pilot, airline""",47.387798,-118.757079,20,6,3,19.482546201232037,73.59863566367619,1
entertainment,13.48,San Jose,CA,37.3304,-121.7913,973849,Geoscientist,38.110652,-121.872653,18,1,12,23.94524298425736,87.05462110507756,0
shopping_net,1175.88,Campbell,NE,40.2967,-98.737,493,"""Surveyor, minerals""",40.368226,-99.166069,22,4,5,78.67214236824093,37.22906323766868,1
entertainment,6.68,Sutherland,NE,41.1558,-101.136,1789,Insurance broker,41.904363,-101.372626,23,2,1,36.90896646132786,85.53511335180912,0
shopping_pos,5.93,Cascade Locks,OR,45.671,-121.8686,1288,Barrister,45.679638,-122.821303,3,0,12,84.65982203969884,74.02558778106368,0
shopping_pos,5.33,San Diego,CA,33.0067,-117.069,1241364,Chartered public finance accountant,32.758952,-116.53687,9,5,12,61.39356605065024,56.81548320260281,0
shopping_net,1020.23,Riverton,WY,43.0351,-108.2024,19408,"""Lecturer, higher education""",43.573202,-108.7889,23,2,5,25.711156741957563,76.37031766923985,1
food_dining,10.07,Cascade Locks,OR,45.671,-121.8686,1288,Barrister,46.220051,-121.513956,15,6,1,82.72142368240931,66.92659425711476,0
home,18.03,Freedom,WY,43.0172,-111.0292,471,"""Education officer, museum""",42.963955,-111.294474,20,6,1,51.43052703627652,22.3736993458735,0
misc_pos,1141.67,Fort Washakie,WY,43.0048,-108.8964,1645,Information systems manager,43.076284,-108.449026,22,1,12,34.86379192334018,37.21639169996318,0
shopping_pos,2.72,Thompson,UT,38.9999,-109.615,46,"""Surveyor, minerals""",39.593395,-109.599049,23,6,1,31.72621492128679,66.00790546342257,0
health_fitness,273.87,Superior,AZ,33.2887,-111.0985,2872,Petroleum engineer,33.13471,-111.799428,14,3,12,33.177275838466805,67.41888435990333,0
home,240.55,Bay City,OR,45.5197,-123.8761,1530,Colour technologist,45.041361,-124.254484,23,1,3,33.31143052703628,60.87276115625029,1
misc_net,50.95,Luray,MO,40.4931,-91.8912,519,Town planner,40.491136,-91.491959,1,4,1,52.889801505817935,33.76178171321393,0
gas_transport,9.81,Conway,WA,48.34,-122.3456,85,"""Research officer, political party""",47.755565,-122.168272,1,0,6,34.75154004106776,66.3095503866941,1
grocery_pos,60.06,Hawthorne,CA,33.9143,-118.3493,93193,"""Editor, magazine features""",32.989346,-117.680936,2,6,12,25.69199178644764,120.09545854407502,0
food_dining,66.37,Dumont,CO,39.7532,-105.6356,565,Mental health nurse,39.20335,-105.593977,14,5,1,40.39698836413415,61.24480553380453,0
home,38.51,North Loup,NE,41.4972,-98.7858,509,"""Nurse, children's""",42.383325,-98.514037,15,6,12,40.28199863107461,101.06382106804456,0
home,172.25,Hawthorne,CA,33.9143,-118.3493,93193,"""Editor, magazine features""",33.932172,-119.012822,13,3,1,23.72895277207392,61.2539836060855,0
home,59.25,Thompson,UT,38.9999,-109.615,46,"""Surveyor, minerals""",38.41623,-109.506449,16,0,12,33.68377823408624,65.5810439167187,0
health_fitness,2.86,Red River,NM,36.6659,-105.4694,606,"""Surveyor, land/geomatics""",36.93847,-105.31482,22,0,12,32.309377138945926,33.28690461422644,0
health_fitness,1.82,San Diego,CA,33.0067,-117.069,1241364,"""Pharmacist, hospital""",32.594338,-117.565392,19,4,12,60.818617385352496,65.23043459026478,0
travel,5.33,Issaquah,WA,47.4974,-122.0107,50489,Osteopath,46.643932,-122.47154,14,3,1,34.8829568788501,101.11510964635312,0
misc_pos,4.96,Mountain Center,CA,33.6401,-116.5567,1661,"""Therapist, music""",33.971953,-116.398403,13,1,1,30.321697467488026,39.69320132641045,0
home,254.4,Rock Springs,WY,41.606,-109.23,27971,Music therapist,41.230531,-109.767179,22,0,8,35.00889801505818,61.2326787576391,1
shopping_net,212.12,Riverton,WY,43.0351,-108.2024,19408,"""Lecturer, higher education""",43.196478,-107.960519,15,4,1,25.33333333333333,26.59828394840237,0
personal_care,18.36,Superior,AZ,33.2887,-111.0985,2872,Petroleum engineer,33.840002,-111.189823,14,1,1,31.19780971937029,61.88319229237073,0
grocery_net,48.31,Dumont,CO,39.7532,-105.6356,565,Mental health nurse,40.504011,-106.561224,5,1,1,40.34770704996578,114.72894882862592,0
food_dining,106.64,Saint Louis,MO,38.6171,-90.4504,927396,Occupational hygienist,39.531593,-89.795383,17,3,12,60.80492813141684,116.34947856595748,0
home,14.82,Hatch,UT,37.7175,-112.4777,258,Geoscientist,37.524831,-113.253457,23,5,1,57.15263518138261,71.60350678646785,0
shopping_net,3.36,Spirit Lake,ID,47.9657,-116.868,4161,Production manager,47.417377,-117.727527,10,0,12,63.54551676933607,88.63441300412595,0
personal_care,33.13,Sun City,CA,33.7467,-117.1721,54287,"""Designer, exhibition/display""",33.456541,-117.006116,20,0,12,48.26557152635181,35.739255557523585,0
entertainment,34.53,Manville,WY,42.73,-104.7024,241,Educational psychologist,42.75787,-104.278903,18,0,1,38.09719370294319,34.721693675384024,0
shopping_pos,968.48,Sacramento,CA,38.6865,-121.3494,757530,Soil scientist,38.397932,-121.447712,22,1,3,53.530458590006845,33.20695367419329,1
grocery_net,79.33,Lakeport,CA,39.047,-122.9328,11256,Podiatrist,38.609492,-123.060502,4,2,1,46.24503764544832,49.89048647986917,0
home,112.9,Wheaton,MO,36.7651,-94.0492,760,Production manager,36.673943,-93.053725,21,4,12,35.318275154004105,89.30410084743626,0
personal_care,60.57,Luray,MO,40.4931,-91.8912,519,Town planner,41.383097,-90.926382,13,0,12,54.87200547570158,127.91106855314575,0
personal_care,63.84,Colton,WA,46.5901,-117.1692,761,Chief Marketing Officer,46.474447,-117.078627,23,3,12,77.50581793292265,14.607671155799224,0
home,45.18,Palmdale,CA,34.5715,-118.0231,171170,Chemical engineer,34.664212,-117.745697,14,0,1,55.6331279945243,27.398307164182444,0
grocery_pos,233.18,Rock Springs,WY,41.606,-109.23,27971,Music therapist,42.399196,-108.894186,5,6,1,34.431211498973305,92.4611542792624,0
shopping_net,1075.76,Grenada,CA,41.6125,-122.5258,589,Systems analyst,41.218861,-123.306308,22,1,7,73.52772073921972,78.43396090186741,1
misc_net,105.26,Norwalk,CA,33.9056,-118.0818,105549,Firefighter,34.891737,-117.878335,8,6,12,47.26351813826147,111.23104062563104,0
grocery_net,38.83,Laramie,WY,41.4247,-105.4781,35371,"""Pilot, airline""",41.623874,-105.996902,3,4,12,32.31211498973306,48.536901773483216,0
food_dining,38.45,Wales,AK,64.7556,-165.6723,145,"""Administrator, education""",64.290924,-165.481809,18,3,1,79.15126625598904,52.46671121155877,0
home,15.65,Sutherland,NE,41.1558,-101.136,1789,Insurance broker,41.967613,-101.662938,23,1,12,38.88021902806297,100.35214013368382,0
personal_care,68.74,Helm,CA,36.4992,-120.0936,123,Early years teacher,35.525566,-120.675214,13,2,1,45.93839835728953,120.238841711444,0
health_fitness,25.32,Mound City,MO,40.1362,-95.2138,1631,Architect,39.751124,-94.800537,21,6,12,67.93429158110882,55.449270260265365,0
personal_care,20.59,Laramie,WY,41.4247,-105.4781,35371,"""Pilot, airline""",40.822551,-104.742327,18,0,1,30.34633812457221,91.001190147519,0
shopping_net,191.03,Laguna Hills,CA,33.615,-117.7114,45303,Sales executive,32.659209,-118.110958,1,2,12,51.02258726899384,112.60216590620364,0
shopping_net,849.79,Thompson,UT,38.9999,-109.615,46,"""Surveyor, minerals""",38.376171,-110.36249,3,4,1,31.73990417522245,94.96941715380096,1
kids_pets,60.61,Orient,WA,48.8878,-118.2105,149,Special educational needs teacher,48.190343,-117.789092,22,0,1,40.58590006844627,83.52896815561036,0
gas_transport,14.01,Eugene,OR,44.0385,-123.0614,191096,"""Scientist, physiological""",44.544897,-122.406761,5,3,4,55.04996577686516,76.71681705061832,1
shopping_net,916.28,Freedom,WY,43.0172,-111.0292,471,"""Education officer, museum""",42.071057,-110.515327,17,0,6,52.851471594798085,113.31587793876484,1
health_fitness,5.27,Parks,AZ,35.2563,-111.95,759,"""Geologist, engineering""",34.337072,-112.627921,17,6,12,63.75085557837098,119.49569105085251,0
gas_transport,63.99,Gardiner,OR,43.7857,-124.1437,260,"""Engineer, maintenance""",44.04141,-124.200732,10,3,1,62.37645448323067,28.798322517282458,0
misc_pos,105.67,Meridian,ID,43.6498,-116.4306,84106,Intelligence analyst,43.6419,-117.12155,4,3,12,49.88637919233402,55.6025833545959,0
entertainment,17.35,Howells,NE,41.6964,-96.9858,1063,Research scientist (maths),42.263528,-97.144974,14,0,1,90.80355920602328,64.4196797961147,0
personal_care,4.67,Sutherland,NE,41.1558,-101.136,1789,Insurance broker,41.501008,-100.762553,16,1,1,36.8870636550308,49.4550615020077,0
shopping_net,10.69,Meridian,ID,43.6498,-116.4306,84106,Intelligence analyst,43.529013,-116.252256,20,3,1,47.912388774811774,19.664692139644146,0
personal_care,37.56,Espanola,NM,35.9866,-106.0654,18408,Historic buildings inspector/conservation officer,35.769854,-105.978141,17,1,1,46.455852156057496,25.350908830765803,0
personal_care,77.21,Athena,OR,45.8289,-118.4971,1302,Dealer,45.947197,-118.391625,18,6,1,42.23682409308692,15.48137565704597,0
personal_care,72.65,Fiddletown,CA,38.5234,-120.6763,832,Immigration officer,38.834518,-121.149305,13,2,1,31.6249144421629,53.69036080709046,0
gas_transport,78.41,Rocky Mount,MO,38.2911,-92.7059,1847,Tax inspector,38.183973,-92.22876,8,5,1,30.21218343600274,43.341579434688455,0
entertainment,77.85,Hawthorne,CA,33.9143,-118.3493,93193,"""Editor, magazine features""",34.853672,-118.929521,15,1,1,23.704312114989733,117.2405007915163,0
grocery_pos,118.61,Howells,NE,41.6964,-96.9858,1063,Research scientist (maths),41.070051,-96.82607,9,0,12,92.73921971252568,70.91026034238118,0
health_fitness,48.91,Burbank,WA,46.1966,-118.9017,3684,Musician,46.72302,-119.409168,12,6,12,39.07734428473648,70.26580555604583,0
food_dining,53.44,Athena,OR,45.8289,-118.4971,1302,Dealer,46.108795,-117.550389,19,1,12,44.19712525667351,79.51104656309087,0
shopping_pos,7.52,Gardiner,OR,43.7857,-124.1437,260,"""Engineer, maintenance""",44.259588,-123.58316,4,4,1,62.34086242299794,69.17601910278776,0
grocery_pos,289.74,Meadville,MO,39.7795,-93.3014,964,Tourist information centre manager,39.515652,-94.123122,23,4,2,44.12867898699521,76.22620748341879,1
shopping_pos,8.4,Kansas City,MO,38.9621,-94.5959,545147,Counsellor,38.739163,-95.369981,20,5,1,31.132101300479125,71.46951098189005,0
shopping_net,6.1,Burbank,WA,46.1966,-118.9017,3684,Musician,46.163634,-118.406791,14,4,1,37.1170431211499,38.279221711380615,0
misc_pos,6.62,Rocky Mount,MO,38.2911,-92.7059,1847,Tax inspector,37.478973,-92.929093,23,5,12,32.167008898015055,92.4041858508543,0
misc_net,8.89,Sutherland,NE,41.1558,-101.136,1789,Insurance broker,40.59257,-101.933816,19,5,1,36.936344969199176,91.77101373482516,0
shopping_pos,4.48,Freedom,WY,43.0172,-111.0292,471,"""Education officer, museum""",43.089935,-111.19179,7,5,1,51.44695414099932,15.489852473672975,0
grocery_pos,48.07,Sacramento,CA,38.5662,-121.3286,757530,Magazine features editor,38.193371,-121.865864,11,1,1,39.67419575633128,62.54471360264846,0
food_dining,328.54,Matthews,MO,36.7154,-89.6287,1019,Aeronautical engineer,37.630518,-89.629799,22,6,12,41.9192334017796,101.75652546794868,0
misc_net,940.42,Meridian,ID,43.6498,-116.4306,84106,Intelligence analyst,43.978747,-117.380355,0,0,9,49.57152635181382,84.52829774184,1
home,40.09,Holstein,NE,40.4542,-98.6538,331,Telecommunications researcher,40.041444,-98.749903,18,4,12,70.35181382614647,46.615461422063646,0
food_dining,36.0,Lakeport,CA,39.047,-122.9328,11256,Podiatrist,39.044981,-122.355921,16,4,12,48.18617385352498,49.81882204879391,0
health_fitness,82.42,Claremont,CA,34.1092,-117.7183,35705,Wellsite geologist,33.165903,-118.542706,12,6,12,64.61875427789185,129.71641981608755,0
shopping_pos,1132.52,Laguna Hills,CA,33.615,-117.7114,45303,Sales executive,33.670563,-117.634444,23,6,1,50.05612594113621,9.429800952094938,1
personal_care,34.1,Independence,MO,39.1412,-94.3515,123373,"""Engineer, production""",39.108696,-94.379383,12,3,1,26.138261464750173,4.34145114803633,0
health_fitness,79.6,Burlington,WA,48.4786,-122.3345,14871,Public house manager,48.87784,-123.236042,13,1,1,44.851471594798085,79.699365094028,0
health_fitness,51.98,Browning,MO,40.029,-93.1607,602,Cytogeneticist,39.823919,-92.608762,14,1,12,66.46132785763176,52.298215925683294,0
kids_pets,118.59,Thompson,UT,38.9999,-109.615,46,"""Surveyor, minerals""",38.566665,-110.404554,20,0,12,33.68377823408624,83.69165980993854,0
health_fitness,58.41,Redford,MO,37.3272,-91.0243,241,Investment analyst,37.201183,-91.379688,17,4,1,44.18891170431211,34.43031231314566,0
gas_transport,47.92,Phoenix,AZ,33.8155,-112.1202,1312922,Counselling psychologist,34.657031,-111.689113,11,5,12,21.073237508555785,101.61919247983214,0
gas_transport,61.39,Orient,WA,48.8878,-118.2105,149,Special educational needs teacher,48.394218,-117.363563,4,1,1,40.53114305270363,82.97268778035097,0
misc_net,104.87,Luray,MO,40.4931,-91.8912,519,Town planner,39.916034,-91.264654,4,0,12,54.87200547570158,83.35768197091892,0
shopping_net,6.87,Fort Washakie,WY,43.0048,-108.8964,1645,Information systems manager,43.477317,-109.467136,13,3,1,32.87611225188228,69.98495598568016,0
food_dining,58.25,Fiddletown,CA,38.5234,-120.6763,832,Immigration officer,38.943024,-120.426117,17,1,12,33.61533196440794,51.459480702856624,0
personal_care,14.38,Lamy,NM,35.4311,-105.9409,923,Public relations account executive,35.986996,-106.576461,23,1,12,56.5201916495551,84.34282848902423,0
kids_pets,83.63,Phoenix,AZ,33.5623,-112.0559,1312922,Contractor,33.292336,-111.509241,13,4,1,37.215605749486656,58.94676444420041,0
food_dining,70.86,Greenview,CA,41.5403,-122.9366,308,Call centre manager,42.265055,-121.99059,23,0,12,62.27241615331965,112.35609301638294,0
health_fitness,26.2,Utica,MO,39.7417,-93.6289,271,Land/geomatics surveyor,40.675529,-93.214688,22,2,1,46.70773442847365,109.63257009308512,0
misc_pos,11.15,Lake Oswego,OR,45.4093,-122.6847,42817,Planning and development surveyor,45.086183,-123.441963,5,0,1,36.65160848733744,69.32034610508163,0
entertainment,71.47,Centerview,MO,38.7897,-93.8702,2368,Electronics engineer,39.665456,-94.00883,18,6,1,29.492128678986997,98.10897680804815,0
grocery_pos,126.27,Fields Landing,CA,40.7268,-124.2174,276,"""Scientist, audiological""",40.120162,-123.486593,0,0,1,89.67282683093771,91.52610078731766,0
entertainment,78.19,Carroll,NE,42.277,-97.1926,566,Metallurgist,42.726735,-96.339081,12,3,1,43.95619438740589,86.00343605225947,0
health_fitness,79.04,Westerville,NE,41.4193,-99.3844,73,Product designer,42.031191,-99.747128,14,3,1,83.93429158110882,74.40075484876212,0
misc_pos,2.72,Phoenix,AZ,33.5623,-112.0559,1312922,Contractor,33.102424,-113.031541,9,1,1,37.18822724161533,104.06886829686808,0
home,124.74,Cascade Locks,OR,45.671,-121.8686,1288,Barrister,45.123018,-121.866223,15,6,12,84.65708418891171,60.93310093803695,0
home,3.13,Smith River,CA,41.9404,-124.1587,1930,Web designer,41.918079,-123.524131,12,1,1,35.553730321697465,52.55372378513219,0
kids_pets,11.64,Wheaton,MO,36.7651,-94.0492,760,Production manager,35.87731,-93.710269,19,3,12,35.31553730321698,103.2820519233772,0
shopping_pos,1.79,Thompson,UT,38.9999,-109.615,46,"""Surveyor, minerals""",38.921991,-110.337921,14,1,1,31.71252566735113,63.10276836489701,0
food_dining,128.73,Lakeport,CA,39.047,-122.9328,11256,Podiatrist,39.647252,-123.930645,20,5,1,46.2340862422998,108.70562678767728,0
personal_care,2.41,Espanola,NM,35.9866,-106.0654,18408,Historic buildings inspector/conservation officer,35.680855,-105.831094,18,6,1,46.46954140999316,40.02449054821756,0
gas_transport,56.74,Stayton,OR,44.8021,-122.7624,9587,"""Engineer, biomedical""",45.099076,-122.151609,9,6,12,52.76112251882272,58.31606744711118,0
grocery_pos,102.08,Ravenna,NE,41.0233,-98.9041,2202,"""Solicitor, Scotland""",41.907709,-98.885935,3,0,12,46.521560574948666,98.35344030692744,0
shopping_net,6.79,Paauilo,HI,20.0271,-155.3697,1490,"""Scientist, research (maths)""",19.476862,-155.961223,20,2,12,29.71663244353183,87.03770260990258,0
food_dining,145.09,Norwalk,CA,33.9056,-118.0818,105549,Firefighter,33.069252,-117.341469,20,1,1,45.31416837782341,115.59429673125298,0
grocery_pos,186.67,Rock Springs,WY,41.606,-109.23,27971,Music therapist,41.767891,-109.040172,3,3,1,34.44216290212184,23.92758619917953,0
home,68.63,Athena,OR,45.8289,-118.4971,1302,Dealer,46.153429,-119.460021,15,3,12,44.20260095824778,82.68000461685419,0
kids_pets,61.64,Blairstown,MO,38.5319,-93.9221,467,Agricultural consultant,39.184826,-93.379233,15,0,12,70.59000684462697,86.48984929723561,0
travel,9.09,Lake Oswego,OR,45.4093,-122.6847,42817,Planning and development surveyor,45.517912,-122.373091,22,0,7,38.14647501711157,27.137231894647865,1
kids_pets,15.55,Howells,NE,41.6964,-96.9858,1063,Research scientist (maths),40.749493,-97.85998,19,0,12,92.73921971252568,128.1843245139473,0
kids_pets,40.6,Phoenix,AZ,33.5623,-112.0559,1312922,Contractor,33.806282,-112.479723,22,3,1,37.21286789869952,47.68431254234078,0
shopping_pos,9.99,Matthews,MO,36.7154,-89.6287,1019,Aeronautical engineer,37.162427,-89.817805,20,3,1,39.97535934291581,52.471553401634125,0
health_fitness,21.81,Mound City,MO,40.1362,-95.2138,1631,Architect,40.91425,-95.864534,13,1,12,67.93976728268309,102.51746319152608,0
health_fitness,22.93,Sutherland,NE,41.1558,-101.136,1789,Insurance broker,42.016051,-101.568851,23,5,8,38.48870636550308,102.20517952675844,1
travel,8.19,Thompson,UT,38.9999,-109.615,46,"""Surveyor, minerals""",38.094395,-108.748437,22,2,12,33.68925393566051,125.76500421519478,0
grocery_pos,123.39,Malad City,ID,42.1808,-112.262,4154,Nature conservation officer,42.549054,-112.680521,1,3,1,56.97467488021903,53.47007200583791,0
gas_transport,62.11,Norwalk,CA,33.9056,-118.0818,105549,Firefighter,34.166533,-117.680435,9,6,1,45.327857631759066,47.00688870169615,0
shopping_net,3.48,Jelm,WY,41.0539,-106.0763,100,Public librarian,41.268794,-106.141607,13,3,12,46.71047227926078,24.512571064424016,0
shopping_pos,936.7,San Diego,CA,33.0067,-117.069,1241364,"""Pharmacist, hospital""",32.823317,-117.646678,23,4,6,60.26283367556468,57.650314323412864,1
health_fitness,94.85,Meridian,ID,43.6498,-116.4306,84106,Intelligence analyst,43.884781,-116.149261,12,1,12,49.88090349075976,34.54102458570824,0
grocery_pos,136.18,North Loup,NE,41.4972,-98.7858,509,"""Nurse, children's""",41.964873,-98.599757,0,6,1,38.30800821355236,54.24604810886753,0
kids_pets,192.18,Corona,CA,33.8419,-117.6043,233717,Wellsite geologist,34.556035,-117.270548,14,0,1,52.64887063655031,85.1339476822126,0
home,43.71,Hatch,UT,37.7175,-112.4777,258,Geoscientist,38.236191,-111.759667,14,5,1,57.15263518138261,85.36587550859353,0
travel,387.2,Fort Washakie,WY,43.0048,-108.8964,1645,Freight forwarder,43.881384,-108.357186,15,5,12,44.83230663928816,106.75063716552914,0
shopping_net,4.08,Iliff,CO,40.7692,-103.0968,648,Community arts worker,39.973138,-102.82254,6,0,1,49.295003422313485,91.5163359403434,0
grocery_pos,30.15,Sacramento,CA,38.5662,-121.3286,757530,Magazine features editor,38.163151,-121.371487,1,1,1,39.6933607118412,44.97271027299624,0
entertainment,22.43,Omaha,NE,41.2064,-95.9953,518429,"""Surveyor, land/geomatics""",40.959853,-96.060773,19,0,12,25.218343600273784,27.95859400959836,0
shopping_pos,308.37,Rock Springs,WY,41.606,-109.23,27971,Music therapist,41.132516,-108.870034,12,1,12,36.41067761806981,60.61525035039958,0
home,27.18,Fort Washakie,WY,43.0048,-108.8964,1645,Information systems manager,43.321745,-108.091143,13,2,1,32.87337440109514,74.21296524125273,0
shopping_net,244.3,Monitor,WA,47.4852,-120.4158,584,Medical technical officer,48.255312,-120.599255,3,5,1,49.79603011635866,86.71893440420057,0
misc_net,183.03,Issaquah,WA,47.4974,-122.0107,50489,Osteopath,47.064197,-122.781369,6,3,12,36.837782340862425,75.49834112540735,0
gas_transport,61.92,Meridian,ID,43.6498,-116.4306,84106,Intelligence analyst,43.198964,-115.609793,10,1,12,49.88090349075976,83.10832735487371,0
kids_pets,16.84,Norwalk,CA,33.9056,-118.0818,105549,Firefighter,33.277727,-118.184071,23,6,12,47.26351813826147,70.45600452936507,0
misc_pos,36.25,Fiddletown,CA,38.5234,-120.6763,832,Immigration officer,38.873355,-120.580124,3,0,12,33.61259411362081,39.79823327334398,0
shopping_net,1.82,Manville,WY,42.73,-104.7024,241,Educational psychologist,43.503069,-104.7425,19,3,12,40.04106776180698,86.02294640733815,0
kids_pets,75.62,Camden,MO,39.2048,-94.0259,464,Colour technologist,40.021518,-93.081653,12,1,1,59.63586584531143,121.61141152932818,0
entertainment,13.13,Mound City,MO,40.1362,-95.2138,1631,Architect,40.546064,-95.026431,12,2,1,65.96851471594798,48.26216871055404,0
home,71.4,Jordan Valley,OR,42.8801,-117.281,641,Economist,43.257236,-117.08843,14,5,12,27.08829568788501,44.758127302099936,0
gas_transport,41.38,Conway,WA,48.34,-122.3456,85,"""Research officer, political party""",48.892568,-121.47255,5,2,1,34.37371663244353,88.84766384511137,0
misc_pos,2.31,Cascade Locks,OR,45.671,-121.8686,1288,Barrister,46.267542,-121.407321,4,5,1,82.71868583162218,75.30519436661584,0
kids_pets,69.68,Fullerton,NE,41.366,-98.0054,1749,"""Surveyor, mining""",40.676129,-97.403237,12,6,1,45.7056810403833,91.8495164858345,0
misc_net,104.11,Parker Dam,CA,34.298,-114.156,126,Marketing executive,34.211518,-114.642254,2,0,12,28.22450376454483,45.71318981985038,0
shopping_pos,9.56,Riverton,WY,43.0351,-108.2024,19408,"""Lecturer, higher education""",43.704158,-108.786125,19,0,1,25.322381930184804,88.09616094180453,0
misc_pos,2.41,Meredith,CO,39.3199,-106.6596,61,Public relations account executive,39.910779,-106.53335,9,4,12,81.14168377823408,66.58676940848066,0
gas_transport,71.53,Conway,WA,48.34,-122.3456,85,"""Research officer, political party""",48.630087,-123.311013,8,1,12,36.32580424366872,78.12193132117434,0
misc_pos,2.53,Paauilo,HI,20.0271,-155.3697,1490,"""Scientist, research (maths)""",20.404443,-156.26438,22,3,12,29.71937029431896,102.3508856713982,0
misc_pos,27.53,Lonetree,WY,41.0552,-110.1603,49,Research scientist (physical sciences),41.619475,-110.940968,1,4,1,37.53867214236824,90.46982666276536,0
shopping_pos,6.59,Glendale,CA,34.1556,-118.2322,172817,Advertising account planner,35.074153,-118.762109,13,5,1,36.473648186173854,113.06509549511505,0
kids_pets,19.07,Issaquah,WA,47.4974,-122.0107,50489,Osteopath,48.115242,-122.652165,14,1,1,34.83915126625599,83.75393696013779,0
food_dining,73.47,Broomfield,CO,39.8854,-105.1139,92337,"""Engineer, electronics""",40.819008,-105.999796,23,0,1,51.26078028747433,128.10980365383156,0
shopping_pos,1093.63,Paradise Valley,AZ,33.5494,-111.9565,17047,Building surveyor,33.459193,-112.687258,23,6,10,85.71937029431896,68.49363656324394,1
gas_transport,49.3,June Lake,CA,37.7773,-119.0825,633,Health service manager,37.606059,-119.965307,11,6,12,93.30047912388775,79.97747760568747,0
health_fitness,36.18,Wheaton,MO,36.7651,-94.0492,760,Production manager,37.192237,-93.336856,16,5,12,35.32101300479124,79.11836712518465,0
shopping_net,5.15,Lowell,OR,43.921,-122.7806,1420,Systems analyst,43.882014,-123.526571,8,0,1,53.17453798767967,59.92370106204158,0
home,62.62,San Diego,CA,33.0067,-117.069,1241364,Chartered public finance accountant,33.729165,-117.571746,18,0,1,59.44421629021218,92.9154432639324,0
health_fitness,65.58,Lakeport,CA,39.047,-122.9328,11256,Podiatrist,38.460597,-123.780077,15,1,12,48.19712525667351,98.23211360181185,0
home,82.55,Fiddletown,CA,38.5234,-120.6763,832,Immigration officer,38.124967,-121.091518,22,2,1,31.644079397672822,57.22564653247769,0
misc_pos,50.56,Fiddletown,CA,38.5234,-120.6763,832,Immigration officer,38.916417,-119.957202,7,0,12,33.61259411362081,76.16924556118595,0
travel,687.15,Colorado Springs,CO,38.8881,-104.6556,525713,Museum/gallery exhibitions officer,39.86034,-105.636195,20,1,1,26.666666666666668,137.08109514336635,0
grocery_net,24.76,Meridian,ID,43.6498,-116.4306,84106,Intelligence analyst,44.199891,-117.006963,0,4,1,47.89596167008898,76.62966025872285,0
health_fitness,76.86,Athena,OR,45.8289,-118.4971,1302,Dealer,44.832129,-117.609807,13,3,1,42.209445585215605,130.74800294885924,0
entertainment,97.59,Utica,MO,39.7417,-93.6289,271,Land/geomatics surveyor,40.264955,-93.751799,16,1,1,46.743326488706366,59.11746279020026,0
entertainment,163.75,Independence,MO,39.1412,-94.3515,123373,"""Engineer, production""",38.421884,-94.275782,17,3,1,26.138261464750173,80.25311142535045,0
misc_pos,49.44,Syracuse,MO,38.6547,-92.8929,628,"""Radiographer, diagnostic""",38.842871,-93.127829,20,0,6,57.49486652977413,29.203862224005647,1
personal_care,54.41,San Diego,CA,33.0067,-117.069,1241364,"""Pharmacist, hospital""",32.84139,-116.886368,20,1,12,60.82956878850103,25.06901527281484,0
personal_care,54.31,Mound City,MO,40.1362,-95.2138,1631,Architect,39.634591,-95.971082,18,0,12,67.93702943189597,85.35698713253292,0
travel,8.3,Albuquerque,NM,35.0561,-106.5506,641349,Charity officer,35.91788,-106.887376,19,4,12,53.9192334017796,100.55963822370802,0
home,29.89,Lamy,NM,35.4311,-105.9409,923,Public relations account executive,35.047407,-106.355443,22,3,1,54.53251197809719,56.90031190689015,0
health_fitness,37.76,Meredith,CO,39.3199,-106.6596,61,Public relations account executive,39.869494,-106.077359,21,0,12,81.14989733059548,78.88908394473451,0
home,173.34,Blairsden-Graeagle,CA,39.8127,-120.6405,1725,Chartered legal executive (England and Wales),40.251414,-119.836393,16,6,1,51.6331279945243,84.06356860446314,0
shopping_pos,8.68,Owensville,MO,38.3511,-91.4867,6703,Naval architect,37.55683,-91.747867,16,0,12,22.60917180013689,91.23885442857669,0
home,190.82,Ashford,WA,46.7531,-121.9898,759,Video editor,46.091592,-122.368008,22,4,12,64.27926078028747,79.06268984386877,0
shopping_pos,8.58,Cascade Locks,OR,45.671,-121.8686,1288,Barrister,44.898733,-122.491922,0,1,1,82.70773442847364,98.75192641264664,0
food_dining,89.46,Meredith,CO,39.3199,-106.6596,61,Public relations account executive,38.899967,-106.689506,22,6,12,81.14715947980835,46.765656464222936,0
grocery_net,51.28,Phoenix,AZ,33.8155,-112.1202,1312922,Counselling psychologist,34.166811,-111.595599,7,1,1,19.08829568788501,62.170507048914814,0
food_dining,5.69,Lagrange,WY,41.6423,-104.1974,635,Product/process development scientist,42.237464,-104.454369,14,5,1,45.48117727583847,69.50844892003633,0
entertainment,72.97,Lonetree,WY,41.0552,-110.1603,49,Research scientist (physical sciences),40.775539,-110.923086,18,4,12,39.47433264887064,71.23999245104802,0
shopping_pos,20.9,Napa,CA,38.4549,-122.2564,94014,Airline pilot,38.358911,-121.414606,12,1,12,35.35660506502396,74.12146232847876,0
grocery_pos,302.42,Williamsburg,MO,38.8874,-91.7689,710,Glass blower/designer,39.846285,-91.847601,3,5,8,48.92539356605065,106.83756169670446,1
grocery_net,49.72,Moriarty,NM,34.9889,-106.0609,7268,"""Therapist, art""",34.469748,-106.552973,0,0,1,30.46406570841889,73.17474213009167,0
shopping_pos,8.59,Cascade Locks,OR,45.671,-121.8686,1288,Barrister,46.434374,-121.125663,0,2,1,82.67214236824093,102.42979955065502,0
travel,6.79,Espanola,NM,35.9866,-106.0654,18408,Historic buildings inspector/conservation officer,35.157999,-106.108726,13,4,12,48.43805612594114,92.21951504140569,0
misc_pos,144.71,Riverton,WY,43.0351,-108.2024,19408,"""Lecturer, higher education""",42.382576,-108.836985,18,6,1,25.357973990417523,89.17897670728915,0
entertainment,54.51,Wheaton,MO,36.7651,-94.0492,760,Production manager,36.050449,-94.432712,13,6,12,35.32375085557837,86.56015629804216,0
shopping_net,23.61,Hooper,NE,41.6414,-96.5232,1745,"""Engineer, automotive""",41.509774,-96.747859,20,4,12,46.99794661190965,23.737071174455128,0
shopping_net,4.78,Gardiner,OR,43.7857,-124.1437,260,"""Engineer, maintenance""",44.368449,-124.388023,1,1,12,64.32580424366871,67.6741140445948,0
kids_pets,29.17,Phoenix,AZ,33.8155,-112.1202,1312922,Counselling psychologist,33.037841,-111.573145,17,0,12,21.078713210130047,100.27288888090084,0
home,39.95,Burlington,WA,48.4786,-122.3345,14871,Public house manager,47.90953,-123.034861,13,3,1,44.818617385352496,81.84700743833483,0
shopping_pos,9.35,Newberg,OR,45.3099,-122.9685,28278,Research scientist (physical sciences),46.107045,-122.434625,23,0,12,43.449691991786445,97.85264674797824,0
kids_pets,2.56,Superior,AZ,33.2887,-111.0985,2872,Petroleum engineer,33.698978,-112.038179,18,2,1,31.21971252566735,98.35633553382964,0
misc_pos,16.85,Blairstown,MO,38.5319,-93.9221,467,Agricultural consultant,39.04432,-94.698256,5,1,1,68.59958932238193,88.15845432719763,0
shopping_net,57.56,Santa Monica,CA,34.0287,-118.4924,92043,"""Civil engineer, contracting""",34.45235,-118.458433,6,5,12,59.67145790554415,47.211092228329534,0
shopping_net,1000.46,Hooper,NE,41.6414,-96.5232,1745,"""Engineer, automotive""",41.82573,-96.173772,1,6,8,46.63928815879535,35.50812334747252,1
kids_pets,4.67,Daly City,CA,37.6787,-122.478,107941,"""Buyer, industrial""",38.320167,-122.744886,12,0,1,27.299110198494184,75.06350619688318,0
travel,5.28,Cascade Locks,OR,45.671,-121.8686,1288,Barrister,46.504832,-121.68543,20,6,1,82.72142368240931,93.7877170744684,0
misc_net,902.67,Seligman,MO,36.5276,-93.9359,2693,"""Engineer, biomedical""",36.278903,-93.794217,20,6,10,52.662559890485966,30.422355253946808,1
entertainment,67.16,Lake Oswego,OR,45.4093,-122.6847,42817,Planning and development surveyor,44.934611,-123.542992,21,3,1,36.62149212867899,85.51457167654101,0
misc_net,837.39,Holstein,NE,40.4542,-98.6538,331,Telecommunications researcher,40.008809,-99.652165,23,6,5,69.76317590691308,98.16034911813992,1
kids_pets,10.3,Newhall,CA,34.3795,-118.523,34882,Health physicist,33.731552,-118.105594,13,1,12,49.68104038329911,81.6676686122006,0
misc_net,25.13,Tekoa,WA,47.2271,-117.0819,895,Clothing/textile technologist,47.078092,-117.035862,15,3,12,21.587953456536617,16.93071053174389,0
shopping_net,4.65,Eugene,OR,44.0385,-123.0614,191096,"""Scientist, physiological""",43.821635,-122.497236,0,1,1,54.79534565366188,51.21147488472518,0
health_fitness,23.05,Superior,AZ,33.2887,-111.0985,2872,Petroleum engineer,32.502321,-110.566641,19,3,4,32.44900752908966,100.55735052986452,1
grocery_pos,380.61,Wendel,CA,40.3406,-120.2824,104,"""Teacher, adult education""",39.845713,-119.814324,3,6,1,30.42573579739904,67.92269527349873,1
shopping_pos,8.61,Phoenix,AZ,33.8155,-112.1202,1312922,Counselling psychologist,34.061153,-111.803417,16,6,1,19.1211498973306,40.00191659825576,0
gas_transport,72.28,Browning,MO,40.029,-93.1607,602,Cytogeneticist,40.005556,-92.46255,7,4,1,64.49555099247091,59.51051558667282,0
misc_pos,4.93,Broomfield,CO,39.8854,-105.1139,92337,"""Engineer, electronics""",39.251874,-104.61469,3,1,12,53.19917864476386,82.42223836441892,0
grocery_pos,227.9,Lakeport,CA,39.047,-122.9328,11256,Podiatrist,38.203,-123.025335,5,0,1,46.25872689938399,94.19214355127929,0
home,5.51,Greenview,CA,41.5403,-122.9366,308,Call centre manager,41.652392,-122.709142,12,3,12,62.28062970568104,22.65195331607108,0
gas_transport,41.34,Browning,MO,40.029,-93.1607,602,Cytogeneticist,40.869851,-92.98768,2,4,12,66.45037645448323,94.63759439750412,0
misc_net,922.87,Meredith,CO,39.3199,-106.6596,61,Public relations account executive,38.902259,-106.675975,22,5,12,80.09034907597535,46.4610459414393,1
shopping_pos,51.84,Littleton,CO,39.5994,-105.0044,320420,Water engineer,40.333066,-104.873632,15,2,12,45.41820670773443,82.33758286433648,0
shopping_net,6.65,Lakeport,CA,39.047,-122.9328,11256,Podiatrist,39.836039,-122.27358,17,2,12,48.19986310746064,104.41374318328548,0
kids_pets,103.67,Meredith,CO,39.3199,-106.6596,61,Public relations account executive,39.657596,-106.061168,18,6,1,79.1731690622861,63.61785588238942,0
shopping_net,5.11,Tomales,CA,38.2427,-122.9145,337,Occupational psychologist,37.989602,-122.896187,4,4,1,64.5201916495551,28.188777091867276,0
shopping_pos,43.39,Sun City,CA,33.7467,-117.1721,54287,"""Designer, exhibition/display""",33.79066,-117.982445,16,2,12,48.27104722792608,75.06341543764294,0
home,16.45,San Diego,CA,33.0067,-117.069,1241364,Chartered public finance accountant,33.847689,-116.389513,13,4,12,61.39082819986311,112.78695306858148,0
personal_care,8.67,Powell Butte,OR,44.2415,-121.0113,2016,Local government officer,45.211857,-121.092588,23,0,1,65.07323750855578,108.08969263940128,0
misc_pos,5.9,North Loup,NE,41.4972,-98.7858,509,"""Nurse, children's""",41.891545,-99.108952,17,2,1,38.33538672142368,51.40672821783132,0
kids_pets,40.47,Fiddletown,CA,38.5234,-120.6763,832,Immigration officer,37.903144,-120.670815,21,3,1,31.64681724845996,68.97098516870433,0
personal_care,40.27,Meridian,ID,43.6498,-116.4306,84106,Intelligence analyst,43.140597,-116.23834,21,3,12,49.86721423682409,58.713022001442,0
gas_transport,39.37,Greenview,CA,41.5403,-122.9366,308,Call centre manager,41.589356,-122.35608,2,0,12,62.27241615331965,48.60428773022808,0
home,14.9,Brashear,MO,40.1959,-92.4333,805,Private music teacher,41.186898,-91.749299,21,3,12,50.51334702258727,124.37105719290642,0
grocery_net,31.78,Gardiner,OR,43.7857,-124.1437,260,"""Engineer, maintenance""",44.241008,-124.369625,8,4,1,62.34086242299794,53.75497499212386,0
home,12.88,Hooper,NE,41.6414,-96.5232,1745,"""Engineer, automotive""",42.059416,-96.056696,20,0,1,45.0321697467488,60.44415722383417,0
misc_pos,7.45,Vinton,CA,40.0235,-120.7986,128,Education administrator,39.682367,-121.270325,0,5,12,54.84462696783025,55.32047452072964,0
gas_transport,57.88,Fullerton,NE,41.366,-98.0054,1749,"""Surveyor, mining""",41.01353,-97.411306,3,6,1,45.667351129363446,63.3038462147771,0
misc_net,802.85,Jelm,WY,41.0539,-106.0763,100,Public librarian,40.280703,-105.530636,0,3,7,45.215605749486656,97.51797023846,1
personal_care,20.0,Crownpoint,NM,35.7206,-108.0271,5662,IT consultant,35.191041,-108.255173,22,3,12,30.6776180698152,62.402672829188376,1
health_fitness,51.25,Arnold,MO,38.4305,-90.387,35439,Land/geomatics surveyor,38.097506,-91.014977,20,4,12,35.73716632443532,66.15828361063484,0
shopping_pos,875.77,Matthews,MO,36.7154,-89.6287,1019,Aeronautical engineer,36.470006,-88.646366,22,1,9,40.62149212867899,91.84680288035383,1
shopping_pos,5.64,Rocky Mount,MO,38.2911,-92.7059,1847,Tax inspector,38.350279,-93.531798,15,6,1,30.195756331279945,72.34953022182712,0
kids_pets,37.5,Conway,WA,48.34,-122.3456,85,"""Research officer, political party""",48.966802,-121.531119,13,1,12,36.32580424366872,91.85323546651252,0
personal_care,2.78,Nelson,NE,40.201,-98.0684,732,Television/film/video producer,41.076971,-97.721585,12,5,1,62.0807665982204,101.7042088289864,0
entertainment,5.46,Sacramento,CA,38.6865,-121.3494,757530,Soil scientist,38.484339,-121.359678,9,6,12,54.27241615331965,22.49702188143731,0
entertainment,69.82,Parker Dam,CA,34.298,-114.156,126,Marketing executive,34.701703,-113.56594,14,0,12,28.22450376454483,70.27712455169902,0
home,51.93,Moriarty,NM,34.9889,-106.0609,7268,"""Therapist, art""",34.853893,-106.868627,19,3,12,32.407939767282684,75.15716042863512,0
shopping_net,120.28,Tekoa,WA,47.2271,-117.0819,895,Clothing/textile technologist,47.730805,-116.79028,21,0,12,21.579739904175224,60.14441114276572,0
grocery_pos,101.84,Santa Monica,CA,34.0287,-118.4924,92043,"""Civil engineer, contracting""",33.811503,-119.045615,9,1,1,57.7056810403833,56.47081304914683,0
gas_transport,63.55,Espanola,NM,35.9866,-106.0654,18408,Historic buildings inspector/conservation officer,35.146178,-106.652416,0,5,12,48.440793976728266,107.48056559858904,0
kids_pets,9.22,Honokaa,HI,20.0827,-155.488,4878,Physiotherapist,20.274257,-154.804741,16,4,12,54.06160164271047,74.42483020977626,0
grocery_pos,105.91,Hooper,NE,41.6414,-96.5232,1745,"""Engineer, automotive""",40.753501,-96.817141,9,3,12,47.01437371663244,101.7466625381571,0
home,12.85,Phoenix,AZ,33.5623,-112.0559,1312922,Contractor,33.192198,-111.720255,20,4,12,39.17043121149897,51.62307006531286,0
gas_transport,81.25,Albuquerque,NM,35.0561,-106.5506,641349,Charity officer,35.977961,-107.434031,5,1,1,51.937029431895965,130.0004580079223,0
food_dining,19.21,Brashear,MO,40.1959,-92.4333,805,Private music teacher,39.949872,-92.810057,15,4,1,48.56125941136208,42.14399565071765,0
shopping_net,870.91,Mesa,AZ,33.4317,-111.8469,478404,Landscape architect,32.775339,-110.871124,22,4,3,78.34633812457221,116.56494602370374,1
shopping_pos,636.0,Littleton,CO,39.5994,-105.0044,320420,Water engineer,40.13633,-104.344789,16,3,1,43.44695414099932,82.05808479906521,0
kids_pets,24.66,Sun City,CA,33.7467,-117.1721,54287,"""Designer, exhibition/display""",33.309363,-117.819197,21,4,12,48.257357973990416,77.21800275641553,0
food_dining,8.17,Blairsden-Graeagle,CA,39.8127,-120.6405,1725,Chartered legal executive (England and Wales),40.279919,-119.740301,15,1,1,51.63860369609856,92.577637298339,0
shopping_pos,137.91,Dumont,CO,39.7532,-105.6356,565,Mental health nurse,39.530836,-105.054044,1,0,1,40.36413415468857,55.596481908648535,0
health_fitness,45.8,Eugene,OR,44.0385,-123.0614,191096,"""Scientist, physiological""",44.309277,-122.70765,22,0,1,54.77344284736482,41.26114074293564,0
grocery_pos,359.25,Tekoa,WA,47.2271,-117.0819,895,Clothing/textile technologist,46.290811,-116.655318,1,5,8,20.194387405886378,109.06355734919102,1
shopping_pos,42.98,Moriarty,NM,34.9889,-106.0609,7268,"""Therapist, art""",34.457953,-106.361845,13,4,12,32.39151266255989,65.13077641074733,0
misc_net,857.67,Centerview,MO,38.7897,-93.8702,2368,Electronics engineer,38.735425,-93.433279,2,2,1,29.53867214236824,38.36044485424328,1
gas_transport,53.57,Carlotta,CA,40.507,-123.9743,1139,"""Therapist, occupational""",41.110364,-124.648205,3,0,12,69.95208761122518,87.85219768961417,0
food_dining,209.15,Spirit Lake,ID,47.9657,-116.868,4161,Production manager,47.712376,-116.211733,10,1,12,63.5482546201232,56.50275432201616,0
shopping_pos,4.58,Mound City,MO,40.1362,-95.2138,1631,Architect,39.365811,-94.842031,4,4,12,67.92881587953457,91.36898720518784,0
entertainment,47.74,Espanola,NM,35.9866,-106.0654,18408,Historic buildings inspector/conservation officer,36.11256,-105.323159,21,0,1,46.47227926078029,68.18282237175447,0
grocery_pos,71.9,Sacramento,CA,38.6865,-121.3494,757530,Soil scientist,38.153241,-120.662439,9,3,12,54.28336755646817,84.24711244434204,0
shopping_net,915.93,Jelm,WY,41.0539,-106.0763,100,Public librarian,41.183948,-106.556054,3,4,7,45.21834360027378,42.71057940108407,1
travel,2.99,North Loup,NE,41.4972,-98.7858,509,"""Nurse, children's""",41.955337,-98.885794,19,6,12,40.28199863107461,51.61395799583047,0
misc_pos,9.58,Norwalk,CA,33.9056,-118.0818,105549,Firefighter,34.573305,-118.156761,12,6,1,45.327857631759066,74.56447852665025,0
shopping_pos,955.45,Unionville,MO,40.4815,-92.9951,3805,"""Investment banker, corporate""",41.471482,-92.788712,21,0,7,68.8104038329911,111.43605807838956,1
gas_transport,52.5,Tekoa,WA,47.2271,-117.0819,895,Clothing/textile technologist,48.143626,-117.828345,0,3,1,19.59479808350445,116.22435119221984,0
personal_care,50.62,Westerville,NE,41.4193,-99.3844,73,Product designer,40.516157,-100.038224,18,2,12,85.88637919233402,114.44860496714097,0
grocery_pos,90.99,Fort Washakie,WY,43.0048,-108.8964,1645,Freight forwarder,42.704488,-108.548732,10,0,1,42.90212183436002,43.797940554226784,0
personal_care,108.91,Parks,AZ,35.2563,-111.95,759,"""Geologist, engineering""",35.066539,-111.834679,21,3,12,63.76180698151951,23.56117653501425,0
home,43.32,Cascade Locks,OR,45.671,-121.8686,1288,Barrister,46.018094,-121.014316,17,1,12,84.66255989048597,76.60443673465603,0
personal_care,79.76,Hooper,NE,41.6414,-96.5232,1745,"""Engineer, automotive""",40.902356,-96.261424,12,6,12,47.00342231348392,85.04005113883984,0
grocery_pos,183.5,Newhall,CA,34.3795,-118.523,34882,Health physicist,34.004312,-119.052997,8,4,12,49.67008898015058,64.16166722035875,0
misc_pos,62.78,Lake Oswego,OR,45.4093,-122.6847,42817,Planning and development surveyor,46.330417,-123.402403,8,0,1,36.65160848733744,116.52475824049677,0
grocery_pos,171.56,Meridian,ID,43.6498,-116.4306,84106,Intelligence analyst,42.720626,-116.523793,4,5,1,47.898699520876114,103.5953263621402,0
misc_net,55.86,Phoenix,AZ,33.8155,-112.1202,1312922,Counselling psychologist,33.670622,-111.393719,15,2,12,21.084188911704317,69.07696522154298,0
misc_net,7.6,San Diego,CA,33.0067,-117.069,1241364,"""Pharmacist, hospital""",33.886157,-117.842461,4,6,12,60.824093086926766,121.29604808172851,0
shopping_pos,1256.43,Coulee Dam,WA,48.0379,-118.9419,1439,"""Pilot, airline""",48.943199,-118.590709,23,6,3,19.482546201232037,103.9380030794872,1
gas_transport,65.97,Glendale,CA,34.1556,-118.2322,172817,Advertising account planner,34.091991,-117.360518,1,4,1,36.4517453798768,80.54939653750091,0
food_dining,48.27,American Fork,UT,40.3928,-111.7941,42384,Futures trader,40.68202,-111.660268,20,1,12,28.0,34.09045603419068,0
grocery_pos,95.95,Fiddletown,CA,38.5234,-120.6763,832,Immigration officer,38.493155,-120.413815,6,1,12,33.61533196440794,23.085630285813203,0
food_dining,63.28,Centerview,MO,38.7897,-93.8702,2368,Electronics engineer,39.288453,-94.307133,15,5,1,29.470225872689937,67.07978759626253,0
travel,5.71,Powell Butte,OR,44.2415,-121.0113,2016,Local government officer,44.665413,-120.435714,12,1,12,67.0116358658453,65.64346413904744,0
grocery_pos,280.99,Louisiana,MO,39.4336,-91.0664,4593,"""Teacher, early years/pre""",40.379767,-90.715591,2,3,4,79.46611909650925,109.38115493333537,1
grocery_pos,123.94,Tomales,CA,38.2427,-122.9145,337,Occupational psychologist,37.668179,-122.907928,2,1,1,64.53114305270363,63.88641891478424,0
shopping_net,2.86,Carlotta,CA,40.507,-123.9743,1139,"""Therapist, occupational""",40.965619,-123.523416,8,0,12,69.95208761122518,63.59046355789629,0
entertainment,564.34,Thompson,UT,38.9999,-109.615,46,"""Surveyor, minerals""",38.435536,-109.844716,22,3,1,31.73716632443532,65.84302113004865,1
gas_transport,60.48,Colorado Springs,CO,38.8881,-104.6556,525713,Museum/gallery exhibitions officer,39.663504,-104.877439,0,6,12,28.635181382614647,88.31007328767721,0
grocery_pos,311.12,Brainard,NE,41.1832,-96.9882,614,Associate Professor,41.659043,-96.928934,6,1,6,52.9719370294319,53.14158773268947,1
gas_transport,45.06,Orient,WA,48.8878,-118.2105,149,Special educational needs teacher,48.385911,-118.963871,0,6,1,40.58316221765914,78.60600774997923,0
grocery_pos,121.77,Eugene,OR,44.0385,-123.0614,191096,"""Scientist, physiological""",45.005003,-122.837889,4,6,12,56.72553045859001,108.92116284785112,0
health_fitness,93.67,Sacramento,CA,38.5662,-121.3286,757530,Magazine features editor,39.199571,-121.296995,16,2,1,39.676933607118414,70.4807512985624,0
kids_pets,41.04,North Loup,NE,41.4972,-98.7858,509,"""Nurse, children's""",41.100123,-98.551715,18,6,12,40.28199863107461,48.28953911072886,0
shopping_net,5.59,Fullerton,NE,41.366,-98.0054,1749,"""Surveyor, mining""",40.595726,-97.442639,20,6,1,45.667351129363446,97.81395639843537,0
misc_pos,8.44,Saint Louis,MO,38.6171,-90.4504,927396,Occupational hygienist,39.02459,-90.247979,7,6,12,60.79397672826831,48.5859055427397,0
grocery_pos,129.44,Parks,AZ,35.2563,-111.95,759,"""Geologist, engineering""",34.383103,-112.271909,11,2,1,61.804243668720055,101.44423446595754,0
grocery_pos,75.39,Rocky Mount,MO,38.2911,-92.7059,1847,Tax inspector,38.834779,-92.446918,6,6,12,32.16974674880219,64.51164021343563,0
personal_care,31.73,Pueblo,CO,38.2352,-104.66,151815,Further education lecturer,37.501763,-104.63167,17,4,1,31.039014373716636,81.59237749961372,0
shopping_net,967.49,Arvada,CO,39.8422,-105.1097,122111,Hotel manager,39.26251,-105.656175,23,4,8,32.27104722792608,79.68697339941149,1
gas_transport,69.88,Smith River,CA,41.9404,-124.1587,1930,Web designer,42.652109,-123.670145,6,3,12,37.5523613963039,88.75509036725742,0
grocery_pos,30.15,Hawthorne,CA,33.9143,-118.3493,93193,"""Editor, magazine features""",34.545417,-119.280131,8,0,1,23.720739219712527,110.66960150731694,0
entertainment,8.02,Huslia,AK,65.6899,-156.292,277,"""Engineer, civil (consulting)""",66.646051,-156.505587,22,5,12,55.13757700205339,106.75117200967355,0
gas_transport,22.22,Vinton,CA,40.0235,-120.7986,128,Education administrator,41.009368,-120.223271,0,2,1,53.9356605065024,119.92660754724297,1
entertainment,84.49,Westerville,NE,41.4193,-99.3844,73,Product designer,41.566867,-99.268533,0,0,1,83.94524298425736,19.036185507676688,0
entertainment,76.55,Kissee Mills,MO,36.6704,-93.0377,1201,"""Engineer, agricultural""",37.110116,-93.682334,15,2,12,40.78576317590692,75.34699673534928,0
gas_transport,32.76,Camden,MO,39.2048,-94.0259,464,Colour technologist,39.362798,-93.138077,5,5,1,59.60848733744011,78.40556695644526,0
shopping_pos,9.55,Conway,WA,48.34,-122.3456,85,"""Research officer, political party""",48.618282,-122.541861,19,3,12,36.31211498973306,34.15815227188282,0
food_dining,72.89,Kissee Mills,MO,36.6704,-93.0377,1201,"""Engineer, agricultural""",36.439654,-93.323736,14,0,1,38.8062970568104,36.208771275713225,0
personal_care,19.15,Mesa,ID,44.6255,-116.4493,129,Cartographer,45.396024,-116.086201,21,5,1,53.07597535934291,90.3077267272371,0
kids_pets,28.41,Tekoa,WA,47.2271,-117.0819,895,Clothing/textile technologist,46.281906,-116.40671,21,1,12,21.582477754962355,117.01165436679044,0
travel,7.55,Roseland,NE,40.4591,-98.5551,463,"""Nurse, mental health""",39.675498,-98.232851,23,2,3,70.81998631074606,91.34562232560268,1
food_dining,20.19,Roseland,NE,40.4591,-98.5551,463,"""Nurse, mental health""",40.493584,-98.523403,22,0,1,70.60369609856262,4.678771026488372,0
health_fitness,14.2,Conway,WA,48.34,-122.3456,85,"""Research officer, political party""",49.263227,-123.174108,23,6,1,34.365503080082135,119.24923626926316,0
personal_care,112.9,Carlotta,CA,40.507,-123.9743,1139,"""Therapist, occupational""",40.209656,-123.283498,16,0,1,68.0164271047228,67.2250902778218,0
grocery_pos,51.55,Ballwin,MO,38.577,-90.5255,92608,"""Engineer, communications""",39.303925,-90.570927,3,6,12,19.42231348391513,80.92579553436416,0
shopping_pos,141.16,Kissee Mills,MO,36.6704,-93.0377,1201,"""Engineer, agricultural""",36.191034,-93.546446,9,0,12,40.780287474332646,70.09121887628862,0
gas_transport,75.61,Lamy,NM,35.4311,-105.9409,923,Public relations account executive,34.713623,-106.923885,5,1,12,56.5201916495551,119.862232573167,0
misc_pos,5.45,Browning,MO,40.029,-93.1607,602,Cytogeneticist,40.777951,-93.247082,10,2,12,66.46406570841889,83.60012824188075,0
grocery_net,63.81,Meridian,ID,43.6498,-116.4306,84106,Intelligence analyst,43.81903,-115.789571,0,5,1,47.937029431895965,54.83273082536435,0
kids_pets,11.15,Paauilo,HI,20.0271,-155.3697,1490,"""Scientist, research (maths)""",20.965633,-154.816771,20,5,1,27.731690622861056,119.19568382205526,0
health_fitness,40.0,Westerville,NE,41.4193,-99.3844,73,Product designer,42.292431,-99.366355,19,4,12,85.87268993839835,97.09923872753026,0
gas_transport,69.3,Ballwin,MO,38.577,-90.5255,92608,"""Engineer, communications""",38.166105,-90.912756,3,1,1,17.43463381245722,56.80875642949869,0
home,16.63,Red River,NM,36.6659,-105.4694,606,"""Surveyor, land/geomatics""",35.728334,-104.645844,20,0,1,30.33538672142368,127.78695851844792,0
kids_pets,5.54,Freedom,WY,43.0172,-111.0292,471,"""Education officer, museum""",42.363946,-111.638825,15,3,12,53.4154688569473,88.08414951741695,0
shopping_pos,3.94,Spirit Lake,ID,47.9657,-116.868,4161,Production manager,48.536961,-115.971639,7,5,1,61.58521560574949,91.8659014712521,0
grocery_pos,95.12,Matthews,MO,36.7154,-89.6287,1019,Aeronautical engineer,36.63074,-90.363765,8,3,12,41.93018480492813,66.22875812450744,0
personal_care,72.99,Campbell,NE,40.2967,-98.737,493,"""Surveyor, minerals""",40.187943,-99.524325,12,3,1,78.34360027378509,67.91111605039808,0
entertainment,5.14,Monitor,WA,47.4852,-120.4158,584,Medical technical officer,46.876417,-120.335742,12,3,1,49.7905544147844,67.96343990603353,0
home,13.43,Luray,MO,40.4931,-91.8912,519,Town planner,40.307707,-91.392896,17,6,12,54.86926762491444,46.96209429188912,0
kids_pets,29.08,Tekoa,WA,47.2271,-117.0819,895,Clothing/textile technologist,48.005336,-117.151826,15,0,12,21.579739904175224,86.69446916043624,0
misc_net,192.92,Superior,AZ,33.2887,-111.0985,2872,Petroleum engineer,32.554638,-111.199268,1,2,12,33.17453798767967,82.16406803861408,0
food_dining,36.74,Independence,MO,39.1412,-94.3515,123373,"""Engineer, production""",40.017635,-94.764037,13,6,12,28.082135523613964,103.66984350523715,0
personal_care,9.69,Ruidoso,NM,33.3305,-105.6933,8874,Licensed conveyancer,34.205594,-105.38299,17,0,12,20.366872005475702,101.44544712385924,0
food_dining,74.09,Corona,CA,33.8419,-117.6043,233717,Wellsite geologist,33.917816,-117.821826,7,1,1,52.61327857631759,21.783039895843764,0
grocery_pos,144.65,Lowell,OR,43.921,-122.7806,1420,Systems analyst,44.242978,-122.612829,0,3,1,53.163586584531146,38.22812049119729,0
home,119.04,Sacramento,CA,38.5662,-121.3286,757530,Magazine features editor,37.806834,-121.843654,23,6,12,41.661875427789184,95.68707902051813,0
entertainment,1.71,Albuquerque,NM,35.0561,-106.5506,641349,Charity officer,34.514024,-106.013465,3,1,12,53.93018480492813,77.71354733600504,0
home,52.05,Daly City,CA,37.6787,-122.478,107941,"""Buyer, industrial""",37.751204,-123.190272,13,1,12,29.23750855578371,63.16949484772112,0
health_fitness,56.96,Lowell,OR,43.921,-122.7806,1420,Systems analyst,43.82337,-122.430097,21,4,1,53.14715947980835,30.1203332652666,0
kids_pets,44.31,Espanola,NM,35.9866,-106.0654,18408,Historic buildings inspector/conservation officer,36.348141,-106.112628,17,0,12,48.446269678302535,40.42444880073192,0
gas_transport,41.25,Hooper,NE,41.6414,-96.5232,1745,"""Engineer, automotive""",41.074484,-97.439286,10,3,12,47.01437371663244,99.0936529007207,0
misc_pos,302.75,Laramie,WY,41.4247,-105.4781,35371,"""Pilot, airline""",42.370518,-105.05031,1,2,1,30.3709787816564,110.96983617237647,0
food_dining,297.15,Redford,MO,37.3272,-91.0243,241,Investment analyst,37.010423,-91.030617,15,5,12,46.16563997262149,35.22844215887487,0
entertainment,49.21,Laguna Hills,CA,33.615,-117.7114,45303,Sales executive,34.059949,-117.485478,6,2,1,49.04859685147159,53.69618366861506,0
kids_pets,71.95,Eugene,OR,44.0385,-123.0614,191096,"""Scientist, physiological""",44.234274,-122.195782,15,6,12,56.72553045859001,72.42726148409412,0
home,36.09,Port Costa,CA,38.046,-122.1866,198,Armed forces training and education officer,38.063625,-122.898178,15,3,12,61.75496235455168,62.33448781082589,0
shopping_pos,2.86,Phoenix,AZ,33.8155,-112.1202,1312922,Counselling psychologist,33.818536,-111.54979,17,5,12,21.073237508555785,52.69713259990662,0
gas_transport,35.87,Kirtland Afb,NM,35.0203,-106.5503,310,"""Surveyor, land/geomatics""",34.263477,-107.311193,10,6,12,42.24229979466119,109.2115707738357,0
misc_pos,3.02,Camden,MO,39.2048,-94.0259,464,Colour technologist,39.841672,-93.673028,6,0,12,61.58795345653662,77.01345835328384,0
misc_net,57.63,Sun City,CA,33.7467,-117.1721,54287,"""Designer, exhibition/display""",34.208589,-116.416912,8,0,12,48.26557152635181,86.5262405673487,0
misc_net,11.06,Burbank,WA,46.1966,-118.9017,3684,Musician,45.958045,-118.002061,9,2,12,39.08555783709788,74.28974855890861,0
food_dining,46.99,Meredith,CO,39.3199,-106.6596,61,Public relations account executive,39.582887,-107.295284,22,1,12,81.15263518138262,61.92028161441036,0
home,7.38,North Loup,NE,41.4972,-98.7858,509,"""Nurse, children's""",42.085799,-98.898418,22,1,12,40.28747433264887,66.11178667682861,0
shopping_net,4.1,Napa,CA,38.4549,-122.2564,94014,Airline pilot,37.661961,-122.451258,13,6,12,35.351129363449694,89.80608292444073,0
home,37.98,Freedom,WY,43.0172,-111.0292,471,"""Education officer, museum""",43.166927,-111.74684,20,6,12,53.40451745379877,60.60444470844929,0
shopping_net,488.23,Independence,MO,39.1412,-94.3515,123373,"""Engineer, production""",39.05708,-94.122345,21,6,1,26.127310061601644,21.87522986490253,0
shopping_pos,133.92,Athena,OR,45.8289,-118.4971,1302,Dealer,45.115476,-118.62749,8,0,1,42.220396988364136,79.97799182353492,0
shopping_net,1110.42,Paauilo,HI,20.0271,-155.3697,1490,"""Scientist, research (maths)""",20.825414,-155.185875,1,6,12,28.692676249144423,90.81163102250812,1
personal_care,235.88,Issaquah,WA,47.4974,-122.0107,50489,Osteopath,47.74451,-122.648001,20,3,12,36.818617385352496,55.10424151944919,0
home,23.63,Kirk,CO,39.6171,-102.4776,207,Network engineer,39.454648,-102.67261,13,3,12,65.07597535934292,24.616507425609445,0
shopping_net,3.61,Hawthorne,CA,33.9143,-118.3493,93193,"""Editor, magazine features""",33.782844,-118.724153,16,4,12,25.68651608487337,37.576761563195575,0
home,270.28,Utica,MO,39.7417,-93.6289,271,Land/geomatics surveyor,39.512595,-94.348475,23,0,3,46.93223819301848,66.6846276550696,1
kids_pets,17.56,Indian Wells,CA,33.7163,-116.3381,4677,Learning mentor,34.103429,-117.016707,22,3,1,63.7015742642026,75.99133483921692,0
gas_transport,70.91,Wheaton,MO,36.7651,-94.0492,760,Production manager,37.505512,-94.086189,4,0,1,33.35249828884326,82.39532386111443,0
health_fitness,101.77,Littleton,CO,39.5994,-105.0044,320420,Water engineer,39.028845,-105.56595,15,1,1,43.422313483915126,79.74197338036653,0
grocery_net,43.0,Yellowstone National Park,WY,44.7957,-110.6137,369,Materials engineer,45.178976,-111.44931,3,4,12,79.10746064339493,78.3248519347877,0
misc_pos,36.25,Fiddletown,CA,38.5234,-120.6763,832,Immigration officer,38.873355,-120.580124,3,0,12,33.61259411362081,39.79823327334398,0
misc_pos,40.2,Azusa,CA,34.1248,-117.9031,59705,Civil Service fast streamer,34.505451,-117.994526,10,2,12,37.52224503764545,43.15128058684388,0
food_dining,29.2,Sun City,CA,33.7467,-117.1721,54287,"""Designer, exhibition/display""",34.085336,-117.563666,13,1,1,46.2943189596167,52.18606438408786,0
personal_care,45.19,Colton,WA,46.5901,-117.1692,761,Chief Marketing Officer,46.738329,-116.445965,13,6,12,77.49486652977413,57.59847956459735,0
grocery_net,83.13,Albuquerque,NM,35.1506,-106.569,641349,Civil Service administrator,35.935399,-105.708151,2,6,1,42.7378507871321,116.96756947504628,0
misc_pos,5.15,Rocky Mount,MO,38.2911,-92.7059,1847,Tax inspector,38.624647,-93.589631,13,4,1,30.209445585215605,85.4203485894741,0
food_dining,63.95,Athena,OR,45.8289,-118.4971,1302,Dealer,46.624948,-117.648689,14,0,12,44.19438740588638,109.9738107839894,0
shopping_pos,6.55,Sutherland,NE,41.1558,-101.136,1789,Insurance broker,41.866829,-101.272015,23,0,1,36.941820670773446,79.86981505449384,0
gas_transport,60.48,Colorado Springs,CO,38.8881,-104.6556,525713,Museum/gallery exhibitions officer,39.663504,-104.877439,0,6,12,28.635181382614647,88.31007328767721,0
shopping_pos,4.88,Meridian,ID,43.6498,-116.4306,84106,Intelligence analyst,43.847278,-116.166629,18,4,1,47.93429158110883,30.5248258823899,0
home,58.46,Spirit Lake,ID,47.9657,-116.868,4161,Production manager,47.743678,-117.081482,20,6,12,63.54277891854894,29.380296176162435,0
gas_transport,71.86,Wendel,CA,40.3406,-120.2824,104,"""Teacher, adult education""",39.756543,-120.992137,10,6,1,29.409993155373037,88.69782747242384,0
gas_transport,51.6,Norwalk,CA,33.9056,-118.0818,105549,Firefighter,34.614084,-118.177469,2,5,1,45.32511978097194,79.26891387243724,0
home,59.25,Thompson,UT,38.9999,-109.615,46,"""Surveyor, minerals""",38.41623,-109.506449,16,0,12,33.68377823408624,65.5810439167187,0
misc_pos,66.65,Laguna Hills,CA,33.615,-117.7114,45303,Sales executive,32.884851,-116.892095,3,1,1,49.04585900068447,111.33738945653884,0
shopping_pos,107.02,Norwalk,CA,33.9056,-118.0818,105549,Firefighter,33.149609,-118.763554,19,4,1,45.28405201916495,105.16607419271106,0
kids_pets,41.48,Blairstown,MO,38.5319,-93.9221,467,Agricultural consultant,38.365933,-94.243876,21,5,1,68.64887063655031,33.55257323104071,0
misc_pos,153.34,Moriarty,NM,34.9889,-106.0609,7268,"""Therapist, art""",35.494869,-106.482314,18,5,12,32.394250513347025,68.04379615138845,0
kids_pets,7.88,Browning,MO,40.029,-93.1607,602,Cytogeneticist,39.741556,-93.157882,20,1,1,64.48733744010951,31.963218849613195,0
personal_care,47.03,Claremont,CA,34.1092,-117.7183,35705,Wellsite geologist,33.601712,-116.800029,21,6,1,62.66392881587954,101.85422590191206,0
grocery_pos,100.66,Thompson,UT,38.9999,-109.615,46,"""Surveyor, minerals""",39.616097,-109.867525,7,3,12,33.69199178644764,71.88006062176156,0
misc_pos,29.84,Meadville,MO,39.7795,-93.3014,964,Tourist information centre manager,39.047318,-94.148179,6,1,1,44.04380561259411,109.17840309558518,0
home,51.29,Centerview,MO,38.7897,-93.8702,2368,Electronics engineer,39.36182,-93.390198,22,4,12,31.44147843942505,75.92032976832948,0
gas_transport,48.44,San Diego,CA,33.0067,-117.069,1241364,"""Pharmacist, hospital""",32.940505,-116.421763,6,4,12,60.818617385352496,60.82363644998054,0
gas_transport,16.33,Humboldt,AZ,34.5189,-112.2523,1179,"""Civil engineer, contracting""",34.085224,-112.885194,2,5,9,64.64887063655031,75.53168005803066,1
gas_transport,64.92,Browning,MO,40.029,-93.1607,602,Cytogeneticist,40.27194,-93.87006,6,4,1,64.49555099247091,66.0651215645074,0
personal_care,149.02,Meridian,ID,43.6498,-116.4306,84106,Intelligence analyst,43.28405,-115.541004,13,6,12,49.87542778918549,82.51078882334235,0
home,227.13,Rock Springs,WY,41.606,-109.23,27971,Music therapist,40.846854,-109.860933,23,0,8,35.00889801505818,99.5471656825674,1
health_fitness,27.97,Centerview,MO,38.7897,-93.8702,2368,Electronics engineer,38.276518,-94.788323,13,0,12,31.449691991786448,98.15136148836608,0
entertainment,30.4,Lake Oswego,OR,45.4093,-122.6847,42817,Planning and development surveyor,45.198446,-123.023866,12,0,1,36.61327857631759,35.40223181558715,0
shopping_pos,3.88,Newhall,CA,34.3795,-118.523,34882,Health physicist,34.015955,-118.324432,12,0,1,47.742642026009584,44.35803249521369,0
kids_pets,12.15,Wheaton,MO,36.7651,-94.0492,760,Production manager,37.62104,-93.050322,20,0,12,35.3264887063655,129.94822192646626,0
home,16.94,Redford,MO,37.3272,-91.0243,241,Investment analyst,36.425267,-91.675595,15,0,12,46.17111567419576,115.81903089337725,0
misc_pos,30.99,Kissee Mills,MO,36.6704,-93.0377,1201,"""Engineer, agricultural""",36.775423,-93.769085,3,0,1,38.82546201232033,66.2236211237529,0
grocery_pos,85.07,Jelm,WY,41.0539,-106.0763,100,Public librarian,40.461176,-105.138183,5,5,12,46.69678302532512,102.89349494877166,0
kids_pets,36.1,Fields Landing,CA,40.7268,-124.2174,276,"""Scientist, audiological""",41.271757,-124.803665,13,5,1,89.66735112936345,78.05436732596907,0
shopping_pos,12.01,Daly City,CA,37.6787,-122.478,107941,"""Buyer, industrial""",38.459985,-123.239638,18,4,1,27.290896646132783,109.50988512935396,0
home,135.23,Hawthorne,CA,33.9143,-118.3493,93193,"""Editor, magazine features""",33.139718,-118.821775,16,5,12,25.689253935660503,96.6246758055538,0
kids_pets,290.11,Wheaton,MO,36.7651,-94.0492,760,Production manager,36.912508,-94.863574,22,3,12,35.3347022587269,74.30305820282159,0
gas_transport,103.7,Moab,UT,38.5677,-109.5271,9772,Location manager,38.111262,-110.258809,3,1,12,31.096509240246405,81.53763237972144,0
kids_pets,16.84,Norwalk,CA,33.9056,-118.0818,105549,Firefighter,33.277727,-118.184071,23,6,12,47.26351813826147,70.45600452936507,0
home,18.03,Freedom,WY,43.0172,-111.0292,471,"""Education officer, museum""",42.963955,-111.294474,20,6,1,51.43052703627652,22.3736993458735,0
gas_transport,40.1,Red River,NM,36.6659,-105.4694,606,"""Surveyor, land/geomatics""",36.05017,-104.647626,0,3,1,30.362765229295004,100.5122207742803,0
entertainment,5.76,Lagrange,WY,41.6423,-104.1974,635,Product/process development scientist,41.847219,-104.159938,19,1,1,45.50855578370979,22.99694341921854,0
grocery_pos,96.53,Meadville,MO,39.7795,-93.3014,964,Tourist information centre manager,39.819445,-93.611862,6,4,12,46.00684462696783,26.892064057466985,0
shopping_net,855.28,Fiddletown,CA,38.5234,-120.6763,832,Immigration officer,39.004103,-121.427021,23,0,9,32.34770704996578,84.22362345376065,1
health_fitness,8.34,Honokaa,HI,20.0827,-155.488,4878,Physiotherapist,20.424519,-156.120754,18,0,12,54.06981519507187,76.16937896911853,0
home,82.28,Meadville,MO,39.7795,-93.3014,964,Tourist information centre manager,40.097671,-92.915131,14,1,1,44.04380561259411,48.334091145719306,0
entertainment,126.77,Red River,NM,36.6659,-105.4694,606,"""Surveyor, land/geomatics""",37.089213,-105.451792,16,1,12,32.31211498973306,47.09630637047789,0
misc_pos,51.66,Lamy,NM,35.4311,-105.9409,923,Public relations account executive,35.907743,-105.212285,22,5,2,54.652977412731005,84.50483179621237,1
entertainment,24.72,Issaquah,WA,47.4974,-122.0107,50489,Osteopath,47.78363,-121.716314,19,3,1,34.8829568788501,38.722421224208695,0
entertainment,70.36,Fiddletown,CA,38.5234,-120.6763,832,Immigration officer,38.224537,-120.641298,15,4,1,31.630390143737166,33.37183364743717,0
shopping_pos,9.06,Conway,WA,48.34,-122.3456,85,"""Research officer, political party""",48.552054,-122.387915,12,5,12,36.31759069130732,23.78499284518361,0
grocery_pos,153.8,Westerville,NE,41.4193,-99.3844,73,Product designer,41.292285,-100.188977,10,6,12,85.87816563997262,68.62304798581529,0
personal_care,14.5,San Jose,CA,37.3304,-121.7913,973849,Science writer,36.95535,-121.348706,18,3,12,65.55509924709104,57.2554682095908,0
gas_transport,82.19,Phoenix,AZ,33.8155,-112.1202,1312922,Counselling psychologist,34.404587,-112.415813,2,4,1,19.096509240246405,70.93224216283029,0
misc_net,8.39,Thompson,UT,38.9999,-109.615,46,"""Surveyor, minerals""",38.862511,-109.022535,9,4,1,31.7015742642026,53.47588875355589,0
shopping_net,911.85,Scotts Mills,OR,44.9897,-122.6187,1252,"""Engineer, petroleum""",45.559814,-123.337509,23,6,7,82.43121149897331,84.74813185075726,1
shopping_pos,9.05,Fields Landing,CA,40.7268,-124.2174,276,"""Scientist, audiological""",41.213636,-125.029619,4,0,1,89.71115674195757,87.06604125964537,0
grocery_pos,300.43,Corona,CA,33.8419,-117.6043,233717,Wellsite geologist,33.846439,-117.775976,0,3,5,53.99863107460644,15.862916444354502,1
grocery_net,34.58,Kansas City,MO,38.9621,-94.5959,545147,Counsellor,38.334685,-95.046862,7,3,12,33.11978097193703,80.0054525143056,0
misc_net,6.49,Manley,NE,40.9207,-96.168,206,Human resources officer,41.735322,-96.507934,11,6,1,51.2580424366872,94.924804506608,0
home,65.06,Smith River,CA,41.9404,-124.1587,1930,Web designer,42.779353,-123.655909,20,4,1,35.56194387405886,102.02488738499804,0
grocery_net,66.9,Espanola,NM,35.9866,-106.0654,18408,Historic buildings inspector/conservation officer,35.822795,-106.305152,10,0,12,48.446269678302535,28.24979095308381,0
gas_transport,92.76,Mendon,UT,41.71,-111.9817,2078,"""Scientist, audiological""",42.599951,-112.758179,7,1,1,55.553730321697465,117.85277924526947,0
gas_transport,52.51,Phoenix,AZ,33.8155,-112.1202,1312922,Counselling psychologist,32.903781,-112.713035,3,5,1,19.137577002053387,115.36435958450514,0
shopping_pos,133.13,Helm,CA,36.4992,-120.0936,123,Early years teacher,36.521196,-119.548937,20,4,12,47.879534565366185,48.73952468682298,0
grocery_pos,368.45,Burlington,WA,48.4786,-122.3345,14871,Public house manager,47.882096,-123.191171,0,1,6,46.26967830253251,91.83446971184756,1
travel,466.41,Dumont,CO,39.7532,-105.6356,565,Mental health nurse,40.047109,-105.398888,19,5,1,40.3586584531143,38.416141443191314,0
home,64.17,Athena,OR,45.8289,-118.4971,1302,Dealer,46.334905,-118.899314,13,1,1,42.24229979466119,64.25034429059251,0
health_fitness,37.56,Owensville,MO,38.3511,-91.4867,6703,Naval architect,39.207255,-91.22841,19,3,12,22.598220396988363,97.79734945041088,0
home,108.34,Sutherland,NE,41.1558,-101.136,1789,Insurance broker,41.054863,-101.870849,14,1,12,38.88021902806297,62.584210598131655,0
health_fitness,15.42,Burlington,WA,48.4786,-122.3345,14871,Public house manager,48.6678,-122.880205,23,5,12,46.79808350444901,45.32730597721267,0
shopping_pos,2.44,Conway,WA,48.34,-122.3456,85,"""Research officer, political party""",48.118052,-123.285832,19,0,1,34.36824093086927,73.88862859509007,0
food_dining,72.07,Sixes,OR,42.825,-124.4409,217,Retail merchandiser,42.74857,-124.148024,23,2,1,90.29158110882958,25.366025443401963,0
grocery_pos,297.37,Lowell,OR,43.921,-122.7806,1420,Systems analyst,43.834392,-122.19793,0,2,2,53.256673511293634,47.68444123931906,1
misc_net,6.5,Altonah,UT,40.3207,-110.436,302,"""Sales professional, IT""",41.109849,-109.695889,7,0,12,30.94592744695414,107.66006657139526,0
home,98.79,Conway,WA,48.34,-122.3456,85,"""Research officer, political party""",48.20655,-122.808251,13,0,1,34.36824093086927,37.31739713808405,0
grocery_pos,340.18,Lamy,NM,35.4311,-105.9409,923,Public relations account executive,36.14015,-106.119865,12,6,2,54.65571526351814,80.47839467903445,1
misc_net,6.53,Grenada,CA,41.6125,-122.5258,589,Systems analyst,41.97108,-123.218353,7,1,1,73.0485968514716,69.9017554202774,0
personal_care,80.12,Iliff,CO,40.7692,-103.0968,648,Community arts worker,41.164663,-102.189772,17,0,12,51.26899383983573,87.9389210816001,0
shopping_pos,51.09,Newberg,OR,45.3099,-122.9685,28278,Research scientist (physical sciences),45.240033,-122.609583,15,1,1,41.45927446954141,29.13938383950152,0
shopping_net,1141.04,Espanola,NM,35.9866,-106.0654,18408,Historic buildings inspector/conservation officer,36.052996,-106.806181,23,3,5,47.80287474332649,67.03053228132661,1
kids_pets,69.17,Roseland,NE,40.4591,-98.5551,463,"""Nurse, mental health""",40.007505,-99.260428,17,6,1,70.62012320328542,78.14346702634225,0
entertainment,273.61,Issaquah,WA,47.4974,-122.0107,50489,Osteopath,46.795616,-121.018071,22,3,1,34.86379192334018,108.27933430339776,0
misc_pos,2.66,Eugene,OR,44.0385,-123.0614,191096,"""Scientist, physiological""",43.475964,-122.356608,0,1,1,54.776180698151954,84.35981691262036,0
personal_care,23.15,Oakland,CA,37.7878,-122.1884,381459,Barista,38.360361,-122.906472,20,3,1,45.01848049281314,89.46558515667998,0
shopping_net,96.53,Parker Dam,CA,34.298,-114.156,126,Marketing executive,34.359436,-113.843762,2,1,12,28.22724161533197,29.47430829526528,0
entertainment,76.73,Kissee Mills,MO,36.6704,-93.0377,1201,"""Engineer, agricultural""",36.654126,-92.655606,17,1,12,40.78302532511978,34.129673152188616,0
personal_care,9.39,Portland,OR,45.5303,-122.7033,841711,"""Engineer, building services""",44.914294,-122.432095,12,6,1,55.75906913073238,71.71449061749291,0
kids_pets,45.89,Carlotta,CA,40.507,-123.9743,1139,"""Therapist, occupational""",39.977746,-123.936089,20,5,1,67.97262149212868,58.93965736708588,0
kids_pets,34.63,Port Costa,CA,38.046,-122.1866,198,Armed forces training and education officer,38.596416,-121.471683,23,3,12,61.73579739904175,87.38126270855403,0
home,52.25,Holstein,NE,40.4542,-98.6538,331,Telecommunications researcher,40.792448,-99.341685,17,6,1,68.3832991101985,69.17411809990891,0
shopping_net,1016.26,La Grande,OR,45.3304,-118.0852,16955,"""Engineer, site""",44.449987,-118.256304,23,4,2,57.64818617385352,98.82097092073722,1
misc_pos,5.81,Moriarty,NM,34.9889,-106.0609,7268,"""Therapist, art""",34.138816,-106.56481,19,0,12,32.39972621492129,105.18549052926384,0
kids_pets,19.71,Blairsden-Graeagle,CA,39.8127,-120.6405,1725,Chartered legal executive (England and Wales),39.319513,-120.53278,22,6,1,51.65229295003422,55.61180296353712,0
gas_transport,70.84,Paauilo,HI,20.0271,-155.3697,1490,"""Scientist, research (maths)""",20.244956,-155.166705,11,1,12,29.71389459274469,32.186039239219355,0
misc_net,9.75,Albuquerque,NM,35.1506,-106.569,641349,Civil Service administrator,34.461731,-106.259472,5,0,1,42.75975359342916,81.64544504847517,0
misc_net,739.18,Kaktovik,AK,66.6933,-153.994,239,Careers information officer,66.357215,-153.443491,22,5,3,22.973305954825463,44.62223896783112,1
personal_care,2.64,Ruidoso,NM,33.3305,-105.6933,8874,Licensed conveyancer,32.647322,-106.536477,20,3,1,18.420260095824776,109.33914758430002,0
kids_pets,268.7,Phoenix,AZ,33.5623,-112.0559,1312922,Contractor,34.299608,-112.29618,15,0,1,37.242984257357975,84.92900421007108,0
misc_net,1.04,Owensville,MO,38.3511,-91.4867,6703,Naval architect,38.687724,-90.853863,23,3,12,22.598220396988363,66.57468987604162,0
misc_pos,179.96,Littleton,CO,39.5994,-105.0044,320420,Water engineer,39.682749,-104.063447,11,2,1,43.42505133470226,81.10125951334818,0
food_dining,43.5,Campbell,NE,40.2967,-98.737,493,"""Surveyor, minerals""",40.543929,-98.394344,17,3,12,80.2984257357974,39.96422150692843,0
home,23.39,Scotts Mills,OR,44.9897,-122.6187,1252,"""Engineer, petroleum""",44.681144,-122.764317,21,3,1,81.90554414784394,36.1801983122544,0
entertainment,33.48,Sun City,CA,33.7467,-117.1721,54287,"""Designer, exhibition/display""",32.866982,-117.78754,22,3,12,48.25462012320329,113.31226188744844,0
health_fitness,17.82,Issaquah,WA,47.4974,-122.0107,50489,Osteopath,47.467466,-122.779453,23,2,1,34.841889117043124,57.8653113738672,0
misc_net,64.78,American Fork,UT,40.3928,-111.7941,42384,Futures trader,41.280488,-112.16665,10,6,1,26.03969883641341,103.56249982066954,0
home,43.28,Wales,AK,64.7556,-165.6723,145,"""Administrator, education""",65.342639,-166.573982,21,0,12,81.13620807665983,77.77862515282062,0
food_dining,53.77,Blairstown,MO,38.5319,-93.9221,467,Agricultural consultant,38.903167,-94.852621,15,6,12,70.58726899383984,90.67311063310586,0
grocery_pos,111.41,Freedom,WY,43.0172,-111.0292,471,"""Education officer, museum""",42.629995,-110.433873,1,4,12,53.399041752224505,64.89260650009648,0
gas_transport,64.29,Lamy,NM,35.4311,-105.9409,923,Public relations account executive,35.527682,-106.376101,9,3,12,56.52566735112936,40.84404072878542,0
shopping_net,6.38,Hatch,UT,37.7175,-112.4777,258,Geoscientist,37.768879,-113.275554,11,2,1,57.106091718001366,70.38633577963637,0
health_fitness,101.09,Glendale,CA,34.1556,-118.2322,172817,Advertising account planner,35.055825,-118.492974,21,5,1,36.435318275154,102.90621029324537,0
home,98.99,Kansas City,MO,38.9621,-94.5959,545147,Counsellor,38.003874,-93.797039,19,5,1,31.17043121149897,127.23060346506485,0
travel,1.25,Freedom,WY,43.0172,-111.0292,471,"""Education officer, museum""",43.357247,-111.101316,12,0,12,53.4072553045859,38.26086815444695,0
travel,7.58,Roseland,NE,40.4591,-98.5551,463,"""Nurse, mental health""",39.892285,-97.890364,23,1,12,72.58042436687201,84.62793175055245,0
shopping_net,8.34,Camden,MO,39.2048,-94.0259,464,Colour technologist,38.338499,-94.750209,7,4,12,61.57973990417522,114.9860276928136,0
health_fitness,18.15,Fullerton,NE,41.366,-98.0054,1749,"""Surveyor, mining""",40.985012,-97.859158,22,5,12,46.64202600958248,44.09666037321124,1
travel,8.3,Albuquerque,NM,35.0561,-106.5506,641349,Charity officer,35.91788,-106.887376,19,4,12,53.9192334017796,100.55963822370802,0
entertainment,75.09,Carroll,NE,42.277,-97.1926,566,Metallurgist,42.030375,-97.752463,14,4,1,43.97809719370294,53.684386286184925,0
food_dining,17.3,Azusa,CA,34.1248,-117.9031,59705,Civil Service fast streamer,34.417037,-118.426161,19,1,1,35.564681724846,58.01782042788014,0
health_fitness,17.73,Brainard,NE,41.1832,-96.9882,614,Associate Professor,41.035852,-97.161807,23,6,1,51.56741957563313,21.90887702870501,0
entertainment,58.97,Red River,NM,36.6659,-105.4694,606,"""Surveyor, land/geomatics""",37.052823,-105.207537,18,4,12,32.30116358658453,48.92668567016992,0
health_fitness,107.98,Daly City,CA,37.6787,-122.478,107941,"""Buyer, industrial""",38.677298,-121.76604,21,4,1,27.290896646132783,127.28792296604006,0
shopping_net,267.13,Lakeport,CA,39.047,-122.9328,11256,Podiatrist,39.12545,-122.676064,22,5,1,46.21492128678987,23.81391108710404,0
shopping_pos,1.82,Hatch,UT,37.7175,-112.4777,258,Geoscientist,37.00665,-113.377022,2,6,1,57.15537303216975,112.09303972809738,0
home,38.46,Red River,NM,36.6659,-105.4694,606,"""Surveyor, land/geomatics""",37.554113,-105.044443,15,0,1,30.33538672142368,105.7091928257036,0
home,43.95,Sacramento,CA,38.6865,-121.3494,757530,Soil scientist,37.90166,-121.832198,13,1,1,52.32306639288159,96.9085922211344,0
personal_care,129.96,Santa Monica,CA,34.0287,-118.4924,92043,"""Civil engineer, contracting""",33.583623,-119.298106,16,6,1,57.71937029431896,89.39205818325303,0
entertainment,99.59,Fullerton,NE,41.366,-98.0054,1749,"""Surveyor, mining""",40.580755,-97.870938,20,6,12,47.6413415468857,88.04192417465967,0
food_dining,11.91,Lowell,OR,43.921,-122.7806,1420,Systems analyst,44.410499,-122.658012,15,6,12,55.12662559890486,55.30109267269749,0
gas_transport,69.82,Saint Louis,MO,38.6171,-90.4504,927396,Occupational hygienist,37.916267,-90.902968,5,1,1,58.84462696783025,87.37260593198424,0
personal_care,12.18,Lakeport,CA,39.047,-122.9328,11256,Podiatrist,39.058516,-123.627847,17,6,1,46.25598904859685,60.030971469235446,0
health_fitness,73.66,Arnold,MO,38.4305,-90.387,35439,Land/geomatics surveyor,38.237064,-90.548561,20,4,12,35.73716632443532,25.714167664829663,0
gas_transport,54.46,Sacramento,CA,38.5662,-121.3286,757530,Magazine features editor,38.01288,-120.830834,2,1,12,41.667351129363446,75.3175491813144,0
gas_transport,43.73,San Diego,CA,33.0067,-117.069,1241364,"""Pharmacist, hospital""",32.291042,-117.070753,11,3,1,58.84188911704312,79.57770805792566,0
gas_transport,50.6,High Rolls Mountain Park,NM,32.9396,-105.8189,899,Naval architect,32.268277,-106.775644,0,0,12,53.3305954825462,116.63551136426712,0
misc_pos,3.36,Meredith,CO,39.3199,-106.6596,61,Public relations account executive,39.45417,-107.056629,7,1,12,81.15263518138262,37.24414768495374,0
food_dining,8.69,Conway,WA,48.34,-122.3456,85,"""Research officer, political party""",47.443507,-123.132869,12,4,12,36.31485284052019,115.68220960455923,0
entertainment,25.29,Lakeport,CA,39.047,-122.9328,11256,Podiatrist,38.839916,-123.398142,13,2,1,46.24503764544832,46.36636108979909,0
health_fitness,47.19,Indian Wells,CA,33.7163,-116.3381,4677,Learning mentor,33.158395,-116.6008,21,6,1,63.709787816564,66.65341431140293,0
grocery_pos,190.74,Ashford,WA,46.7531,-121.9898,759,Video editor,47.739419,-121.166074,8,5,12,64.2819986310746,126.07149425151964,0
misc_net,635.33,Tomales,CA,38.2427,-122.9145,337,Occupational psychologist,38.637569,-122.32777,23,4,5,64.86516084873374,67.37300221891661,1
entertainment,496.0,Burbank,WA,46.1966,-118.9017,3684,Musician,45.462344,-118.813156,15,0,1,37.125256673511295,81.93324741549927,0
health_fitness,71.36,Moab,UT,38.5677,-109.5271,9772,Location manager,37.923339,-108.803886,19,1,1,29.14168377823409,95.51114680215,0
