category,amt,city,state,lat,long,city_pop,job,merch_lat,merch_long,trans_hour,trans_dayofweek,trans_month,customer_age,merchant_distance_km,is_fraud
health_fitness,15.54,Scotts Mills,OR,44.9897,-122.6187,1252,"""Engineer, petroleum""",45.087087,-121.699075,20,0,12,83.89048596851471,73.0651064365044,0
kids_pets,122.23,Sun City,CA,33.7467,-117.1721,54287,"""Designer, exhibition/display""",33.489664,-117.522071,21,3,12,48.25462012320329,43.20928188050394,0
grocery_pos,43.05,Sacramento,CA,38.5662,-121.3286,757530,Magazine features editor,38.114614,-122.163748,7,6,1,39.70704996577687,88.4679149589847,0
shopping_pos,118.82,Alva,WY,44.6873,-104.4414,110,"""Administrator, local government""",44.477108,-105.02185,6,2,12,47.6249144421629,51.57059931247467,0
kids_pets,70.8,Superior,AZ,33.2887,-111.0985,2872,Petroleum engineer,33.508757,-110.157573,16,4,1,31.18685831622177,90.71052711846528,0
misc_net,45.24,Cascade Locks,OR,45.671,-121.8686,1288,Barrister,46.434835,-122.250644,10,5,12,84.65434633812457,89.90551884738633,0
shopping_net,1.84,Burbank,WA,46.1966,-118.9017,3684,Musician,46.706005,-118.217094,16,5,12,39.07460643394935,77.1953665308213,0
grocery_pos,124.86,Rocky Mount,MO,38.2911,-92.7059,1847,Tax inspector,39.058066,-91.859747,5,3,12,32.18069815195072,112.55456928215958,0
personal_care,100.33,Carlotta,CA,40.507,-123.9743,1139,"""Therapist, occupational""",39.578954,-124.964071,23,4,1,67.96988364134155,133.2197271828026,0
personal_care,5.37,Greenview,CA,41.5403,-122.9366,308,Call centre manager,41.107734,-123.887751,16,1,1,60.30116358658453,92.85463146445085,0
misc_pos,46.69,Issaquah,WA,47.4974,-122.0107,50489,Osteopath,46.540623,-122.228592,4,5,12,36.824093086926766,107.6632647994822,0
shopping_pos,3.4,Glendale,CA,34.1556,-118.2322,172817,Advertising account planner,33.973069,-118.861272,19,5,12,38.40930869267625,61.39849248570342,0
grocery_pos,104.56,Norwalk,CA,33.9056,-118.0818,105549,Firefighter,34.78363,-117.764342,5,4,1,45.3223819301848,101.88976043800416,0
personal_care,18.27,Rock Springs,WY,41.606,-109.23,27971,Music therapist,41.601462,-109.213657,22,0,8,35.00889801505818,1.4495292815843246,1
personal_care,52.83,Napa,CA,38.4549,-122.2564,94014,Airline pilot,37.761895,-121.263859,19,3,1,33.4072553045859,116.0989898177038,0
misc_pos,78.94,Fields Landing,CA,40.7268,-124.2174,276,"""Scientist, audiological""",41.51092,-124.542877,9,3,1,89.6810403832991,91.3534264210316,0
shopping_pos,6.57,Moab,UT,38.5677,-109.5271,9772,Location manager,38.179363,-109.466483,17,1,12,31.096509240246405,43.50322870692952,0
misc_net,104.87,Luray,MO,40.4931,-91.8912,519,Town planner,39.916034,-91.264654,4,0,12,54.87200547570158,83.35768197091892,0
shopping_pos,8.36,Hawthorne,CA,33.9143,-118.3493,93193,"""Editor, magazine features""",33.869616,-117.800441,22,2,12,25.700205338809035,50.90371359259446,0
shopping_net,1128.66,Kirtland,NM,36.741,-108.351,6910,TEFL teacher,37.46916,-108.8658,23,0,9,64.65434633812457,92.95104728149708,1
shopping_pos,7.07,Utica,MO,39.7417,-93.6289,271,Land/geomatics surveyor,39.791828,-93.482544,12,2,12,48.70088980150582,13.694790585118817,0
food_dining,64.62,Fort Washakie,WY,43.0048,-108.8964,1645,Freight forwarder,42.546683,-108.451613,19,2,1,42.888432580424364,62.55236329360012,0
health_fitness,48.67,American Fork,UT,40.3928,-111.7941,42384,Futures trader,39.455437,-111.971504,20,0,1,26.023271731690624,105.32207000351808,0
health_fitness,74.29,Meadville,MO,39.7795,-93.3014,964,Tourist information centre manager,40.004903,-93.062177,22,3,12,46.02327173169062,32.322151675731384,0
entertainment,39.37,Rock Springs,WY,41.606,-109.23,27971,Music therapist,41.430147,-110.215697,15,3,1,34.44216290212184,84.36288512792355,0
personal_care,3.61,Altonah,UT,40.3207,-110.436,302,"""Sales professional, IT""",40.542307,-110.275451,19,0,1,28.971937029431896,28.140038713861323,0
grocery_pos,108.09,Westerville,NE,41.4193,-99.3844,73,Product designer,42.222182,-99.214071,9,5,12,85.8754277891855,90.38520614532229,0
health_fitness,3.11,Shedd,OR,44.453,-123.1065,917,Radio broadcast assistant,44.650892,-123.420023,17,0,12,25.475701574264203,33.18716384823525,0
grocery_pos,91.93,Honokaa,HI,20.0827,-155.488,4878,Physiotherapist,19.169435,-155.573568,3,3,1,52.12320328542094,101.94510917010574,0
home,39.81,Mound City,MO,40.1362,-95.2138,1631,Architect,39.932482,-95.275051,13,0,12,67.93702943189597,23.244894671440367,0
personal_care,4.04,Pueblo,CO,38.2352,-104.66,151815,Further education lecturer,37.573653,-105.025573,23,6,12,32.98015058179329,80.24895594015976,0
kids_pets,9.81,Thompson,UT,38.9999,-109.615,46,"""Surveyor, minerals""",38.800602,-110.503529,22,5,12,33.67830253251198,80.0195461265951,0
travel,5.19,Iliff,CO,40.7692,-103.0968,648,Community arts worker,40.358508,-103.298114,16,5,1,49.327857631759066,48.73035282373403,0
home,65.44,Helm,CA,36.4992,-120.0936,123,Early years teacher,35.596557,-120.709733,16,5,1,45.90828199863108,114.6393766211314,0
misc_pos,44.19,Lonetree,WY,41.0552,-110.1603,49,Research scientist (physical sciences),41.875425,-110.6244,3,6,1,37.50581793292265,99.0640291272003,0
entertainment,120.32,Issaquah,WA,47.4974,-122.0107,50489,Osteopath,47.479609,-122.201874,20,0,12,36.82956878850103,14.500135013330778,0
shopping_pos,4.92,Ruidoso,NM,33.3305,-105.6933,8874,Licensed conveyancer,33.061778,-105.965702,15,1,12,20.369609856262837,39.18273071307057,0
grocery_pos,318.43,Seligman,MO,36.5276,-93.9359,2693,"""Engineer, biomedical""",35.838851,-94.829584,22,6,10,52.662559890485966,110.89767440161806,1
grocery_pos,293.68,Albuquerque,NM,35.0561,-106.5506,641349,Charity officer,34.446637,-106.429048,2,3,2,52.05749486652977,68.67303323667535,1
gas_transport,72.95,Helm,CA,36.4992,-120.0936,123,Early years teacher,35.829606,-119.563658,0,3,1,45.90280629705681,88.35585164299874,0
shopping_pos,3.54,Fullerton,NE,41.366,-98.0054,1749,"""Surveyor, mining""",41.158853,-98.321708,16,1,12,47.64681724845996,35.06487472855158,0
health_fitness,44.78,Wheaton,MO,36.7651,-94.0492,760,Production manager,36.959165,-93.845197,22,0,1,33.37166324435318,28.1965391807742,0
travel,8.99,Wales,AK,64.7556,-165.6723,145,"""Administrator, education""",63.88437,-164.953179,19,5,1,79.17590691307323,102.88542220913382,0
personal_care,14.27,Paradise Valley,AZ,33.5494,-111.9565,17047,Building surveyor,33.657307,-112.044717,14,1,12,85.91649555099247,14.516149825725783,0
home,4.47,Paauilo,HI,20.0271,-155.3697,1490,"""Scientist, research (maths)""",19.040141,-155.524193,18,6,1,27.753593429158112,110.9325897318704,0
home,22.14,Littleton,CO,39.5994,-105.0044,320420,Water engineer,39.645939,-104.104855,13,3,12,45.42094455852156,77.21849987268926,0
kids_pets,20.4,Ballwin,MO,38.577,-90.5255,92608,"""Engineer, communications""",38.366899,-89.964977,21,0,12,19.42505133470226,54.10091147119456,0
home,5.92,Lakeport,CA,39.047,-122.9328,11256,Podiatrist,38.889787,-123.583512,14,5,12,48.18891170431211,58.909544443652415,0
shopping_pos,7.64,Mound City,MO,40.1362,-95.2138,1631,Architect,39.721713,-95.268965,1,2,12,67.94250513347022,46.32826547732633,0
shopping_net,120.28,Tekoa,WA,47.2271,-117.0819,895,Clothing/textile technologist,47.730805,-116.79028,21,0,12,21.579739904175224,60.14441114276572,0
home,13.89,Vancouver,WA,45.6892,-122.6616,299480,Teaching laboratory technician,44.922923,-121.965467,14,4,12,35.97809719370294,101.1125996138647,0
shopping_pos,1469.4,Mountain Center,CA,33.6401,-116.5567,1661,"""Therapist, music""",34.616307,-115.750937,13,0,1,30.31895961670089,131.46600416621268,0
food_dining,59.15,Lowell,OR,43.921,-122.7806,1420,Systems analyst,44.379191,-123.140551,13,0,1,53.15537303216975,58.48488683790472,0
kids_pets,37.28,Woods Cross,UT,40.8874,-111.9027,13983,Insurance broker,39.986954,-112.873403,23,6,12,41.37166324435318,129.51300010507438,0
entertainment,55.11,Phoenix,AZ,33.8155,-112.1202,1312922,Counselling psychologist,33.761156,-111.794801,13,0,12,21.078713210130047,30.67249463345649,0
misc_pos,686.71,Rocky Mount,MO,38.2911,-92.7059,1847,Tax inspector,37.487529,-93.141844,2,1,12,31.159479808350444,97.19788919832442,1
health_fitness,54.35,Meridian,ID,43.6498,-116.4306,84106,Intelligence analyst,44.08608,-116.333631,18,5,12,49.87268993839836,49.13096964161876,0
food_dining,14.93,Mendon,UT,41.71,-111.9817,2078,"""Scientist, audiological""",41.338465,-111.452792,19,3,12,57.53319644079398,60.3775562736081,0
food_dining,69.71,Albuquerque,NM,35.0561,-106.5506,641349,Charity officer,35.712125,-105.912318,4,6,1,51.969883641341546,93.10939139274132,0
grocery_net,94.94,Lagrange,WY,41.6423,-104.1974,635,Product/process development scientist,41.447782,-103.660825,6,1,1,45.50855578370979,49.61733687252225,0
shopping_pos,7.41,Altonah,UT,40.3207,-110.436,302,"""Sales professional, IT""",40.048142,-111.406167,20,0,1,28.99110198494182,87.81068718018396,0
misc_net,752.3,Valentine,NE,42.8062,-100.6215,4005,Network engineer,43.315039,-99.899053,23,5,9,74.48049281314168,81.52390834925716,1
shopping_pos,6.27,Grenada,CA,41.6125,-122.5258,589,Systems analyst,41.575684,-121.808459,1,1,1,73.0485968514716,59.79346427475626,0
shopping_net,6.69,Jelm,WY,41.0539,-106.0763,100,Public librarian,40.215109,-107.00724,22,4,1,44.75838466803559,121.94177506955783,0
travel,9.19,Carlotta,CA,40.507,-123.9743,1139,"""Therapist, occupational""",41.230324,-124.171194,13,5,12,69.94661190965093,82.11622380488924,0
grocery_pos,144.97,Altonah,UT,40.3207,-110.436,302,"""Sales professional, IT""",39.796961,-109.659639,9,1,1,28.974674880219027,88.07475482174193,0
shopping_pos,6.89,San Diego,CA,33.0067,-117.069,1241364,Chartered public finance accountant,33.347872,-117.943265,1,1,1,59.42778918548939,89.77502141194712,0
kids_pets,108.69,Laramie,WY,41.4247,-105.4781,35371,"""Pilot, airline""",41.577192,-105.806621,19,6,1,30.362765229295004,32.18729387160801,0
kids_pets,65.4,Burlington,WA,48.4786,-122.3345,14871,Public house manager,48.98804,-121.942865,22,0,1,44.86789869952088,63.512664587325865,0
health_fitness,95.81,Sacramento,CA,38.5662,-121.3286,757530,Magazine features editor,38.382202,-121.143745,23,3,1,39.69883641341547,26.029904416341644,0
kids_pets,37.04,Meridian,ID,43.6498,-116.4306,84106,Intelligence analyst,43.090581,-115.964794,19,0,1,47.94250513347023,72.69278579091993,0
grocery_pos,321.76,Kent,OR,45.0838,-120.6649,60,Museum education officer,45.748081,-119.749367,0,4,9,77.44558521560575,102.77331968097114,1
gas_transport,21.9,Grenada,CA,41.6125,-122.5258,589,Systems analyst,41.673672,-123.421652,1,2,7,73.53045859000684,74.75132357981882,1
entertainment,43.08,Phoenix,AZ,33.8155,-112.1202,1312922,Counselling psychologist,34.523171,-112.625043,16,1,1,19.08829568788501,91.37381302923932,0
grocery_pos,234.07,Napa,CA,38.4549,-122.2564,94014,Airline pilot,38.596724,-121.432236,4,4,1,33.39082819986311,73.40837706196497,0
food_dining,23.86,Cascade Locks,OR,45.671,-121.8686,1288,Barrister,45.808034,-122.132241,22,1,1,82.68856947296372,25.510570104715683,0
food_dining,33.41,Newberg,OR,45.3099,-122.9685,28278,Research scientist (physical sciences),45.628373,-122.809669,23,3,12,43.45790554414784,37.5160557577744,0
health_fitness,63.03,Parks,AZ,35.2563,-111.95,759,"""Geologist, engineering""",34.787748,-111.467935,21,5,1,61.79329226557152,68.12795878908955,0
home,7.87,Redford,MO,37.3272,-91.0243,241,Investment analyst,37.701271,-90.933771,21,0,1,44.21629021218344,42.3542366857457,0
gas_transport,52.41,San Jose,CA,37.3304,-121.7913,973849,Geoscientist,38.209582,-122.267368,3,5,12,23.93702943189596,106.33920644989666,0
gas_transport,20.41,Ashford,WA,46.7531,-121.9898,759,Video editor,47.504665,-121.899874,1,0,3,63.50171115674196,83.84664179315273,1
personal_care,15.34,Owensville,MO,38.3511,-91.4867,6703,Naval architect,38.761548,-90.989547,20,1,1,20.637919233401774,62.8628740807523,0
personal_care,52.83,Napa,CA,38.4549,-122.2564,94014,Airline pilot,37.761895,-121.263859,19,3,1,33.4072553045859,116.0989898177038,0
home,88.81,Helm,CA,36.4992,-120.0936,123,Early years teacher,36.949535,-120.989262,13,3,1,45.94113620807666,94.23139127460382,0
grocery_pos,202.71,Burlington,WA,48.4786,-122.3345,14871,Public house manager,49.221275,-123.32192,3,1,1,44.81314168377824,109.72371070360974,0
personal_care,123.58,Centerview,MO,38.7897,-93.8702,2368,Electronics engineer,39.039406,-92.884286,17,1,1,29.49760438056126,89.70496069974612,0
gas_transport,20.0,Huslia,AK,65.6899,-156.292,277,"""Engineer, civil (consulting)""",66.198506,-156.4608,7,0,5,54.548939082819984,57.06954399506623,1
home,49.92,Manville,WY,42.73,-104.7024,241,Educational psychologist,43.010935,-105.691642,16,1,1,38.04243668720055,86.4573981923743,0
grocery_pos,90.23,Athena,OR,45.8289,-118.4971,1302,Dealer,45.848917,-118.415707,10,6,12,44.19164955509925,6.686602439486428,0
personal_care,21.29,San Jose,CA,37.3304,-121.7913,973849,Geoscientist,37.871844,-122.029575,16,2,1,21.99315537303217,63.76025351178132,0
misc_pos,62.78,Lake Oswego,OR,45.4093,-122.6847,42817,Planning and development surveyor,46.330417,-123.402403,8,0,1,36.65160848733744,116.52475824049677,0
grocery_pos,101.79,Luray,MO,40.4931,-91.8912,519,Town planner,39.885102,-92.003535,11,2,1,52.92265571526352,68.27635910564801,0
health_fitness,94.31,Rock Springs,WY,41.606,-109.23,27971,Music therapist,40.877779,-110.042346,21,1,1,34.455852156057496,105.68781726987648,0
shopping_pos,9.66,Malad City,ID,42.1808,-112.262,4154,Nature conservation officer,42.478667,-112.962248,9,6,12,58.93771389459275,66.41179629548874,0
home,7.82,Howells,NE,41.6964,-96.9858,1063,Research scientist (maths),41.153446,-97.550493,19,2,12,92.74469541409994,76.56143538277865,0
misc_pos,4.59,Utica,MO,39.7417,-93.6289,271,Land/geomatics surveyor,39.620168,-93.94994,14,3,12,48.70362765229295,30.61731048611563,0
home,82.94,Athena,OR,45.8289,-118.4971,1302,Dealer,45.273017,-118.185125,16,1,12,44.19712525667351,66.41350547789672,0
misc_net,3.88,Campbell,NE,40.2967,-98.737,493,"""Surveyor, minerals""",39.327141,-99.503171,7,1,12,80.29295003422314,126.11631871664127,0
shopping_net,337.77,Independence,MO,39.1412,-94.3515,123373,"""Engineer, production""",40.100474,-95.288108,16,6,1,26.127310061601644,133.4643615656948,0
food_dining,85.64,Meridian,ID,43.6498,-116.4306,84106,Intelligence analyst,44.291202,-117.164838,12,4,12,49.869952087611225,92.40699735510084,0
grocery_pos,276.62,Malad City,ID,42.1808,-112.262,4154,Nature conservation officer,42.079236,-112.961883,0,3,11,58.79534565366188,58.8101113255951,1
gas_transport,51.85,Tekoa,WA,47.2271,-117.0819,895,Clothing/textile technologist,47.959967,-117.117553,8,6,1,19.603011635865844,81.5349347409316,0
shopping_net,981.21,Kansas City,MO,38.9621,-94.5959,545147,Counsellor,38.935839,-93.943521,1,3,3,31.299110198494184,56.491165079447136,1
shopping_pos,6.86,Red River,NM,36.6659,-105.4694,606,"""Surveyor, land/geomatics""",37.322231,-105.341589,16,0,1,30.37371663244353,73.85811798050554,0
grocery_pos,77.73,Arnold,MO,38.4305,-90.387,35439,Land/geomatics surveyor,38.046001,-89.750809,8,6,1,33.78781656399726,70.1082232650312,0
entertainment,17.35,Howells,NE,41.6964,-96.9858,1063,Research scientist (maths),42.263528,-97.144974,14,0,1,90.80355920602328,64.4196797961147,0
shopping_net,1039.27,Kansas City,MO,38.9621,-94.5959,545147,Counsellor,38.00688,-93.634885,1,2,3,31.29637234770705,135.19663413224478,1
home,76.05,Gardiner,OR,43.7857,-124.1437,260,"""Engineer, maintenance""",43.917493,-124.346679,23,2,1,62.37371663244353,21.90149513167789,0
shopping_net,807.16,San Jose,CA,37.3304,-121.7913,973849,Science writer,36.632526,-121.588932,9,6,12,65.54414784394251,79.65472749221485,0
shopping_pos,7.69,Paauilo,HI,20.0271,-155.3697,1490,"""Scientist, research (maths)""",19.968555,-155.053512,21,1,1,27.720739219712527,33.67387987715251,0
home,12.68,Wales,AK,64.7556,-165.6723,145,"""Administrator, education""",65.623593,-165.186033,23,3,12,81.14442162902122,99.14662310597544,0
shopping_pos,8.34,Laguna Hills,CA,33.615,-117.7114,45303,Sales executive,33.831879,-118.425609,4,3,12,51.02532511978097,70.31724280028573,0
shopping_net,884.08,Fiddletown,CA,38.5234,-120.6763,832,Immigration officer,39.030349,-120.718988,22,0,9,32.34770704996578,56.49148465900096,1
misc_pos,39.19,Fort Washakie,WY,43.0048,-108.8964,1645,Freight forwarder,43.795985,-109.842402,7,6,12,44.83504449007529,116.53592477558853,0
shopping_net,5.41,Wheaton,MO,36.7651,-94.0492,760,Production manager,37.002354,-94.243626,19,2,12,35.331964407939765,31.54361952677184,0
food_dining,69.71,Albuquerque,NM,35.0561,-106.5506,641349,Charity officer,35.712125,-105.912318,4,6,1,51.969883641341546,93.10939139274132,0
grocery_pos,89.54,Athena,OR,45.8289,-118.4971,1302,Dealer,45.678297,-118.33732,10,6,12,44.19164955509925,20.83542125118427,0
shopping_pos,154.93,Napa,CA,38.4549,-122.2564,94014,Airline pilot,38.743867,-123.239292,16,5,1,33.39356605065024,91.25829008077524,0
personal_care,80.97,Saint Louis,MO,38.6171,-90.4504,927396,Occupational hygienist,38.177701,-91.201201,17,3,12,60.80492813141684,81.65839132474476,0
food_dining,138.45,Cardwell,MO,36.0434,-90.2907,1120,Television floor manager,36.278088,-89.97629,22,6,12,63.696098562628336,38.441087886941865,0
kids_pets,45.5,Red Cliff,CO,39.4584,-106.3851,277,Human resources officer,40.350794,-106.134202,23,5,1,33.776865160848736,101.51118558213822,0
grocery_pos,185.22,Kansas City,MO,38.9621,-94.5959,545147,Counsellor,38.493676,-94.123739,4,1,12,33.11430527036276,66.26103876383576,0
misc_net,1.85,Holstein,NE,40.4542,-98.6538,331,Telecommunications researcher,41.232257,-98.401321,10,3,1,68.3750855578371,89.08456822741718,0
personal_care,41.58,Carlotta,CA,40.507,-123.9743,1139,"""Therapist, occupational""",41.004281,-124.30399,12,1,1,67.98083504449008,61.876487795525776,0
shopping_pos,8.97,Albuquerque,NM,35.0561,-106.5506,641349,Charity officer,35.795787,-105.888024,11,0,12,53.927446954141,101.8286121669346,0
grocery_pos,282.17,Kaktovik,AK,66.6933,-153.994,239,Careers information officer,67.397018,-154.118108,1,4,3,22.97056810403833,78.43470790176328,1
misc_net,85.11,Fiddletown,CA,38.5234,-120.6763,832,Immigration officer,38.367521,-121.02372,1,6,1,31.655030800821358,34.86916987372449,0
misc_pos,7.39,Fields Landing,CA,40.7268,-124.2174,276,"""Scientist, audiological""",41.607823,-124.758362,6,5,12,91.6413415468857,107.92367853351284,0
misc_net,582.03,Orient,WA,48.8878,-118.2105,149,Special educational needs teacher,48.661967,-117.767541,21,0,1,40.54757015742642,41.0392399479204,0
gas_transport,62.62,Paauilo,HI,20.0271,-155.3697,1490,"""Scientist, research (maths)""",19.209212,-155.16214,5,1,1,27.720739219712527,93.50723633359574,0
entertainment,22.92,Fullerton,NE,41.366,-98.0054,1749,"""Surveyor, mining""",40.565584,-98.278483,23,0,1,45.68925393566051,91.90811280651884,0
grocery_pos,118.78,Howells,NE,41.6964,-96.9858,1063,Research scientist (maths),41.771645,-97.806708,8,0,1,90.80355920602328,68.6293173573029,0
home,227.13,Rock Springs,WY,41.606,-109.23,27971,Music therapist,40.846854,-109.860933,23,0,8,35.00889801505818,99.5471656825674,1
food_dining,30.46,Grenada,CA,41.6125,-122.5258,589,Systems analyst,42.379391,-121.727511,19,3,12,75.0280629705681,107.81235076687253,0
grocery_pos,103.53,Humboldt,AZ,34.5189,-112.2523,1179,"""Civil engineer, contracting""",33.530092,-112.557832,10,5,1,63.99726214921287,113.49838134852644,0
gas_transport,7.41,Honokaa,HI,20.0827,-155.488,4878,Physiotherapist,20.916219,-155.319163,0,0,7,53.6290212183436,94.33651282124193,1
misc_pos,14.92,Burlington,WA,48.4786,-122.3345,14871,Public house manager,49.36542,-121.909876,8,1,1,44.81314168377824,103.37485817718894,0
shopping_net,8.29,Moriarty,NM,34.9889,-106.0609,7268,"""Therapist, art""",35.42175,-106.971376,14,4,1,30.455852156057496,95.70508286334498,0
home,11.68,Grenada,CA,41.6125,-122.5258,589,Systems analyst,41.33165,-121.648958,13,4,12,75.0116358658453,79.44935728444739,0
shopping_net,5.71,Redford,MO,37.3272,-91.0243,241,Investment analyst,37.265532,-91.111257,20,4,1,44.18891170431211,10.304696588812297,0
personal_care,47.95,North Loup,NE,41.4972,-98.7858,509,"""Nurse, children's""",41.961599,-98.879689,18,5,1,38.34360027378508,52.22327613380241,0
gas_transport,46.1,Blairstown,MO,38.5319,-93.9221,467,Agricultural consultant,38.060822,-93.0532,10,3,12,70.59822039698837,92.15954259642707,0
personal_care,142.78,Sutherland,NE,41.1558,-101.136,1789,Insurance broker,41.244616,-101.835288,20,1,1,36.92539356605065,59.333057959920886,0
home,140.29,Saint Louis,MO,38.6171,-90.4504,927396,Occupational hygienist,37.670937,-91.341698,19,3,1,58.85010266940452,130.93404449710292,0
grocery_pos,105.84,Freedom,WY,43.0172,-111.0292,471,"""Education officer, museum""",43.469371,-111.683998,10,2,1,51.419575633128,73.08231871580884,0
misc_pos,55.77,Arnold,MO,38.4305,-90.387,35439,Land/geomatics surveyor,39.234913,-91.239311,12,2,12,35.75085557837098,115.97706842505964,0
gas_transport,48.5,Burbank,WA,46.1966,-118.9017,3684,Musician,47.032852,-118.785254,10,3,1,37.11430527036276,93.41133682951627,0
food_dining,48.83,Lakeport,CA,39.047,-122.9328,11256,Podiatrist,38.24394,-123.344726,19,6,12,48.19164955509925,96.19530443528396,0
home,13.27,Tomales,CA,38.2427,-122.9145,337,Occupational psychologist,38.443821,-122.094472,20,5,1,64.52292950034223,74.93033763154014,0
misc_net,21.84,Meredith,CO,39.3199,-106.6596,61,Public relations account executive,40.213145,-106.938789,0,0,1,79.19507186858316,102.15039082598514,0
home,7.29,Kent,OR,45.0838,-120.6649,60,Museum education officer,45.96786,-120.847579,18,6,1,76.78028747433265,99.32765266943136,0
gas_transport,69.94,Unionville,MO,40.4815,-92.9951,3805,"""Investment banker, corporate""",41.257004,-92.558036,9,6,1,68.30937713894593,93.73657023397271,0
kids_pets,5.54,Freedom,WY,43.0172,-111.0292,471,"""Education officer, museum""",42.363946,-111.638825,15,3,12,53.4154688569473,88.08414951741695,0
grocery_pos,282.54,Coulee Dam,WA,48.0379,-118.9419,1439,"""Pilot, airline""",48.552067,-118.828143,1,0,3,19.485284052019164,57.788773757541485,1
home,87.39,Holstein,NE,40.4542,-98.6538,331,Telecommunications researcher,39.47725,-99.039038,22,0,1,68.38603696098562,113.48430232228364,0
gas_transport,51.6,Norwalk,CA,33.9056,-118.0818,105549,Firefighter,34.614084,-118.177469,2,5,1,45.32511978097194,79.26891387243724,0
shopping_pos,854.47,Wappapello,MO,36.9766,-90.2848,2601,Research scientist (medical),37.300841,-90.752104,22,1,10,62.25598904859685,54.91552078810516,1
entertainment,25.29,Lakeport,CA,39.047,-122.9328,11256,Podiatrist,38.839916,-123.398142,13,2,1,46.24503764544832,46.36636108979909,0
home,71.13,Colorado Springs,CO,38.8881,-104.6556,525713,Museum/gallery exhibitions officer,38.462858,-105.121472,22,1,12,28.640657084188916,62.22051662571529,0
health_fitness,8.12,Sutherland,NE,41.1558,-101.136,1789,Insurance broker,40.677049,-100.917188,12,3,1,36.89253935660506,56.3202239761416,0
gas_transport,65.06,Clarksville,MO,39.3465,-90.9362,1146,Exercise physiologist,39.123875,-91.598407,11,6,1,89.74948665297741,62.174083501486685,0
food_dining,13.95,Blairsden-Graeagle,CA,39.8127,-120.6405,1725,Chartered legal executive (England and Wales),40.300002,-120.722458,14,0,12,53.59069130732375,54.632639837966295,0
shopping_pos,5.16,Stayton,OR,44.8021,-122.7624,9587,"""Engineer, biomedical""",45.413112,-122.116249,10,5,12,52.75838466803559,84.77824327542533,0
entertainment,6.54,Fullerton,NE,41.366,-98.0054,1749,"""Surveyor, mining""",41.038451,-97.169241,14,1,12,47.64681724845996,78.86770696430963,0
personal_care,10.93,North Loup,NE,41.4972,-98.7858,509,"""Nurse, children's""",42.192025,-98.866574,14,0,12,40.284736481861735,77.55018591480633,0
home,122.68,Mesa,ID,44.6255,-116.4493,129,Cartographer,44.941182,-117.441266,18,1,12,55.03901437371663,85.79776008111818,0
shopping_net,993.66,Pueblo,CO,38.2352,-104.66,151815,Further education lecturer,38.93627,-104.177415,22,6,5,31.351129363449694,88.52347848715304,1
home,20.99,Westerville,NE,41.4193,-99.3844,73,Product designer,42.102728,-98.637992,18,5,1,83.92060232717317,98.01879305321717,0
misc_net,813.34,Parks,AZ,35.2563,-111.95,759,"""Geologist, engineering""",35.353084,-112.808557,23,2,11,62.66666666666666,78.64934617315674,1
grocery_pos,333.66,Kent,OR,45.0838,-120.6649,60,Museum education officer,45.917327,-121.14603,23,4,9,77.44558521560575,99.98145798520468,1
grocery_pos,368.47,Dumont,CO,39.7532,-105.6356,565,Mental health nurse,40.434974,-106.134061,22,5,3,41.54688569472964,86.86113291051528,1
kids_pets,18.69,Saint Louis,MO,38.6171,-90.4504,927396,Occupational hygienist,38.094351,-89.451882,22,1,3,58.978781656399725,104.68602976025736,1
misc_pos,2.5,Portland,OR,45.5303,-122.7033,841711,"""Engineer, building services""",45.782469,-123.584185,10,6,12,57.73305954825462,73.98210420163142,0
home,73.97,Stayton,OR,44.8021,-122.7624,9587,"""Engineer, biomedical""",45.365231,-122.78052,13,6,12,52.76112251882272,62.63346838694312,0
shopping_pos,4.74,Crownpoint,NM,35.7206,-108.0271,5662,IT consultant,35.342662,-107.111207,21,0,1,29.76865160848734,92.92417881957138,0
shopping_net,969.7,Nelson,NE,40.201,-98.0684,732,Television/film/video producer,40.93526,-97.220757,22,5,10,62.82819986310746,108.5914362539386,1
entertainment,33.48,Sun City,CA,33.7467,-117.1721,54287,"""Designer, exhibition/display""",32.866982,-117.78754,22,3,12,48.25462012320329,113.31226188744844,0
grocery_pos,60.73,Phoenix,AZ,33.8155,-112.1202,1312922,Counselling psychologist,32.914316,-113.098142,12,0,1,19.123887748117728,135.237754764405,0
personal_care,70.19,Helm,CA,36.4992,-120.0936,123,Early years teacher,35.776825,-121.002203,23,6,12,47.885010266940455,114.49547239243812,0
entertainment,1.01,Lowell,OR,43.921,-122.7806,1420,Systems analyst,43.971853,-123.561953,20,1,1,53.177275838466805,62.80925083745519,0
misc_pos,8.86,San Diego,CA,33.0067,-117.069,1241364,Chartered public finance accountant,32.663791,-117.029693,2,0,1,59.42505133470226,38.30618594522503,0
shopping_net,2.77,San Jose,CA,37.3304,-121.7913,973849,Geoscientist,37.404987,-121.222294,14,6,1,22.0041067761807,50.96401950437031,0
grocery_pos,83.21,Eugene,OR,44.0385,-123.0614,191096,"""Scientist, physiological""",44.780986,-122.265724,2,1,12,56.73100616016427,103.97392915372544,0
misc_pos,1.5,North Loup,NE,41.4972,-98.7858,509,"""Nurse, children's""",40.54013,-99.18128,20,3,12,40.29295003422313,111.47320318971654,0
grocery_pos,92.27,Howells,NE,41.6964,-96.9858,1063,Research scientist (maths),42.044566,-96.023965,0,3,12,92.74743326488706,88.5521109723508,0
home,74.89,Kissee Mills,MO,36.6704,-93.0377,1201,"""Engineer, agricultural""",36.409002,-92.87735,20,4,12,40.772073921971256,32.404613700310335,0
home,1.59,Wendel,CA,40.3406,-120.2824,104,"""Teacher, adult education""",40.379945,-120.921706,13,4,12,31.359342915811087,54.34411924817332,0
kids_pets,1.11,Hooper,NE,41.6414,-96.5232,1745,"""Engineer, automotive""",42.538253,-97.139383,18,1,1,45.054072553045856,111.93867385258412,0
gas_transport,64.32,Gardiner,OR,43.7857,-124.1437,260,"""Engineer, maintenance""",44.219575,-125.032754,0,6,1,62.34633812457221,85.93007346798105,0
grocery_pos,115.1,Athena,OR,45.8289,-118.4971,1302,Dealer,46.310322,-119.155355,2,1,12,44.19712525667351,73.7854814366687,0
gas_transport,11.15,Red Cliff,CO,39.4584,-106.3851,277,Human resources officer,39.570466,-107.319323,4,0,5,34.12731006160164,81.10300156155667,1
food_dining,7.57,Phoenix,AZ,33.8155,-112.1202,1312922,Counselling psychologist,33.212949,-112.672044,15,0,12,21.078713210130047,84.29969047967735,0
home,7.29,Kent,OR,45.0838,-120.6649,60,Museum education officer,45.96786,-120.847579,18,6,1,76.78028747433265,99.32765266943136,0
misc_pos,184.58,Carlotta,CA,40.507,-123.9743,1139,"""Therapist, occupational""",41.094309,-124.882093,8,1,12,69.95482546201232,100.51564177304084,0
shopping_pos,3.19,Santa Monica,CA,34.0287,-118.4924,92043,"""Civil engineer, contracting""",34.287555,-118.896052,5,5,12,59.67145790554415,46.98872345493008,0
grocery_pos,305.5,Blairsden-Graeagle,CA,39.8127,-120.6405,1725,Chartered legal executive (England and Wales),40.267768,-120.239292,22,1,4,51.92607802874743,61.04932265006572,1
kids_pets,13.64,Gardiner,OR,43.7857,-124.1437,260,"""Engineer, maintenance""",43.557266,-124.247521,18,3,12,64.31211498973306,26.73799924384409,0
entertainment,152.29,Vancouver,WA,45.6892,-122.6616,299480,Teaching laboratory technician,45.672575,-122.669395,22,6,1,34.04791238877481,1.9452745217141725,0
food_dining,3.59,San Diego,CA,32.7185,-117.1593,1241364,Comptroller,33.67218,-116.217979,20,1,1,31.12662559890486,137.5382344611574,0
health_fitness,15.18,Paauilo,HI,20.0271,-155.3697,1490,"""Scientist, research (maths)""",19.425114,-155.657513,23,6,12,28.692676249144423,73.4042833736125,1
entertainment,19.51,Hooper,NE,41.6414,-96.5232,1745,"""Engineer, automotive""",41.746559,-96.176827,20,6,12,47.00342231348392,31.045627828546543,0
entertainment,87.5,Riverton,WY,43.0351,-108.2024,19408,"""Lecturer, higher education""",43.593025,-108.514498,20,2,1,25.347022587268995,66.98013942643915,0
gas_transport,35.25,Crownpoint,NM,35.7206,-108.0271,5662,IT consultant,35.035521,-108.592928,8,6,1,29.74674880219028,91.83973290388673,0
gas_transport,41.34,Browning,MO,40.029,-93.1607,602,Cytogeneticist,40.869851,-92.98768,2,4,12,66.45037645448323,94.63759439750412,0
travel,8.7,Eugene,OR,44.0385,-123.0614,191096,"""Scientist, physiological""",44.359363,-123.939165,19,5,1,54.74880219028063,78.54422708238195,0
shopping_pos,8.93,Lake Oswego,OR,45.4093,-122.6847,42817,Planning and development surveyor,44.892452,-122.117605,15,0,12,38.58726899383984,72.66725376359567,0
shopping_net,4.52,Gardiner,OR,43.7857,-124.1437,260,"""Engineer, maintenance""",43.316526,-124.921621,8,5,12,64.31759069130733,81.55922912658271,0
grocery_pos,121.16,Blairstown,MO,38.5319,-93.9221,467,Agricultural consultant,38.391107,-93.385053,0,0,1,68.63518138261465,49.31097888239035,0
shopping_net,119.04,Azusa,CA,34.1248,-117.9031,59705,Civil Service fast streamer,34.951384,-116.986967,22,0,1,35.54277891854894,124.45544599894788,0
food_dining,33.51,Lakeport,CA,39.047,-122.9328,11256,Podiatrist,39.032647,-123.368634,12,0,1,46.25872689938399,37.67503528183724,0
gas_transport,57.05,Ruidoso,NM,33.3305,-105.6933,8874,Licensed conveyancer,32.875003,-105.561026,1,4,12,20.358658453114305,52.12600679004503,0
personal_care,23.65,Pleasant Hill,MO,38.7859,-94.244,12866,Information officer,38.283459,-94.31194,23,2,12,73.51950718685832,56.18054474806144,1
health_fitness,4.57,Eugene,OR,44.0385,-123.0614,191096,"""Scientist, physiological""",43.594883,-122.34648,21,1,1,54.7378507871321,75.65321251142008,0
gas_transport,47.44,Syracuse,MO,38.6547,-92.8929,628,"""Radiographer, diagnostic""",39.193078,-93.048695,0,2,1,57.059548254620125,61.363214476064805,0
personal_care,51.74,Rock Springs,WY,41.606,-109.23,27971,Music therapist,41.533669,-109.867285,13,1,1,34.417522245037645,53.62234681149133,0
kids_pets,93.17,Gardiner,OR,43.7857,-124.1437,260,"""Engineer, maintenance""",44.409084,-123.632272,13,0,12,64.32306639288159,80.45328898889507,0
shopping_net,4.0,San Jose,CA,37.3304,-121.7913,973849,Geoscientist,37.458603,-120.852961,18,2,12,23.94798083504449,84.11060486979878,0
kids_pets,48.19,Fiddletown,CA,38.5234,-120.6763,832,Immigration officer,38.565565,-121.207001,16,3,1,31.627652292950035,46.391621018892,0
entertainment,19.51,Hooper,NE,41.6414,-96.5232,1745,"""Engineer, automotive""",41.746559,-96.176827,20,6,12,47.00342231348392,31.045627828546543,0
shopping_pos,3.48,Moriarty,NM,34.9889,-106.0609,7268,"""Therapist, art""",34.25811,-105.159414,23,2,1,30.45037645448323,115.7897844859425,0
food_dining,45.37,Iliff,CO,40.7692,-103.0968,648,Community arts worker,40.411111,-102.18062,12,2,12,51.27446954140999,87.00680118499808,0
grocery_pos,83.67,Saint Louis,MO,38.6171,-90.4504,927396,Occupational hygienist,39.503558,-90.400664,9,4,1,58.8145106091718,98.66312345585554,0
misc_pos,264.84,Napa,CA,38.4549,-122.2564,94014,Airline pilot,38.54005,-122.743901,7,5,12,35.34839151266256,43.46847677725448,0
misc_pos,5.79,Red River,NM,36.6659,-105.4694,606,"""Surveyor, land/geomatics""",35.720415,-105.100364,20,1,12,32.31211498973306,110.22526712753552,0
shopping_net,1007.47,Red Cliff,CO,39.4584,-106.3851,277,Human resources officer,39.541137,-106.698121,13,6,5,34.12457221081451,28.389508779648416,1
shopping_pos,2.69,Parks,AZ,35.2563,-111.95,759,"""Geologist, engineering""",34.490701,-112.030958,2,2,1,61.78507871321013,85.45047504334764,0
personal_care,2.26,Browning,MO,40.029,-93.1607,602,Cytogeneticist,40.165801,-93.366523,23,5,12,66.45311430527036,23.192397684332757,0
grocery_pos,50.68,Moab,UT,38.5677,-109.5271,9772,Location manager,38.482541,-108.853856,1,1,1,29.10335386721424,59.32706651301313,0
misc_net,828.47,Smith River,CA,41.9404,-124.1587,1930,Web designer,41.921281,-125.089695,2,2,5,35.93976728268309,77.04429361184759,1
home,154.81,Meridian,ID,43.6498,-116.4306,84106,Intelligence analyst,42.880315,-115.572259,18,6,1,47.90143737166324,110.23183096303678,0
personal_care,5.07,Shedd,OR,44.453,-123.1065,917,Radio broadcast assistant,45.077628,-123.989927,20,3,12,25.464750171115675,98.42850314568972,0
misc_net,1.35,Grenada,CA,41.6125,-122.5258,589,Systems analyst,41.656106,-121.582778,6,2,12,75.02532511978097,78.52131523499753,0
misc_net,9.18,Rock Springs,WY,41.606,-109.23,27971,Music therapist,41.116253,-109.846432,8,1,12,36.41067761806981,74.91513716588165,0
misc_net,16.31,Grenada,CA,41.6125,-122.5258,589,Systems analyst,40.688789,-122.384084,7,3,1,73.07323750855578,103.39502789661698,0
shopping_pos,150.36,Newhall,CA,34.3795,-118.523,34882,Health physicist,35.370564,-117.647805,13,6,1,47.72073921971253,136.0815455701801,0
kids_pets,17.25,Burbank,WA,46.1966,-118.9017,3684,Musician,46.423295,-117.917954,18,5,1,37.13894592744696,79.65331237891482,0
home,121.21,Issaquah,WA,47.4974,-122.0107,50489,Osteopath,48.377519,-122.962536,20,1,1,34.83915126625599,120.8497743120203,0
entertainment,63.41,Phoenix,AZ,33.5623,-112.0559,1312922,Contractor,34.484645,-111.541725,13,1,12,39.181382614647504,112.97736398974736,0
food_dining,93.87,Mountain Center,CA,33.6401,-116.5567,1661,"""Therapist, music""",34.33335,-117.51807,23,6,10,32.06023271731691,117.46726986670598,1
entertainment,1.01,Lowell,OR,43.921,-122.7806,1420,Systems analyst,43.971853,-123.561953,20,1,1,53.177275838466805,62.80925083745519,0
misc_pos,6.38,Wendel,CA,40.3406,-120.2824,104,"""Teacher, adult education""",40.47117,-119.764048,15,6,1,29.429158110882955,46.22876902414888,0
shopping_pos,216.36,Aurora,CO,39.6662,-104.835,389246,"""Scientist, marine""",39.273562,-105.427092,9,6,1,49.106091718001366,67.00128282168484,0
entertainment,5.86,Unionville,MO,40.4815,-92.9951,3805,"""Investment banker, corporate""",40.023436,-93.220058,2,5,1,68.34496919917865,54.394579043901366,0
grocery_pos,31.21,Riverton,WY,43.0351,-108.2024,19408,"""Lecturer, higher education""",43.64065,-108.073367,1,6,1,25.3388090349076,68.13790493491996,0
grocery_pos,234.07,Napa,CA,38.4549,-122.2564,94014,Airline pilot,38.596724,-121.432236,4,4,1,33.39082819986311,73.40837706196497,0
shopping_net,7.17,Hawthorne,CA,33.9143,-118.3493,93193,"""Editor, magazine features""",34.890114,-118.3122,17,0,12,25.69472963723477,108.55893749503788,0
misc_pos,55.56,Centerview,MO,38.7897,-93.8702,2368,Electronics engineer,39.166664,-93.864909,12,1,1,29.47843942505133,41.918979416276514,0
travel,8.45,Loving,NM,32.274,-104.0914,1925,Educational psychologist,31.708193,-104.608611,23,0,1,66.63655030800821,79.60799561524057,0
shopping_net,1084.55,Vacaville,CA,38.3847,-121.9887,99475,Clinical cytogeneticist,38.962408,-121.301792,22,3,1,48.602327173169066,87.64929265340115,1
personal_care,3.74,Laramie,WY,41.4247,-105.4781,35371,"""Pilot, airline""",41.876086,-104.70656,14,1,12,32.323066392881586,81.4156284659961,0
grocery_pos,94.47,Altonah,UT,40.3207,-110.436,302,"""Sales professional, IT""",39.594473,-110.226372,6,4,12,30.937713894592743,82.70570254566402,0
misc_net,84.01,Tekoa,WA,47.2271,-117.0819,895,Clothing/textile technologist,47.357297,-116.192934,21,6,12,21.57700205338809,68.58979739066855,0
entertainment,26.1,Parker,CO,39.5102,-104.7216,84861,Materials engineer,39.520305,-105.210315,2,2,1,86.8145106091718,41.937908403614905,0
misc_pos,5.62,Arvada,CO,39.8422,-105.1097,122111,Hotel manager,39.610863,-104.211153,14,1,12,33.60438056125941,81.03483054853696,0
grocery_pos,80.37,Dumont,CO,39.7532,-105.6356,565,Mental health nurse,39.939983,-106.132646,3,6,1,40.39972621492129,47.24357013529364,0
home,68.53,Spirit Lake,ID,47.9657,-116.868,4161,Production manager,48.196173,-115.912251,18,3,12,63.53456536618754,75.48275522817512,0
health_fitness,60.06,Laramie,WY,41.4247,-105.4781,35371,"""Pilot, airline""",40.846077,-104.776746,21,3,12,32.309377138945926,87.11766090025624,0
home,41.62,Centerview,MO,38.7897,-93.8702,2368,Electronics engineer,38.337034,-93.572227,19,0,1,29.49486652977413,56.610161307102736,0
personal_care,2.84,Holstein,NE,40.4542,-98.6538,331,Telecommunications researcher,40.896557,-99.50604,15,2,1,68.39151266255989,87.09051850853584,0
entertainment,8.77,Eugene,OR,44.0385,-123.0614,191096,"""Scientist, physiological""",44.42574,-124.028817,3,3,1,54.743326488706366,88.28845406043312,0
misc_net,23.05,Tekoa,WA,47.2271,-117.0819,895,Clothing/textile technologist,46.45797,-117.056097,14,1,1,19.627652292950035,85.54586671375232,0
shopping_pos,2.45,High Rolls Mountain Park,NM,32.9396,-105.8189,899,Naval architect,33.740574,-106.179025,11,3,12,53.3388090349076,95.139631817136,0
personal_care,38.35,Camden,MO,39.2048,-94.0259,464,Colour technologist,39.416339,-93.905283,21,6,12,61.58521560574949,25.70939287965256,0
shopping_net,822.92,Redford,MO,37.3272,-91.0243,241,Investment analyst,36.809548,-91.64029,21,4,1,44.20807665982204,79.37317405816972,0
home,16.86,Mendon,UT,41.71,-111.9817,2078,"""Scientist, audiological""",41.037918,-112.188055,21,1,1,55.59206023271732,76.69001924559484,0
personal_care,83.65,Rocky Mount,MO,38.2911,-92.7059,1847,Tax inspector,38.281533,-92.869853,16,3,12,32.18069815195072,14.349239104757237,0
grocery_pos,106.77,Orient,WA,48.8878,-118.2105,149,Special educational needs teacher,48.16063,-118.341386,1,0,1,40.58590006844627,81.43008970164585,0
entertainment,52.17,Independence,MO,39.1412,-94.3515,123373,"""Engineer, production""",38.60762,-94.258608,22,5,1,26.143737166324435,59.87384611538912,0
shopping_pos,5.59,Phoenix,AZ,33.5623,-112.0559,1312922,Contractor,33.927186,-111.791456,21,6,12,39.175906913073234,47.371293016764426,0
misc_pos,5.07,June Lake,CA,37.7773,-119.0825,633,Health service manager,37.040606,-118.416657,10,2,12,93.30869267624914,100.84057222539458,0
shopping_net,4.08,Iliff,CO,40.7692,-103.0968,648,Community arts worker,39.973138,-102.82254,6,0,1,49.295003422313485,91.5163359403434,0
misc_net,6.08,Ballwin,MO,38.577,-90.5255,92608,"""Engineer, communications""",38.908429,-90.646151,22,3,12,19.43326488706365,38.30993091283641,0
kids_pets,9.77,Ashford,WA,46.7531,-121.9898,759,Video editor,46.301505,-122.047886,22,0,3,63.50171115674196,50.41130917539638,1
food_dining,95.87,Burbank,WA,46.1966,-118.9017,3684,Musician,46.482466,-118.251633,14,6,1,37.14168377823409,59.16717703176293,0
food_dining,33.41,Newberg,OR,45.3099,-122.9685,28278,Research scientist (physical sciences),45.628373,-122.809669,23,3,12,43.45790554414784,37.5160557577744,0
gas_transport,71.84,Monitor,WA,47.4852,-120.4158,584,Medical technical officer,48.19873,-120.56607,2,4,12,51.76728268309377,80.12956385722293,0
entertainment,97.59,Utica,MO,39.7417,-93.6289,271,Land/geomatics surveyor,40.264955,-93.751799,16,1,1,46.743326488706366,59.11746279020026,0
misc_pos,9.77,June Lake,CA,37.7773,-119.0825,633,Health service manager,36.821401,-119.202072,4,4,12,93.29500342231348,106.8160018291592,0
gas_transport,76.42,Yellowstone National Park,WY,44.7957,-110.6137,369,Materials engineer,44.314731,-110.176742,7,1,12,79.11841204654347,63.70964810679567,0
grocery_pos,132.01,Parks,AZ,35.2563,-111.95,759,"""Geologist, engineering""",35.649755,-111.596872,7,5,12,63.748117727583846,54.19555971818886,0
misc_pos,163.03,Rock Springs,WY,41.606,-109.23,27971,Music therapist,41.893466,-109.174638,1,5,1,34.4476386036961,32.2930168419541,0
grocery_net,41.91,Newberg,OR,45.3099,-122.9685,28278,Research scientist (physical sciences),45.163533,-122.066146,8,1,1,41.497604380561256,72.50519583882873,0
kids_pets,63.82,Portland,OR,45.5303,-122.7033,841711,"""Engineer, building services""",46.30033,-121.956454,15,5,12,57.73032169746749,103.29209671701273,0
shopping_pos,3.43,Manville,WY,42.73,-104.7024,241,Educational psychologist,42.247842,-105.435286,17,4,1,38.050650239561946,80.53303557105224,0
grocery_pos,159.83,Sun City,CA,33.7467,-117.1721,54287,"""Designer, exhibition/display""",34.312252,-116.600608,10,2,1,46.29705681040383,82.025667447515,0
home,153.07,Burlington,WA,48.4786,-122.3345,14871,Public house manager,49.224577,-122.258804,21,0,1,44.82956878850103,83.13354175791889,0
food_dining,53.75,Athena,OR,45.8289,-118.4971,1302,Dealer,45.95412,-118.798623,13,1,12,44.19712525667351,27.17426911201224,0
grocery_pos,133.94,Freedom,WY,43.0172,-111.0292,471,"""Education officer, museum""",42.687707,-110.820897,10,3,1,51.422313483915126,40.38156413093499,0
kids_pets,21.41,Espanola,NM,35.9866,-106.0654,18408,Historic buildings inspector/conservation officer,35.641054,-106.902492,21,5,1,46.48596851471595,84.69725396754545,0
kids_pets,13.35,Ruidoso,NM,33.3305,-105.6933,8874,Licensed conveyancer,32.539468,-105.280448,12,0,1,18.412046543463383,96.02701591647254,0
misc_pos,7.68,Iliff,CO,40.7692,-103.0968,648,Community arts worker,41.117172,-102.706865,10,3,12,51.27720739219713,50.69293918801573,0
misc_pos,2.14,Phoenix,AZ,33.5623,-112.0559,1312922,Contractor,33.17825,-112.974957,9,2,1,37.22929500342232,95.43321655845163,0
shopping_pos,1.35,Napa,CA,38.4549,-122.2564,94014,Airline pilot,39.411076,-121.566165,19,6,12,35.351129363449694,121.93655904589102,0
entertainment,35.78,Aurora,CO,39.6662,-104.835,389246,"""Scientist, marine""",39.710832,-105.728886,2,2,12,51.04996577686516,76.64816049163878,0
home,2.42,Matthews,MO,36.7154,-89.6287,1019,Aeronautical engineer,35.787652,-90.198573,23,3,12,41.93018480492813,115.12305332647236,0
shopping_net,985.21,Vinton,CA,40.0235,-120.7986,128,Education administrator,39.94772,-120.366537,22,3,1,53.93839835728953,37.763067139786806,1
grocery_pos,55.09,San Diego,CA,32.7185,-117.1593,1241364,Comptroller,33.550226,-116.769859,6,1,1,31.12662559890486,99.33848608058187,0
shopping_net,3.66,Mound City,MO,40.1362,-95.2138,1631,Architect,39.254554,-95.306833,7,2,12,67.94250513347022,98.3571564884052,0
misc_pos,1.09,Utica,MO,39.7417,-93.6289,271,Land/geomatics surveyor,39.240008,-92.885217,15,1,12,48.69815195071869,84.76163191477299,0
home,83.95,Espanola,NM,35.9866,-106.0654,18408,Historic buildings inspector/conservation officer,35.036041,-105.911135,12,0,12,48.446269678302535,106.61557088463454,0
kids_pets,172.46,Gardiner,OR,43.7857,-124.1437,260,"""Engineer, maintenance""",44.138417,-124.728168,16,5,12,64.31759069130733,61.04538652501109,0
grocery_pos,131.7,Fields Landing,CA,40.7268,-124.2174,276,"""Scientist, audiological""",40.805423,-124.309189,4,4,1,89.70294318959617,11.669908189616809,0
personal_care,113.91,Meredith,CO,39.3199,-106.6596,61,Public relations account executive,40.104993,-106.853557,15,0,12,81.14989733059548,88.86079297345425,0
misc_pos,6.96,Orient,WA,48.8878,-118.2105,149,Special educational needs teacher,49.064176,-117.820959,21,3,1,40.57494866529774,34.53904009064207,0
personal_care,23.62,Napa,CA,38.4549,-122.2564,94014,Airline pilot,38.856344,-121.351945,12,0,12,35.35386721423682,90.33585409843342,0
health_fitness,8.79,Lowell,OR,43.921,-122.7806,1420,Systems analyst,43.915681,-122.366071,22,4,1,53.1854893908282,33.207738244379726,0
kids_pets,16.76,Blairstown,MO,38.5319,-93.9221,467,Agricultural consultant,39.043486,-93.324024,14,5,1,68.64887063655031,76.9612349692188,0
grocery_pos,106.46,Eugene,OR,44.0385,-123.0614,191096,"""Scientist, physiological""",43.151656,-123.945317,4,6,1,54.770704996577685,121.61812826446668,0
travel,4.41,Howells,NE,41.6964,-96.9858,1063,Research scientist (maths),42.008705,-97.900896,15,1,12,92.7419575633128,83.36914463618427,0
misc_pos,184.32,Moab,UT,38.5677,-109.5271,9772,Location manager,39.23489,-109.151088,23,4,1,29.149897330595483,81.00975763442945,0
misc_net,849.49,Wales,AK,64.7556,-165.6723,145,"""Administrator, education""",65.266065,-164.865352,22,5,1,79.15674195756331,68.2531612237414,1
personal_care,18.84,Thompson,UT,38.9999,-109.615,46,"""Surveyor, minerals""",39.548209,-109.328729,20,0,1,31.74811772758385,65.76055422389653,0
health_fitness,95.84,Colorado Springs,CO,38.8881,-104.6556,525713,Museum/gallery exhibitions officer,37.97867,-104.87046,17,1,1,26.666666666666668,102.84107921544906,0
shopping_net,88.98,Lonetree,WY,41.0552,-110.1603,49,Research scientist (physical sciences),40.835934,-109.338616,9,4,1,37.51950718685831,73.1923648407001,0
health_fitness,17.82,Lake Oswego,OR,45.4093,-122.6847,42817,Planning and development surveyor,45.107171,-121.697248,14,5,1,36.62696783025325,84.27427367700291,0
personal_care,144.66,Littleton,CO,39.5994,-105.0044,320420,Water engineer,38.709747,-105.074173,12,1,12,45.4154688569473,99.10766144842184,0
kids_pets,22.24,Carlotta,CA,40.507,-123.9743,1139,"""Therapist, occupational""",41.02308,-123.201251,13,0,1,67.99726214921287,86.78490787411342,0
entertainment,51.9,Kansas City,MO,38.9621,-94.5959,545147,Counsellor,38.966004,-94.233123,13,1,1,31.159479808350444,31.368165902436008,0
kids_pets,11.91,Ballwin,MO,38.577,-90.5255,92608,"""Engineer, communications""",37.853199,-90.535646,13,4,12,19.416837782340863,80.4878800302976,0
kids_pets,55.95,Lonetree,WY,41.0552,-110.1603,49,Research scientist (physical sciences),41.94577,-109.305981,23,1,1,37.51129363449692,121.9338528877132,0
home,5.33,Portland,OR,45.5303,-122.7033,841711,"""Engineer, building services""",45.890368,-122.2975,14,6,12,57.73305954825462,50.94901977779234,0
health_fitness,71.85,Alva,WY,44.6873,-104.4414,110,"""Administrator, local government""",45.137535,-104.823764,21,1,1,45.667351129363446,58.42068813734421,0
shopping_pos,5.71,Manley,NE,40.9207,-96.168,206,Human resources officer,40.633368,-96.595273,3,0,1,51.26078028747433,48.11630468352279,0
shopping_net,1098.94,Cascade Locks,OR,45.671,-121.8686,1288,Barrister,46.524104,-121.804767,23,5,11,84.5201916495551,94.98842945813249,1
health_fitness,14.97,Superior,AZ,33.2887,-111.0985,2872,Petroleum engineer,33.088277,-110.354913,20,1,12,33.17180013689254,72.69548686722084,0
grocery_pos,180.69,Littleton,CO,39.5994,-105.0044,320420,Water engineer,39.359554,-104.711468,5,6,1,43.43600273785079,36.651703169341744,0
misc_pos,1.64,Wendel,CA,40.3406,-120.2824,104,"""Teacher, adult education""",39.915726,-120.216175,17,5,12,31.362080766598226,47.57816104428292,0
shopping_pos,1.22,San Diego,CA,32.7185,-117.1593,1241364,Comptroller,31.816245,-117.278201,18,0,1,31.123887748117728,100.94709063034334,0
misc_pos,78.88,Mountain Center,CA,33.6401,-116.5567,1661,"""Therapist, music""",34.154625,-115.877564,14,0,12,32.27378507871321,84.86564373266826,0
grocery_pos,212.37,Burbank,WA,46.1966,-118.9017,3684,Musician,45.951766,-119.427375,8,4,1,37.097878165639976,48.84102718370766,0
gas_transport,79.39,Port Costa,CA,38.046,-122.1866,198,Armed forces training and education officer,38.500345,-121.238141,8,2,1,59.7782340862423,96.99170657199056,0
entertainment,33.87,Conway,WA,48.34,-122.3456,85,"""Research officer, political party""",48.969274,-122.528354,22,6,12,36.32032854209446,71.24809698025464,0
grocery_pos,92.24,Glendale,CA,34.1556,-118.2322,172817,Advertising account planner,33.635039,-118.784989,11,2,12,38.42026009582478,77.16000683628518,0
shopping_pos,2.58,Thompson,UT,38.9999,-109.615,46,"""Surveyor, minerals""",39.635122,-110.29249,19,2,12,33.68925393566051,91.57344045309384,0
travel,509.96,Dumont,CO,39.7532,-105.6356,565,Mental health nurse,39.513523,-105.443863,14,1,12,42.34086242299794,31.30286793500978,0
entertainment,79.3,Odessa,MO,38.9829,-93.9757,9512,Clinical research associate,39.722617,-93.002013,23,1,1,46.039698836413415,117.36335576787404,0
shopping_net,3.42,Vinton,CA,40.0235,-120.7986,128,Education administrator,40.294778,-120.260217,0,2,1,52.90075290896646,54.80135066272543,0
kids_pets,50.83,Dumont,CO,39.7532,-105.6356,565,Mental health nurse,40.007105,-106.342507,18,3,12,42.34633812457221,66.60009969118714,0
shopping_net,648.72,Llano,NM,36.1486,-105.6648,247,Architectural technologist,36.378846,-106.610246,7,6,1,57.20191649555099,88.54720183142973,0
shopping_net,1117.91,Omaha,NE,41.2064,-95.9953,518429,"""Surveyor, land/geomatics""",40.411281,-95.408853,23,4,9,23.964407939767284,101.25647422979958,1
shopping_pos,5.84,Roseland,NE,40.4591,-98.5551,463,"""Nurse, mental health""",40.595556,-99.295037,7,1,12,72.58042436687201,64.35274235501845,0
shopping_pos,1.93,Redford,MO,37.3272,-91.0243,241,Investment analyst,37.597258,-90.374758,12,1,1,44.19986310746064,64.7177803460202,0
entertainment,82.16,Meadville,MO,39.7795,-93.3014,964,Tourist information centre manager,39.310831,-93.386062,14,3,1,44.049281314168375,52.61678429265843,0
shopping_pos,18.82,Freedom,WY,43.0172,-111.0292,471,"""Education officer, museum""",43.591662,-110.618789,6,2,1,51.45790554414784,71.99422516327841,0
grocery_pos,358.76,Redford,MO,37.3272,-91.0243,241,Investment analyst,37.336643,-90.795659,2,6,1,45.22929500342232,20.242554088789028,1
personal_care,16.5,Riverton,WY,43.0351,-108.2024,19408,"""Lecturer, higher education""",43.234333,-108.004591,18,2,12,27.301848049281315,27.35730591012373,0
home,71.95,Lonetree,WY,41.0552,-110.1603,49,Research scientist (physical sciences),40.353258,-110.187182,23,5,12,39.47707049965777,78.08527474880825,0
kids_pets,7.88,Mound City,MO,40.1362,-95.2138,1631,Architect,39.314796,-94.436425,18,3,1,65.97125256673512,112.9686311023589,0
health_fitness,5.16,Sixes,OR,42.825,-124.4409,217,Retail merchandiser,42.41146,-125.198958,16,5,12,92.23545516769336,77.21405237149303,0
kids_pets,97.68,Fullerton,NE,41.366,-98.0054,1749,"""Surveyor, mining""",42.06473,-98.796028,19,6,1,45.667351129363446,101.69987518377872,0
personal_care,23.01,Camden,MO,39.2048,-94.0259,464,Colour technologist,39.004309,-93.812423,12,0,1,59.61396303901437,28.918998943650344,0
kids_pets,47.74,Matthews,MO,36.7154,-89.6287,1019,Aeronautical engineer,37.660225,-90.208169,17,4,1,39.97809719370294,116.92879769690263,0
grocery_net,66.06,Eugene,OR,44.0385,-123.0614,191096,"""Scientist, physiological""",43.16226,-122.535269,2,3,1,54.743326488706366,106.24509420046482,0
personal_care,128.57,Tekoa,WA,47.2271,-117.0819,895,Clothing/textile technologist,46.770708,-117.179994,22,3,12,21.56878850102669,51.29080250509004,0
kids_pets,5.58,Tomales,CA,38.2427,-122.9145,337,Occupational psychologist,37.709796,-123.641915,20,0,12,66.48323066392882,87.04239013366082,0
misc_pos,8.86,San Diego,CA,33.0067,-117.069,1241364,Chartered public finance accountant,32.663791,-117.029693,2,0,1,59.42505133470226,38.30618594522503,0
grocery_pos,135.65,High Rolls Mountain Park,NM,32.9396,-105.8189,899,Naval architect,33.520595,-104.928834,4,6,1,51.37303216974675,105.01005597301716,0
grocery_pos,96.64,Manville,WY,42.73,-104.7024,241,Educational psychologist,41.971391,-104.665181,4,2,12,40.03832991101985,84.40890045653825,0
gas_transport,32.69,Brainard,NE,41.1832,-96.9882,614,Associate Professor,40.678631,-96.08738,0,6,12,53.52224503764545,94.20454825644684,0
shopping_pos,9.6,Manville,WY,42.73,-104.7024,241,Educational psychologist,43.419677,-104.010852,16,2,12,40.03832991101985,95.0582007163041,0
home,33.31,Mendon,UT,41.71,-111.9817,2078,"""Scientist, audiological""",40.897162,-111.327182,16,5,12,57.53867214236824,105.63219531876732,0
gas_transport,58.85,San Jose,CA,37.3304,-121.7913,973849,Geoscientist,37.128336,-121.664685,9,0,12,23.942505133470227,25.1096680203355,0
food_dining,2.6,Centerview,MO,38.7897,-93.8702,2368,Electronics engineer,38.897822,-94.064186,19,5,1,29.470225872689937,20.65888419557807,0
home,2.04,Port Costa,CA,38.046,-122.1866,198,Armed forces training and education officer,38.044436,-122.309599,20,6,12,61.74401095140315,10.772270935863595,0
gas_transport,62.97,Los Angeles,CA,34.0443,-118.2509,2383912,"""Journalist, newspaper""",33.628083,-118.452405,9,1,12,61.58521560574949,49.88319514292092,0
personal_care,23.16,Issaquah,WA,47.4974,-122.0107,50489,Osteopath,47.662586,-122.595059,20,0,1,34.893908281998634,47.52425618762318,0
shopping_net,10.14,Littleton,CO,39.5994,-105.0044,320420,Water engineer,39.62025,-104.457181,14,5,1,43.4715947980835,46.93474267554624,0
kids_pets,46.61,Williamsburg,MO,38.8874,-91.7689,710,Glass blower/designer,39.789688,-91.820402,15,5,1,48.29295003422313,100.42755897707696,0
grocery_pos,286.23,Claremont,CA,34.1092,-117.7183,35705,Wellsite geologist,33.736876,-117.98207,18,6,9,63.29637234770705,48.02413510782882,1
gas_transport,51.33,Manville,WY,42.73,-104.7024,241,Educational psychologist,42.508248,-105.34481,1,1,1,38.04243668720055,58.06105201576383,0
food_dining,11.91,Lowell,OR,43.921,-122.7806,1420,Systems analyst,44.410499,-122.658012,15,6,12,55.12662559890486,55.30109267269749,0
health_fitness,96.8,Thompson,UT,38.9999,-109.615,46,"""Surveyor, minerals""",38.888081,-108.765302,14,1,12,33.686516084873375,74.52866066424123,0
shopping_net,1090.93,Aurora,CO,39.6662,-104.835,389246,"""Scientist, marine""",40.446696,-104.352084,22,0,10,49.83709787816564,96.02715345702076,1
misc_net,764.72,Sixes,OR,42.825,-124.4409,217,Retail merchandiser,42.091866,-123.995989,23,0,2,91.35934291581108,89.31812054488111,1
home,71.13,Colorado Springs,CO,38.8881,-104.6556,525713,Museum/gallery exhibitions officer,38.462858,-105.121472,22,1,12,28.640657084188916,62.22051662571529,0
kids_pets,44.25,Weeping Water,NE,40.8731,-96.1528,1517,Dealer,41.460684,-96.743478,16,3,1,67.1731690622861,81.93570212450601,0
entertainment,17.85,Wales,AK,64.7556,-165.6723,145,"""Administrator, education""",64.859572,-166.34388,22,1,1,79.16495550992471,33.82365049410783,0
food_dining,50.37,Lamy,NM,35.4311,-105.9409,923,Public relations account executive,35.808921,-106.603115,14,6,1,54.55989048596852,73.12921641890567,0
food_dining,71.31,Kansas City,MO,38.9621,-94.5959,545147,Counsellor,38.672721,-95.318182,17,2,1,31.123887748117728,70.36452884199413,0
kids_pets,40.6,Phoenix,AZ,33.5623,-112.0559,1312922,Contractor,33.806282,-112.479723,22,3,1,37.21286789869952,47.68431254234078,0
travel,472.18,Dumont,CO,39.7532,-105.6356,565,Mental health nurse,39.611883,-105.04806,17,3,12,42.34633812457221,52.67691795060295,0
travel,2.17,Fort Washakie,WY,43.0048,-108.8964,1645,Information systems manager,43.148304,-109.882904,18,5,12,34.85557837097878,81.69819314561319,0
home,247.02,Fullerton,NE,41.366,-98.0054,1749,"""Surveyor, mining""",41.252701,-97.16995,22,6,12,46.64476386036961,70.90860888735509,1
grocery_pos,336.08,Roseland,NE,40.4591,-98.5551,463,"""Nurse, mental health""",39.540778,-98.121694,2,2,3,70.81998631074606,108.5810012044556,1
misc_net,7.07,Westerville,NE,41.4193,-99.3844,73,Product designer,41.111754,-98.981944,10,6,1,83.9233401779603,47.96824193596606,0
misc_pos,5.51,Arnold,MO,38.4305,-90.387,35439,Land/geomatics surveyor,37.998949,-89.611571,21,2,1,33.776865160848736,83.01863114816743,0
misc_net,741.78,Hubbell,NE,40.0456,-97.4735,121,Set designer,40.446029,-97.471297,23,0,2,22.89390828199863,44.52606585248053,1
shopping_pos,876.21,Broomfield,CO,39.8854,-105.1139,92337,"""Engineer, electronics""",40.353338,-105.293276,23,1,5,52.58590006844627,54.221763849256014,1
grocery_pos,291.1,Jordan Valley,OR,42.8801,-117.281,641,Economist,42.247169,-117.409736,18,1,6,26.521560574948666,71.16403038340502,1
kids_pets,88.63,Bay City,OR,45.5197,-123.8761,1530,Colour technologist,45.436643,-123.960131,22,1,1,32.10403832991102,11.323410838836928,0
health_fitness,283.18,Fields Landing,CA,40.7268,-124.2174,276,"""Scientist, audiological""",40.057059,-123.875059,13,3,1,89.70020533880904,79.91614800067413,0
misc_net,1.39,Littleton,CO,39.5994,-105.0044,320420,Water engineer,40.0874,-105.482994,8,3,1,43.46611909650924,67.92642653515136,0
kids_pets,9.77,Ashford,WA,46.7531,-121.9898,759,Video editor,46.301505,-122.047886,22,0,3,63.50171115674196,50.41130917539638,1
misc_pos,77.99,Espanola,NM,35.9866,-106.0654,18408,Historic buildings inspector/conservation officer,36.274903,-105.312961,23,3,12,48.435318275154,74.79415037784139,0
grocery_net,67.26,Riverton,WY,43.0351,-108.2024,19408,"""Lecturer, higher education""",42.554741,-107.49675,5,2,1,25.347022587268995,78.5364800797862,0
kids_pets,19.85,North Loup,NE,41.4972,-98.7858,509,"""Nurse, children's""",41.963285,-98.396326,22,1,4,39.578370978781656,61.07794410916944,1
health_fitness,1.82,Phoenix,AZ,33.5623,-112.0559,1312922,Contractor,32.653524,-112.853115,22,4,1,37.215605749486656,125.39824792681524,0
gas_transport,63.18,Fort Washakie,WY,43.0048,-108.8964,1645,Information systems manager,43.699163,-108.461665,2,1,12,34.86379192334018,84.83419674824752,0
kids_pets,1.28,Browning,MO,40.029,-93.1607,602,Cytogeneticist,39.260051,-93.169463,17,4,12,66.45037645448323,85.50651946876559,0
shopping_pos,134.69,Fiddletown,CA,38.5234,-120.6763,832,Immigration officer,38.024205,-121.094802,2,4,1,31.668720054757017,66.45122496600656,0
gas_transport,65.46,Moriarty,NM,34.9889,-106.0609,7268,"""Therapist, art""",35.052855,-107.00747,1,3,12,32.407939767282684,86.48937413004764,0
grocery_pos,306.85,Honokaa,HI,20.0827,-155.488,4878,Physiotherapist,19.161782,-155.890773,22,1,7,53.63175906913073,110.75019984763884,1
health_fitness,71.07,Vinton,CA,40.0235,-120.7986,128,Education administrator,40.34174,-120.161578,23,2,12,54.85557837097878,64.6587530687222,0
home,3.12,Cascade Locks,OR,45.671,-121.8686,1288,Barrister,44.862493,-121.787626,13,1,1,82.6694045174538,90.12492644228178,0
home,1.7,Jelm,WY,41.0539,-106.0763,100,Public librarian,40.61666,-106.205159,21,0,12,46.70225872689939,49.81280780604898,0
food_dining,46.96,Eugene,OR,44.0385,-123.0614,191096,"""Scientist, physiological""",43.784722,-123.845602,5,5,12,56.72279260780287,68.86589060114028,0
shopping_pos,4.58,Mound City,MO,40.1362,-95.2138,1631,Architect,39.365811,-94.842031,4,4,12,67.92881587953457,91.36898720518784,0
home,5.18,Sutherland,NE,41.1558,-101.136,1789,Insurance broker,41.652874,-100.437178,21,5,12,38.87200547570158,80.32385689978874,0
entertainment,444.32,Williamsburg,MO,38.8874,-91.7689,710,Glass blower/designer,38.909501,-92.335997,22,4,8,48.92265571526352,49.13718112764472,1
home,118.66,Santa Monica,CA,34.0287,-118.4924,92043,"""Civil engineer, contracting""",33.121767,-119.247431,14,4,12,59.66872005475702,122.72945351039174,0
gas_transport,50.43,Westerville,NE,41.4193,-99.3844,73,Product designer,41.8092,-100.290708,3,5,1,83.90143737166325,86.92671663791542,0
grocery_pos,206.5,Littleton,CO,39.5994,-105.0044,320420,Water engineer,38.998646,-105.623698,2,1,12,45.4154688569473,85.45193140356847,0
grocery_net,22.75,Laramie,WY,41.4247,-105.4781,35371,"""Pilot, airline""",42.122215,-105.083669,8,3,1,30.33538672142368,84.17491616457892,0
home,132.29,Moriarty,NM,34.9889,-106.0609,7268,"""Therapist, art""",34.240773,-106.948967,16,2,1,30.412046543463383,116.29535779176764,0
misc_pos,31.69,Meadville,MO,39.7795,-93.3014,964,Tourist information centre manager,39.070715,-93.952482,4,0,12,46.01505817932922,96.63764753575114,0
shopping_pos,2.18,Wales,AK,64.7556,-165.6723,145,"""Administrator, education""",65.303636,-165.814723,8,4,1,79.19233401779603,61.30440840230753,0
entertainment,79.49,Carroll,NE,42.277,-97.1926,566,Metallurgist,42.16387,-96.955659,19,5,12,45.91649555099247,23.215023014810047,0
entertainment,41.88,Browning,MO,40.029,-93.1607,602,Cytogeneticist,39.347491,-92.210216,13,1,1,64.46817248459959,111.16239246016788,0
gas_transport,79.97,Meredith,CO,39.3199,-106.6596,61,Public relations account executive,39.072148,-107.444124,7,1,12,81.15263518138262,73.0032862619528,0
home,53.68,Superior,AZ,33.2887,-111.0985,2872,Petroleum engineer,33.007566,-110.870739,12,6,1,31.19233401779603,37.77368168362289,0
home,209.86,Browning,MO,40.029,-93.1607,602,Cytogeneticist,40.490618,-93.980164,21,2,1,64.50924024640658,86.42825133916806,0
misc_pos,16.93,Kansas City,MO,38.9621,-94.5959,545147,Counsellor,39.772577,-94.007914,5,2,1,31.143052703627653,103.32725309456904,0
travel,6.8,Newberg,OR,45.3099,-122.9685,28278,Research scientist (physical sciences),44.411508,-123.509404,12,4,1,41.50581793292265,108.6127747351318,0
food_dining,16.02,Shedd,OR,44.453,-123.1065,917,Radio broadcast assistant,44.091381,-122.945784,18,0,1,23.540041067761805,42.19712155024202,0
grocery_net,7.88,Palmdale,CA,34.5715,-118.0231,171170,Chemical engineer,33.96331,-118.912661,0,2,9,57.28678986995209,106.09213054077136,1
grocery_pos,155.9,Cascade Locks,OR,45.671,-121.8686,1288,Barrister,46.345658,-121.892898,1,6,1,82.68309377138947,75.04201260268812,0
kids_pets,44.31,Espanola,NM,35.9866,-106.0654,18408,Historic buildings inspector/conservation officer,36.348141,-106.112628,17,0,12,48.446269678302535,40.42444880073192,0
home,1.13,Campbell,NE,40.2967,-98.737,493,"""Surveyor, minerals""",40.054984,-98.502008,12,1,12,80.29295003422314,33.48142203781828,0
misc_net,6.5,Altonah,UT,40.3207,-110.436,302,"""Sales professional, IT""",41.109849,-109.695889,7,0,12,30.94592744695414,107.66006657139526,0
misc_net,795.57,Colton,WA,46.5901,-117.1692,761,Chief Marketing Officer,47.28703,-117.206756,22,0,10,76.290212183436,77.54751484886555,1
personal_care,30.26,Superior,AZ,33.2887,-111.0985,2872,Petroleum engineer,34.126411,-110.893099,17,0,1,31.23340177960301,95.0670954812367,0
grocery_net,56.99,Littleton,CO,39.5994,-105.0044,320420,Water engineer,39.870982,-105.407093,5,3,1,43.42778918548939,45.800151235363344,0
shopping_pos,3.42,Superior,AZ,33.2887,-111.0985,2872,Petroleum engineer,33.434516,-111.679594,12,0,1,31.195071868583163,56.350233502013936,0
gas_transport,110.41,Newberg,OR,45.3099,-122.9685,28278,Research scientist (physical sciences),44.92492,-122.583812,4,3,1,41.503080082135526,52.37948241584197,0
misc_net,16.14,Manley,NE,40.9207,-96.168,206,Human resources officer,41.787396,-96.454648,11,2,1,51.24709103353867,99.2975689969662,0
grocery_pos,171.78,Nelson,NE,40.201,-98.0684,732,Television/film/video producer,41.086773,-98.684229,10,3,1,62.05612594113621,111.3573812358547,0
personal_care,174.19,Burlington,WA,48.4786,-122.3345,14871,Public house manager,48.222912,-122.790267,19,3,1,44.818617385352496,44.07539955559788,0
personal_care,12.39,Vancouver,WA,45.6892,-122.6616,299480,Teaching laboratory technician,45.844218,-122.468612,21,3,12,35.97535934291581,22.83002176103852,0
misc_net,253.77,Lowell,OR,43.921,-122.7806,1420,Systems analyst,44.078758,-123.432844,2,1,1,53.177275838466805,55.04108859309449,0
grocery_pos,192.51,Burlington,WA,48.4786,-122.3345,14871,Public house manager,48.658203,-121.796411,8,2,1,44.85420944558521,44.34434305200063,0
food_dining,17.57,Santa Monica,CA,34.0287,-118.4924,92043,"""Civil engineer, contracting""",33.603847,-118.899436,10,6,12,59.67419575633128,60.38016408826839,0
gas_transport,47.55,Sixes,OR,42.825,-124.4409,217,Retail merchandiser,42.36427,-125.371606,11,1,12,92.24366872005476,91.80739339201848,0
home,23.02,Redford,MO,37.3272,-91.0243,241,Investment analyst,38.278806,-91.733673,22,3,12,46.17932922655715,122.80286939925946,0
shopping_pos,2.15,Meridian,ID,43.6498,-116.4306,84106,Intelligence analyst,44.452268,-116.395156,23,1,1,47.88774811772758,89.27531697970846,0
grocery_pos,184.78,Napa,CA,38.4549,-122.2564,94014,Airline pilot,37.594145,-121.654659,7,3,12,35.36208076659822,109.26457059695387,0
shopping_net,2.31,Sun City,CA,33.7467,-117.1721,54287,"""Designer, exhibition/display""",34.516237,-116.358391,22,0,12,48.26557152635181,113.7148217422118,0
personal_care,4.46,Hatch,UT,37.7175,-112.4777,258,Geoscientist,37.096632,-111.773199,21,3,12,59.10198494182067,92.94153430569112,0
shopping_pos,8.94,Altonah,UT,40.3207,-110.436,302,"""Sales professional, IT""",39.5481,-109.887218,20,3,12,30.93497604380561,97.82438446410984,0
gas_transport,47.88,Honokaa,HI,20.0827,-155.488,4878,Physiotherapist,20.018033,-155.741504,11,1,12,54.072553045859,27.438851909047955,0
misc_net,14.42,Hatch,UT,37.7175,-112.4777,258,Geoscientist,38.482796,-111.722502,1,6,1,57.13620807665982,107.74107567398,0
shopping_net,1110.42,Paauilo,HI,20.0271,-155.3697,1490,"""Scientist, research (maths)""",20.825414,-155.185875,1,6,12,28.692676249144423,90.81163102250812,1
food_dining,143.5,Kent,OR,45.0838,-120.6649,60,Museum education officer,45.446517,-120.101289,17,5,1,76.75838466803559,59.76864027483433,0
kids_pets,2.77,Fullerton,NE,41.366,-98.0054,1749,"""Surveyor, mining""",40.485627,-97.822173,19,5,12,47.63860369609856,99.09587171621624,0
misc_net,5.22,High Rolls Mountain Park,NM,32.9396,-105.8189,899,Naval architect,32.790615,-106.673319,7,5,1,51.351129363449694,81.50237774790229,0
gas_transport,21.74,Sixes,OR,42.825,-124.4409,217,Retail merchandiser,43.480551,-123.445136,7,0,2,91.35934291581108,108.80287928705336,1
entertainment,22.43,Omaha,NE,41.2064,-95.9953,518429,"""Surveyor, land/geomatics""",40.959853,-96.060773,19,0,12,25.218343600273784,27.95859400959836,0
grocery_net,30.09,Newberg,OR,45.3099,-122.9685,28278,Research scientist (physical sciences),44.337227,-122.527174,3,1,12,43.45242984257358,113.61854309570845,0
kids_pets,6.04,Mendon,UT,41.71,-111.9817,2078,"""Scientist, audiological""",41.572625,-112.594691,13,4,1,55.58110882956879,53.17934011833413,0
kids_pets,77.7,Rock Springs,WY,41.606,-109.23,27971,Music therapist,42.559378,-109.91984,15,4,12,36.39972621492129,120.32890500432327,0
entertainment,9.32,Hooper,NE,41.6414,-96.5232,1745,"""Engineer, automotive""",41.962195,-97.098947,18,5,12,47.00068446269678,59.58161967146452,0
shopping_net,9.95,Moab,UT,38.5677,-109.5271,9772,Location manager,39.414781,-110.498449,22,1,1,29.10335386721424,126.17047084420392,0
misc_pos,3.58,June Lake,CA,37.7773,-119.0825,633,Health service manager,36.886871,-118.316528,8,0,1,91.36755646817248,119.95575759680156,0
kids_pets,51.1,North Loup,NE,41.4972,-98.7858,509,"""Nurse, children's""",42.001971,-99.22705,19,2,12,40.290212183436005,67.00947559062428,0
grocery_pos,105.8,Red River,NM,36.6659,-105.4694,606,"""Surveyor, land/geomatics""",36.261936,-105.801349,9,0,12,32.309377138945926,53.841281591751766,0
gas_transport,86.56,Humboldt,AZ,34.5189,-112.2523,1179,"""Civil engineer, contracting""",33.722031,-112.96662,2,5,1,63.97809719370294,110.34035939486807,0
gas_transport,82.19,Phoenix,AZ,33.8155,-112.1202,1312922,Counselling psychologist,34.404587,-112.415813,2,4,1,19.096509240246405,70.93224216283029,0
entertainment,6.39,Rocky Mount,MO,38.2911,-92.7059,1847,Tax inspector,37.461729,-93.415894,12,1,12,32.17522245037645,111.30133762231264,0
personal_care,43.4,Howells,NE,41.6964,-96.9858,1063,Research scientist (maths),42.622206,-96.352611,18,5,1,90.75975359342917,115.41843687015373,0
entertainment,29.08,Santa Monica,CA,34.0287,-118.4924,92043,"""Civil engineer, contracting""",33.794324,-117.95572,11,1,1,57.7056810403833,55.96364638899764,0
personal_care,171.71,Laguna Hills,CA,33.615,-117.7114,45303,Sales executive,33.544797,-116.796852,17,3,12,51.02532511978097,85.08066239837771,0
kids_pets,9.81,Thompson,UT,38.9999,-109.615,46,"""Surveyor, minerals""",38.800602,-110.503529,22,5,12,33.67830253251198,80.0195461265951,0
health_fitness,26.2,Utica,MO,39.7417,-93.6289,271,Land/geomatics surveyor,40.675529,-93.214688,22,2,1,46.70773442847365,109.63257009308512,0
entertainment,177.71,Lakeport,CA,39.047,-122.9328,11256,Podiatrist,39.494149,-122.893021,18,1,1,46.20396988364134,49.83847637550269,0
gas_transport,53.31,Thompson,UT,38.9999,-109.615,46,"""Surveyor, minerals""",38.270865,-110.597186,6,5,12,33.67830253251198,117.6823584301044,0
entertainment,47.74,Altonah,UT,40.3207,-110.436,302,"""Sales professional, IT""",39.709799,-110.767223,14,6,12,30.94318959616701,73.55264896107124,0
shopping_pos,1133.39,Tekoa,WA,47.2271,-117.0819,895,Clothing/textile technologist,46.716521,-116.414628,23,5,8,20.194387405886378,76.06890882338823,1
entertainment,88.03,Fort Washakie,WY,43.0048,-108.8964,1645,Freight forwarder,43.667287,-108.409901,12,1,1,42.88569472963724,83.51426774838552,0
gas_transport,57.43,Fort Washakie,WY,43.0048,-108.8964,1645,Information systems manager,42.678363,-107.996008,1,5,12,34.85557837097878,81.89393090330974,0
food_dining,40.83,Llano,NM,36.1486,-105.6648,247,Architectural technologist,36.142669,-105.622046,23,4,12,59.17043121149897,3.8952098234449832,0
home,15.81,Red River,NM,36.6659,-105.4694,606,"""Surveyor, land/geomatics""",36.629634,-105.905887,13,5,1,30.368240930869263,39.14893011895581,0
entertainment,39.94,Llano,NM,36.1486,-105.6648,247,Architectural technologist,35.415337,-105.998431,15,5,12,59.17316906228611,86.9120094721958,0
misc_pos,105.67,Meridian,ID,43.6498,-116.4306,84106,Intelligence analyst,43.6419,-117.12155,4,3,12,49.88637919233402,55.6025833545959,0
food_dining,50.93,Louisiana,MO,39.4336,-91.0664,4593,"""Teacher, early years/pre""",39.51598,-91.212713,5,3,12,80.13689253935661,15.544167251765977,0
entertainment,100.59,Lakeport,CA,39.047,-122.9328,11256,Podiatrist,39.320037,-123.694748,19,3,12,48.18343600273785,72.3502684245544,0
kids_pets,22.65,Redford,MO,37.3272,-91.0243,241,Investment analyst,36.362522,-90.885173,21,0,1,44.21629021218344,107.97932131308112,0
kids_pets,33.3,Kansas City,MO,38.9621,-94.5959,545147,Counsellor,39.078013,-93.767361,15,1,1,31.1211498973306,72.72855410554807,0
personal_care,3.1,Crownpoint,NM,35.7206,-108.0271,5662,IT consultant,35.01683,-107.720826,21,1,1,29.752224503764545,83.03699573866925,0
misc_net,23.67,Kent,OR,45.0838,-120.6649,60,Museum education officer,45.340418,-120.889002,9,1,12,78.74058863791923,33.50226699552883,0
shopping_pos,6.89,San Diego,CA,33.0067,-117.069,1241364,Chartered public finance accountant,33.347872,-117.943265,1,1,1,59.42778918548939,89.77502141194712,0
shopping_pos,1015.13,Sacramento,CA,38.6865,-121.3494,757530,Soil scientist,37.861448,-121.537382,23,1,3,53.530458590006845,93.19757585591384,1
health_fitness,105.41,Woods Cross,UT,40.8874,-111.9027,13983,Insurance broker,40.875203,-112.519297,21,1,1,39.38398357289528,51.855450586269846,0
shopping_net,9.51,Mountain Center,CA,33.6401,-116.5567,1661,"""Therapist, music""",34.119289,-117.283442,22,1,12,32.276522929500345,85.673860447483,0
personal_care,2.48,Mesa,ID,44.6255,-116.4493,129,Cartographer,44.389547,-116.825029,23,0,1,53.100616016427104,39.70029519541028,0
grocery_net,57.22,Athena,OR,45.8289,-118.4971,1302,Dealer,45.13483,-118.5449,2,0,1,42.23956194387406,77.26697854473929,0
entertainment,155.39,Phoenix,AZ,33.5623,-112.0559,1312922,Contractor,33.808456,-112.576044,16,4,1,37.23477070499658,55.36523056667443,0
kids_pets,43.04,Kissee Mills,MO,36.6704,-93.0377,1201,"""Engineer, agricultural""",37.086494,-92.35193,20,3,1,38.8145106091718,76.55845509670164,0
grocery_net,9.27,Tekoa,WA,47.2271,-117.0819,895,Clothing/textile technologist,46.775306,-117.135449,3,6,8,20.197125256673512,50.401050771125206,1
health_fitness,46.88,Kent,OR,45.0838,-120.6649,60,Museum education officer,45.185828,-121.597015,18,6,1,76.78028747433265,73.99095611678686,0
shopping_pos,5.19,Portland,OR,45.5303,-122.7033,841711,"""Engineer, building services""",46.20092,-122.318913,6,4,1,55.79192334017796,80.28954580654646,0
shopping_pos,8.68,Owensville,MO,38.3511,-91.4867,6703,Naval architect,37.55683,-91.747867,16,0,12,22.60917180013689,91.23885442857669,0
home,80.45,Newhall,CA,34.3795,-118.523,34882,Health physicist,35.06538,-117.617032,15,3,12,49.686516084873375,112.5703228627756,0
misc_net,8.3,Redford,MO,37.3272,-91.0243,241,Investment analyst,37.331774,-90.433247,1,0,1,44.19712525667351,52.26206969588493,0
grocery_pos,93.01,Ashford,WA,46.7531,-121.9898,759,Video editor,47.543686,-121.75136,10,4,1,62.30527036276523,89.73928888270557,0
food_dining,65.25,Alva,WY,44.6873,-104.4414,110,"""Administrator, local government""",44.296595,-103.732963,23,5,12,47.61396303901437,71.02879974355004,0
health_fitness,3.72,Iliff,CO,40.7692,-103.0968,648,Community arts worker,41.228865,-102.206335,16,6,1,49.3305954825462,90.5357820323126,0
misc_net,7.42,Rocky Mount,MO,38.2911,-92.7059,1847,Tax inspector,39.075592,-93.378731,11,5,1,30.23134839151266,104.9758988943466,0
shopping_pos,6.94,Greenview,CA,41.5403,-122.9366,308,Call centre manager,41.170537,-123.198186,9,0,1,60.336755646817245,46.55320599804743,0
gas_transport,71.96,Manville,WY,42.73,-104.7024,241,Educational psychologist,43.0363,-103.938242,4,6,12,40.03011635865845,70.96798836313012,0
personal_care,14.5,San Jose,CA,37.3304,-121.7913,973849,Science writer,36.95535,-121.348706,18,3,12,65.55509924709104,57.2554682095908,0
shopping_pos,216.36,Aurora,CO,39.6662,-104.835,389246,"""Scientist, marine""",39.273562,-105.427092,9,6,1,49.106091718001366,67.00128282168484,0
shopping_pos,945.07,Eugene,OR,44.0385,-123.0614,191096,"""Scientist, physiological""",43.874128,-122.496196,22,4,4,55.05270362765229,48.79452014851861,1
gas_transport,55.64,Ballwin,MO,38.577,-90.5255,92608,"""Engineer, communications""",39.473783,-90.5064,4,0,1,17.451060917180012,99.73136798304192,0
gas_transport,43.38,Matthews,MO,36.7154,-89.6287,1019,Aeronautical engineer,36.633173,-90.510471,4,6,12,41.9192334017796,79.16861326292027,0
gas_transport,63.6,Camden,MO,39.2048,-94.0259,464,Colour technologist,39.026626,-94.047307,8,1,1,59.59753593429158,19.89793880615628,0
grocery_net,93.86,Phoenix,AZ,33.5623,-112.0559,1312922,Contractor,33.68138,-111.876278,7,0,1,37.242984257357975,21.258925240855906,0
grocery_pos,114.89,Conway,WA,48.34,-122.3456,85,"""Research officer, political party""",48.918183,-121.462292,9,3,1,34.37645448323067,91.36317058720762,0
grocery_net,64.15,Utica,MO,39.7417,-93.6289,271,Land/geomatics surveyor,40.25721,-93.43911,1,0,1,46.75975359342916,59.558144427498334,0
shopping_pos,7.23,Indian Wells,CA,33.7163,-116.3381,4677,Learning mentor,33.345669,-116.633786,3,1,1,63.696098562628336,49.49351409682596,0
health_fitness,15.85,Oakland,CA,37.7878,-122.1884,381459,Barista,37.032559,-121.320393,15,0,1,45.01026694045174,113.70881201152736,0
gas_transport,79.79,Centerview,MO,38.7897,-93.8702,2368,Electronics engineer,39.201637,-94.236392,0,3,12,31.457905544147845,55.67405471967369,0
gas_transport,63.96,San Jose,CA,37.3304,-121.7913,973849,Geoscientist,37.904245,-122.205139,3,1,1,21.971252566735117,73.48553555465841,0
kids_pets,178.94,Eugene,OR,44.0385,-123.0614,191096,"""Scientist, physiological""",43.109721,-123.723782,17,1,1,54.776180698151954,116.24523441946924,0
home,443.25,Brashear,MO,40.1959,-92.4333,805,Private music teacher,39.983692,-92.320508,22,0,12,49.489390828199866,25.472659294737447,1
shopping_pos,4.34,Centerview,MO,38.7897,-93.8702,2368,Electronics engineer,38.045997,-93.138192,14,4,1,29.48665297741273,104.42936524475375,0
gas_transport,64.32,Gardiner,OR,43.7857,-124.1437,260,"""Engineer, maintenance""",44.219575,-125.032754,0,6,1,62.34633812457221,85.93007346798105,0
shopping_pos,819.56,Unionville,MO,40.4815,-92.9951,3805,"""Investment banker, corporate""",39.829406,-93.339575,17,1,7,68.81314168377824,78.19630630496383,1
gas_transport,40.1,Red River,NM,36.6659,-105.4694,606,"""Surveyor, land/geomatics""",36.05017,-104.647626,0,3,1,30.362765229295004,100.5122207742803,0
shopping_pos,4.4,Blairsden-Graeagle,CA,39.8127,-120.6405,1725,Chartered legal executive (England and Wales),40.653045,-120.510282,0,5,12,53.58521560574949,94.0936341871901,0
grocery_pos,87.16,Utica,MO,39.7417,-93.6289,271,Land/geomatics surveyor,39.851697,-94.548976,0,1,1,46.72416153319645,79.5506793323367,0
kids_pets,34.79,Fort Washakie,WY,43.0048,-108.8964,1645,Information systems manager,42.228227,-108.747683,12,2,1,32.87337440109514,87.2042151048412,0
gas_transport,84.78,Hawthorne,CA,33.9143,-118.3493,93193,"""Editor, magazine features""",32.963391,-117.744034,11,5,12,25.689253935660503,119.72541639870752,0
health_fitness,68.53,Kirk,CO,39.6171,-102.4776,207,Network engineer,39.335217,-103.424622,20,5,1,63.12662559890486,87.11645733085581,0
kids_pets,62.67,Meridian,ID,43.6498,-116.4306,84106,Intelligence analyst,43.899261,-115.60625,13,2,1,47.90965092402464,71.76445064708791,0
grocery_net,44.74,Crownpoint,NM,35.7206,-108.0271,5662,IT consultant,36.154325,-107.188169,5,0,1,29.76865160848734,89.61274224487852,0
kids_pets,47.29,Dumont,CO,39.7532,-105.6356,565,Mental health nurse,39.416039,-105.382089,15,3,1,40.39151266255989,43.33027213150763,0
health_fitness,22.55,Manville,WY,42.73,-104.7024,241,Educational psychologist,42.641556,-104.961137,20,3,8,39.657768651608485,23.323310163224946,1
grocery_pos,125.77,Holstein,NE,40.4542,-98.6538,331,Telecommunications researcher,39.645515,-98.469593,8,0,1,68.38603696098562,91.2783401214349,0
misc_net,857.67,Centerview,MO,38.7897,-93.8702,2368,Electronics engineer,38.735425,-93.433279,2,2,1,29.53867214236824,38.36044485424328,1
shopping_net,6.09,Wheaton,MO,36.7651,-94.0492,760,Production manager,36.165397,-94.5446,18,2,12,35.331964407939765,80.05799360293251,0
misc_pos,18.1,Unionville,MO,40.4815,-92.9951,3805,"""Investment banker, corporate""",39.521426,-92.653091,3,0,12,70.2861054072553,110.65850530251942,0
grocery_pos,316.98,Arnold,MO,38.4305,-90.387,35439,Land/geomatics surveyor,38.166467,-91.19346,0,0,3,33.94387405886379,76.25380482317142,1
shopping_net,962.97,Ashford,WA,46.7531,-121.9898,759,Video editor,46.264508,-121.620117,23,6,3,63.49897330595483,61.25375711435338,1
misc_pos,71.83,Hawthorne,CA,33.9143,-118.3493,93193,"""Editor, magazine features""",33.89313,-119.066861,21,5,1,23.753593429158112,66.26477256614861,0
grocery_pos,321.16,Mountain Center,CA,33.6401,-116.5567,1661,"""Therapist, music""",33.834866,-115.612255,3,6,10,32.06023271731691,89.9764569159044,1
home,241.5,Centerview,MO,38.7897,-93.8702,2368,Electronics engineer,38.41,-93.51199,21,6,12,31.44695414099932,52.45556484855219,0
entertainment,110.2,Blairstown,MO,38.5319,-93.9221,467,Agricultural consultant,39.434762,-93.929902,17,4,12,70.58179329226557,100.39593862809744,0
food_dining,103.65,Lake Oswego,OR,45.4093,-122.6847,42817,Planning and development surveyor,45.955933,-122.873193,13,0,1,36.61327857631759,62.52167814708884,0
shopping_pos,4.69,Phoenix,AZ,33.8155,-112.1202,1312922,Counselling psychologist,34.642995,-112.634771,23,0,12,21.078713210130047,103.46164529998362,0
kids_pets,40.47,Fiddletown,CA,38.5234,-120.6763,832,Immigration officer,37.903144,-120.670815,21,3,1,31.64681724845996,68.97098516870433,0
gas_transport,63.6,Camden,MO,39.2048,-94.0259,464,Colour technologist,39.026626,-94.047307,8,1,1,59.59753593429158,19.89793880615628,0
misc_net,3.57,Thompson,UT,38.9999,-109.615,46,"""Surveyor, minerals""",38.351014,-109.782874,9,0,12,33.68377823408624,73.60977671968315,0
shopping_net,7.04,San Jose,CA,37.3304,-121.7913,973849,Geoscientist,38.048645,-121.977578,20,3,12,23.9315537303217,81.5297933621964,0
kids_pets,36.36,Sixes,OR,42.825,-124.4409,217,Retail merchandiser,42.884533,-124.050522,15,4,1,90.258726899384,32.502801105932704,0
shopping_pos,1.57,Lagrange,WY,41.6423,-104.1974,635,Product/process development scientist,41.348087,-104.119886,19,3,12,47.46885694729637,33.34589128846925,0
grocery_pos,144.97,Altonah,UT,40.3207,-110.436,302,"""Sales professional, IT""",39.796961,-109.659639,9,1,1,28.974674880219027,88.07475482174193,0
personal_care,48.15,Kirk,CO,39.6171,-102.4776,207,Network engineer,40.51903,-102.048147,23,3,4,64.40520191649556,106.74033228891682,1
gas_transport,70.53,Athena,OR,45.8289,-118.4971,1302,Dealer,46.043252,-117.962133,0,1,1,42.20396988364134,47.7446730483085,0
home,17.91,Ruidoso,NM,33.3305,-105.6933,8874,Licensed conveyancer,33.272984,-105.004163,17,3,12,20.3750855578371,64.36382539959057,0
personal_care,32.63,Ashford,WA,46.7531,-121.9898,759,Video editor,47.073842,-121.226678,18,4,12,64.27926078028747,68.05762194186586,0
food_dining,9.89,Conway,WA,48.34,-122.3456,85,"""Research officer, political party""",47.4652,-121.722973,22,2,1,34.35455167693361,107.77794469140704,0
entertainment,3.18,Sutherland,NE,41.1558,-101.136,1789,Insurance broker,41.252088,-100.153658,14,4,1,36.93360711841205,82.87645437219612,0
kids_pets,37.8,Wendel,CA,40.3406,-120.2824,104,"""Teacher, adult education""",40.41644,-119.670989,16,3,12,31.37577002053388,52.472277492563386,0
health_fitness,74.81,Jordan Valley,OR,42.8801,-117.281,641,Economist,43.718857,-117.508379,17,6,12,27.091033538672143,95.06325248244184,0
health_fitness,55.34,Daly City,CA,37.6787,-122.478,107941,"""Buyer, industrial""",37.902444,-123.11347,16,3,1,27.26899383983573,61.13174738612429,0
shopping_pos,1.94,Phoenix,AZ,33.8155,-112.1202,1312922,Counselling psychologist,32.887246,-111.759759,20,0,1,19.143052703627653,108.51058316140136,0
shopping_net,1105.42,La Grande,OR,45.3304,-118.0852,16955,"""Engineer, site""",45.594707,-117.573818,16,3,2,57.64544832306639,49.541237604050416,1
shopping_net,953.89,Oakland,CA,37.7878,-122.1884,381459,Barista,37.575408,-121.488987,22,1,3,46.16290212183436,65.92487081100278,1
health_fitness,9.51,Sutherland,NE,41.1558,-101.136,1789,Insurance broker,40.487164,-100.722937,17,3,1,36.91170431211499,82.0720993307375,0
food_dining,13.95,Blairsden-Graeagle,CA,39.8127,-120.6405,1725,Chartered legal executive (England and Wales),40.300002,-120.722458,14,0,12,53.59069130732375,54.632639837966295,0
grocery_pos,99.27,Fort Washakie,WY,43.0048,-108.8964,1645,Freight forwarder,42.419791,-108.434135,3,5,1,42.89664613278576,75.21901146710974,0
kids_pets,52.6,Dumont,CO,39.7532,-105.6356,565,Mental health nurse,40.280453,-105.8835,17,0,1,40.40246406570842,62.31283368797813,0
shopping_pos,134.0,Athena,OR,45.8289,-118.4971,1302,Dealer,45.299593,-119.457881,2,5,1,42.2340862422998,95.17449354534696,0
food_dining,3.18,Sutherland,NE,41.1558,-101.136,1789,Insurance broker,41.957306,-101.160299,12,1,1,36.90622861054072,89.14633057576938,0
misc_net,68.93,Littleton,CO,39.5994,-105.0044,320420,Water engineer,39.701322,-105.13533,8,3,12,45.42094455852156,15.94037378624122,0
gas_transport,81.23,Mountain Center,CA,33.6401,-116.5567,1661,"""Therapist, music""",33.213522,-116.352468,2,3,1,30.308008213552363,51.07972045543882,0
shopping_net,1214.39,Fiddletown,CA,38.5234,-120.6763,832,Immigration officer,38.828029,-119.782074,23,0,9,32.34770704996578,84.69524700894699,1
home,66.86,Daly City,CA,37.6787,-122.478,107941,"""Buyer, industrial""",37.018015,-123.162467,12,0,12,29.234770704996578,95.17184517558653,0
shopping_pos,49.33,High Rolls Mountain Park,NM,32.9396,-105.8189,899,Naval architect,32.333241,-106.814461,4,4,12,53.3223819301848,115.04878870923775,0
shopping_net,901.18,Valentine,NE,42.8062,-100.6215,4005,Network engineer,43.158184,-100.50442,22,5,9,74.48049281314168,40.2809459904077,1
kids_pets,165.76,Superior,AZ,33.2887,-111.0985,2872,Petroleum engineer,32.77919,-111.559307,14,5,1,31.189596167008897,71.09856272944519,0
grocery_pos,97.02,San Jose,CA,37.3304,-121.7913,973849,Science writer,37.18365,-121.133419,10,6,1,63.60848733744011,60.46775512563287,0
shopping_net,9.81,Phoenix,AZ,33.5623,-112.0559,1312922,Contractor,33.566192,-112.174661,22,0,1,37.223819301848046,11.012306488096586,0
shopping_net,6.45,Ruidoso,NM,33.3305,-105.6933,8874,Licensed conveyancer,33.210403,-104.829034,22,2,12,20.372347707049965,81.45186875817315,0
home,59.68,Rocky Mount,MO,38.2911,-92.7059,1847,Tax inspector,39.023649,-92.824521,12,0,12,32.172484599589325,82.10434306196635,0
food_dining,200.79,Superior,AZ,33.2887,-111.0985,2872,Petroleum engineer,32.813337,-110.653166,19,6,1,31.23066392881588,67.2062947534721,0
travel,7.61,High Rolls Mountain Park,NM,32.9396,-105.8189,899,Naval architect,32.513006,-106.294167,18,2,1,51.3429158110883,65.01243805377209,0
misc_pos,9.41,Red River,NM,36.6659,-105.4694,606,"""Surveyor, land/geomatics""",37.590035,-105.00627,14,6,1,30.33264887063655,110.65776666148038,0
home,259.5,Angwin,CA,38.5769,-122.4477,3661,Human resources officer,38.141809,-123.365017,22,5,5,50.32991101984942,93.4754798308166,1
grocery_pos,204.98,Burbank,WA,46.1966,-118.9017,3684,Musician,45.554693,-119.071559,3,6,12,39.07734428473648,72.57793828700288,0
shopping_net,337.77,Independence,MO,39.1412,-94.3515,123373,"""Engineer, production""",40.100474,-95.288108,16,6,1,26.127310061601644,133.4643615656948,0
travel,6.42,Espanola,NM,35.9866,-106.0654,18408,Historic buildings inspector/conservation officer,35.131377,-106.694545,16,5,12,48.440793976728266,110.82476448538269,0
kids_pets,71.53,Albuquerque,NM,35.0561,-106.5506,641349,Charity officer,34.625819,-105.583136,16,2,1,51.93976728268309,100.42231316395448,0
kids_pets,99.85,Scotts Mills,OR,44.9897,-122.6187,1252,"""Engineer, petroleum""",44.552489,-122.347947,21,5,1,81.93018480492813,53.10639659927829,0
shopping_pos,5.66,Scotts Mills,OR,44.9897,-122.6187,1252,"""Engineer, petroleum""",44.165271,-123.006902,0,1,12,83.89322381930185,96.69097630710756,0
misc_pos,5.24,Nelson,NE,40.201,-98.0684,732,Television/film/video producer,39.654855,-97.511923,2,4,12,64.03285420944559,77.06802148108474,0
shopping_pos,1183.93,Craig,AK,55.4732,-133.1171,1920,Commissioning editor,54.539825,-132.377864,23,2,12,23.460643394934976,113.98882720051286,1
shopping_pos,3.1,Orient,WA,48.8878,-118.2105,149,Special educational needs teacher,48.145299,-117.87655,14,0,1,40.56673511293634,86.14830665558547,0
shopping_net,9.31,Red River,NM,36.6659,-105.4694,606,"""Surveyor, land/geomatics""",35.898987,-106.463406,22,2,1,30.360027378507876,123.329710483337,0
health_fitness,14.58,Norwalk,CA,33.9056,-118.0818,105549,Firefighter,33.553751,-118.891364,12,4,1,45.28405201916495,84.47214054835494,0
misc_net,214.71,Colorado Springs,CO,38.8881,-104.6556,525713,Museum/gallery exhibitions officer,39.333868,-104.124321,4,6,12,28.635181382614647,67.51300002501276,0
health_fitness,34.15,Pueblo,CO,38.2352,-104.66,151815,Further education lecturer,38.85286,-103.723372,15,3,12,32.99110198494182,106.546256056565,0
kids_pets,84.58,Louisiana,MO,39.4336,-91.0664,4593,"""Teacher, early years/pre""",39.009108,-91.378916,14,2,1,78.16016427104722,54.338871314285775,0
shopping_net,510.44,Sacramento,CA,38.5662,-121.3286,757530,Magazine features editor,39.502205,-121.970343,21,3,12,41.65366187542779,117.91785532064216,0
gas_transport,45.76,Centerview,MO,38.7897,-93.8702,2368,Electronics engineer,37.916532,-94.447852,4,6,1,29.51129363449692,109.37959683951772,0
grocery_pos,277.62,Palmdale,CA,34.5715,-118.0231,171170,Chemical engineer,35.431109,-117.100512,8,2,9,57.28678986995209,127.26946010476708,1
home,179.77,Espanola,NM,35.9866,-106.0654,18408,Historic buildings inspector/conservation officer,36.02643,-105.340874,23,1,12,48.44900752908966,65.32210988391262,0
grocery_pos,66.07,Sacramento,CA,38.5662,-121.3286,757530,Magazine features editor,38.582332,-121.801482,5,3,12,41.67282683093772,41.14777362862462,0
grocery_pos,73.06,Tekoa,WA,47.2271,-117.0819,895,Clothing/textile technologist,47.940715,-117.836693,6,0,1,19.6249144421629,97.47345442451108,0
misc_pos,8.67,Glendale,CA,34.1556,-118.2322,172817,Advertising account planner,33.303328,-118.235219,22,1,12,38.417522245037645,94.76873375048534,0
grocery_pos,251.96,Newhall,CA,34.3795,-118.523,34882,Health physicist,34.209317,-117.676437,4,2,1,47.69062286105408,80.03764652747897,0
kids_pets,41.48,Blairstown,MO,38.5319,-93.9221,467,Agricultural consultant,38.365933,-94.243876,21,5,1,68.64887063655031,33.55257323104071,0
kids_pets,14.53,Mesa,ID,44.6255,-116.4493,129,Cartographer,45.075967,-115.898493,17,5,1,53.05681040383299,66.28946646441976,0
entertainment,34.1,Huntington Beach,CA,33.6773,-118.0051,190249,"""Therapist, horticultural""",34.153307,-118.932321,22,2,1,42.29158110882957,100.6083415464876,0
misc_pos,9.58,Norwalk,CA,33.9056,-118.0818,105549,Firefighter,34.573305,-118.156761,12,6,1,45.327857631759066,74.56447852665025,0
grocery_pos,339.39,Weeping Water,NE,40.8731,-96.1528,1517,Dealer,40.522675,-96.094116,1,3,2,68.28473648186174,39.27828818463366,1
entertainment,7.18,Crownpoint,NM,35.7206,-108.0271,5662,IT consultant,34.970407,-107.350115,12,5,1,29.763175906913077,103.5788064755067,0
personal_care,71.63,Burlington,WA,48.4786,-122.3345,14871,Public house manager,48.525939,-121.588966,22,1,1,44.81314168377824,55.17989681108717,0
grocery_pos,45.8,Norwalk,CA,33.9056,-118.0818,105549,Firefighter,33.532513,-117.408724,4,4,1,45.28405201916495,74.80829414579671,0
food_dining,102.31,Hooper,NE,41.6414,-96.5232,1745,"""Engineer, automotive""",42.03162,-96.094135,15,0,1,45.07049965776865,56.09146778627862,0
kids_pets,200.77,Fort Washakie,WY,43.0048,-108.8964,1645,Information systems manager,42.667971,-108.563859,23,1,1,32.889801505817935,46.23847546547401,0
entertainment,141.03,Tomales,CA,38.2427,-122.9145,337,Occupational psychologist,38.703471,-122.587652,21,0,12,66.48323066392882,58.60597575752307,0
personal_care,22.06,Moriarty,NM,34.9889,-106.0609,7268,"""Therapist, art""",35.955915,-106.540963,22,1,1,30.4476386036961,115.98217267786112,0
gas_transport,52.65,Redford,MO,37.3272,-91.0243,241,Investment analyst,37.321795,-90.371845,4,5,12,46.16563997262149,57.69556417053504,0
kids_pets,80.82,Howells,NE,41.6964,-96.9858,1063,Research scientist (maths),41.292975,-97.600644,21,0,12,92.73921971252568,68.0776889449628,0
grocery_pos,87.16,Utica,MO,39.7417,-93.6289,271,Land/geomatics surveyor,39.851697,-94.548976,0,1,1,46.72416153319645,79.5506793323367,0
kids_pets,12.68,Phoenix,AZ,33.5623,-112.0559,1312922,Contractor,34.007944,-111.655254,23,1,12,39.181382614647504,61.85861262882621,0
entertainment,3.48,Arnold,MO,38.4305,-90.387,35439,Land/geomatics surveyor,37.961778,-91.286259,12,4,1,33.80150581793292,94.29635151279378,0
grocery_pos,103.91,Matthews,MO,36.7154,-89.6287,1019,Aeronautical engineer,36.653678,-89.006005,4,0,1,39.98631074606434,55.94896887371456,0
misc_net,718.19,Malad City,ID,42.1808,-112.262,4154,Nature conservation officer,42.490971,-112.759772,22,3,11,58.79534565366188,53.51207975183379,1
grocery_net,38.15,Espanola,NM,35.9866,-106.0654,18408,Historic buildings inspector/conservation officer,35.042805,-106.08487,5,6,12,48.4435318275154,104.96000915201118,0
gas_transport,60.88,Eugene,OR,44.0385,-123.0614,191096,"""Scientist, physiological""",44.471625,-122.556302,0,6,12,56.72553045859001,62.75110090051444,0
gas_transport,52.57,Freedom,WY,43.0172,-111.0292,471,"""Education officer, museum""",43.241813,-111.562574,7,3,12,53.4154688569473,49.972757276038045,0
kids_pets,16.78,Sutherland,NE,41.1558,-101.136,1789,Insurance broker,40.533353,-100.565798,12,0,12,38.87748117727584,84.207425367305,0
health_fitness,93.67,Sacramento,CA,38.5662,-121.3286,757530,Magazine features editor,39.199571,-121.296995,16,2,1,39.676933607118414,70.4807512985624,0
misc_pos,36.6,San Jose,CA,37.3304,-121.7913,973849,Science writer,37.569762,-120.838606,0,4,1,63.60301163586585,88.21052262810174,0
food_dining,2.13,Conway,WA,48.34,-122.3456,85,"""Research officer, political party""",47.486124,-121.392229,12,3,12,36.33127994524298,118.58769829237642,0
misc_pos,8.79,Hooper,NE,41.6414,-96.5232,1745,"""Engineer, automotive""",41.297642,-96.130423,22,0,1,45.0321697467488,50.319544118642746,0
entertainment,61.2,Hatch,UT,37.7175,-112.4777,258,Geoscientist,37.851539,-113.347605,16,1,12,59.096509240246405,77.88599021733536,0
food_dining,66.65,Scotts Mills,OR,44.9897,-122.6187,1252,"""Engineer, petroleum""",45.71088,-121.648339,19,6,12,83.88774811772758,110.36418027801218,0
shopping_pos,4.04,Vinton,CA,40.0235,-120.7986,128,Education administrator,39.382102,-120.806893,9,6,1,52.91170431211499,71.32373209679064,0
travel,5.91,Blairsden-Graeagle,CA,39.8127,-120.6405,1725,Chartered legal executive (England and Wales),39.960406,-121.006299,18,5,12,53.58521560574949,35.268243037556275,0
shopping_pos,914.18,Santa Monica,CA,34.0287,-118.4924,92043,"""Civil engineer, contracting""",33.324396,-117.548984,22,4,7,59.2662559890486,117.27732617327256,1
health_fitness,71.58,Browning,MO,40.029,-93.1607,602,Cytogeneticist,40.22555,-93.013649,18,3,1,64.49281314168378,25.178720359819145,0
home,123.41,Thompson,UT,38.9999,-109.615,46,"""Surveyor, minerals""",38.510464,-109.346827,13,6,1,31.72621492128679,59.18261918254578,0
shopping_net,3.48,Grenada,CA,41.6125,-122.5258,589,Systems analyst,42.000023,-121.538166,0,5,1,73.05954825462013,92.5079091605,0
grocery_pos,100.95,Fullerton,NE,41.366,-98.0054,1749,"""Surveyor, mining""",41.286544,-98.413631,2,6,12,47.6413415468857,35.214852321460654,0
misc_net,9.79,Thompson,UT,38.9999,-109.615,46,"""Surveyor, minerals""",38.273375,-110.352293,4,2,1,31.734428473648187,103.08808949308512,0
home,58.68,Meredith,CO,39.3199,-106.6596,61,Public relations account executive,38.650633,-107.50683,21,1,12,81.15263518138262,104.40486022681978,0
grocery_pos,315.01,Owensville,MO,38.3511,-91.4867,6703,Naval architect,37.436188,-91.8161,3,1,8,22.22861054072553,105.759888561832,1
home,39.81,Mound City,MO,40.1362,-95.2138,1631,Architect,39.932482,-95.275051,13,0,12,67.93702943189597,23.244894671440367,0
entertainment,62.3,Bay City,OR,45.5197,-123.8761,1530,Colour technologist,45.711862,-123.537431,16,4,12,34.08624229979466,33.91749344532348,0
health_fitness,31.56,Meridian,ID,43.6498,-116.4306,84106,Intelligence analyst,42.867355,-115.581451,17,0,12,49.87816563997262,110.89563598168289,0
shopping_pos,1107.65,Orient,WA,48.8878,-118.2105,149,Special educational needs teacher,48.587491,-118.578816,1,5,12,42.458590006844624,42.94898595850714,1
food_dining,23.58,San Jose,CA,37.3304,-121.7913,973849,Science writer,38.163515,-121.690319,9,5,1,63.58658453114305,93.06264574566065,0
kids_pets,46.53,Meredith,CO,39.3199,-106.6596,61,Public relations account executive,38.743628,-105.787035,13,0,12,81.14989733059548,98.9256923179773,0
home,84.24,Alva,WY,44.6873,-104.4414,110,"""Administrator, local government""",44.315831,-104.795872,21,3,12,47.62765229295003,49.96433171073176,0
home,50.96,Independence,MO,39.1412,-94.3515,123373,"""Engineer, production""",39.728784,-93.49938,23,2,1,26.09719370294319,98.10247818761393,0
grocery_pos,118.68,Wheaton,MO,36.7651,-94.0492,760,Production manager,37.505747,-93.683481,6,6,12,35.32375085557837,88.50718443733062,0
food_dining,123.61,Alva,WY,44.6873,-104.4414,110,"""Administrator, local government""",44.845781,-104.414629,16,1,2,45.74401095140315,17.748566883380533,1
entertainment,61.95,Vinton,CA,40.0235,-120.7986,128,Education administrator,40.126692,-121.277077,22,3,1,52.88432580424367,42.297975013827305,0
misc_net,9.84,Holstein,NE,40.4542,-98.6538,331,Telecommunications researcher,41.354977,-99.333447,10,3,12,70.36824093086926,115.30250098231257,0
home,62.57,Rocky Mount,MO,38.2911,-92.7059,1847,Tax inspector,38.913129,-93.220999,18,3,12,32.16153319644079,82.38638813267735,0
shopping_net,1209.7,Saint Louis,MO,38.6171,-90.4504,927396,Occupational hygienist,38.526279,-90.26912,22,1,3,58.978781656399725,18.717709511715203,1
shopping_net,875.2,Luray,MO,40.4931,-91.8912,519,Town planner,40.900215,-92.441448,23,6,8,54.5242984257358,64.81636250107162,1
shopping_pos,139.41,Athena,OR,45.8289,-118.4971,1302,Dealer,46.46674,-118.264942,0,1,12,44.19712525667351,73.14462206021174,0
home,240.55,Bay City,OR,45.5197,-123.8761,1530,Colour technologist,45.041361,-124.254484,23,1,3,33.31143052703628,60.87276115625029,1
personal_care,16.5,Riverton,WY,43.0351,-108.2024,19408,"""Lecturer, higher education""",43.234333,-108.004591,18,2,12,27.301848049281315,27.35730591012373,0
personal_care,11.79,Utica,MO,39.7417,-93.6289,271,Land/geomatics surveyor,38.821138,-92.85945,17,1,12,48.69815195071869,121.9163003601577,0
personal_care,205.2,High Rolls Mountain Park,NM,32.9396,-105.8189,899,Naval architect,33.706112,-106.560546,19,0,12,53.3305954825462,109.60273776461592,0
shopping_net,924.0,Red Cliff,CO,39.4584,-106.3851,277,Human resources officer,38.56803,-106.687688,22,0,5,34.12731006160164,102.3979474945642,1
grocery_net,26.57,Tekoa,WA,47.2271,-117.0819,895,Clothing/textile technologist,47.060921,-116.772086,6,2,12,21.58521560574949,29.840711770137823,0
home,317.68,Laguna Hills,CA,33.615,-117.7114,45303,Sales executive,32.784937,-117.576751,20,5,12,51.011635865845314,93.1451497624384,0
kids_pets,2.48,Camden,MO,39.2048,-94.0259,464,Colour technologist,40.152377,-93.226407,12,5,1,59.64681724845996,125.63020935835704,0
gas_transport,93.01,Spirit Lake,ID,47.9657,-116.868,4161,Production manager,48.862318,-116.99664,8,3,12,63.553730321697465,100.15037222651736,0
grocery_pos,88.63,Grenada,CA,41.6125,-122.5258,589,Systems analyst,41.464522,-121.619485,7,5,12,75.01437371663245,77.206439975215,0
misc_net,1043.38,Parker Dam,CA,34.298,-114.156,126,Marketing executive,34.351802,-114.176826,22,6,1,26.305270362765228,6.280759922783648,1
kids_pets,47.24,Fort Washakie,WY,43.0048,-108.8964,1645,Freight forwarder,42.384263,-108.801907,12,3,1,42.8911704312115,69.43135862985113,0
shopping_net,41.34,Burlington,WA,48.4786,-122.3345,14871,Public house manager,48.302079,-122.042672,18,3,12,46.81177275838467,29.14785163990528,0
gas_transport,70.59,June Lake,CA,37.7773,-119.0825,633,Health service manager,38.564215,-119.318316,2,3,1,91.33744010951403,89.89639535493521,0
health_fitness,10.31,Norwalk,CA,33.9056,-118.0818,105549,Firefighter,33.990532,-118.888485,23,5,1,45.28678986995209,75.00622093297007,0
shopping_pos,9.99,Matthews,MO,36.7154,-89.6287,1019,Aeronautical engineer,37.162427,-89.817805,20,3,1,39.97535934291581,52.471553401634125,0
kids_pets,50.29,Meadville,MO,39.7795,-93.3014,964,Tourist information centre manager,39.963174,-92.705051,12,4,1,44.07118412046543,54.83775578150405,0
travel,1.22,Camden,MO,39.2048,-94.0259,464,Colour technologist,38.797872,-94.266339,21,1,12,61.59069130732375,49.79048345687255,0
health_fitness,44.73,Wales,AK,64.7556,-165.6723,145,"""Administrator, education""",63.95451,-166.596324,22,0,1,79.1813826146475,99.55733248835652,0
grocery_pos,86.71,Athena,OR,45.8289,-118.4971,1302,Dealer,45.060571,-118.904231,9,6,1,42.23682409308692,91.1469864739174,0
misc_net,1.89,Orient,WA,48.8878,-118.2105,149,Special educational needs teacher,48.628821,-118.810014,2,4,1,40.57768651608488,52.54100627777258,0
food_dining,44.14,Kansas City,MO,38.9621,-94.5959,545147,Counsellor,39.065805,-94.985869,16,1,12,33.11430527036276,35.61109622697891,0
shopping_net,947.88,Jordan Valley,OR,42.8801,-117.281,641,Economist,42.519213,-116.739123,22,0,6,26.51882272416153,59.75923527691778,1
kids_pets,103.67,Meredith,CO,39.3199,-106.6596,61,Public relations account executive,39.657596,-106.061168,18,6,1,79.1731690622861,63.61785588238942,0
gas_transport,80.62,Port Costa,CA,38.046,-122.1866,198,Armed forces training and education officer,37.985585,-122.091754,1,6,12,61.74401095140315,10.68489067323141,0
kids_pets,61.77,Ruidoso,NM,33.3305,-105.6933,8874,Licensed conveyancer,32.655634,-105.974207,22,0,1,18.392881587953458,79.483239892502,0
food_dining,11.09,Meridian,ID,43.6498,-116.4306,84106,Intelligence analyst,42.862019,-116.113315,17,5,12,49.87268993839836,91.28779486500405,0
kids_pets,12.93,Moriarty,NM,34.9889,-106.0609,7268,"""Therapist, art""",35.122124,-107.05806,18,1,12,32.40246406570842,91.96572661009324,0
kids_pets,19.26,Huntington Beach,CA,33.6773,-118.0051,190249,"""Therapist, horticultural""",33.504785,-118.197162,23,4,12,43.27446954140999,26.162230039013615,1
grocery_pos,203.29,Huntington Beach,CA,33.6773,-118.0051,190249,"""Therapist, horticultural""",32.74157,-117.976471,9,6,1,42.3025325119781,104.0825115883474,0
personal_care,18.2,American Fork,UT,40.3928,-111.7941,42384,Futures trader,41.13078,-112.750185,17,4,12,27.98904859685147,114.96745024801834,0
health_fitness,6.06,Port Costa,CA,38.046,-122.1866,198,Armed forces training and education officer,38.532632,-121.460867,14,2,12,61.75222450376455,83.3051606383768,0
home,57.54,Arnold,MO,38.4305,-90.387,35439,Land/geomatics surveyor,38.380552,-90.013869,19,3,12,35.75359342915811,32.98410451137928,0
grocery_pos,145.9,Blairstown,MO,38.5319,-93.9221,467,Agricultural consultant,39.115776,-93.435281,5,0,1,68.61601642710473,77.41855206186166,0
personal_care,9.69,Ruidoso,NM,33.3305,-105.6933,8874,Licensed conveyancer,34.205594,-105.38299,17,0,12,20.366872005475702,101.44544712385924,0
shopping_pos,3.62,Manville,WY,42.73,-104.7024,241,Educational psychologist,42.5835,-105.056677,22,6,12,40.03011635865845,33.236965226032446,0
grocery_pos,139.06,Westfir,OR,43.7575,-122.481,597,Forensic psychologist,42.933043,-121.691782,4,0,12,59.611225188227245,111.7006680887025,0
kids_pets,5.06,Westfir,OR,43.7575,-122.481,597,Forensic psychologist,43.59652,-122.725469,18,5,12,59.605749486652975,26.588500671161164,0
food_dining,23.03,Sutherland,NE,41.1558,-101.136,1789,Insurance broker,41.938008,-101.775582,17,6,1,36.91991786447639,101.9702204589341,0
health_fitness,70.97,Brashear,MO,40.1959,-92.4333,805,Private music teacher,40.898219,-91.584596,20,5,1,48.544832306639286,106.02287342224376,0
home,147.17,Issaquah,WA,47.4974,-122.0107,50489,Osteopath,46.578503,-122.50029,12,3,12,36.837782340862425,108.70356220621304,0
misc_net,43.69,Santa Monica,CA,34.0287,-118.4924,92043,"""Civil engineer, contracting""",33.338711,-118.307374,3,0,12,59.676933607118414,78.61005894201804,0
food_dining,109.87,Freedom,WY,43.0172,-111.0292,471,"""Education officer, museum""",43.766999,-111.557074,19,0,6,52.851471594798085,93.65039249747078,1
food_dining,57.62,Fort Washakie,WY,43.0048,-108.8964,1645,Freight forwarder,43.259457,-109.896251,22,4,1,42.85557837097878,85.9342857433981,0
gas_transport,10.97,Lakeport,CA,39.047,-122.9328,11256,Podiatrist,39.217949,-122.002342,2,3,12,48.145106091718,82.47448091418548,1
shopping_pos,7.49,Shedd,OR,44.453,-123.1065,917,Radio broadcast assistant,45.010163,-123.448822,17,4,12,25.46748802190281,67.59790407406562,0
gas_transport,53.66,Mountain Center,CA,33.6401,-116.5567,1661,"""Therapist, music""",33.386197,-117.401629,1,3,12,32.28199863107461,83.26534589138227,0
kids_pets,61.45,Moriarty,NM,34.9889,-106.0609,7268,"""Therapist, art""",35.286441,-105.470269,20,1,1,30.428473648186174,63.07985490244247,0
shopping_net,8.0,Sprague,NE,40.6267,-96.7456,142,Chiropodist,41.032863,-96.679771,10,5,12,53.34154688569473,45.50160680243791,0
misc_pos,7.28,Sutherland,NE,41.1558,-101.136,1789,Insurance broker,40.219185,-100.170155,13,1,1,36.8870636550308,132.20421966187772,0
grocery_pos,122.75,Fields Landing,CA,40.7268,-124.2174,276,"""Scientist, audiological""",41.701192,-123.309297,5,0,12,91.64681724845995,132.31995055773828,0
gas_transport,48.5,Holstein,NE,40.4542,-98.6538,331,Telecommunications researcher,40.023713,-99.020388,3,1,12,70.36276522929501,57.09259299764083,0
shopping_net,984.28,Craig,AK,55.4732,-133.1171,1920,Commissioning editor,54.605711,-133.23598,22,2,12,23.460643394934976,96.75727501949096,1
misc_pos,43.07,Moab,UT,38.5677,-109.5271,9772,Location manager,38.228245,-109.228182,21,0,1,29.15811088295688,45.86167987026911,0
shopping_pos,6.27,Norwalk,CA,33.9056,-118.0818,105549,Firefighter,34.825889,-117.133702,16,1,12,47.26899383983573,134.328437942169,0
food_dining,1.97,Manville,WY,42.73,-104.7024,241,Educational psychologist,43.476531,-105.278499,15,6,12,40.03011635865845,95.27937230050908,0
personal_care,8.62,Orient,WA,48.8878,-118.2105,149,Special educational needs teacher,48.587552,-118.36499,12,5,12,42.5160848733744,35.255940962344106,0
home,75.21,Moriarty,NM,34.9889,-106.0609,7268,"""Therapist, art""",35.617656,-106.178415,16,5,12,32.394250513347025,70.72308122468587,0
misc_net,8.95,Hooper,NE,41.6414,-96.5232,1745,"""Engineer, automotive""",41.669899,-97.21125,6,4,1,45.04312114989733,57.25054366699164,0
grocery_pos,308.77,Malad City,ID,42.1808,-112.262,4154,Nature conservation officer,41.475721,-111.446119,3,4,11,58.79808350444901,103.5201866166358,1
shopping_pos,1.13,Napa,CA,38.4549,-122.2564,94014,Airline pilot,39.275686,-121.621119,21,6,1,33.37713894592745,106.55872319300528,0
personal_care,52.83,Camden,MO,39.2048,-94.0259,464,Colour technologist,39.097705,-94.79636,22,2,10,61.38261464750171,67.49510297812161,1
food_dining,14.43,Glendale,CA,34.1556,-118.2322,172817,Advertising account planner,34.218637,-117.738263,16,1,12,38.417522245037645,45.97040034758867,0
health_fitness,30.55,Lagrange,WY,41.6423,-104.1974,635,Product/process development scientist,42.255545,-103.442371,17,1,12,47.46338124572211,92.45850165666214,0
home,9.59,Oakland,CA,37.7878,-122.1884,381459,Barista,38.057854,-122.350581,17,5,1,45.02395619438741,33.22782237557982,0
health_fitness,24.45,Monitor,WA,47.4852,-120.4158,584,Medical technical officer,48.252609,-119.872999,21,6,9,50.450376454483234,94.44993403573748,1
grocery_pos,90.55,Lonetree,WY,41.0552,-110.1603,49,Research scientist (physical sciences),40.217542,-110.875879,1,2,1,37.53319644079398,111.00162931585086,0
food_dining,65.05,Fiddletown,CA,38.5234,-120.6763,832,Immigration officer,38.387733,-121.559198,18,1,1,31.64134154688569,78.3447179685163,0
grocery_net,36.56,Ruidoso,NM,33.3305,-105.6933,8874,Licensed conveyancer,33.566366,-106.270005,11,4,12,20.358658453114305,59.58819336090017,0
gas_transport,50.6,High Rolls Mountain Park,NM,32.9396,-105.8189,899,Naval architect,32.268277,-106.775644,0,0,12,53.3305954825462,116.63551136426712,0
kids_pets,5.25,Fullerton,NE,41.366,-98.0054,1749,"""Surveyor, mining""",41.49132,-97.924151,20,4,1,45.68104038329911,15.494129600423344,0
entertainment,11.17,Broomfield,CO,39.8854,-105.1139,92337,"""Engineer, electronics""",39.086802,-104.308331,6,1,1,51.22518822724162,112.5364265986057,0
kids_pets,5.25,Fullerton,NE,41.366,-98.0054,1749,"""Surveyor, mining""",41.49132,-97.924151,20,4,1,45.68104038329911,15.494129600423344,0
kids_pets,25.3,Sutherland,NE,41.1558,-101.136,1789,Insurance broker,40.338819,-101.724609,14,6,1,36.91991786447639,103.49480983861434,0
kids_pets,6.77,Lowell,OR,43.921,-122.7806,1420,Systems analyst,44.457337,-122.916947,23,0,1,53.15537303216975,60.62065650553703,0
misc_net,6.12,San Jose,CA,37.3304,-121.7913,973849,Science writer,36.47259,-121.151445,4,3,1,63.60027378507871,111.06321030197935,0
personal_care,84.21,Red River,NM,36.6659,-105.4694,606,"""Surveyor, land/geomatics""",37.038945,-104.681337,17,0,1,30.354551676933607,81.4692436135434,0
shopping_net,9.65,Kansas City,MO,38.9621,-94.5959,545147,Counsellor,39.517404,-94.171593,15,0,1,31.17590691307324,71.74928035050998,0
kids_pets,67.09,Sixes,OR,42.825,-124.4409,217,Retail merchandiser,42.488746,-124.998412,21,0,1,90.30527036276524,58.96174665446738,0
misc_pos,4.72,Camden,MO,39.2048,-94.0259,464,Colour technologist,38.573244,-94.499832,10,6,12,61.58521560574949,81.3274733544786,0
shopping_net,9.51,Mountain Center,CA,33.6401,-116.5567,1661,"""Therapist, music""",34.119289,-117.283442,22,1,12,32.276522929500345,85.673860447483,0
home,24.98,Santa Monica,CA,34.0287,-118.4924,92043,"""Civil engineer, contracting""",33.89568,-118.066307,21,1,12,59.67967145790554,41.98820885452108,0
home,12.88,Centerview,MO,38.7897,-93.8702,2368,Electronics engineer,39.41978,-93.06062,19,2,12,31.45516769336071,98.9359021980676,0
entertainment,59.05,Lakeport,CA,39.047,-122.9328,11256,Podiatrist,38.076679,-123.871203,15,2,1,46.24503764544832,135.26992043114222,0
home,88.6,Luray,MO,40.4931,-91.8912,519,Town planner,40.395006,-91.537312,19,3,12,54.88021902806297,31.87186281615214,0
food_dining,32.59,Omaha,NE,41.2064,-95.9953,518429,"""Surveyor, land/geomatics""",41.963713,-96.691466,14,4,1,23.274469541409992,102.19348343353776,0
grocery_pos,182.62,Sun City,CA,33.7467,-117.1721,54287,"""Designer, exhibition/display""",33.135333,-117.828867,6,0,12,48.26557152635181,91.29581530425996,0
kids_pets,6.12,Newberg,OR,45.3099,-122.9685,28278,Research scientist (physical sciences),46.248458,-122.690474,21,4,1,41.46748802190281,106.56661734471764,0
shopping_pos,144.24,Newhall,CA,34.3795,-118.523,34882,Health physicist,35.209637,-117.56068,14,2,1,47.709787816564,127.44352007825788,0
entertainment,159.4,Newhall,CA,34.3795,-118.523,34882,Health physicist,34.668994,-118.126258,14,0,1,47.742642026009584,48.55162075110457,0
health_fitness,62.59,Fullerton,NE,41.366,-98.0054,1749,"""Surveyor, mining""",41.915209,-97.924917,15,1,1,45.69199178644764,61.4343780194944,0
misc_net,9.02,Greenview,CA,41.5403,-122.9366,308,Call centre manager,40.669097,-123.56002,10,5,12,62.26694045174538,110.05756440191404,0
gas_transport,63.96,San Jose,CA,37.3304,-121.7913,973849,Geoscientist,37.904245,-122.205139,3,1,1,21.971252566735117,73.48553555465841,0
travel,9.43,Ruidoso,NM,33.3305,-105.6933,8874,Licensed conveyancer,33.545009,-105.158036,17,0,12,20.366872005475702,55.09784344911011,0
health_fitness,24.09,Jelm,WY,41.0539,-106.0763,100,Public librarian,40.6683,-106.079454,22,3,7,45.215605749486656,42.87758409884293,1
shopping_pos,1.73,Conway,WA,48.34,-122.3456,85,"""Research officer, political party""",47.948102,-121.378074,23,1,12,36.32580424366872,83.97677873618365,0
gas_transport,40.91,Conway,WA,48.34,-122.3456,85,"""Research officer, political party""",49.329812,-122.700624,4,0,1,34.38740588637919,113.08753582817435,0
entertainment,211.23,Espanola,NM,35.9866,-106.0654,18408,Historic buildings inspector/conservation officer,36.00823,-106.609041,19,2,12,48.4517453798768,48.96581891269596,0
shopping_net,111.94,Helm,CA,36.4992,-120.0936,123,Early years teacher,37.265774,-120.63864,11,5,1,45.946611909650926,98.05909791425486,0
shopping_net,9.04,Luray,MO,40.4931,-91.8912,519,Town planner,40.471766,-92.186675,6,1,1,52.91991786447639,25.10225363235786,0
shopping_net,1.84,Meredith,CO,39.3199,-106.6596,61,Public relations account executive,39.364652,-107.402081,7,1,12,81.15263518138262,64.04317451381044,0
misc_pos,2.14,Phoenix,AZ,33.5623,-112.0559,1312922,Contractor,33.17825,-112.974957,9,2,1,37.22929500342232,95.43321655845163,0
misc_pos,9.58,Norwalk,CA,33.9056,-118.0818,105549,Firefighter,34.573305,-118.156761,12,6,1,45.327857631759066,74.56447852665025,0
travel,3.1,Hatch,UT,37.7175,-112.4777,258,Geoscientist,36.947685,-112.266467,19,6,1,57.1170431211499,87.61311034935602,0
shopping_net,931.28,Meredith,CO,39.3199,-106.6596,61,Public relations account executive,38.511562,-106.99463,23,5,12,80.09034907597535,94.44105476697044,1
misc_net,87.62,Jordan Valley,OR,42.8801,-117.281,641,Economist,42.169153,-117.974012,2,5,1,25.13347022587269,97.33771136936936,0
misc_net,823.42,Camden,MO,39.2048,-94.0259,464,Colour technologist,39.888304,-93.32464,22,2,10,61.38261464750171,96.91024428917224,1
misc_net,64.54,Moriarty,NM,34.9889,-106.0609,7268,"""Therapist, art""",35.174244,-106.072575,4,2,1,30.431211498973305,20.63667543397668,0
kids_pets,58.8,Oakland,CA,37.7878,-122.1884,381459,Barista,36.96582,-122.854634,16,1,1,44.99383983572896,108.71728832711096,0
home,372.73,Camden,MO,39.2048,-94.0259,464,Colour technologist,39.986908,-94.848004,22,3,10,61.385352498288846,111.91358859230772,1
grocery_pos,195.46,Phoenix,AZ,33.5623,-112.0559,1312922,Contractor,34.297738,-111.395818,9,5,12,39.17316906228611,101.96127323967902,0
entertainment,16.27,Manville,WY,42.73,-104.7024,241,Educational psychologist,43.677672,-104.948623,20,3,12,40.04106776180698,107.2493203364603,0
home,50.33,Redford,MO,37.3272,-91.0243,241,Investment analyst,38.278151,-90.936671,17,5,1,44.19164955509925,106.0208140520608,0
shopping_net,94.46,Dumont,CO,39.7532,-105.6356,565,Mental health nurse,39.075787,-105.257524,0,1,1,40.3668720054757,82.02859389654209,0
shopping_pos,3.1,Orient,WA,48.8878,-118.2105,149,Special educational needs teacher,48.145299,-117.87655,14,0,1,40.56673511293634,86.14830665558547,0
gas_transport,64.33,Meridian,ID,43.6498,-116.4306,84106,Intelligence analyst,43.161156,-116.95978,7,2,12,49.88364134154688,69.13553445674955,0
shopping_pos,2.28,Centerview,MO,38.7897,-93.8702,2368,Electronics engineer,38.87774,-93.68454,22,3,12,31.43874058863792,18.826765262298167,0
misc_pos,2.35,Huslia,AK,65.6899,-156.292,277,"""Engineer, civil (consulting)""",66.416444,-157.19635,7,1,1,53.19096509240247,90.51100409422504,0
health_fitness,23.36,Issaquah,WA,47.4974,-122.0107,50489,Osteopath,47.151091,-122.373027,22,1,6,36.33401779603012,47.208728541817294,1
home,19.33,San Diego,CA,33.0067,-117.069,1241364,Chartered public finance accountant,32.336964,-117.022545,21,0,1,59.46338124572211,74.59807741010187,0
home,75.52,Alva,WY,44.6873,-104.4414,110,"""Administrator, local government""",44.859487,-104.212457,22,2,1,45.67008898015058,26.3283232246358,0
personal_care,77.21,Athena,OR,45.8289,-118.4971,1302,Dealer,45.947197,-118.391625,18,6,1,42.23682409308692,15.48137565704597,0
shopping_pos,9.89,Orient,WA,48.8878,-118.2105,149,Special educational needs teacher,49.111659,-118.338733,17,2,1,40.53388090349076,26.591743728477617,0
gas_transport,75.29,Hawthorne,CA,33.9143,-118.3493,93193,"""Editor, magazine features""",34.873533,-118.25361,6,1,1,23.72347707049966,107.02258470240191,0
kids_pets,120.34,Centerview,MO,38.7897,-93.8702,2368,Electronics engineer,37.798812,-93.135806,12,1,1,29.47843942505133,127.46490364680824,0
shopping_net,1038.29,Newhall,CA,34.3795,-118.523,34882,Health physicist,35.160525,-117.540395,1,1,4,47.937029431895965,124.88904948008276,1
food_dining,31.41,Phoenix,AZ,33.5623,-112.0559,1312922,Contractor,33.451396,-111.154783,12,1,1,37.22655715263518,84.45336872189385,0
grocery_pos,86.6,Red River,NM,36.6659,-105.4694,606,"""Surveyor, land/geomatics""",36.963634,-105.700302,4,1,1,30.338124572210816,38.96848638813992,0
shopping_net,9.95,Moab,UT,38.5677,-109.5271,9772,Location manager,39.414781,-110.498449,22,1,1,29.10335386721424,126.17047084420392,0
misc_pos,9.72,Vinton,CA,40.0235,-120.7986,128,Education administrator,40.96616,-120.367316,3,2,12,54.85557837097878,110.98169017085924,0
home,82.38,Williamsburg,MO,38.8874,-91.7689,710,Glass blower/designer,39.195723,-92.103851,14,2,12,50.25872689938399,44.85747393733302,0
gas_transport,11.92,Carroll,NE,42.277,-97.1926,566,Metallurgist,43.008607,-97.29989,1,5,2,45.073237508555785,81.82292996019837,1
misc_net,14.14,Lowell,OR,43.921,-122.7806,1420,Systems analyst,43.798061,-122.241225,0,0,12,55.12936344969199,45.354073381609325,0
entertainment,68.37,Helm,CA,36.4992,-120.0936,123,Early years teacher,36.14664,-120.423662,18,5,12,47.88227241615332,49.10432187357119,0
personal_care,161.06,Redford,MO,37.3272,-91.0243,241,Investment analyst,38.183983,-91.814529,12,4,12,46.16290212183436,117.90871905263252,0
kids_pets,115.91,Vancouver,WA,45.6892,-122.6616,299480,Teaching laboratory technician,44.88403,-122.369633,18,1,12,35.98904859685147,92.39835471793668,0
home,138.74,Thompson,UT,38.9999,-109.615,46,"""Surveyor, minerals""",39.846771,-110.144229,21,0,12,33.68377823408624,104.56530274832164,0
misc_net,172.64,Ashford,WA,46.7531,-121.9898,759,Video editor,47.561798,-121.492807,0,0,12,64.28747433264887,97.45857010399284,0
shopping_net,1782.53,Sutherland,NE,41.1558,-101.136,1789,Insurance broker,41.912379,-100.494871,23,5,12,38.87200547570158,99.62512661671008,0
gas_transport,58.93,Owensville,MO,38.3511,-91.4867,6703,Naval architect,39.002186,-91.533462,9,6,1,20.670773442847366,72.51117038749945,0
home,153.07,Burlington,WA,48.4786,-122.3345,14871,Public house manager,49.224577,-122.258804,21,0,1,44.82956878850103,83.13354175791889,0
food_dining,65.77,Helm,CA,36.4992,-120.0936,123,Early years teacher,37.133414,-120.953205,16,5,12,47.88227241615332,104.0599076060098,0
kids_pets,181.5,San Jose,CA,37.3304,-121.7913,973849,Geoscientist,37.084409,-122.49914,17,5,1,21.98220396988364,68.39478540701538,0
travel,9.2,Sun City,CA,33.7467,-117.1721,54287,"""Designer, exhibition/display""",32.833205,-116.691796,12,0,1,46.31074606433949,110.95323183695534,0
home,225.07,Tomales,CA,38.2427,-122.9145,337,Occupational psychologist,38.593997,-122.226545,12,6,12,66.48049281314168,71.54045707105419,0
grocery_pos,123.2,Meredith,CO,39.3199,-106.6596,61,Public relations account executive,39.8989,-107.021149,0,0,1,79.21423682409309,71.44424837696663,0
grocery_pos,99.67,Gardiner,OR,43.7857,-124.1437,260,"""Engineer, maintenance""",43.799688,-123.83318,9,4,1,62.34086242299794,24.97263408236473,0
personal_care,22.16,Azusa,CA,34.1248,-117.9031,59705,Civil Service fast streamer,33.845292,-118.698142,23,6,9,37.26488706365503,79.61993258214478,1
grocery_pos,37.67,Hawthorne,CA,33.9143,-118.3493,93193,"""Editor, magazine features""",33.933339,-117.863354,5,2,1,23.745379876796715,44.88686603210494,0
personal_care,249.03,Issaquah,WA,47.4974,-122.0107,50489,Osteopath,46.635831,-122.882154,19,5,1,34.888432580424364,116.336439681531,0
personal_care,29.38,Grenada,CA,41.6125,-122.5258,589,Systems analyst,41.059989,-121.80046,14,5,12,75.01437371663245,86.26525622456037,0
grocery_pos,204.55,Littleton,CO,39.5994,-105.0044,320420,Water engineer,39.047851,-105.812008,0,1,1,43.441478439425055,92.66650525364668,0
misc_pos,136.83,Unionville,MO,40.4815,-92.9951,3805,"""Investment banker, corporate""",39.513101,-92.748525,0,3,1,68.30116358658454,109.71030581831904,0
gas_transport,56.09,Santa Monica,CA,34.0287,-118.4924,92043,"""Civil engineer, contracting""",33.406151,-118.22213,5,1,12,59.67967145790554,73.59928985188338,0
kids_pets,85.45,Laramie,WY,41.4247,-105.4781,35371,"""Pilot, airline""",42.080112,-105.97578,21,0,12,32.32032854209446,83.75946759516101,0
entertainment,28.05,Holstein,NE,40.4542,-98.6538,331,Telecommunications researcher,41.434114,-98.003344,7,0,12,70.36002737850787,121.88950015738472,0
home,16.92,Greenview,CA,41.5403,-122.9366,308,Call centre manager,40.592815,-122.835766,15,6,12,62.26967830253251,105.69409506431408,0
misc_pos,164.29,Burlington,WA,48.4786,-122.3345,14871,Public house manager,49.12856,-123.122029,5,6,12,46.80082135523614,92.464524774926,0
grocery_net,47.17,Lake Oswego,OR,45.4093,-122.6847,42817,Planning and development surveyor,46.106807,-121.729227,3,2,12,38.5927446954141,107.28294252938788,0
food_dining,73.99,Lakeport,CA,39.047,-122.9328,11256,Podiatrist,38.650854,-123.053763,15,2,1,46.20670773442848,45.27782790293903,0
misc_pos,31.99,Meadville,MO,39.7795,-93.3014,964,Tourist information centre manager,40.462235,-92.934009,5,2,12,46.02053388090349,82.09249535182202,0
entertainment,19.32,Paauilo,HI,20.0271,-155.3697,1490,"""Scientist, research (maths)""",19.854707,-155.079989,12,0,12,29.711156741957563,35.84015486043037,0
kids_pets,78.03,Hatch,UT,37.7175,-112.4777,258,Geoscientist,37.20005,-112.275205,22,3,1,57.1088295687885,60.2498964025631,0
entertainment,4.63,Hawthorne,CA,33.9143,-118.3493,93193,"""Editor, magazine features""",33.374333,-118.157888,20,5,12,25.689253935660503,62.60146637029968,0
travel,7.88,Lakeport,CA,39.047,-122.9328,11256,Podiatrist,39.139593,-122.688798,12,4,12,48.14784394250513,23.439791222665672,1
grocery_pos,190.14,Azusa,CA,34.1248,-117.9031,59705,Civil Service fast streamer,34.722612,-118.184555,5,4,1,35.53456536618754,71.31048310848713,0
misc_net,51.43,June Lake,CA,37.7773,-119.0825,633,Health service manager,37.338928,-118.638409,1,0,1,91.36755646817248,62.51736118219445,0
misc_net,6.24,Lowell,OR,43.921,-122.7806,1420,Systems analyst,42.964784,-123.148949,5,6,1,53.15263518138261,110.4064740040514,0
misc_pos,2.87,Iliff,CO,40.7692,-103.0968,648,Community arts worker,41.095531,-102.214553,8,0,12,51.26899383983573,82.51961349712043,0
shopping_net,9.53,Llano,NM,36.1486,-105.6648,247,Architectural technologist,35.962774,-105.168262,2,5,12,59.17316906228611,49.18684380113246,0
health_fitness,68.52,Conway,WA,48.34,-122.3456,85,"""Research officer, political party""",49.105445,-122.774988,23,3,1,34.338124572210816,90.75449219589292,0
health_fitness,13.27,Mesa,ID,44.6255,-116.4493,129,Cartographer,45.317695,-116.6961,23,1,12,55.03901437371663,79.3792947811415,0
misc_pos,6.65,Paauilo,HI,20.0271,-155.3697,1490,"""Scientist, research (maths)""",20.950729,-154.839333,17,6,1,27.772758384668037,116.61738904721588,0
kids_pets,44.3,Daly City,CA,37.6787,-122.478,107941,"""Buyer, industrial""",37.590057,-123.188738,16,6,1,27.2580424366872,63.35731148650779,0
health_fitness,43.18,Riverton,WY,43.0351,-108.2024,19408,"""Lecturer, higher education""",43.762476,-107.341278,18,0,1,25.36071184120465,106.68519610156208,0
grocery_pos,307.9,Freedom,WY,43.0172,-111.0292,471,"""Education officer, museum""",42.17995,-111.767221,23,0,6,52.851471594798085,110.97825970800191,1
personal_care,41.82,Issaquah,WA,47.4974,-122.0107,50489,Osteopath,48.016922,-121.019469,18,6,12,36.82683093771389,93.95438681806635,0
shopping_pos,4.87,Manville,WY,42.73,-104.7024,241,Educational psychologist,42.86117,-104.429749,18,1,1,38.0807665982204,26.601409870945083,0
home,71.4,Jordan Valley,OR,42.8801,-117.281,641,Economist,43.257236,-117.08843,14,5,12,27.08829568788501,44.758127302099936,0
personal_care,101.74,Phoenix,AZ,33.5623,-112.0559,1312922,Contractor,34.149154,-112.04887,19,2,1,37.19096509240247,65.25841623955306,0
shopping_net,1055.35,Red River,NM,36.6659,-105.4694,606,"""Surveyor, land/geomatics""",36.621227,-106.075202,0,0,3,31.485284052019164,54.27661969956301,1
kids_pets,56.48,Helm,CA,36.4992,-120.0936,123,Early years teacher,37.077964,-119.750661,15,5,12,47.88227241615332,71.23375763197791,0
misc_net,3.79,Owensville,MO,38.3511,-91.4867,6703,Naval architect,39.117799,-91.605358,14,5,1,20.629705681040384,85.8720253488079,0
gas_transport,61.86,San Diego,CA,33.0067,-117.069,1241364,Chartered public finance accountant,33.160432,-117.972583,10,6,1,59.441478439425055,85.90225969617681,0
grocery_pos,99.1,Centerview,MO,38.7897,-93.8702,2368,Electronics engineer,38.640369,-93.443344,5,0,12,31.449691991786448,40.58679277766218,0
grocery_pos,118.78,Howells,NE,41.6964,-96.9858,1063,Research scientist (maths),41.771645,-97.806708,8,0,1,90.80355920602328,68.6293173573029,0
gas_transport,69.3,Ballwin,MO,38.577,-90.5255,92608,"""Engineer, communications""",38.166105,-90.912756,3,1,1,17.43463381245722,56.80875642949869,0
grocery_pos,98.56,Indian Wells,CA,33.7163,-116.3381,4677,Learning mentor,33.316846,-116.668653,9,3,1,63.68240930869268,53.96253726454425,0
personal_care,13.95,Meridian,ID,43.6498,-116.4306,84106,Intelligence analyst,43.556687,-115.432436,13,2,1,47.90965092402464,81.03569718086669,0
shopping_pos,4.33,Redford,MO,37.3272,-91.0243,241,Investment analyst,37.397678,-90.84043,17,1,1,44.19986310746064,18.04124443229805,0
health_fitness,75.75,Fort Washakie,WY,43.0048,-108.8964,1645,Freight forwarder,43.560717,-109.220711,13,4,12,44.82956878850103,67.15854135026369,0
home,231.12,Utica,MO,39.7417,-93.6289,271,Land/geomatics surveyor,39.816994,-93.070212,23,0,3,46.93223819301848,48.47107000850156,1
shopping_net,13.58,Phoenix,AZ,33.5623,-112.0559,1312922,Contractor,33.814599,-111.440957,22,0,1,37.20465434633813,63.43594297841563,0
misc_pos,137.91,Wheaton,MO,36.7651,-94.0492,760,Production manager,36.28687,-94.140759,22,6,1,33.38809034907597,53.80240055764525,0
shopping_net,7.53,Nelson,NE,40.201,-98.0684,732,Television/film/video producer,40.40521,-98.178844,6,6,1,62.064339493497606,24.56278081920282,0
grocery_pos,56.94,Glendale,CA,34.1556,-118.2322,172817,Advertising account planner,33.278641,-118.064105,7,0,1,36.4599589322382,98.74495600539603,0
health_fitness,30.55,Lagrange,WY,41.6423,-104.1974,635,Product/process development scientist,42.255545,-103.442371,17,1,12,47.46338124572211,92.45850165666214,0
food_dining,31.41,Phoenix,AZ,33.5623,-112.0559,1312922,Contractor,33.451396,-111.154783,12,1,1,37.22655715263518,84.45336872189385,0
home,14.98,Lowell,OR,43.921,-122.7806,1420,Systems analyst,44.551673,-122.453618,13,6,1,53.15263518138261,74.80945725341806,0
home,121.0,June Lake,CA,37.7773,-119.0825,633,Health service manager,38.354918,-118.144645,21,6,1,91.34565366187545,104.24010918614438,0
grocery_pos,118.12,Eugene,OR,44.0385,-123.0614,191096,"""Scientist, physiological""",44.739051,-122.0814,10,1,1,54.7378507871321,110.14399596964893,0
food_dining,2.72,Redford,MO,37.3272,-91.0243,241,Investment analyst,37.566565,-91.211502,22,3,12,46.17932922655715,31.32941069781282,0
shopping_net,80.68,Freedom,WY,43.0172,-111.0292,471,"""Education officer, museum""",43.98704,-111.533414,9,4,12,53.399041752224505,115.2537752913359,0
misc_pos,50.83,Ashford,WA,46.7531,-121.9898,759,Video editor,46.94172,-121.085235,23,0,3,63.50171115674196,71.9188112083147,1
shopping_net,1.07,Campbell,NE,40.2967,-98.737,493,"""Surveyor, minerals""",40.335274,-98.850417,10,6,12,80.28747433264887,10.529274889323188,0
gas_transport,58.19,Fullerton,NE,41.366,-98.0054,1749,"""Surveyor, mining""",40.475261,-97.396916,9,2,1,45.65639972621492,111.46147861205654,0
misc_net,14.74,Kansas City,MO,38.9621,-94.5959,545147,Counsellor,39.83462,-94.28881,0,2,12,33.1170431211499,100.54389832670614,0
grocery_net,40.19,Orient,WA,48.8878,-118.2105,149,Special educational needs teacher,49.807705,-117.388555,11,3,12,42.52977412731006,118.35438430354716,0
grocery_pos,296.14,Wappapello,MO,36.9766,-90.2848,2601,Research scientist (medical),37.206167,-89.631373,23,0,10,62.25325119780972,63.3295349205016,1
shopping_pos,943.71,Kirtland,NM,36.741,-108.351,6910,TEFL teacher,36.401327,-108.647255,12,0,9,64.65434633812457,46.11397007141717,1
health_fitness,35.06,Mound City,MO,40.1362,-95.2138,1631,Architect,39.277869,-94.990089,17,6,12,67.93429158110882,97.34166256041968,0
entertainment,19.83,Ballwin,MO,38.577,-90.5255,92608,"""Engineer, communications""",39.141578,-90.846552,21,6,1,17.48665297741273,68.6574978410367,0
shopping_net,2.08,Rocky Mount,MO,38.2911,-92.7059,1847,Tax inspector,38.673678,-92.439615,17,3,1,30.2258726899384,48.4452566398132,0
grocery_pos,98.26,Jelm,WY,41.0539,-106.0763,100,Public librarian,40.618967,-106.875342,9,1,12,46.70499657768652,82.81040554478486,0
grocery_pos,118.61,Altonah,UT,40.3207,-110.436,302,"""Sales professional, IT""",39.444399,-110.222462,9,0,1,28.971937029431896,99.12902131303956,0
health_fitness,16.27,Parks,AZ,35.2563,-111.95,759,"""Geologist, engineering""",35.458861,-110.984267,15,0,12,63.75359342915811,90.427771122019,0
grocery_pos,87.14,Los Angeles,CA,34.0443,-118.2509,2383912,"""Journalist, newspaper""",33.252896,-118.685777,2,4,1,59.61943874058864,96.76957904809488,0
home,17.02,Moriarty,NM,34.9889,-106.0609,7268,"""Therapist, art""",34.87796,-106.016683,19,1,1,30.428473648186174,12.977804211024834,0
entertainment,75.15,Newhall,CA,34.3795,-118.523,34882,Health physicist,34.642587,-118.387262,18,3,12,49.686516084873375,31.787988766281167,0
kids_pets,59.12,Daly City,CA,37.6787,-122.478,107941,"""Buyer, industrial""",37.120968,-123.175126,15,1,1,27.263518138261464,87.39670598214757,0
misc_pos,73.66,Santa Monica,CA,34.0287,-118.4924,92043,"""Civil engineer, contracting""",34.866731,-118.650168,0,5,12,59.67145790554415,94.30102188230072,0
entertainment,37.71,Manley,NE,40.9207,-96.168,206,Human resources officer,41.403065,-96.272985,21,2,12,53.24024640657084,54.35179335771049,0
personal_care,144.66,Littleton,CO,39.5994,-105.0044,320420,Water engineer,38.709747,-105.074173,12,1,12,45.4154688569473,99.10766144842184,0
shopping_net,1099.48,Vinton,CA,40.0235,-120.7986,128,Education administrator,40.2166,-119.865971,18,2,1,53.9356605065024,82.15670521942694,1
entertainment,80.0,Meadville,MO,39.7795,-93.3014,964,Tourist information centre manager,39.829561,-92.593684,23,1,12,46.01779603011636,60.7112186055942,0
gas_transport,9.72,Albuquerque,NM,35.0561,-106.5506,641349,Charity officer,34.337435,-106.863773,1,3,2,52.05749486652977,84.88586741910335,1
entertainment,536.63,Odessa,MO,38.9829,-93.9757,9512,Clinical research associate,38.866562,-92.984121,2,0,7,47.53182751540041,86.74757956887098,1
personal_care,62.62,Luray,MO,40.4931,-91.8912,519,Town planner,40.902925,-92.612508,20,3,12,54.861054072553046,75.98867353319363,0
kids_pets,85.63,Sacramento,CA,38.5662,-121.3286,757530,Magazine features editor,39.033154,-121.618526,20,5,12,41.659137577002056,57.6821131881264,0
grocery_pos,101.95,North Loup,NE,41.4972,-98.7858,509,"""Nurse, children's""",40.658388,-98.468462,8,1,1,38.2943189596167,96.99015551079638,0
gas_transport,94.48,Orient,WA,48.8878,-118.2105,149,Special educational needs teacher,49.513555,-117.819653,6,1,1,40.53114305270363,75.15221596799428,0
grocery_pos,38.84,Glendale,CA,34.1556,-118.2322,172817,Advertising account planner,34.794223,-117.834658,7,6,12,38.41204654346338,79.81589340587993,0
entertainment,70.93,Athena,OR,45.8289,-118.4971,1302,Dealer,45.791233,-118.439514,22,1,1,42.24229979466119,6.120770915348989,0
shopping_net,9.31,Red River,NM,36.6659,-105.4694,606,"""Surveyor, land/geomatics""",35.898987,-106.463406,22,2,1,30.360027378507876,123.329710483337,0
kids_pets,3.92,Nelson,NE,40.201,-98.0684,732,Television/film/video producer,39.554244,-98.58874,14,2,12,64.04654346338124,84.51851236066513,0
grocery_pos,214.54,Phoenix,AZ,33.5623,-112.0559,1312922,Contractor,33.581777,-112.768251,2,4,1,37.215605749486656,66.03231837444392,0
shopping_pos,1526.91,Palmdale,CA,34.5715,-118.0231,171170,Chemical engineer,35.043491,-117.468909,2,3,1,55.62217659137577,72.90066428806095,0
kids_pets,93.74,Red River,NM,36.6659,-105.4694,606,"""Surveyor, land/geomatics""",36.881983,-106.104744,14,3,12,32.31759069130732,61.47806933721618,0
kids_pets,64.32,Fullerton,NE,41.366,-98.0054,1749,"""Surveyor, mining""",41.712838,-98.32894,15,4,1,45.70020533880904,47.03716726795111,0
misc_net,4.29,Meredith,CO,39.3199,-106.6596,61,Public relations account executive,38.473834,-106.579375,3,3,12,81.15811088295688,94.33406164289772,0
misc_pos,120.67,Newberg,OR,45.3099,-122.9685,28278,Research scientist (physical sciences),46.046097,-123.619093,15,3,1,41.503080082135526,96.20774339307472,0
kids_pets,54.03,Moriarty,NM,34.9889,-106.0609,7268,"""Therapist, art""",35.957348,-107.034369,14,6,1,30.46132785763176,139.16483159327058,0
misc_pos,7.62,Odessa,MO,38.9829,-93.9757,9512,Clinical research associate,38.060514,-94.401266,12,4,12,47.983572895277206,109.04164683596422,0
gas_transport,79.39,Mesa,ID,44.6255,-116.4493,129,Cartographer,43.673602,-116.40606,6,1,1,53.04585900068447,105.90243076473188,0
home,20.19,Parks,AZ,35.2563,-111.95,759,"""Geologist, engineering""",34.851045,-112.186781,20,4,12,63.74537987679671,49.95142725770207,0
gas_transport,71.27,Redford,MO,37.3272,-91.0243,241,Investment analyst,37.455592,-91.041265,9,0,1,44.23545516769336,14.354995122251974,0
health_fitness,6.94,Laguna Hills,CA,33.615,-117.7114,45303,Sales executive,32.848301,-117.938081,19,3,1,49.0321697467488,87.8213319945525,0
personal_care,22.01,Altonah,UT,40.3207,-110.436,302,"""Sales professional, IT""",40.121256,-110.764428,18,4,1,28.9637234770705,35.62846165768302,0
grocery_pos,181.18,Littleton,CO,39.5994,-105.0044,320420,Water engineer,40.062796,-104.366429,11,4,12,45.40451745379877,74.9847398070247,0
food_dining,8.88,Utica,MO,39.7417,-93.6289,271,Land/geomatics surveyor,40.108551,-93.722805,14,4,12,48.68720054757016,41.57049494970771,0
home,69.47,Wales,AK,64.7556,-165.6723,145,"""Administrator, education""",64.284296,-166.385737,20,6,12,81.13347022587268,62.53840173611096,0
grocery_net,85.65,Lakeport,CA,39.047,-122.9328,11256,Podiatrist,38.501924,-122.04492,3,3,12,48.20260095824778,97.96792492570532,0
health_fitness,79.25,Hooper,NE,41.6414,-96.5232,1745,"""Engineer, automotive""",42.374139,-96.310345,16,1,1,45.01574264202601,83.3532421111192,0
misc_pos,4.99,Sutherland,NE,41.1558,-101.136,1789,Insurance broker,41.682204,-101.13252,13,0,12,38.87748117727584,58.53417341317924,0
home,21.1,Redford,MO,37.3272,-91.0243,241,Investment analyst,37.079186,-91.230002,21,5,12,46.16563997262149,33.052146945068785,0
food_dining,66.9,Unionville,MO,40.4815,-92.9951,3805,"""Investment banker, corporate""",39.562154,-93.416254,8,0,12,70.2861054072553,108.33426550114328,0
grocery_net,44.74,Crownpoint,NM,35.7206,-108.0271,5662,IT consultant,36.154325,-107.188169,5,0,1,29.76865160848734,89.61274224487852,0
shopping_pos,8.79,Fullerton,NE,41.366,-98.0054,1749,"""Surveyor, mining""",41.423397,-97.273626,17,6,12,47.6413415468857,61.37374110746765,0
personal_care,4.04,Pueblo,CO,38.2352,-104.66,151815,Further education lecturer,37.573653,-105.025573,23,6,12,32.98015058179329,80.24895594015976,0
personal_care,8.74,Superior,AZ,33.2887,-111.0985,2872,Petroleum engineer,33.981942,-110.194393,23,6,12,33.16632443531827,113.78801867202112,0
kids_pets,46.14,American Fork,UT,40.3928,-111.7941,42384,Futures trader,40.264781,-111.923969,16,6,1,26.02053388090349,17.995307753909742,0
shopping_pos,4.76,Howells,NE,41.6964,-96.9858,1063,Research scientist (maths),41.348435,-96.015143,3,5,1,90.798083504449,89.59312569748256,0
personal_care,129.26,Phoenix,AZ,33.5623,-112.0559,1312922,Contractor,34.223087,-112.998651,12,0,12,39.17864476386037,113.88783953127368,0
personal_care,92.84,Centerview,MO,38.7897,-93.8702,2368,Electronics engineer,39.737337,-94.764302,19,1,12,31.45242984257358,130.4915324047641,0
misc_pos,34.16,Fort Washakie,WY,43.0048,-108.8964,1645,Freight forwarder,42.75006,-109.855764,2,3,12,44.84599589322382,83.14666167032324,0
grocery_pos,326.86,Mendon,UT,41.71,-111.9817,2078,"""Scientist, audiological""",41.878944,-111.493524,10,6,3,56.71731690622861,44.61737833259371,1
shopping_pos,1287.47,North Loup,NE,41.4972,-98.7858,509,"""Nurse, children's""",40.794491,-99.242471,19,5,1,38.32443531827516,86.99219649672243,0
misc_net,42.19,Nelson,NE,40.201,-98.0684,732,Television/film/video producer,40.446423,-98.807602,8,4,1,62.07802874743327,68.34988606843744,0
shopping_pos,90.43,Sacramento,CA,38.6865,-121.3494,757530,Soil scientist,38.460177,-120.535579,6,5,1,52.29568788501027,75.09050538264543,0
shopping_pos,7.13,Phoenix,AZ,33.8155,-112.1202,1312922,Counselling psychologist,34.072907,-111.60629,23,2,1,19.129363449691997,55.37628268808031,0
gas_transport,52.9,Tomales,CA,38.2427,-122.9145,337,Occupational psychologist,37.987645,-123.735125,8,2,1,64.53388090349075,77.19083602822164,0
grocery_pos,360.54,Yellowstone National Park,WY,44.7957,-110.6137,369,Materials engineer,45.296259,-110.804299,22,6,10,77.88637919233402,57.63863626375524,1
misc_pos,6.62,Lowell,OR,43.921,-122.7806,1420,Systems analyst,43.000715,-122.890785,11,4,12,55.1211498973306,102.71669012463003,0
grocery_net,41.85,Helm,CA,36.4992,-120.0936,123,Early years teacher,35.59202,-120.958792,9,6,1,45.91101984941821,127.38086446463716,0
entertainment,85.3,Moriarty,NM,34.9889,-106.0609,7268,"""Therapist, art""",34.073681,-106.101727,12,2,12,32.40520191649555,101.83640331511825,0
food_dining,6.78,Riverton,WY,43.0351,-108.2024,19408,"""Lecturer, higher education""",42.197631,-107.763597,13,6,1,25.3388090349076,99.80466353045117,0
gas_transport,43.22,Rocky Mount,MO,38.2911,-92.7059,1847,Tax inspector,38.958959,-93.125032,10,6,12,32.16974674880219,82.70785879200186,0
health_fitness,48.29,Manley,NE,40.9207,-96.168,206,Human resources officer,40.238823,-95.854401,15,1,1,51.26351813826147,80.31346982991074,0
entertainment,28.36,Mound City,MO,40.1362,-95.2138,1631,Architect,40.168422,-95.451159,23,3,1,65.99041752224504,20.488831889003528,0
misc_pos,8.99,Powell Butte,OR,44.2415,-121.0113,2016,Local government officer,43.595446,-121.93061,7,3,12,67.01711156741958,102.87052397784734,0
food_dining,13.45,Sacramento,CA,38.5662,-121.3286,757530,Magazine features editor,38.852181,-122.236356,18,0,1,39.72895277207392,84.94133499789795,0
food_dining,12.29,Kirk,CO,39.6171,-102.4776,207,Network engineer,39.450913,-102.323619,22,1,12,65.07049965776865,22.71247189956684,0
entertainment,59.8,Littleton,CO,39.5994,-105.0044,320420,Water engineer,40.292353,-104.989425,23,2,12,45.41820670773443,77.06343188319802,0
shopping_net,6.6,Rock Springs,WY,41.606,-109.23,27971,Music therapist,42.567006,-110.091241,20,3,1,34.42299794661191,128.33342074000083,0
home,28.8,Daly City,CA,37.6787,-122.478,107941,"""Buyer, industrial""",37.455155,-123.023135,14,6,12,29.232032854209447,54.09593455648989,0
food_dining,170.89,Tekoa,WA,47.2271,-117.0819,895,Clothing/textile technologist,48.082593,-117.193057,22,6,12,21.57700205338809,95.49009787532098,0
gas_transport,47.92,Phoenix,AZ,33.8155,-112.1202,1312922,Counselling psychologist,34.657031,-111.689113,11,5,12,21.073237508555785,101.61919247983214,0
shopping_net,178.39,Issaquah,WA,47.4974,-122.0107,50489,Osteopath,47.065098,-122.092687,18,6,12,36.82683093771389,48.46600705796396,0
travel,468.91,Lonetree,WY,41.0552,-110.1603,49,Research scientist (physical sciences),40.76702,-110.473365,12,6,12,39.4798083504449,41.45987709651576,0
food_dining,9.89,High Rolls Mountain Park,NM,32.9396,-105.8189,899,Naval architect,33.867961,-106.451621,16,5,12,53.32511978097194,118.7672906624892,0
grocery_net,92.07,Norwalk,CA,33.9056,-118.0818,105549,Firefighter,33.800971,-117.51948,8,1,1,45.31416837782341,53.21399241812728,0
gas_transport,86.1,Ruidoso,NM,33.3305,-105.6933,8874,Licensed conveyancer,32.982254,-106.644192,5,3,12,20.3750855578371,96.6175670715414,0
health_fitness,21.81,Mound City,MO,40.1362,-95.2138,1631,Architect,40.91425,-95.864534,13,1,12,67.93976728268309,102.51746319152608,0
personal_care,22.27,Paradise Valley,AZ,33.5494,-111.9565,17047,Building surveyor,34.350481,-112.823297,16,2,1,83.92607802874743,119.6941296665594,0
entertainment,3.47,Unionville,MO,40.4815,-92.9951,3805,"""Investment banker, corporate""",39.611544,-92.307822,6,5,12,70.28062970568104,113.04837142607028,0
entertainment,235.75,Rock Springs,WY,41.606,-109.23,27971,Music therapist,41.239878,-109.706941,20,2,1,34.4394250513347,56.91013383736738,0
gas_transport,44.82,Tomales,CA,38.2427,-122.9145,337,Occupational psychologist,38.396022,-123.670007,8,1,1,64.53114305270363,68.07932756292345,0
entertainment,61.21,Sun City,CA,33.7467,-117.1721,54287,"""Designer, exhibition/display""",32.996971,-116.261028,21,0,12,48.26557152635181,118.77409266627345,0
personal_care,77.21,Valentine,NE,42.8062,-100.6215,4005,Network engineer,42.082189,-101.426243,14,3,1,73.82340862422998,104.1219403009411,0
shopping_pos,6.98,Lowell,OR,43.921,-122.7806,1420,Systems analyst,43.115578,-122.149765,9,4,12,55.1211498973306,102.99519686426076,0
home,2.01,Wheaton,MO,36.7651,-94.0492,760,Production manager,37.539077,-95.001102,16,5,1,33.36618754277892,120.51378465817574,0
misc_net,3.34,Norwalk,CA,33.9056,-118.0818,105549,Firefighter,33.295438,-117.090732,5,2,12,47.27173169062286,114.14088240572794,0
entertainment,146.03,Blairstown,MO,38.5319,-93.9221,467,Agricultural consultant,37.851494,-93.342335,18,1,1,68.63791923340177,91.05599084702035,0
grocery_pos,185.48,Phoenix,AZ,33.5623,-112.0559,1312922,Contractor,33.755655,-111.466241,5,0,1,37.242984257357975,58.65707908817584,0
health_fitness,25.51,Cascade Locks,OR,45.671,-121.8686,1288,Barrister,45.630919,-122.104453,15,4,1,82.69678302532512,18.866420561336977,0
health_fitness,35.06,Mound City,MO,40.1362,-95.2138,1631,Architect,39.277869,-94.990089,17,6,12,67.93429158110882,97.34166256041968,0
entertainment,492.51,Jelm,WY,41.0539,-106.0763,100,Public librarian,40.421456,-105.123249,23,4,7,45.21834360027378,106.73772447725229,1
misc_pos,4.81,Altonah,UT,40.3207,-110.436,302,"""Sales professional, IT""",40.431302,-110.181685,23,3,1,28.960985626283367,24.806136884785296,0
grocery_pos,276.33,Pueblo,CO,38.2352,-104.66,151815,Further education lecturer,38.428237,-104.291257,0,0,5,31.353867214236825,38.66817844138517,1
misc_net,739.17,Angwin,CA,38.5769,-122.4477,3661,Human resources officer,37.727243,-122.492202,22,5,5,50.32991101984942,94.5576458193808,1
grocery_pos,68.73,Hawthorne,CA,33.9143,-118.3493,93193,"""Editor, magazine features""",34.338651,-119.021922,3,6,1,23.718001368925396,77.843795127742,0
misc_pos,32.64,Santa Monica,CA,34.0287,-118.4924,92043,"""Civil engineer, contracting""",34.703193,-119.153898,9,3,12,59.68514715947981,96.49538177332212,0
shopping_net,6.54,High Rolls Mountain Park,NM,32.9396,-105.8189,899,Naval architect,32.871332,-104.881391,3,3,1,51.38398357289528,87.85009847222024,0
home,122.68,Mesa,ID,44.6255,-116.4493,129,Cartographer,44.941182,-117.441266,18,1,12,55.03901437371663,85.79776008111818,0
grocery_pos,97.21,Conway,WA,48.34,-122.3456,85,"""Research officer, political party""",48.984325,-122.525144,3,0,1,34.36824093086927,72.84898790174094,0
health_fitness,30.81,Phoenix,AZ,33.5623,-112.0559,1312922,Contractor,32.849963,-111.327099,18,0,12,39.17864476386037,104.26608908937312,0
gas_transport,69.86,Alva,WY,44.6873,-104.4414,110,"""Administrator, local government""",44.772765,-104.757524,5,0,1,45.68377823408624,26.71970906618382,0
shopping_net,87.0,Tekoa,WA,47.2271,-117.0819,895,Clothing/textile technologist,46.274506,-116.308118,15,2,12,21.58521560574949,121.22233525256878,0
shopping_pos,5.66,North Loup,NE,41.4972,-98.7858,509,"""Nurse, children's""",40.58492,-98.811865,13,0,1,38.31074606433949,101.46445709157184,0
home,85.4,Dumont,CO,39.7532,-105.6356,565,Mental health nurse,40.300169,-105.746434,21,4,1,40.35592060232717,61.54796698895861,0
health_fitness,159.44,Sutherland,NE,41.1558,-101.136,1789,Insurance broker,41.675729,-101.703298,20,1,1,36.8870636550308,74.70071899498761,0
grocery_pos,68.96,Fullerton,NE,41.366,-98.0054,1749,"""Surveyor, mining""",41.182138,-98.751918,3,1,1,45.65366187542779,65.65071837080777,0
kids_pets,19.6,Newhall,CA,34.3795,-118.523,34882,Health physicist,34.990867,-118.49498,20,6,1,47.73990417522245,68.0291675039666,0
health_fitness,9.75,Orient,WA,48.8878,-118.2105,149,Special educational needs teacher,49.252083,-119.073577,13,1,1,40.55030800821356,74.79119678255816,0
shopping_pos,4.58,Shedd,OR,44.453,-123.1065,917,Radio broadcast assistant,45.244958,-123.034806,13,3,12,25.4839151266256,88.24288655206712,0
shopping_pos,7.41,Altonah,UT,40.3207,-110.436,302,"""Sales professional, IT""",40.048142,-111.406167,20,0,1,28.99110198494182,87.81068718018396,0
grocery_net,48.98,Albuquerque,NM,35.1506,-106.569,641349,Civil Service administrator,36.029361,-105.716869,10,3,12,44.72279260780287,124.43804268754953,0
home,44.56,Superior,AZ,33.2887,-111.0985,2872,Petroleum engineer,32.803937,-111.82612,12,5,12,33.163586584531146,86.63093943943016,0
misc_pos,7.39,Wheaton,MO,36.7651,-94.0492,760,Production manager,37.390897,-94.036204,15,1,1,33.35523613963039,69.59500153046439,0
shopping_pos,2.72,Superior,AZ,33.2887,-111.0985,2872,Petroleum engineer,32.469997,-110.691362,12,1,1,31.17864476386037,98.6556478508535,0
entertainment,29.4,Lowell,OR,43.921,-122.7806,1420,Systems analyst,43.427261,-122.42909,17,0,1,53.1937029431896,61.75218917154792,0
grocery_pos,46.32,Tekoa,WA,47.2271,-117.0819,895,Clothing/textile technologist,47.680028,-117.432124,3,4,12,21.571526351813823,56.831887375134855,0
gas_transport,82.24,Glendale,CA,34.1556,-118.2322,172817,Advertising account planner,33.501178,-119.08643,2,2,12,38.42026009582478,107.33667268009656,0
misc_net,6.37,Hawthorne,CA,33.9143,-118.3493,93193,"""Editor, magazine features""",34.108257,-117.549012,2,1,1,23.704312114989733,76.8525132577143,0
health_fitness,26.27,Sun City,CA,33.7467,-117.1721,54287,"""Designer, exhibition/display""",34.31761,-117.932343,19,3,12,48.27378507871321,94.5397616507068,0
