category,amt,city,state,lat,long,city_pop,job,merch_lat,merch_long,trans_hour,trans_dayofweek,trans_month,customer_age,merchant_distance_km,is_fraud
shopping_net,6.696000000000001,Syracuse,MO,38.6547,-92.8929,628,"""Radiographer, diagnostic""",39.498036,-92.303264,2,3,12,59.0362765229295,106.69661111426306,0
misc_net,45.234,Tekoa,WA,47.2271,-117.0819,895,Clothing/textile technologist,47.078092,-117.035862,1,3,12,21.587953456536617,16.93071053174389,0
grocery_pos,538.9380000000001,Meredith,CO,39.3199,-106.6596,61,Public relations account executive,40.095587,-106.387033,3,6,12,80.0930869267625,89.34828013228896,1
kids_pets,7.2540000000000004,Espanola,NM,35.9866,-106.0654,18408,Historic buildings inspector/conservation officer,35.455392,-105.703332,3,0,1,46.49144421629021,67.50805530048478,0
travel,862.668,Meadville,MO,39.7795,-93.3014,964,Tourist information centre manager,40.715935,-92.784729,1,0,12,46.01505817932922,112.98267783140577,0
personal_care,39.833999999999996,Manley,NE,40.9207,-96.168,206,Human resources officer,41.750868,-95.889044,23,0,1,51.279945242984255,95.20309065278626,0
shopping_net,34.884,Littleton,CO,39.5994,-105.0044,320420,Water engineer,38.830358,-105.953762,1,6,1,43.45516769336072,118.32862854784632,0
home,123.53399999999999,Athena,OR,45.8289,-118.4971,1302,Dealer,46.153429,-119.460021,23,3,12,44.20260095824778,82.68000461685419,0
kids_pets,213.57000000000002,Laramie,WY,41.4247,-105.4781,35371,"""Pilot, airline""",41.89351,-105.917242,1,0,1,30.38466803559206,63.62669434645658,0
gas_transport,57.546,Smith River,CA,41.9404,-124.1587,1930,Web designer,41.917265,-125.036343,2,4,12,37.53593429158111,72.64938911590657,0
home,69.192,Issaquah,WA,47.4974,-122.0107,50489,Osteopath,47.894361,-122.358962,23,4,1,34.88569472963724,51.26095632376823,0
home,82.962,Howells,NE,41.6964,-96.9858,1063,Research scientist (maths),41.258329,-97.260462,0,6,1,90.80082135523614,53.81783057796812,0
shopping_net,10.854000000000001,Santa Monica,CA,34.0287,-118.4924,92043,"""Civil engineer, contracting""",34.01139,-118.619425,21,0,12,59.676933607118414,11.8641805545953,0
gas_transport,158.436,Arvada,CO,39.8422,-105.1097,122111,Hotel manager,39.772981,-105.959912,2,6,1,31.644079397672822,73.03136895763782,0
kids_pets,420.408,Conway,WA,48.34,-122.3456,85,"""Research officer, political party""",49.016592,-122.358861,0,3,1,34.37645448323067,75.2398972534335,0
food_dining,25.218,Superior,AZ,33.2887,-111.0985,2872,Petroleum engineer,33.297257,-110.699345,0,5,12,33.163586584531146,37.11164590863149,0
health_fitness,135.882,Alva,WY,44.6873,-104.4414,110,"""Administrator, local government""",44.981353,-103.538401,0,6,1,45.64271047227926,78.3526472962084,0
travel,11.556000000000001,San Diego,CA,33.0067,-117.069,1241364,Chartered public finance accountant,33.475118,-117.067941,22,0,12,61.399041752224505,52.08579826139793,0
shopping_pos,15.390000000000002,High Rolls Mountain Park,NM,32.9396,-105.8189,899,Naval architect,32.049748,-106.252954,1,2,12,53.33607118412046,106.99349998666642,0
health_fitness,35.028000000000006,Superior,AZ,33.2887,-111.0985,2872,Petroleum engineer,33.981,-111.655262,2,0,1,31.23340177960301,92.642965206165,0
entertainment,63.486000000000004,Utica,MO,39.7417,-93.6289,271,Land/geomatics surveyor,38.908875,-93.320801,23,1,1,46.72416153319645,96.32312410798733,0
misc_pos,10.152,Redford,MO,37.3272,-91.0243,241,Investment analyst,38.310628,-91.16231,21,1,12,46.17385352498289,110.02205420692144,0
misc_pos,10.332,Fort Washakie,WY,43.0048,-108.8964,1645,Information systems manager,43.001553,-109.126857,23,0,12,34.861054072553046,18.743916218191057,0
grocery_pos,93.942,Espanola,NM,35.9866,-106.0654,18408,Historic buildings inspector/conservation officer,36.967368,-105.868464,22,2,1,46.49691991786448,110.46871386084706,0
home,159.318,Newhall,CA,34.3795,-118.523,34882,Health physicist,33.86019,-118.804281,23,1,1,47.70704996577687,63.28419095742764,0
shopping_net,99.144,Burlington,WA,48.4786,-122.3345,14871,Public house manager,49.422505,-122.372602,1,4,12,46.79534565366188,104.9943148189028,0
gas_transport,117.756,Ruidoso,NM,33.3305,-105.6933,8874,Licensed conveyancer,33.814073,-105.95394,21,0,12,20.366872005475702,58.943973357137246,0
grocery_pos,195.732,Laguna Hills,CA,33.615,-117.7114,45303,Sales executive,32.628952,-116.716271,2,5,12,51.011635865845314,143.55999071706054,0
personal_care,23.67,Westerville,NE,41.4193,-99.3844,73,Product designer,42.068162,-99.481746,22,1,1,83.90965092402465,72.6007698627589,0
health_fitness,46.134,Espanola,NM,35.9866,-106.0654,18408,Historic buildings inspector/conservation officer,36.939705,-106.750281,3,0,12,48.446269678302535,122.4043048844348,0
entertainment,20.286,San Diego,CA,33.0067,-117.069,1241364,Chartered public finance accountant,33.628639,-116.566535,2,1,1,59.44695414099932,83.44081327830412,0
health_fitness,113.45400000000001,Parks,AZ,35.2563,-111.95,759,"""Geologist, engineering""",34.787748,-111.467935,22,5,1,61.79329226557152,68.12795878908955,0
entertainment,128.322,June Lake,CA,37.7773,-119.0825,633,Health service manager,37.162352,-118.62821,0,4,1,91.35934291581108,79.26564283075338,0
grocery_net,170.208,Superior,AZ,33.2887,-111.0985,2872,Petroleum engineer,32.889918,-110.220647,21,1,1,31.19780971937029,93.0293392904358,0
shopping_pos,6.5520000000000005,Conway,WA,48.34,-122.3456,85,"""Research officer, political party""",49.089932,-122.822418,21,2,12,36.328542094455855,90.42878413955414,0
gas_transport,143.784,Gardiner,OR,43.7857,-124.1437,260,"""Engineer, maintenance""",44.629843,-124.380094,3,2,1,62.37371663244353,95.73676779839774,0
shopping_net,1789.236,Spirit Lake,ID,47.9657,-116.868,4161,Production manager,47.634533,-116.936717,2,4,11,63.441478439425055,37.18005910931482,1
shopping_net,3.114,Moriarty,NM,34.9889,-106.0609,7268,"""Therapist, art""",35.039447,-106.159369,22,3,1,30.414784394250518,10.58337035831818,0
gas_transport,120.96000000000001,Moriarty,NM,34.9889,-106.0609,7268,"""Therapist, art""",34.767037,-106.632301,22,0,12,32.39972621492129,57.66709286541908,0
travel,15.012,Freedom,WY,43.0172,-111.0292,471,"""Education officer, museum""",43.593099,-110.818452,22,3,12,53.4154688569473,66.26875572503323,0
misc_net,1382.67,Wales,AK,64.7556,-165.6723,145,"""Administrator, education""",64.623325,-166.403973,23,5,1,79.15674195756331,37.76434463041917,1
gas_transport,162.52200000000002,Arnold,MO,38.4305,-90.387,35439,Land/geomatics surveyor,38.145714,-90.283884,23,3,1,33.76043805612594,32.92077968100458,0
kids_pets,44.388,Sun City,CA,33.7467,-117.1721,54287,"""Designer, exhibition/display""",33.309363,-117.819197,23,4,12,48.257357973990416,77.21800275641553,0
home,82.44,Brainard,NE,41.1832,-96.9882,614,Associate Professor,41.799845,-96.285786,0,0,1,51.58932238193019,90.13444839900892,0
grocery_pos,626.418,Lowell,OR,43.921,-122.7806,1420,Systems analyst,44.202317,-122.900884,22,1,2,53.2539356605065,32.72423854049986,1
misc_net,9.144,Mountain Center,CA,33.6401,-116.5567,1661,"""Therapist, music""",32.888901,-115.668362,3,3,1,30.308008213552363,117.46747158620364,0
misc_net,11.898000000000001,Syracuse,MO,38.6547,-92.8929,628,"""Radiographer, diagnostic""",38.254663,-93.597463,2,2,1,57.0403832991102,75.77960136677373,0
kids_pets,64.98,Fields Landing,CA,40.7268,-124.2174,276,"""Scientist, audiological""",41.271757,-124.803665,2,5,1,89.66735112936345,78.05436732596907,0
misc_net,5.382000000000001,Vinton,CA,40.0235,-120.7986,128,Education administrator,40.449541,-120.443257,22,4,1,52.8870636550308,56.16098531585118,0
health_fitness,34.019999999999996,Meredith,CO,39.3199,-106.6596,61,Public relations account executive,38.615942,-107.330637,1,4,12,81.14168377823408,97.43034597822434,0
grocery_pos,368.964,Burbank,WA,46.1966,-118.9017,3684,Musician,45.554693,-119.071559,2,6,12,39.07734428473648,72.57793828700288,0
kids_pets,99.36000000000001,Phoenix,AZ,33.5623,-112.0559,1312922,Contractor,33.571666,-111.25736,22,0,1,37.242984257357975,73.99352256129613,0
home,57.76200000000001,Meredith,CO,39.3199,-106.6596,61,Public relations account executive,39.750004,-107.362325,2,5,12,81.14442162902122,76.93468481986925,0
gas_transport,116.51400000000001,Manville,WY,42.73,-104.7024,241,Educational psychologist,42.782633,-104.871449,23,6,12,40.03011635865845,14.991513455844318,0
gas_transport,117.144,Jelm,WY,41.0539,-106.0763,100,Public librarian,41.267974,-106.699706,2,4,12,46.69404517453799,57.3603917112356,0
personal_care,49.986,Los Angeles,CA,34.0443,-118.2509,2383912,"""Journalist, newspaper""",33.584969,-117.474129,0,6,1,59.6249144421629,88.0819418675149,0
shopping_pos,1566.45,Mendon,UT,41.71,-111.9817,2078,"""Scientist, audiological""",42.49956,-111.27521,2,4,2,56.71184120465435,105.37918500050932,1
home,34.938,Centerview,MO,38.7897,-93.8702,2368,Electronics engineer,38.88789,-94.38703,22,1,12,31.45242984257358,46.07550772509413,0
shopping_net,1668.096,Craig,AK,55.4732,-133.1171,1920,Commissioning editor,54.942725,-132.236891,23,2,12,23.460643394934976,81.22857474982675,1
grocery_pos,357.714,Burbank,WA,46.1966,-118.9017,3684,Musician,46.702195,-118.642785,22,1,12,39.082819986310746,59.61632564941719,0
health_fitness,236.64600000000002,Burlington,WA,48.4786,-122.3345,14871,Public house manager,49.459642,-122.259066,22,3,12,46.79260780287474,109.22575946607,0
food_dining,97.65,Port Costa,CA,38.046,-122.1866,198,Armed forces training and education officer,37.931406,-122.481765,23,3,12,61.75496235455168,28.83530138594997,0
kids_pets,31.031999999999996,Orient,WA,48.8878,-118.2105,149,Special educational needs teacher,49.717959,-118.329367,23,0,1,40.56673511293634,92.71089929281533,0
gas_transport,145.674,Browning,MO,40.029,-93.1607,602,Cytogeneticist,39.456203,-93.920144,21,1,12,66.46132785763176,90.95507758155355,0
shopping_net,22.158,Weeping Water,NE,40.8731,-96.1528,1517,Dealer,41.3994,-96.412819,1,6,1,67.20054757015743,62.441786860858095,0
shopping_pos,13.374,Riverton,WY,43.0351,-108.2024,19408,"""Lecturer, higher education""",43.319162,-109.167898,0,5,12,27.290896646132783,84.42124949696763,0
gas_transport,121.67999999999999,Norwalk,CA,33.9056,-118.0818,105549,Firefighter,34.36819,-119.053303,2,5,12,47.26078028747433,103.15226230147816,0
food_dining,124.23599999999999,Paradise Valley,AZ,33.5494,-111.9565,17047,Building surveyor,32.787795,-111.200549,1,4,1,83.95071868583162,110.1019011213224,0
grocery_pos,377.766,Phoenix,AZ,33.5623,-112.0559,1312922,Contractor,34.046219,-112.141925,22,2,1,37.21013004791239,54.39321061276516,0
travel,15.642,Wheaton,MO,36.7651,-94.0492,760,Production manager,37.412194,-94.715107,21,4,1,33.38261464750171,93.0915305989922,0
misc_net,7.829999999999999,Weeping Water,NE,40.8731,-96.1528,1517,Dealer,40.542864,-96.515629,23,1,1,67.14852840520192,47.78822679361728,0
shopping_net,8.658,Iliff,CO,40.7692,-103.0968,648,Community arts worker,41.337312,-102.580538,0,1,12,51.27173169062286,76.58023436112168,0
misc_pos,15.822,Hooper,NE,41.6414,-96.5232,1745,"""Engineer, automotive""",41.297642,-96.130423,22,0,1,45.0321697467488,50.319544118642746,0
misc_pos,92.844,Smith River,CA,41.9404,-124.1587,1930,Web designer,41.578722,-123.467534,2,1,12,37.54688569472964,70.02824354238997,0
misc_pos,16.290000000000003,Hatch,UT,37.7175,-112.4777,258,Geoscientist,38.301478,-112.851228,1,6,1,57.1170431211499,72.71536779602364,0
misc_pos,7.973999999999999,Jelm,WY,41.0539,-106.0763,100,Public librarian,40.595408,-106.575025,2,1,1,44.73100616016427,66.03114517855236,0
entertainment,337.446,Ballwin,MO,38.577,-90.5255,92608,"""Engineer, communications""",38.191041,-90.579463,21,4,1,17.44284736481862,43.173655603886026,0
health_fitness,129.546,Meadville,MO,39.7795,-93.3014,964,Tourist information centre manager,39.064795,-94.242112,2,6,12,46.012320328542096,113.3345505525544,0
shopping_net,11.196,Azusa,CA,34.1248,-117.9031,59705,Civil Service fast streamer,33.830466,-118.50039,22,0,1,35.54277891854894,64.06591660794817,0
misc_pos,4.896000000000001,Phoenix,AZ,33.5623,-112.0559,1312922,Contractor,33.102424,-113.031541,0,1,1,37.18822724161533,104.06886829686808,0
travel,8.316,Kent,OR,45.0838,-120.6649,60,Museum education officer,45.392257,-120.871231,0,0,1,76.8021902806297,37.91321162528693,0
misc_net,17.604,Glendale,CA,34.1556,-118.2322,172817,Advertising account planner,33.541121,-118.071068,2,6,1,36.47638603696099,69.92848093774046,0
home,120.096,Centerview,MO,38.7897,-93.8702,2368,Electronics engineer,38.124728,-93.391159,22,4,1,29.505817932922657,84.89504178507391,0
kids_pets,116.082,Conway,WA,48.34,-122.3456,85,"""Research officer, political party""",48.967441,-122.53968,22,5,1,34.362765229295,71.20986146348488,0
shopping_net,2382.732,Sun City,CA,33.7467,-117.1721,54287,"""Designer, exhibition/display""",34.394362,-116.94011,23,0,1,46.29158110882957,75.11987911127277,0
personal_care,18.252000000000002,Matthews,MO,36.7154,-89.6287,1019,Aeronautical engineer,36.54151,-89.501622,23,1,12,41.92470910335387,22.41569490219572,0
shopping_net,1918.818,Laguna Hills,CA,33.615,-117.7114,45303,Sales executive,33.16345,-117.153705,22,0,1,50.05886379192334,72.12450868243037,1
shopping_pos,10.278,Manley,NE,40.9207,-96.168,206,Human resources officer,40.633368,-96.595273,22,0,1,51.26078028747433,48.11630468352279,0
home,138.708,Newberg,OR,45.3099,-122.9685,28278,Research scientist (physical sciences),45.919749,-123.941869,22,1,12,43.45242984257358,101.6354251118847,0
entertainment,43.452000000000005,Mesa,ID,44.6255,-116.4493,129,Cartographer,45.357516,-116.859526,0,2,12,55.04175222450377,87.55569968742716,0
misc_net,3.222,Syracuse,MO,38.6547,-92.8929,628,"""Radiographer, diagnostic""",39.484615,-92.611844,23,3,1,57.04312114989733,95.41862043212616,0
shopping_pos,477.918,Issaquah,WA,47.4974,-122.0107,50489,Osteopath,48.245061,-122.519689,23,4,12,36.82135523613963,91.39403431838514,0
shopping_pos,143.55,Ruidoso,NM,33.3305,-105.6933,8874,Licensed conveyancer,32.590421,-106.611653,2,2,1,18.417522245037645,118.79799385417816,0
home,36.054,Sutherland,NE,41.1558,-101.136,1789,Insurance broker,40.983936,-100.535141,22,5,1,36.89801505817933,53.87375094343348,0
shopping_pos,4.914,Laramie,WY,41.4247,-105.4781,35371,"""Pilot, airline""",41.370714,-105.937071,3,1,1,30.349075975359344,38.75118982685537,0
shopping_pos,15.858,Manville,WY,42.73,-104.7024,241,Educational psychologist,42.655057,-104.520084,2,0,1,38.05886379192334,17.07238343177574,0
grocery_pos,180.846,Holstein,NE,40.4542,-98.6538,331,Telecommunications researcher,39.882621,-98.768301,22,6,1,68.40246406570841,64.29701116688184,0
personal_care,124.70400000000001,Red River,NM,36.6659,-105.4694,606,"""Surveyor, land/geomatics""",36.647267,-105.605834,23,5,1,30.368240930869263,12.345518664225226,0
food_dining,13.284,Thompson,UT,38.9999,-109.615,46,"""Surveyor, minerals""",38.830397,-109.086494,22,1,12,33.686516084873375,49.45749992741388,0
gas_transport,39.42,Grenada,CA,41.6125,-122.5258,589,Systems analyst,41.673672,-123.421652,22,2,7,73.53045859000684,74.75132357981882,1
gas_transport,119.88,Lakeport,CA,39.047,-122.9328,11256,Podiatrist,38.935371,-123.646898,23,4,1,46.23134839151266,62.95191531818988,0
shopping_net,11.610000000000001,Ruidoso,NM,33.3305,-105.6933,8874,Licensed conveyancer,33.210403,-104.829034,21,2,12,20.372347707049965,81.45186875817315,0
gas_transport,154.98,Ruidoso,NM,33.3305,-105.6933,8874,Licensed conveyancer,32.982254,-106.644192,21,3,12,20.3750855578371,96.6175670715414,0
gas_transport,100.116,Port Costa,CA,38.046,-122.1866,198,Armed forces training and education officer,38.541859,-122.506202,0,3,12,61.75496235455168,61.79019134708791,0
shopping_pos,212.148,Phoenix,AZ,33.5623,-112.0559,1312922,Contractor,33.497847,-112.84991,1,1,12,39.181382614647504,73.94603042084744,0
entertainment,35.1,June Lake,CA,37.7773,-119.0825,633,Health service manager,37.861412,-119.155731,23,5,1,91.34291581108828,11.351306156982549,0
home,119.86200000000001,Sun City,CA,33.7467,-117.1721,54287,"""Designer, exhibition/display""",33.406175,-117.218007,3,6,12,48.26283367556468,38.102743215555904,0
shopping_net,1447.254,Hatch,UT,37.7175,-112.4777,258,Geoscientist,38.62377,-111.598666,23,4,4,58.39561943874059,126.7268934559436,1
gas_transport,147.67200000000003,San Diego,CA,32.7185,-117.1593,1241364,Comptroller,33.399015,-116.946041,3,1,1,31.107460643394933,78.2361960335777,0
shopping_net,2007.126,Fort Washakie,WY,43.0048,-108.8964,1645,Freight forwarder,43.850309,-108.448989,22,0,12,43.841204654346335,100.71936834860324,1
health_fitness,10.584,Browning,MO,40.029,-93.1607,602,Cytogeneticist,40.666375,-92.599756,0,2,1,64.49007529089664,85.33853218847281,0
misc_net,243.80999999999997,Omaha,NE,41.2064,-95.9953,518429,"""Surveyor, land/geomatics""",41.09935,-95.747545,2,1,1,23.227926078028748,23.9159762539366,0
kids_pets,23.742,Colton,WA,46.5901,-117.1692,761,Chief Marketing Officer,46.05385,-116.706826,21,1,1,75.54551676933607,69.39886029380101,0
kids_pets,89.424,Kissee Mills,MO,36.6704,-93.0377,1201,"""Engineer, agricultural""",35.804149,-92.516237,3,0,1,38.82546201232033,107.0758937806274,0
misc_net,1434.4379999999999,Paauilo,HI,20.0271,-155.3697,1490,"""Scientist, research (maths)""",20.445248,-155.365041,23,6,12,28.692676249144423,46.49847690142535,1
misc_net,4.878,Altonah,UT,40.3207,-110.436,302,"""Sales professional, IT""",39.906392,-111.415212,0,0,1,29.010266940451743,95.16399970359502,0
travel,14.148000000000001,Gardiner,OR,43.7857,-124.1437,260,"""Engineer, maintenance""",43.895511,-124.525389,1,4,1,62.36002737850787,32.95737311370555,0
misc_net,151.056,Thompson,UT,38.9999,-109.615,46,"""Surveyor, minerals""",38.210919,-110.595579,1,1,1,31.693360711841205,122.2967688724728,0
food_dining,63.81000000000001,San Jose,CA,37.3304,-121.7913,973849,Geoscientist,36.728548,-122.116829,21,0,12,23.942505133470227,72.89510309860266,0
home,121.158,Pueblo,CO,38.2352,-104.66,151815,Further education lecturer,37.238563,-104.352851,3,6,12,32.98015058179329,114.06468306778427,0
entertainment,67.932,Manville,WY,42.73,-104.7024,241,Educational psychologist,42.369248,-104.82778,1,0,12,40.03285420944559,41.40775191613457,0
entertainment,278.208,Rock Springs,WY,41.606,-109.23,27971,Music therapist,42.098007,-110.171134,3,6,12,36.40520191649555,95.23176261157433,0
shopping_pos,5.7780000000000005,Smith River,CA,41.9404,-124.1587,1930,Web designer,41.661267,-124.920007,0,1,1,35.553730321697465,70.32582923614123,0
misc_pos,112.86000000000001,Independence,MO,39.1412,-94.3515,123373,"""Engineer, production""",39.223626,-95.013861,1,4,1,26.102669404517453,57.820758347589766,0
gas_transport,100.78200000000001,Glendale,CA,34.1556,-118.2322,172817,Advertising account planner,33.778002,-119.013484,0,1,1,36.42436687200548,83.39142398313767,0
gas_transport,118.76400000000001,Hatch,UT,37.7175,-112.4777,258,Geoscientist,38.410955,-113.468582,3,1,12,59.096509240246405,116.062868889973,0
home,93.726,Meridian,ID,43.6498,-116.4306,84106,Intelligence analyst,43.522493,-116.231137,2,0,12,49.87816563997262,21.412210436380327,0
kids_pets,89.53200000000001,Parks,AZ,35.2563,-111.95,759,"""Geologist, engineering""",34.434389,-112.822496,3,4,1,61.77138945927447,121.21000765816082,0
shopping_pos,477.918,Issaquah,WA,47.4974,-122.0107,50489,Osteopath,48.245061,-122.519689,0,4,12,36.82135523613963,91.39403431838514,0
home,37.17,Ruidoso,NM,33.3305,-105.6933,8874,Licensed conveyancer,32.759179,-105.347391,2,0,1,18.412046543463383,71.24121140730152,0
entertainment,13.751999999999999,Espanola,NM,35.9866,-106.0654,18408,Historic buildings inspector/conservation officer,35.406327,-105.549735,23,1,12,48.44900752908966,79.57165044565636,0
home,133.506,Lonetree,WY,41.0552,-110.1603,49,Research scientist (physical sciences),40.171559,-109.488541,0,0,12,39.48254620123203,113.44322945266003,0
kids_pets,139.86,Rock Springs,WY,41.606,-109.23,27971,Music therapist,42.559378,-109.91984,2,4,12,36.39972621492129,120.32890500432327,0
home,75.96000000000001,Espanola,NM,35.9866,-106.0654,18408,Historic buildings inspector/conservation officer,36.776289,-106.860499,21,5,1,46.48596851471595,113.03372244915352,0
misc_net,6.372,Arnold,MO,38.4305,-90.387,35439,Land/geomatics surveyor,38.910523,-90.593086,1,3,12,35.75359342915811,56.294852381803246,0
grocery_pos,570.5640000000001,Arnold,MO,38.4305,-90.387,35439,Land/geomatics surveyor,38.166467,-91.19346,21,0,3,33.94387405886379,76.25380482317142,1
health_fitness,145.188,Nelson,NE,40.201,-98.0684,732,Television/film/video producer,39.447151,-98.127381,1,4,12,64.03285420944559,83.97537418562476,0
home,19.188000000000002,Lakeport,CA,39.047,-122.9328,11256,Podiatrist,40.023751,-123.109995,0,6,1,46.23682409308692,109.6675517038504,0
gas_transport,130.104,Browning,MO,40.029,-93.1607,602,Cytogeneticist,40.005556,-92.46255,0,4,1,64.49555099247091,59.51051558667282,0
food_dining,8.766,Sacramento,CA,38.5662,-121.3286,757530,Magazine features editor,38.51692,-121.208787,0,2,1,39.676933607118414,11.773305618493245,0
entertainment,24.012,Owensville,MO,38.3511,-91.4867,6703,Naval architect,38.508629,-91.709923,0,3,12,22.61738535249829,26.170635229948463,0
gas_transport,62.442,Manley,NE,40.9207,-96.168,206,Human resources officer,40.604786,-96.249924,23,6,12,53.23203285420944,35.799229112801726,0
entertainment,91.854,Conway,WA,48.34,-122.3456,85,"""Research officer, political party""",48.184627,-123.293583,0,5,12,36.31759069130732,72.26919846649504,0
grocery_pos,193.734,Unionville,MO,40.4815,-92.9951,3805,"""Investment banker, corporate""",39.735427,-92.757015,0,4,12,70.27789185489391,85.3946294949714,0
entertainment,28.674,Laguna Hills,CA,33.615,-117.7114,45303,Sales executive,33.916325,-117.470527,2,2,12,51.02258726899384,40.22942330922595,0
grocery_pos,188.406,Athena,OR,45.8289,-118.4971,1302,Dealer,45.457454,-118.382616,0,2,12,44.19986310746064,42.25088447810266,0
grocery_pos,629.298,Lagrange,WY,41.6423,-104.1974,635,Product/process development scientist,42.551748,-103.733937,1,0,7,46.04243668720055,108.11385165848527,1
personal_care,128.91600000000003,Parker Dam,CA,34.298,-114.156,126,Marketing executive,35.065174,-114.187402,2,2,12,28.229979466119097,85.35416542552045,0
food_dining,2.574,Wheaton,MO,36.7651,-94.0492,760,Production manager,37.619841,-94.592274,3,1,1,33.374401095140314,106.52278904300331,0
entertainment,288.504,Sun City,CA,33.7467,-117.1721,54287,"""Designer, exhibition/display""",34.580904,-117.17497,21,4,1,46.28336755646817,92.75962842025348,0
gas_transport,107.28,Sutherland,NE,41.1558,-101.136,1789,Insurance broker,41.482152,-101.484375,1,0,12,38.87748117727584,46.51129435413055,0
health_fitness,16.02,Holstein,NE,40.4542,-98.6538,331,Telecommunications researcher,39.520507,-99.182478,22,6,1,68.40246406570841,113.1705003291006,0
health_fitness,133.992,Westfir,OR,43.7575,-122.481,597,Forensic psychologist,44.693218,-121.569678,22,1,1,57.63997262149213,126.8796190988176,0
gas_transport,77.56200000000001,Meredith,CO,39.3199,-106.6596,61,Public relations account executive,38.784332,-105.717552,2,6,12,81.14715947980835,100.81463732467812,0
gas_transport,122.94,Sutherland,NE,41.1558,-101.136,1789,Insurance broker,40.258827,-100.948562,21,0,1,36.9034907597536,100.98238800429117,0
shopping_pos,15.840000000000002,Glendale,CA,34.1556,-118.2322,172817,Advertising account planner,34.702459,-119.104663,2,0,1,36.440793976728266,100.50146068747736,0
shopping_pos,2.196,Huntington Beach,CA,33.6773,-118.0051,190249,"""Therapist, horticultural""",33.455845,-117.478793,2,1,1,42.288843258042434,54.62835368578845,0
shopping_pos,197.244,Mesa,ID,44.6255,-116.4493,129,Cartographer,43.843478,-115.455423,3,6,12,55.03353867214237,117.60479829507096,0
shopping_net,3.078,Riverton,WY,43.0351,-108.2024,19408,"""Lecturer, higher education""",43.455611,-107.994332,1,1,1,25.34428473648186,49.70304104826788,0
misc_pos,4.662,Riverton,WY,43.0351,-108.2024,19408,"""Lecturer, higher education""",43.39023,-108.021415,3,0,12,27.29637234770705,42.12454150437608,0
travel,11.682,San Jose,CA,37.3304,-121.7913,973849,Geoscientist,36.691331,-121.14281,21,6,1,21.965776865160848,91.46090421184245,0
home,752.652,Luray,MO,40.4931,-91.8912,519,Town planner,40.750018,-92.027005,3,6,8,54.5242984257358,30.781559324460662,1
shopping_pos,8.766,Utica,MO,39.7417,-93.6289,271,Land/geomatics surveyor,40.197601,-93.823936,22,5,1,46.71594798083505,53.348935635566825,0
grocery_pos,558.054,Lonetree,WY,41.0552,-110.1603,49,Research scientist (physical sciences),41.283249,-110.290484,23,4,3,37.69199178644764,27.600093832156745,1
personal_care,59.291999999999994,Colton,WA,46.5901,-117.1692,761,Chief Marketing Officer,46.816715,-116.732388,21,0,12,77.49760438056126,41.76649029733502,0
home,2.862,Wendel,CA,40.3406,-120.2824,104,"""Teacher, adult education""",40.379945,-120.921706,23,4,12,31.359342915811087,54.34411924817332,0
entertainment,23.868,Weeping Water,NE,40.8731,-96.1528,1517,Dealer,40.858511,-96.474957,2,0,1,67.18412046543463,27.13885709656947,0
travel,17.802000000000003,Hubbell,NE,40.0456,-97.4735,121,Set designer,39.236317,-98.195775,22,0,2,22.89390828199863,109.19049875141584,1
gas_transport,120.96000000000001,Moriarty,NM,34.9889,-106.0609,7268,"""Therapist, art""",34.767037,-106.632301,2,0,12,32.39972621492129,57.66709286541908,0
gas_transport,131.85,Sacramento,CA,38.5662,-121.3286,757530,Magazine features editor,38.118467,-121.411543,1,2,1,39.676933607118414,50.30839462071842,0
kids_pets,34.668000000000006,Huntington Beach,CA,33.6773,-118.0051,190249,"""Therapist, horticultural""",33.504785,-118.197162,1,4,12,43.27446954140999,26.162230039013615,1
grocery_pos,182.34,Carlotta,CA,40.507,-123.9743,1139,"""Therapist, occupational""",41.157504,-123.330592,3,6,12,69.94934976043805,90.35987674374452,0
misc_net,12.564000000000002,Port Costa,CA,38.046,-122.1866,198,Armed forces training and education officer,38.84889,-122.606875,0,4,12,61.738535249828885,96.48792509300694,0
grocery_pos,199.90800000000002,Mendon,UT,41.71,-111.9817,2078,"""Scientist, audiological""",42.423281,-111.546176,23,6,12,57.541409993155376,87.08057947656326,0
health_fitness,82.476,Laramie,WY,41.4247,-105.4781,35371,"""Pilot, airline""",40.678211,-105.982385,3,0,12,32.32032854209446,93.15588903380592,0
gas_transport,111.816,Colorado Springs,CO,38.8881,-104.6556,525713,Museum/gallery exhibitions officer,38.144252,-104.858804,0,6,12,28.635181382614647,84.58036847394348,0
health_fitness,35.838,Fort Washakie,WY,43.0048,-108.8964,1645,Information systems manager,42.5739,-109.368243,1,0,12,34.861054072553046,61.46694724541369,0
misc_pos,35.262,Orient,WA,48.8878,-118.2105,149,Special educational needs teacher,49.317853,-118.301112,23,1,1,40.56947296372348,48.2725385947241,0
kids_pets,98.874,Browning,MO,40.029,-93.1607,602,Cytogeneticist,39.625186,-92.716373,22,1,12,66.46132785763176,58.78679870297446,0
grocery_pos,179.046,Redford,MO,37.3272,-91.0243,241,Investment analyst,38.070443,-90.258362,22,6,1,44.23271731690623,106.63561884823476,0
misc_net,1482.156,Camden,MO,39.2048,-94.0259,464,Colour technologist,39.888304,-93.32464,22,2,10,61.38261464750171,96.91024428917224,1
shopping_net,3208.554,Sutherland,NE,41.1558,-101.136,1789,Insurance broker,41.912379,-100.494871,22,5,12,38.87200547570158,99.62512661671008,0
health_fitness,247.14000000000001,Espanola,NM,35.9866,-106.0654,18408,Historic buildings inspector/conservation officer,34.986964,-106.853379,2,4,1,46.50239561943874,132.07920746016728,0
gas_transport,69.51599999999999,Sutherland,NE,41.1558,-101.136,1789,Insurance broker,41.177959,-101.84213,21,0,1,36.9034907597536,59.15922691129881,0
shopping_pos,9.288,Stayton,OR,44.8021,-122.7624,9587,"""Engineer, biomedical""",45.413112,-122.116249,1,5,12,52.75838466803559,84.77824327542533,0
home,126.81,Meridian,ID,43.6498,-116.4306,84106,Intelligence analyst,44.406755,-115.937466,3,4,1,47.9151266255989,92.94509925240888,0
food_dining,215.64,Cascade Locks,OR,45.671,-121.8686,1288,Barrister,45.724189,-121.563214,2,3,1,82.69404517453799,24.443654711820304,0
misc_net,2.142,Kent,OR,45.0838,-120.6649,60,Museum education officer,44.774092,-121.190938,23,5,12,78.73237508555783,53.85995351631145,0
grocery_net,41.616,Utica,MO,39.7417,-93.6289,271,Land/geomatics surveyor,39.374924,-93.844667,21,2,1,46.70773442847365,44.782313320441965,0
personal_care,67.914,Albuquerque,NM,35.1506,-106.569,641349,Civil Service administrator,34.278564,-107.197447,2,2,12,44.72005475701575,112.70203619490093,0
misc_pos,87.264,Burbank,WA,46.1966,-118.9017,3684,Musician,47.076264,-119.654759,21,6,1,37.14168377823409,113.4594032699166,0
shopping_net,11.376000000000001,Llano,NM,36.1486,-105.6648,247,Architectural technologist,36.867679,-105.042958,1,1,1,57.18822724161533,97.37555718429154,0
grocery_pos,111.852,Espanola,NM,35.9866,-106.0654,18408,Historic buildings inspector/conservation officer,35.091408,-105.254186,1,0,1,46.51060917180013,123.67541670978326,0
grocery_pos,207.18,Athena,OR,45.8289,-118.4971,1302,Dealer,46.310322,-119.155355,22,1,12,44.19712525667351,73.7854814366687,0
grocery_pos,262.728,Claremont,CA,34.1092,-117.7183,35705,Wellsite geologist,34.559224,-117.646842,2,6,12,64.61875427789185,50.46870764364135,0
personal_care,3.4379999999999997,Mountain Center,CA,33.6401,-116.5567,1661,"""Therapist, music""",33.534422,-115.752856,22,1,1,30.28336755646817,75.38161916336774,0
shopping_pos,3.15,Indian Wells,CA,33.7163,-116.3381,4677,Learning mentor,34.19842,-116.495147,22,1,12,65.65092402464066,55.53159153959902,0
shopping_net,17.82,Burbank,WA,46.1966,-118.9017,3684,Musician,45.770484,-119.213857,2,6,12,39.07734428473648,53.16728212065055,0
personal_care,139.32000000000002,Shedd,OR,44.453,-123.1065,917,Radio broadcast assistant,45.144585,-122.282993,3,1,12,25.47843942505133,100.67494854224672,0
misc_pos,5.346,Centerview,MO,38.7897,-93.8702,2368,Electronics engineer,37.932685,-94.734017,22,4,12,31.44147843942505,121.46354858479036,0
home,60.336000000000006,Moriarty,NM,34.9889,-106.0609,7268,"""Therapist, art""",35.807778,-105.545934,3,3,12,32.388774811772755,102.32117986447754,0
gas_transport,16.848,Dumont,CO,39.7532,-105.6356,565,Mental health nurse,40.722587,-106.24964,3,5,3,41.54688569472964,119.73014656275838,1
shopping_pos,1568.754,Huntington Beach,CA,33.6773,-118.0051,190249,"""Therapist, horticultural""",33.494026,-118.124302,2,4,12,43.27446954140999,23.178288754755258,1
personal_care,53.730000000000004,Holstein,NE,40.4542,-98.6538,331,Telecommunications researcher,40.188596,-98.401092,21,0,1,68.40520191649556,36.48608542170485,0
gas_transport,130.446,Campbell,NE,40.2967,-98.737,493,"""Surveyor, minerals""",40.447663,-98.69851,23,6,12,80.28747433264887,17.10006840678054,0
shopping_net,10.674,Norwalk,CA,33.9056,-118.0818,105549,Firefighter,34.82999,-118.392463,1,1,12,47.26899383983573,106.66892700800923,0
personal_care,85.518,Wheaton,MO,36.7651,-94.0492,760,Production manager,36.832348,-94.462476,3,1,1,33.374401095140314,37.54962430816255,0
home,167.778,Fullerton,NE,41.366,-98.0054,1749,"""Surveyor, mining""",41.603037,-97.170473,2,1,1,45.67282683093772,74.37584854275636,0
gas_transport,135.018,Riverton,WY,43.0351,-108.2024,19408,"""Lecturer, higher education""",42.918272,-108.783265,23,5,1,25.336071184120467,49.00845297570606,0
home,66.60000000000001,Matthews,MO,36.7154,-89.6287,1019,Aeronautical engineer,37.066,-90.200805,22,3,1,39.95619438740589,64.09676497828544,0
misc_net,1337.868,Colorado Springs,CO,38.8881,-104.6556,525713,Museum/gallery exhibitions officer,38.881953,-105.4688,3,1,9,27.37577002053388,70.38955896275263,1
travel,7.901999999999999,Monitor,WA,47.4852,-120.4158,584,Medical technical officer,48.430744,-121.273624,22,4,1,49.81245722108145,123.02117113090596,0
gas_transport,98.15400000000001,Pueblo,CO,38.2352,-104.66,151815,Further education lecturer,37.354396,-104.058626,23,4,12,32.97467488021903,111.28545897380128,0
gas_transport,151.344,Monitor,WA,47.4852,-120.4158,584,Medical technical officer,48.111978,-120.830831,3,2,1,49.82614647501711,76.27778233210859,0
gas_transport,88.74,June Lake,CA,37.7773,-119.0825,633,Health service manager,37.606059,-119.965307,0,6,12,93.30047912388775,79.97747760568747,0
misc_net,323.154,Freedom,WY,43.0172,-111.0292,471,"""Education officer, museum""",42.832241,-110.178341,22,6,1,51.43052703627652,72.26687403835238,0
shopping_pos,14.526000000000002,Ballwin,MO,38.577,-90.5255,92608,"""Engineer, communications""",39.366927,-90.286067,21,0,1,17.489390828199863,90.24166294951236,0
shopping_net,2120.022,Browning,MO,40.029,-93.1607,602,Cytogeneticist,39.288305,-92.476947,0,5,1,64.47912388774812,101.0410678630814,1
food_dining,31.626,Santa Monica,CA,34.0287,-118.4924,92043,"""Civil engineer, contracting""",33.603847,-118.899436,3,6,12,59.67419575633128,60.38016408826839,0
shopping_net,162.072,Alva,WY,44.6873,-104.4414,110,"""Administrator, local government""",45.002801,-103.625727,0,2,1,45.65092402464066,73.25334206901941,0
personal_care,204.984,Littleton,CO,39.5994,-105.0044,320420,Water engineer,40.078463,-104.851134,1,6,1,43.43600273785079,54.85313209397359,0
grocery_pos,549.144,Mound City,MO,40.1362,-95.2138,1631,Architect,39.744929,-94.857133,22,0,9,67.6495550992471,53.08001504387771,1
grocery_pos,409.932,Issaquah,WA,47.4974,-122.0107,50489,Osteopath,47.012996,-121.419779,2,6,1,34.87200547570158,69.92966657560815,0
entertainment,8.46,Broomfield,CO,39.8854,-105.1139,92337,"""Engineer, electronics""",40.714644,-104.320461,2,6,12,53.1937029431896,114.147212601723,0
gas_transport,87.732,Luray,MO,40.4931,-91.8912,519,Town planner,40.7614,-91.138328,1,3,12,54.88021902806297,70.19211006666447,0
gas_transport,62.63999999999999,Westerville,NE,41.4193,-99.3844,73,Product designer,41.279576,-99.946937,2,2,1,83.89322381930185,49.4603179486615,0
gas_transport,34.272,Camden,MO,39.2048,-94.0259,464,Colour technologist,38.610777,-93.052098,1,3,10,61.385352498288846,107.062900700632,1
travel,14.85,Cascade Locks,OR,45.671,-121.8686,1288,Barrister,45.688137,-120.889282,23,0,1,82.70499657768652,76.10523851082766,0
home,28.494,Ruidoso,NM,33.3305,-105.6933,8874,Licensed conveyancer,33.216169,-106.67131,2,3,1,18.40109514031485,91.80574704526715,0
misc_net,1572.318,Sacramento,CA,38.6865,-121.3494,757530,Soil scientist,39.273385,-121.455817,2,1,3,53.530458590006845,65.90372816363167,1
kids_pets,121.67999999999999,Newhall,CA,34.3795,-118.523,34882,Health physicist,33.60025,-117.819054,2,3,12,49.686516084873375,108.2586549218497,0
grocery_pos,250.30800000000002,Westfir,OR,43.7575,-122.481,597,Forensic psychologist,42.933043,-121.691782,22,0,12,59.611225188227245,111.7006680887025,0
entertainment,596.8439999999999,Colorado Springs,CO,38.8881,-104.6556,525713,Museum/gallery exhibitions officer,39.807183,-104.99052,1,6,12,28.635181382614647,106.17742371423216,0
home,18.522,Campbell,NE,40.2967,-98.737,493,"""Surveyor, minerals""",41.156579,-97.788352,21,6,12,80.28747433264887,124.62735422267195,0
personal_care,218.736,Howells,NE,41.6964,-96.9858,1063,Research scientist (maths),42.587873,-97.420468,1,6,1,90.80082135523614,105.4062880657304,0
grocery_net,114.264,Kansas City,MO,38.9621,-94.5959,545147,Counsellor,38.096974,-95.1355,0,3,12,33.11978097193703,107.03744925198492,0
travel,11.682,San Jose,CA,37.3304,-121.7913,973849,Geoscientist,36.691331,-121.14281,23,6,1,21.965776865160848,91.46090421184245,0
gas_transport,104.90400000000001,Westerville,NE,41.4193,-99.3844,73,Product designer,41.776581,-99.16747,3,3,1,83.93429158110882,43.63127513475079,0
kids_pets,23.291999999999998,Riverton,WY,43.0351,-108.2024,19408,"""Lecturer, higher education""",42.466244,-108.139144,3,6,12,27.29363449691992,63.46441739338794,0
gas_transport,67.35600000000001,Orient,WA,48.8878,-118.2105,149,Special educational needs teacher,47.898761,-118.998432,21,2,1,40.57221081451061,124.41410584691629,0
home,7.470000000000001,Independence,MO,39.1412,-94.3515,123373,"""Engineer, production""",39.397665,-93.8966,22,4,12,28.076659822039694,48.44318245069445,0
shopping_pos,1766.952,Honokaa,HI,20.0827,-155.488,4878,Physiotherapist,19.607092,-155.217781,22,0,7,53.6290212183436,59.96344293701159,1
personal_care,174.744,Fields Landing,CA,40.7268,-124.2174,276,"""Scientist, audiological""",41.578832,-124.836181,3,6,12,91.64407939767284,107.9806222039543,0
grocery_net,79.43400000000001,Conway,WA,48.34,-122.3456,85,"""Research officer, political party""",49.050303,-122.149568,0,4,12,36.31485284052019,80.28181902858253,0
grocery_pos,650.61,North Loup,NE,41.4972,-98.7858,509,"""Nurse, children's""",40.533717,-98.045026,2,2,4,39.58110882956879,123.85564285464372,1
health_fitness,98.26200000000001,Kansas City,MO,38.9621,-94.5959,545147,Counsellor,39.447937,-95.500048,2,4,1,31.129363449691997,94.80209225474924,0
home,238.716,Albuquerque,NM,35.0561,-106.5506,641349,Charity officer,35.137178,-107.289698,2,4,1,51.94524298425736,67.84306471190608,0
grocery_pos,381.67199999999997,Issaquah,WA,47.4974,-122.0107,50489,Osteopath,47.018375,-121.289235,21,1,1,34.85831622176591,76.16827626391793,0
entertainment,298.872,Arnold,MO,38.4305,-90.387,35439,Land/geomatics surveyor,37.637302,-90.967718,21,1,1,33.7741273100616,101.8127881096376,0
travel,15.012,Indian Wells,CA,33.7163,-116.3381,4677,Learning mentor,33.684161,-116.079511,23,3,1,63.68240930869268,24.18722444195152,0
travel,18.324,Phoenix,AZ,33.8155,-112.1202,1312922,Counselling psychologist,34.424236,-113.06184,23,3,10,20.876112251882272,109.97860453552516,1
personal_care,10.116,Mountain Center,CA,33.6401,-116.5567,1661,"""Therapist, music""",34.35041,-116.61518,2,6,1,30.33538672142368,79.16664933208752,0
shopping_net,1870.29,Malad City,ID,42.1808,-112.262,4154,Nature conservation officer,42.263597,-111.815526,22,4,11,58.79808350444901,37.89997451815023,1
entertainment,103.104,Carlotta,CA,40.507,-123.9743,1139,"""Therapist, occupational""",40.7214,-123.562583,23,6,1,67.97535934291581,42.14377568284549,0
grocery_pos,152.676,Shedd,OR,44.453,-123.1065,917,Radio broadcast assistant,43.509941,-123.832092,22,3,1,23.49075975359343,119.86040554016824,0
shopping_net,56.628,Woods Cross,UT,40.8874,-111.9027,13983,Insurance broker,40.887254,-112.761519,22,3,12,41.38261464750171,72.19476169578115,0
shopping_net,1905.2820000000002,Humboldt,AZ,34.5189,-112.2523,1179,"""Civil engineer, contracting""",34.213472,-111.270293,22,5,9,64.64887063655031,96.31951184769542,1
kids_pets,66.672,Meridian,ID,43.6498,-116.4306,84106,Intelligence analyst,43.090581,-115.964794,22,0,1,47.94250513347023,72.69278579091993,0
entertainment,109.962,Superior,AZ,33.2887,-111.0985,2872,Petroleum engineer,32.644091,-111.546792,0,1,12,33.17180013689254,82.98582067500561,0
travel,6.930000000000001,Freedom,WY,43.0172,-111.0292,471,"""Education officer, museum""",43.97906,-111.122623,23,2,1,51.43874058863792,107.21906227712634,0
grocery_pos,234.61200000000002,High Rolls Mountain Park,NM,32.9396,-105.8189,899,Naval architect,32.588901,-105.212546,0,4,1,51.36755646817249,68.81257000547468,0
food_dining,11.16,Sacramento,CA,38.5662,-121.3286,757530,Magazine features editor,39.124308,-120.68118,0,1,12,41.667351129363446,83.63558247910152,0
shopping_net,176.202,Athena,OR,45.8289,-118.4971,1302,Dealer,45.184811,-118.753388,2,5,1,42.21492128678987,74.35191269685795,0
shopping_net,2242.35,Yellowstone National Park,WY,44.7957,-110.6137,369,Materials engineer,44.925059,-110.660174,3,5,10,77.88364134154689,14.843139369050148,1
home,210.222,Azusa,CA,34.1248,-117.9031,59705,Civil Service fast streamer,33.555331,-117.913921,0,2,1,35.52908966461328,63.32994979703116,0
home,136.386,Kissee Mills,MO,36.6704,-93.0377,1201,"""Engineer, agricultural""",35.871544,-92.931185,1,3,12,40.78850102669404,89.34048243124055,0
shopping_pos,11.484,Sun City,CA,33.7467,-117.1721,54287,"""Designer, exhibition/display""",34.093613,-116.465007,2,0,12,48.26557152635181,75.79455043741575,0
health_fitness,63.75600000000001,Rocky Mount,MO,38.2911,-92.7059,1847,Tax inspector,37.557673,-93.601467,1,5,12,32.167008898015055,113.23086178803388,0
food_dining,127.22400000000002,Pueblo,CO,38.2352,-104.66,151815,Further education lecturer,37.597512,-105.379019,21,4,1,31.019849418206707,94.90059514213578,0
gas_transport,84.726,Llano,NM,36.1486,-105.6648,247,Architectural technologist,36.079112,-106.645856,3,0,1,57.242984257357975,88.464511036139,0
health_fitness,96.01200000000001,Sun City,CA,33.7467,-117.1721,54287,"""Designer, exhibition/display""",33.864227,-116.907516,22,5,1,46.30527036276523,27.72013056615208,0
kids_pets,51.426,Cascade Locks,OR,45.671,-121.8686,1288,Barrister,45.576768,-121.826665,23,3,1,82.67488021902807,10.97387127464862,0
grocery_pos,669.492,Azusa,CA,34.1248,-117.9031,59705,Civil Service fast streamer,33.692227,-118.47235,1,6,9,37.26488706365503,71.22669512928871,1
entertainment,50.49,Holstein,NE,40.4542,-98.6538,331,Telecommunications researcher,41.434114,-98.003344,23,0,12,70.36002737850787,121.88950015738472,0
health_fitness,17.028000000000002,Hatch,UT,37.7175,-112.4777,258,Geoscientist,37.622883,-113.188746,22,1,1,57.12251882272416,63.46101990102541,0
food_dining,168.28199999999998,Santa Monica,CA,34.0287,-118.4924,92043,"""Civil engineer, contracting""",33.262614,-118.850937,3,5,1,57.71663244353183,91.4216957915838,0
grocery_pos,230.99400000000003,Mesa,ID,44.6255,-116.4493,129,Cartographer,44.094731,-116.074905,21,3,1,53.05133470225873,66.09925821116725,0
entertainment,195.426,Luray,MO,40.4931,-91.8912,519,Town planner,40.410637,-92.471519,22,0,1,52.89801505817933,49.95177863940282,0
grocery_net,154.296,Meridian,ID,43.6498,-116.4306,84106,Intelligence analyst,42.767641,-116.306301,3,6,1,47.90143737166324,98.60750462090331,0
kids_pets,98.046,Kissee Mills,MO,36.6704,-93.0377,1201,"""Engineer, agricultural""",37.667528,-93.395741,2,6,12,40.77754962354552,115.32468436992131,0
entertainment,50.544,Scotts Mills,OR,44.9897,-122.6187,1252,"""Engineer, petroleum""",45.076555,-123.237753,21,3,12,83.87953456536619,49.59523656180638,0
personal_care,204.984,Littleton,CO,39.5994,-105.0044,320420,Water engineer,40.078463,-104.851134,2,6,1,43.43600273785079,54.85313209397359,0
misc_pos,448.164,Phoenix,AZ,33.5623,-112.0559,1312922,Contractor,33.935916,-111.98261,3,1,1,37.20739219712526,42.09318445162143,0
grocery_pos,371.484,Superior,AZ,33.2887,-111.0985,2872,Petroleum engineer,32.642667,-111.742112,21,4,12,33.16084873374401,93.624417956923,0
shopping_net,39.978,Newhall,CA,34.3795,-118.523,34882,Health physicist,33.620139,-118.732719,23,3,12,49.667351129363446,86.62200504168362,0
kids_pets,51.138,Tekoa,WA,47.2271,-117.0819,895,Clothing/textile technologist,46.281906,-116.40671,0,1,12,21.582477754962355,117.01165436679044,0
shopping_net,15.588000000000001,Iliff,CO,40.7692,-103.0968,648,Community arts worker,41.066143,-103.15392,21,1,1,49.31690622861054,33.36554925427176,0
food_dining,36.612,Redford,MO,37.3272,-91.0243,241,Investment analyst,37.522521,-90.667327,22,0,1,44.23545516769336,38.2802690553593,0
shopping_pos,5.742,Santa Monica,CA,34.0287,-118.4924,92043,"""Civil engineer, contracting""",34.287555,-118.896052,22,5,12,59.67145790554415,46.98872345493008,0
food_dining,114.858,Espanola,NM,35.9866,-106.0654,18408,Historic buildings inspector/conservation officer,36.116273,-106.923353,22,4,1,46.50239561943874,78.46577755410704,0
shopping_pos,5.958,Laguna Hills,CA,33.615,-117.7114,45303,Sales executive,32.997825,-116.772722,23,2,12,51.02258726899384,110.9902293977087,0
gas_transport,52.50600000000001,Llano,NM,36.1486,-105.6648,247,Architectural technologist,35.455537,-105.392573,0,0,12,59.17864476386037,80.88099034943339,0
food_dining,153.77400000000003,Burbank,WA,46.1966,-118.9017,3684,Musician,46.797306,-118.888003,22,5,12,39.07460643394935,66.80368720217601,0
grocery_net,54.162,Newberg,OR,45.3099,-122.9685,28278,Research scientist (physical sciences),44.337227,-122.527174,23,1,12,43.45242984257358,113.61854309570845,0
grocery_pos,131.05800000000002,Fort Washakie,WY,43.0048,-108.8964,1645,Information systems manager,43.276726,-109.182729,22,1,1,32.90896646132786,38.130954251315146,0
shopping_pos,228.204,Fiddletown,CA,38.5234,-120.6763,832,Immigration officer,39.101732,-120.295377,2,1,1,31.62217659137577,72.28225812515784,0
kids_pets,269.586,Sutherland,NE,41.1558,-101.136,1789,Insurance broker,41.595253,-100.648218,22,5,1,36.89801505817933,63.594672980683406,0
grocery_pos,391.644,Burbank,WA,46.1966,-118.9017,3684,Musician,46.75541,-118.55652,3,1,12,39.082819986310746,67.5250033346995,0
shopping_net,219.312,Sacramento,CA,38.5662,-121.3286,757530,Magazine features editor,37.825571,-121.739134,0,5,12,41.659137577002056,89.8289204244262,0
kids_pets,149.11200000000002,Saint Louis,MO,38.6171,-90.4504,927396,Occupational hygienist,39.495595,-91.302621,2,5,1,58.83641341546885,122.2976059473411,0
gas_transport,137.502,Cascade Locks,OR,45.671,-121.8686,1288,Barrister,45.008993,-122.541459,1,4,1,82.6776180698152,90.4668237687126,0
misc_net,10.53,Thompson,UT,38.9999,-109.615,46,"""Surveyor, minerals""",39.244044,-109.620388,22,1,1,31.731690622861056,27.151552813007434,0
gas_transport,124.344,Paradise Valley,AZ,33.5494,-111.9565,17047,Building surveyor,33.407974,-111.359838,1,0,12,85.91375770020534,57.5294028302404,0
shopping_net,1867.95,Sprague,NE,40.6267,-96.7456,142,Chiropodist,40.748964,-96.982935,22,5,7,52.88158795345654,24.192426273971435,1
personal_care,57.63600000000001,Littleton,CO,39.5994,-105.0044,320420,Water engineer,39.450281,-104.8044,21,0,1,43.47707049965777,23.857876458260844,0
health_fitness,99.61200000000001,Daly City,CA,37.6787,-122.478,107941,"""Buyer, industrial""",37.902444,-123.11347,22,3,1,27.26899383983573,61.13174738612429,0
kids_pets,43.452000000000005,Palmdale,CA,34.5715,-118.0231,171170,Chemical engineer,34.053336,-117.965484,22,3,1,55.58384668035592,57.859695226543415,0
entertainment,122.832,Meadville,MO,39.7795,-93.3014,964,Tourist information centre manager,40.382491,-93.321336,21,5,12,46.00958247775496,67.07098937326889,0
gas_transport,110.772,Mountain Center,CA,33.6401,-116.5567,1661,"""Therapist, music""",34.540864,-115.797947,21,4,12,32.26557152635181,122.12199566118124,0
entertainment,107.928,Arvada,CO,39.8422,-105.1097,122111,Hotel manager,38.990603,-104.204624,3,3,1,31.655030800821358,122.521072760447,0
shopping_net,1930.59,Superior,AZ,33.2887,-111.0985,2872,Petroleum engineer,34.034444,-111.978733,0,3,4,32.44900752908966,116.24395785164307,1
grocery_pos,259.326,Port Costa,CA,38.046,-122.1866,198,Armed forces training and education officer,38.275555,-121.24688,23,1,12,61.74948665297741,86.03333047173977,0
kids_pets,72.23400000000001,Fields Landing,CA,40.7268,-124.2174,276,"""Scientist, audiological""",41.078418,-125.1176,3,0,12,91.64681724845995,85.16110856409281,0
shopping_pos,10.044,Tomales,CA,38.2427,-122.9145,337,Occupational psychologist,38.665868,-123.789876,22,1,1,64.53114305270363,89.57831455186351,0
misc_net,27.936,Gardiner,OR,43.7857,-124.1437,260,"""Engineer, maintenance""",44.568379,-124.270806,23,6,1,62.38466803559206,87.61820909875794,0
misc_pos,84.042,Issaquah,WA,47.4974,-122.0107,50489,Osteopath,46.540623,-122.228592,2,5,12,36.824093086926766,107.6632647994822,0
food_dining,17.424,Pueblo,CO,38.2352,-104.66,151815,Further education lecturer,38.263521,-105.531273,1,6,1,31.04449007529089,76.14792924231685,0
grocery_net,84.294,Superior,AZ,33.2887,-111.0985,2872,Petroleum engineer,33.167709,-110.572709,23,5,1,31.189596167008897,50.72257292968956,0
shopping_pos,1557.198,Portland,OR,45.5303,-122.7033,841711,"""Engineer, building services""",44.819798,-121.749408,22,3,7,57.30321697467488,108.77566603645316,1
misc_net,84.15,Monitor,WA,47.4852,-120.4158,584,Medical technical officer,48.422868,-120.342096,21,6,1,49.83709787816564,104.40828121203953,0
home,48.366,High Rolls Mountain Park,NM,32.9396,-105.8189,899,Naval architect,32.464559,-105.22861,21,3,1,51.34565366187543,76.42535878975093,0
home,30.078000000000003,Wales,AK,64.7556,-165.6723,145,"""Administrator, education""",64.273084,-165.779181,22,6,1,79.15947980835044,53.89646066392385,0
shopping_net,2306.718,Monitor,WA,47.4852,-120.4158,584,Medical technical officer,46.508274,-120.177424,2,5,8,50.4476386036961,110.12309215358655,1
shopping_net,1551.222,Ashford,WA,46.7531,-121.9898,759,Video editor,46.07973,-121.163549,1,0,3,63.50171115674196,98.07137016308032,1
home,5.598,June Lake,CA,37.7773,-119.0825,633,Health service manager,38.41156,-118.269987,0,4,1,91.32101300479124,100.14703480884909,0
travel,17.676000000000002,Hooper,NE,41.6414,-96.5232,1745,"""Engineer, automotive""",41.246638,-95.882514,2,5,8,46.63655030800821,69.12735681596521,1
health_fitness,132.012,Moab,UT,38.5677,-109.5271,9772,Location manager,38.064246,-108.861222,22,2,1,29.144421629021217,80.6768017486455,0
misc_pos,53.712,Meadville,MO,39.7795,-93.3014,964,Tourist information centre manager,39.047318,-94.148179,22,1,1,44.04380561259411,109.17840309558518,0
shopping_net,336.852,Littleton,CO,39.5994,-105.0044,320420,Water engineer,39.501215,-105.325982,23,0,1,43.45790554414784,29.654830196340846,0
entertainment,109.962,Superior,AZ,33.2887,-111.0985,2872,Petroleum engineer,32.644091,-111.546792,3,1,12,33.17180013689254,82.98582067500561,0
personal_care,8.388,Weeping Water,NE,40.8731,-96.1528,1517,Dealer,41.145464,-95.360323,1,4,12,69.13073237508556,73.0668597408741,0
home,52.74,North Loup,NE,41.4972,-98.7858,509,"""Nurse, children's""",41.503595,-98.537195,2,5,12,40.27926078028747,20.715917164915457,0
shopping_net,1770.084,Stayton,OR,44.8021,-122.7624,9587,"""Engineer, biomedical""",45.402624,-122.059475,22,2,11,52.6735112936345,86.61702942738816,1
personal_care,91.566,Yellowstone National Park,WY,44.7957,-110.6137,369,Materials engineer,44.220609,-111.080149,2,6,10,77.88637919233402,73.8740054844022,1
shopping_pos,7.128,Greenview,CA,41.5403,-122.9366,308,Call centre manager,41.480759,-122.179744,21,6,12,62.26967830253251,63.36737943014137,0
gas_transport,78.714,San Diego,CA,33.0067,-117.069,1241364,"""Pharmacist, hospital""",32.291042,-117.070753,22,3,1,58.84188911704312,79.57770805792566,0
personal_care,140.346,Jordan Valley,OR,42.8801,-117.281,641,Economist,43.767823,-117.020298,0,1,1,25.12251882272416,100.93775690876372,0
misc_net,15.3,Norwalk,CA,33.9056,-118.0818,105549,Firefighter,33.144429,-117.381116,21,3,12,47.27446954140999,106.68725051313754,0
food_dining,89.676,Cascade Locks,OR,45.671,-121.8686,1288,Barrister,45.295721,-122.153876,3,0,12,84.65982203969884,47.285747983508855,0
home,73.53,Weeping Water,NE,40.8731,-96.1528,1517,Dealer,41.480093,-96.200274,3,5,1,67.17864476386038,67.61138950417164,0
grocery_pos,189.882,Nelson,NE,40.201,-98.0684,732,Television/film/video producer,40.980013,-98.121802,0,1,1,62.06981519507187,86.73957428834248,0
misc_pos,14.796000000000001,Louisiana,MO,39.4336,-91.0664,4593,"""Teacher, early years/pre""",39.39776,-91.879848,23,3,4,79.46611909650925,69.99234212295968,1
misc_pos,24.084000000000003,Issaquah,WA,47.4974,-122.0107,50489,Osteopath,47.996962,-121.780825,21,2,1,34.841889117043124,58.14686191703326,0
shopping_pos,1327.986,Brashear,MO,40.1959,-92.4333,805,Private music teacher,40.932816,-91.672178,1,1,12,49.492128678986994,104.15295105611138,1
gas_transport,92.322,North Loup,NE,41.4972,-98.7858,509,"""Nurse, children's""",40.779723,-98.77379,0,6,12,40.28199863107461,79.78614148537017,0
entertainment,6.822,Freedom,WY,43.0172,-111.0292,471,"""Education officer, museum""",42.257656,-111.084958,2,3,12,53.4154688569473,84.5805018480043,0
entertainment,12.258,Santa Monica,CA,34.0287,-118.4924,92043,"""Civil engineer, contracting""",33.458302,-117.876838,1,2,1,57.68925393566051,85.21831350703779,0
misc_pos,14.22,Ruidoso,NM,33.3305,-105.6933,8874,Licensed conveyancer,33.231494,-105.387103,21,4,9,20.109514031485283,30.518208351538917,1
kids_pets,85.158,Paauilo,HI,20.0271,-155.3697,1490,"""Scientist, research (maths)""",20.46735,-155.262393,21,6,12,29.70841889117043,50.217247596779565,0
grocery_net,41.346,San Jose,CA,37.3304,-121.7913,973849,Geoscientist,37.204416,-121.483531,2,2,12,23.94798083504449,30.626409083299297,0
misc_net,1369.44,Luray,MO,40.4931,-91.8912,519,Town planner,40.540347,-90.962663,22,5,8,54.521560574948666,78.6665330719909,1
home,14.22,Glendale,CA,34.1556,-118.2322,172817,Advertising account planner,34.793221,-119.130143,3,2,1,36.46543463381246,108.63616715355148,0
gas_transport,78.084,Matthews,MO,36.7154,-89.6287,1019,Aeronautical engineer,36.633173,-90.510471,21,6,12,41.9192334017796,79.16861326292027,0
misc_net,5.958,Hawthorne,CA,33.9143,-118.3493,93193,"""Editor, magazine features""",32.946811,-119.343394,2,5,12,25.689253935660503,141.71443872118357,0
gas_transport,99.288,Gardiner,OR,43.7857,-124.1437,260,"""Engineer, maintenance""",44.655857,-123.629074,3,5,12,64.31759069130733,105.0885627561512,0
shopping_pos,16.56,Gardiner,OR,43.7857,-124.1437,260,"""Engineer, maintenance""",44.074772,-124.138915,0,0,1,62.38740588637919,32.145623761749775,0
shopping_pos,6.372,Fullerton,NE,41.366,-98.0054,1749,"""Surveyor, mining""",41.158853,-98.321708,21,1,12,47.64681724845996,35.06487472855158,0
health_fitness,139.86,Laramie,WY,41.4247,-105.4781,35371,"""Pilot, airline""",41.397743,-106.314707,3,0,12,32.32032854209446,69.83221121759647,0
personal_care,86.346,Huslia,AK,65.6899,-156.292,277,"""Engineer, civil (consulting)""",66.255262,-155.819591,22,0,5,54.548939082819984,66.40382737118642,1
kids_pets,176.328,Cardwell,MO,36.0434,-90.2907,1120,Television floor manager,36.739953,-89.332348,0,1,1,61.70841889117043,115.57339257331776,0
misc_pos,59.598,Fiddletown,CA,38.5234,-120.6763,832,Immigration officer,38.877247,-120.342656,3,5,12,33.607118412046546,48.85080655084624,0
shopping_pos,253.638,Syracuse,MO,38.6547,-92.8929,628,"""Radiographer, diagnostic""",38.580656,-93.328863,2,0,12,59.0280629705681,38.760818775894215,0
home,109.044,Helm,CA,36.4992,-120.0936,123,Early years teacher,36.084451,-120.22529,21,3,12,47.87679671457906,47.60430163158924,0
grocery_pos,282.79800000000006,Gardiner,OR,43.7857,-124.1437,260,"""Engineer, maintenance""",44.45595,-124.861881,2,0,1,62.38740588637919,94.0256153722652,0
shopping_pos,210.51000000000002,Carroll,NE,42.277,-97.1926,566,Metallurgist,42.168113,-96.742042,22,4,1,43.95893223819302,39.02648961974006,0
kids_pets,32.976,Camden,MO,39.2048,-94.0259,464,Colour technologist,38.379573,-94.753767,2,0,12,61.58795345653662,111.35213710697528,0
gas_transport,147.636,Port Costa,CA,38.046,-122.1866,198,Armed forces training and education officer,38.661132,-122.135668,1,0,1,59.81108829568789,68.54358630238028,0
grocery_pos,332.604,Napa,CA,38.4549,-122.2564,94014,Airline pilot,37.594145,-121.654659,23,3,12,35.36208076659822,109.26457059695387,0
misc_net,297.82800000000003,Luray,MO,40.4931,-91.8912,519,Town planner,39.92037,-91.376766,23,6,12,54.86926762491444,77.22827583317431,0
misc_pos,10.98,Rocky Mount,MO,38.2911,-92.7059,1847,Tax inspector,38.584293,-93.104308,21,6,12,32.16974674880219,47.61260980152593,0
grocery_pos,209.66400000000002,Greenview,CA,41.5403,-122.9366,308,Call centre manager,42.524219,-122.15704,3,0,12,62.27241615331965,126.94469034473204,0
shopping_net,10.962,Mound City,MO,40.1362,-95.2138,1631,Architect,39.704492,-94.802019,22,1,1,65.98494182067077,59.47694400756029,0
food_dining,26.964000000000002,Fields Landing,CA,40.7268,-124.2174,276,"""Scientist, audiological""",40.866766,-123.5444,23,0,12,91.64681724845995,58.75061236393152,0
kids_pets,17.316,Blairstown,MO,38.5319,-93.9221,467,Agricultural consultant,38.505983,-94.687893,0,0,12,70.59000684462697,66.68545899643236,0
gas_transport,125.42400000000002,Fiddletown,CA,38.5234,-120.6763,832,Immigration officer,38.203228,-121.517359,1,0,12,33.61259411362081,81.51432329488473,0
shopping_pos,24.246000000000002,Wheaton,MO,36.7651,-94.0492,760,Production manager,36.627466,-94.313003,0,4,12,35.318275154004105,28.060846848149637,0
kids_pets,10.098,Mesa,ID,44.6255,-116.4493,129,Cartographer,45.194906,-116.264604,0,3,1,53.07049965776865,64.96414485769857,0
gas_transport,153.234,Syracuse,MO,38.6547,-92.8929,628,"""Radiographer, diagnostic""",39.226534,-93.842781,1,3,12,59.0362765229295,103.88390935031472,0
shopping_net,1828.278,Paradise Valley,AZ,33.5494,-111.9565,17047,Building surveyor,33.919641,-111.911523,3,0,10,85.72210814510609,41.37847366082404,1
home,113.778,Superior,AZ,33.2887,-111.0985,2872,Petroleum engineer,32.761697,-110.297517,23,0,12,33.16906228610541,94.9221543201087,0
grocery_pos,552.762,Wales,AK,64.7556,-165.6723,145,"""Administrator, education""",64.909145,-164.712087,2,5,1,79.15674195756331,48.50946483225814,1
entertainment,106.146,Red River,NM,36.6659,-105.4694,606,"""Surveyor, land/geomatics""",37.052823,-105.207537,2,4,12,32.30116358658453,48.92668567016992,0
grocery_net,68.13000000000001,Daly City,CA,37.6787,-122.478,107941,"""Buyer, industrial""",37.85135,-122.963447,3,2,12,29.240246406570844,46.79167407951875,0
entertainment,17.244,Humboldt,AZ,34.5189,-112.2523,1179,"""Civil engineer, contracting""",35.466035,-111.546885,3,1,12,65.94113620807666,123.37163777117648,0
gas_transport,90.91799999999999,Luray,MO,40.4931,-91.8912,519,Town planner,40.790045,-92.715365,2,1,12,54.87474332648871,76.97911564196097,0
misc_pos,154.044,North Loup,NE,41.4972,-98.7858,509,"""Nurse, children's""",41.993383,-99.493314,22,0,12,40.284736481861735,80.55705298684848,0
grocery_net,94.536,Colton,WA,46.5901,-117.1692,761,Chief Marketing Officer,47.474216,-117.313177,2,6,12,77.49486652977413,98.91289216215236,0
kids_pets,35.244,Kansas City,MO,38.9621,-94.5959,545147,Counsellor,39.281459,-95.272647,2,2,3,31.29637234770705,68.33177550711953,1
misc_pos,2.628,Carlotta,CA,40.507,-123.9743,1139,"""Therapist, occupational""",39.961027,-123.071568,23,4,1,67.98904859685148,97.76358890588472,0
travel,16.092,Sutherland,NE,41.1558,-101.136,1789,Insurance broker,42.079499,-101.253269,1,5,12,38.87200547570158,103.17218917961732,0
misc_net,45.342000000000006,Port Costa,CA,38.046,-122.1866,198,Armed forces training and education officer,38.385483,-123.039156,22,0,12,61.74674880219028,83.50215338135305,0
personal_care,147.798,Meadville,MO,39.7795,-93.3014,964,Tourist information centre manager,39.576606,-94.025218,0,0,1,44.07939767282683,65.9249952282491,0
gas_transport,18.252000000000002,Louisiana,MO,39.4336,-91.0664,4593,"""Teacher, early years/pre""",38.922426,-91.590025,2,4,5,79.46885694729637,72.58021294778025,1
grocery_pos,473.66999999999996,San Jose,CA,37.3304,-121.7913,973849,Geoscientist,36.530422,-122.774638,22,4,6,22.40109514031485,124.70707515785884,1
personal_care,147.222,Vancouver,WA,45.6892,-122.6616,299480,Teaching laboratory technician,45.260214,-122.456348,23,2,12,35.9917864476386,50.314167913510126,0
misc_pos,218.736,Lakeport,CA,39.047,-122.9328,11256,Podiatrist,38.804433,-123.708137,2,3,12,48.20260095824778,72.29069576784411,0
home,172.998,Albuquerque,NM,35.0561,-106.5506,641349,Charity officer,34.106858,-105.693551,0,6,1,51.950718685831625,131.51765697990865,0
shopping_net,163.476,Laramie,WY,41.4247,-105.4781,35371,"""Pilot, airline""",42.165003,-105.491374,3,0,12,32.32032854209446,82.3252921633114,0
home,476.352,Altonah,UT,40.3207,-110.436,302,"""Sales professional, IT""",40.532013,-110.541338,21,5,6,30.42299794661191,25.13182375319263,1
home,5.562,Browning,MO,40.029,-93.1607,602,Cytogeneticist,40.639066,-92.819158,2,0,12,66.45859000684463,73.75514988255888,0
gas_transport,31.14,Mendon,UT,41.71,-111.9817,2078,"""Scientist, audiological""",41.71811,-112.76323,2,4,2,56.71184120465435,64.87634088357623,1
misc_pos,100.38600000000001,Arnold,MO,38.4305,-90.387,35439,Land/geomatics surveyor,39.234913,-91.239311,3,2,12,35.75085557837098,115.97706842505964,0
entertainment,56.556000000000004,Espanola,NM,35.9866,-106.0654,18408,Historic buildings inspector/conservation officer,36.043289,-107.049349,22,4,1,46.50239561943874,88.72170873277267,0
kids_pets,12.834,Fort Washakie,WY,43.0048,-108.8964,1645,Information systems manager,43.410158,-109.631996,3,4,1,32.89801505817933,74.73896917485038,0
food_dining,61.974000000000004,Glendale,CA,34.1556,-118.2322,172817,Advertising account planner,33.762788,-118.191881,23,3,1,36.46817248459959,43.836704868735474,0
home,64.72800000000001,Conway,WA,48.34,-122.3456,85,"""Research officer, political party""",49.080255,-121.827026,23,4,1,34.379192334017795,90.68105580310969,0
grocery_pos,522.3960000000001,Paradise Valley,AZ,33.5494,-111.9565,17047,Building surveyor,32.770502,-112.705486,23,0,10,85.72210814510609,111.18434830139664,1
shopping_net,13.824,Rocky Mount,MO,38.2911,-92.7059,1847,Tax inspector,38.909169,-92.45964,1,1,1,30.220396988364133,71.98082008407147,0
gas_transport,219.87,Colorado Springs,CO,38.8881,-104.6556,525713,Museum/gallery exhibitions officer,39.184042,-104.745413,1,5,12,28.63244353182752,33.809182915909055,0
personal_care,33.912,Thompson,UT,38.9999,-109.615,46,"""Surveyor, minerals""",39.548209,-109.328729,0,0,1,31.74811772758385,65.76055422389653,0
health_fitness,156.438,Kansas City,MO,38.9621,-94.5959,545147,Counsellor,39.314553,-93.929669,21,1,1,31.159479808350444,69.55194139446243,0
personal_care,96.12,Albuquerque,NM,35.1506,-106.569,641349,Civil Service administrator,35.018097,-105.693076,3,0,12,44.71457905544148,81.0517890069278,0
kids_pets,38.214,Hooper,NE,41.6414,-96.5232,1745,"""Engineer, automotive""",41.436458,-96.83658,22,2,1,45.01848049281314,34.63547179193067,0
personal_care,15.966,Ballwin,MO,38.577,-90.5255,92608,"""Engineer, communications""",39.172216,-89.936134,21,0,1,17.489390828199863,83.5668478980343,0
grocery_pos,196.578,Meadville,MO,39.7795,-93.3014,964,Tourist information centre manager,40.181008,-92.760015,1,5,1,44.054757015742645,64.19542534678423,0
home,32.238,Ruidoso,NM,33.3305,-105.6933,8874,Licensed conveyancer,33.272984,-105.004163,23,3,12,20.3750855578371,64.36382539959057,0
personal_care,21.492,Moriarty,NM,34.9889,-106.0609,7268,"""Therapist, art""",35.884496,-105.278846,1,6,1,30.442162902121837,122.21694656328994,0
shopping_net,1628.6760000000002,Mound City,MO,40.1362,-95.2138,1631,Architect,39.693672,-96.181072,3,0,9,67.6495550992471,96.05505720186328,1
shopping_net,7.632000000000001,Mountain Center,CA,33.6401,-116.5567,1661,"""Therapist, music""",34.186108,-116.499498,21,2,1,30.305270362765228,60.94234709240655,0
misc_net,12.618,Phoenix,AZ,33.8155,-112.1202,1312922,Counselling psychologist,32.843788,-111.705021,22,3,1,19.132101300479125,114.72769362334692,0
kids_pets,9.306000000000001,Fullerton,NE,41.366,-98.0054,1749,"""Surveyor, mining""",41.25964,-97.014764,0,1,12,47.64681724845996,83.57875502204776,0
shopping_net,1695.6000000000001,La Grande,OR,45.3304,-118.0852,16955,"""Engineer, site""",44.4009,-118.984081,2,3,2,57.64544832306639,125.3013822717759,1
misc_net,6.3,Arnold,MO,38.4305,-90.387,35439,Land/geomatics surveyor,38.606136,-89.990979,1,1,12,35.748117727583846,39.60396283932228,0
grocery_pos,663.21,Burlington,WA,48.4786,-122.3345,14871,Public house manager,47.882096,-123.191171,23,1,6,46.26967830253251,91.83446971184756,1
grocery_pos,158.994,Portland,OR,45.5303,-122.7033,841711,"""Engineer, building services""",45.251157,-122.847162,1,4,12,57.72758384668035,33.0096767767356,0
home,12.744,Monitor,WA,47.4852,-120.4158,584,Medical technical officer,47.19593,-120.000633,3,5,12,51.7700205338809,44.868865723963886,0
health_fitness,144.756,Kansas City,MO,38.9621,-94.5959,545147,Counsellor,38.278169,-93.865895,0,3,1,31.145790554414784,99.02294144131722,0
gas_transport,99.018,June Lake,CA,37.7773,-119.0825,633,Health service manager,38.580258,-118.918543,3,1,12,93.305954825462,90.42765829715384,0
grocery_pos,94.536,Moab,UT,38.5677,-109.5271,9772,Location manager,38.195456,-108.947118,2,0,12,31.093771389459278,65.3372060369382,0
misc_net,19.908,Burbank,WA,46.1966,-118.9017,3684,Musician,45.958045,-118.002061,23,2,12,39.08555783709788,74.28974855890861,0
kids_pets,85.932,Matthews,MO,36.7154,-89.6287,1019,Aeronautical engineer,37.660225,-90.208169,22,4,1,39.97809719370294,116.92879769690263,0
personal_care,136.134,Littleton,CO,39.5994,-105.0044,320420,Water engineer,38.833804,-104.520804,2,6,1,43.45516769336072,94.77757183134987,0
kids_pets,35.712,Hatch,UT,37.7175,-112.4777,258,Geoscientist,38.208483,-112.362635,22,4,12,59.08555783709788,55.518899081389215,0
gas_transport,111.33,Conway,WA,48.34,-122.3456,85,"""Research officer, political party""",48.754158,-121.62228,23,0,1,34.36824093086927,70.39693105909777,0
travel,14.868,Phoenix,AZ,33.8155,-112.1202,1312922,Counselling psychologist,32.821657,-112.339144,22,0,1,19.123887748117728,112.36712929062494,0
kids_pets,114.066,Manley,NE,40.9207,-96.168,206,Human resources officer,40.920903,-97.115247,1,0,12,53.23477070499658,79.58790755791384,0
personal_care,134.334,Meridian,ID,43.6498,-116.4306,84106,Intelligence analyst,42.765263,-117.361249,23,0,12,49.87816563997262,123.94616020792056,0
gas_transport,127.42200000000001,Indian Wells,CA,33.7163,-116.3381,4677,Learning mentor,33.059388,-116.068979,1,6,1,63.709787816564,77.20044365391831,0
entertainment,2.07,Eugene,OR,44.0385,-123.0614,191096,"""Scientist, physiological""",44.501191,-122.196024,3,5,1,54.76796714579056,85.99125180288573,0
health_fitness,88.506,Superior,AZ,33.2887,-111.0985,2872,Petroleum engineer,33.682102,-111.979559,2,0,1,31.23340177960301,92.68128558163777,0
entertainment,7.901999999999999,Napa,CA,38.4549,-122.2564,94014,Airline pilot,37.485998,-122.01653,3,6,1,33.4154688569473,109.769503868845,0
health_fitness,14.202,Blairsden-Graeagle,CA,39.8127,-120.6405,1725,Chartered legal executive (England and Wales),39.546691,-120.407583,21,0,12,53.59069130732375,35.668164960268484,0
personal_care,62.532000000000004,Altonah,UT,40.3207,-110.436,302,"""Sales professional, IT""",40.453968,-110.96854,0,2,1,28.95824777549624,47.4754156401326,0
personal_care,109.026,Luray,MO,40.4931,-91.8912,519,Town planner,41.383097,-90.926382,22,0,12,54.87200547570158,127.91106855314575,0
grocery_pos,74.538,Glendale,CA,34.1556,-118.2322,172817,Advertising account planner,34.960676,-118.175196,3,0,12,38.41478439425051,89.67242983718694,0
entertainment,19.278000000000002,Howells,NE,41.6964,-96.9858,1063,Research scientist (maths),41.129319,-97.910994,1,0,12,92.73921971252568,99.64245305856342,0
misc_pos,12.33,Freedom,WY,43.0172,-111.0292,471,"""Education officer, museum""",43.753735,-111.454923,23,1,1,51.41683778234086,88.83098358559229,0
gas_transport,101.754,Ballwin,MO,38.577,-90.5255,92608,"""Engineer, communications""",39.459363,-90.170693,0,0,1,17.489390828199863,102.79077146335187,0
food_dining,161.964,Espanola,NM,35.9866,-106.0654,18408,Historic buildings inspector/conservation officer,36.232257,-105.896423,1,3,1,46.46132785763176,31.250268508118392,0
grocery_pos,94.374,Sacramento,CA,38.5662,-121.3286,757530,Magazine features editor,37.68816,-121.826301,0,4,12,41.65639972621492,106.89918824153956,0
entertainment,15.426,Orient,WA,48.8878,-118.2105,149,Special educational needs teacher,49.051127,-117.644437,0,6,12,42.51882272416153,45.13472617905564,0
grocery_pos,516.744,Indian Wells,CA,33.7163,-116.3381,4677,Learning mentor,34.590151,-115.464876,21,6,5,64.99383983572895,126.08632716913338,1
health_fitness,41.49,Superior,AZ,33.2887,-111.0985,2872,Petroleum engineer,32.502321,-110.566641,0,3,4,32.44900752908966,100.55735052986452,1
personal_care,146.75400000000002,Newhall,CA,34.3795,-118.523,34882,Health physicist,33.91462,-118.660667,23,3,12,49.667351129363446,53.2220790456483,0
entertainment,8.226,Red River,NM,36.6659,-105.4694,606,"""Surveyor, land/geomatics""",36.584702,-104.629604,2,3,1,30.34360027378508,75.48500955344718,0
home,93.726,Meridian,ID,43.6498,-116.4306,84106,Intelligence analyst,43.522493,-116.231137,3,0,12,49.87816563997262,21.412210436380327,0
misc_pos,62.910000000000004,Sun City,CA,33.7467,-117.1721,54287,"""Designer, exhibition/display""",34.338676,-117.01876,2,5,12,48.26009582477755,67.32388298670247,0
shopping_pos,16.452,Conway,WA,48.34,-122.3456,85,"""Research officer, political party""",48.869213,-121.83423,21,0,1,34.36824093086927,69.83214256677256,0
grocery_pos,561.456,Wales,AK,64.7556,-165.6723,145,"""Administrator, education""",64.79501,-165.670735,2,5,1,79.15674195756331,4.382819553797527,1
personal_care,183.132,Phoenix,AZ,33.5623,-112.0559,1312922,Contractor,34.149154,-112.04887,23,2,1,37.19096509240247,65.25841623955306,0
shopping_pos,5.598,Daly City,CA,37.6787,-122.478,107941,"""Buyer, industrial""",37.74377,-122.072367,23,5,1,27.274469541409992,36.40836131503878,0
home,115.848,Moab,UT,38.5677,-109.5271,9772,Location manager,38.311953,-109.425229,3,1,12,31.096509240246405,29.789700161884934,0
personal_care,29.952,Oakland,CA,37.7878,-122.1884,381459,Barista,37.721995,-121.77518,3,1,12,46.98699520876112,37.05772322321302,0
kids_pets,29.574,Redford,MO,37.3272,-91.0243,241,Investment analyst,37.641772,-90.491768,21,0,1,44.19712525667351,58.57793145644019,0
misc_net,13.464,Centerview,MO,38.7897,-93.8702,2368,Electronics engineer,39.489594,-94.337661,23,6,12,31.44695414099932,87.64682295322915,0
shopping_pos,1178.316,Freedom,WY,43.0172,-111.0292,471,"""Education officer, museum""",43.973646,-111.336588,2,0,6,52.851471594798085,109.2038572122513,1
shopping_pos,126.37799999999999,Owensville,MO,38.3511,-91.4867,6703,Naval architect,37.843931,-92.128228,0,0,1,20.673511293634498,79.57209198491884,0
grocery_pos,543.114,Seligman,MO,36.5276,-93.9359,2693,"""Engineer, biomedical""",36.064509,-94.480708,22,5,10,52.65982203969884,70.96095790047096,1
shopping_pos,14.274,Kirtland Afb,NM,35.0203,-106.5503,310,"""Surveyor, land/geomatics""",34.17584,-106.221827,0,2,1,40.276522929500345,98.59530145944808,0
shopping_net,1679.4,Arnold,MO,38.4305,-90.387,35439,Land/geomatics surveyor,37.932265,-90.985545,3,1,3,33.946611909650926,76.19855846183101,1
shopping_pos,10.674,Cascade Locks,OR,45.671,-121.8686,1288,Barrister,45.679638,-122.821303,22,0,12,84.65982203969884,74.02558778106368,0
shopping_pos,1918.2240000000002,Bay City,OR,45.5197,-123.8761,1530,Colour technologist,44.91285,-123.66887,2,1,3,33.31143052703628,69.40346416407301,1
kids_pets,208.638,Vancouver,WA,45.6892,-122.6616,299480,Teaching laboratory technician,44.88403,-122.369633,2,1,12,35.98904859685147,92.39835471793668,0
grocery_pos,509.77799999999996,Moab,UT,38.5677,-109.5271,9772,Location manager,37.870377,-110.193522,3,5,5,29.47843942505133,96.96169895067848,1
misc_pos,315.306,Phoenix,AZ,33.5623,-112.0559,1312922,Contractor,33.970023,-113.027818,23,6,12,39.175906913073234,100.63226579853388,0
gas_transport,130.194,Dumont,CO,39.7532,-105.6356,565,Mental health nurse,38.767399,-104.905874,22,6,12,42.33538672142368,126.34289119411272,0
misc_net,13.356,Browning,MO,40.029,-93.1607,602,Cytogeneticist,40.940923,-93.636494,0,1,12,66.46132785763176,109.0929279420956,0
shopping_net,14.292000000000002,Ruidoso,NM,33.3305,-105.6933,8874,Licensed conveyancer,34.164088,-105.366387,0,1,1,18.39561943874059,97.4942794989538,0
gas_transport,153.738,Fort Washakie,WY,43.0048,-108.8964,1645,Information systems manager,42.816514,-109.838459,23,4,12,34.85284052019165,79.52704358075559,0
shopping_pos,34.542,Lake Oswego,OR,45.4093,-122.6847,42817,Planning and development surveyor,45.764615,-122.650122,2,3,1,36.62149212867899,39.60074468709845,0
gas_transport,117.576,Sutherland,NE,41.1558,-101.136,1789,Insurance broker,40.691201,-101.703192,2,0,12,38.87748117727584,70.28306044008546,0
health_fitness,52.614000000000004,Mound City,MO,40.1362,-95.2138,1631,Architect,39.854913,-95.781054,22,0,1,66.00136892539356,57.56114560345049,0
grocery_pos,171.216,Matthews,MO,36.7154,-89.6287,1019,Aeronautical engineer,36.63074,-90.363765,2,3,12,41.93018480492813,66.22875812450744,0
gas_transport,127.31400000000001,Matthews,MO,36.7154,-89.6287,1019,Aeronautical engineer,35.768686,-89.22903,22,2,12,41.927446954141,111.20421510313966,0
grocery_pos,302.562,Issaquah,WA,47.4974,-122.0107,50489,Osteopath,48.122713,-121.788032,23,1,12,36.83230663928816,71.49220089583275,0
kids_pets,78.966,San Jose,CA,37.3304,-121.7913,973849,Geoscientist,37.314651,-122.104548,21,6,12,23.939767282683093,27.754593880657843,0
home,42.84,Gardiner,OR,43.7857,-124.1437,260,"""Engineer, maintenance""",44.563296,-124.470072,23,3,12,64.33127994524298,90.29726856228848,0
gas_transport,130.104,Parker,CO,39.5102,-104.7216,84861,Materials engineer,40.448668,-104.63093,3,1,1,86.81177275838466,104.63844749244886,0
personal_care,296.604,Azusa,CA,34.1248,-117.9031,59705,Civil Service fast streamer,34.332894,-117.027834,0,1,12,37.51950718685831,83.7286339802656,0
grocery_pos,179.06400000000002,Alva,WY,44.6873,-104.4414,110,"""Administrator, local government""",44.608675,-103.789965,1,4,1,45.637234770705,52.27007857688087,0
food_dining,13.788,Freedom,WY,43.0172,-111.0292,471,"""Education officer, museum""",42.219547,-110.456128,21,1,12,53.40999315537303,100.32719959120072,0
shopping_net,3.294,Brainard,NE,41.1832,-96.9882,614,Associate Professor,40.411725,-97.142743,1,6,1,51.5482546201232,86.7648468375685,0
personal_care,133.14600000000002,Dumont,CO,39.7532,-105.6356,565,Mental health nurse,38.776687,-105.206947,23,2,12,42.34360027378508,114.68237566040573,0
personal_care,41.904,Wheaton,MO,36.7651,-94.0492,760,Production manager,36.144123,-94.10011,2,1,1,33.33607118412046,69.19944983763712,0
gas_transport,84.744,High Rolls Mountain Park,NM,32.9396,-105.8189,899,Naval architect,33.33236,-104.835644,3,1,1,51.34017796030116,101.43526385311304,0
health_fitness,5.148,Red River,NM,36.6659,-105.4694,606,"""Surveyor, land/geomatics""",36.93847,-105.31482,0,0,12,32.309377138945926,33.28690461422644,0
misc_net,1450.728,Louisiana,MO,39.4336,-91.0664,4593,"""Teacher, early years/pre""",40.01427,-90.374036,21,4,5,79.46885694729637,87.60763643422774,1
shopping_pos,219.78,Lonetree,WY,41.0552,-110.1603,49,Research scientist (physical sciences),41.182795,-110.091209,0,5,1,37.503080082135526,15.322975103317706,0
home,310.40999999999997,Moriarty,NM,34.9889,-106.0609,7268,"""Therapist, art""",35.065604,-105.092442,21,4,1,30.43668720054757,88.59428985417664,0
grocery_pos,468.19800000000004,Broomfield,CO,39.8854,-105.1139,92337,"""Engineer, electronics""",39.786029,-105.504504,0,2,5,52.5886379192334,35.134361275188176,1
personal_care,39.132,Redford,MO,37.3272,-91.0243,241,Investment analyst,37.634788,-90.320325,21,1,12,46.17385352498289,70.91141223723727,0
home,93.69,Daly City,CA,37.6787,-122.478,107941,"""Buyer, industrial""",37.751204,-123.190272,1,1,12,29.23750855578371,63.16949484772112,0
shopping_pos,501.318,Palmdale,CA,34.5715,-118.0231,171170,Chemical engineer,33.897189,-118.99228,23,2,12,57.57426420260096,116.44692427668612,0
gas_transport,98.172,Fort Washakie,WY,43.0048,-108.8964,1645,Information systems manager,43.037391,-108.51779,22,1,12,34.86379192334018,30.99164205372888,0
shopping_pos,264.834,Colorado Springs,CO,38.8881,-104.6556,525713,Museum/gallery exhibitions officer,39.86814,-105.441183,21,1,1,26.666666666666668,128.19696630576823,0
shopping_net,12.96,Sun City,CA,33.7467,-117.1721,54287,"""Designer, exhibition/display""",34.169352,-116.491759,3,1,1,46.2943189596167,78.3961539640795,0
home,217.188,Newhall,CA,34.3795,-118.523,34882,Health physicist,33.806557,-118.040089,2,4,1,47.73442847364819,77.69256714748853,0
home,51.443999999999996,Sixes,OR,42.825,-124.4409,217,Retail merchandiser,43.144931,-124.052095,2,1,1,90.28884325804243,47.60022152360936,0
kids_pets,214.27200000000002,Oakland,CA,37.7878,-122.1884,381459,Barista,36.820736,-121.361438,21,1,12,46.98699520876112,130.04902654012602,0
misc_net,2.646,Holstein,NE,40.4542,-98.6538,331,Telecommunications researcher,41.14486,-99.38762,23,1,1,68.36960985626284,98.5553365603656,0
home,93.348,Laramie,WY,41.4247,-105.4781,35371,"""Pilot, airline""",41.613307,-105.380634,3,1,1,30.32991101984942,22.487266263187603,0
shopping_net,3.33,Glendale,CA,34.1556,-118.2322,172817,Advertising account planner,34.589111,-117.320446,1,0,12,38.41478439425051,96.5701819595091,0
home,23.13,Phoenix,AZ,33.5623,-112.0559,1312922,Contractor,33.192198,-111.720255,21,4,12,39.17043121149897,51.62307006531286,0
health_fitness,22.158,Roseland,NE,40.4591,-98.5551,463,"""Nurse, mental health""",40.129257,-99.536855,21,1,12,72.58042436687201,90.98396129814066,0
entertainment,84.996,Lakeport,CA,39.047,-122.9328,11256,Podiatrist,38.257723,-123.235624,22,6,1,46.25598904859685,91.6183619386641,0
home,3.168,Lowell,OR,43.921,-122.7806,1420,Systems analyst,44.374716,-123.557607,3,3,12,55.11841204654346,79.92877644284452,0
grocery_net,128.502,Centerview,MO,38.7897,-93.8702,2368,Electronics engineer,38.447013,-94.764144,22,5,1,29.508555783709788,86.50852500807457,0
kids_pets,120.13199999999999,Los Angeles,CA,34.0443,-118.2509,2383912,"""Journalist, newspaper""",34.608771,-119.249346,3,5,1,59.60301163586585,111.11138389617768,0
grocery_pos,291.834,Superior,AZ,33.2887,-111.0985,2872,Petroleum engineer,33.35186,-111.24342,1,1,12,33.17180013689254,15.186830025980964,0
home,125.85600000000001,Sacramento,CA,38.5662,-121.3286,757530,Magazine features editor,37.595786,-120.413455,3,1,1,39.71252566735113,134.38327080772754,0
grocery_net,147.24,Colorado Springs,CO,38.8881,-104.6556,525713,Museum/gallery exhibitions officer,39.781597,-105.58894,2,2,12,28.643394934976044,127.72588745162078,0
health_fitness,58.932,Laguna Hills,CA,33.615,-117.7114,45303,Sales executive,33.050581,-117.466847,23,6,12,51.01437371663244,66.74619613910316,0
misc_net,12.762,Port Costa,CA,38.046,-122.1866,198,Armed forces training and education officer,37.620705,-123.06853,2,4,1,59.78370978781656,90.7478134282442,0
shopping_pos,15.840000000000002,Glendale,CA,34.1556,-118.2322,172817,Advertising account planner,34.702459,-119.104663,22,0,1,36.440793976728266,100.50146068747736,0
health_fitness,21.006,Manville,WY,42.73,-104.7024,241,Educational psychologist,42.808984,-105.325869,23,2,1,38.04517453798768,51.64419851307129,0
food_dining,17.82,Burbank,WA,46.1966,-118.9017,3684,Musician,46.96854,-118.758302,22,1,1,37.08966461327858,86.53255578554068,0
kids_pets,232.52400000000003,Clarksville,MO,39.3465,-90.9362,1146,Exercise physiologist,39.056482,-91.725133,21,4,1,89.76317590691308,75.2416268173082,0
health_fitness,87.354,Lakeport,CA,39.047,-122.9328,11256,Podiatrist,39.804494,-122.494139,21,3,12,48.20260095824778,92.27212030397476,0
gas_transport,89.82,San Diego,CA,33.0067,-117.069,1241364,Chartered public finance accountant,33.227271,-117.973396,22,3,1,59.43326488706366,87.72616625662866,0
grocery_pos,217.96200000000002,Fort Washakie,WY,43.0048,-108.8964,1645,Information systems manager,43.458125,-109.317027,21,5,1,32.91991786447639,60.84535280701687,0
food_dining,106.308,Helm,CA,36.4992,-120.0936,123,Early years teacher,35.946052,-119.817522,23,4,12,47.879534565366185,66.30572060508095,0
personal_care,33.912,Thompson,UT,38.9999,-109.615,46,"""Surveyor, minerals""",39.548209,-109.328729,21,0,1,31.74811772758385,65.76055422389653,0
home,23.58,Moriarty,NM,34.9889,-106.0609,7268,"""Therapist, art""",34.648344,-105.52457,21,1,1,30.409308692676248,61.895452839928126,0
kids_pets,98.496,Ravenna,NE,41.0233,-98.9041,2202,"""Solicitor, Scotland""",40.714118,-98.618755,3,6,1,44.544832306639286,41.92425432025896,0
misc_net,325.404,Mound City,MO,40.1362,-95.2138,1631,Architect,40.923715,-94.215487,21,6,12,67.93429158110882,121.59957261865516,0
grocery_pos,126.918,Conway,WA,48.34,-122.3456,85,"""Research officer, political party""",48.447811,-122.070021,21,0,1,34.36824093086927,23.616037936411846,0
shopping_net,1752.912,Kaktovik,AK,66.6933,-153.994,239,Careers information officer,66.145366,-154.681121,21,5,3,22.973305954825463,68.16330118202251,1
shopping_net,28.71,Lakeport,CA,39.047,-122.9328,11256,Podiatrist,38.45524,-123.112535,21,3,12,48.20260095824778,67.62142840298117,0
travel,17.766,Rock Springs,WY,41.606,-109.23,27971,Music therapist,42.169986,-109.061642,0,0,12,36.40793976728269,64.24223472163318,0
shopping_pos,2.52,Portland,OR,45.5303,-122.7033,841711,"""Engineer, building services""",46.52921,-122.179348,2,6,1,55.79739904175222,118.20896839363756,0
misc_net,1363.248,Coulee Dam,WA,48.0379,-118.9419,1439,"""Pilot, airline""",48.57905,-118.658233,2,6,3,19.482546201232037,63.72539965938365,1
gas_transport,144.18,Colton,WA,46.5901,-117.1692,761,Chief Marketing Officer,46.345869,-116.54045,1,6,1,75.55920602327173,55.28362513003236,0
misc_net,15.75,Colton,WA,46.5901,-117.1692,761,Chief Marketing Officer,47.044129,-117.743421,21,2,1,75.5482546201232,66.7681524417604,0
health_fitness,11.484,Paauilo,HI,20.0271,-155.3697,1490,"""Scientist, research (maths)""",20.052374,-155.470192,2,6,12,29.70841889117043,10.867331264170348,0
shopping_net,1565.496,Seattle,WA,47.5412,-122.275,837792,Systems developer,48.027705,-121.919191,21,6,10,83.8384668035592,60.27571566139148,1
gas_transport,18.791999999999998,Hubbell,NE,40.0456,-97.4735,121,Set designer,41.029483,-98.428136,1,0,2,22.89390828199863,135.928060056954,1
misc_pos,6.9479999999999995,Arnold,MO,38.4305,-90.387,35439,Land/geomatics surveyor,38.894179,-90.166478,23,2,1,33.79603011635866,54.999133206215085,0
shopping_net,195.48,Issaquah,WA,47.4974,-122.0107,50489,Osteopath,47.108865,-122.511064,3,4,1,34.88569472963724,57.35826335526436,0
misc_net,1438.848,Tomales,CA,38.2427,-122.9145,337,Occupational psychologist,38.207717,-122.355959,23,5,5,64.86789869952088,48.94499867538524,1
grocery_pos,185.67000000000002,Paauilo,HI,20.0271,-155.3697,1490,"""Scientist, research (maths)""",19.04251,-154.724642,1,5,1,27.750855578370977,128.66845265675786,0
food_dining,46.692,Phoenix,AZ,33.5623,-112.0559,1312922,Contractor,34.516449,-111.574493,0,0,12,39.17864476386037,114.9955543318694,0
misc_pos,2.718,Eugene,OR,44.0385,-123.0614,191096,"""Scientist, physiological""",44.417284,-123.572941,0,5,12,56.72279260780287,58.61121928463137,0
shopping_net,2053.872,Espanola,NM,35.9866,-106.0654,18408,Historic buildings inspector/conservation officer,36.052996,-106.806181,3,3,5,47.80287474332649,67.03053228132661,1
misc_net,17.46,Phoenix,AZ,33.5623,-112.0559,1312922,Contractor,33.194611,-112.645909,1,1,12,39.181382614647504,68.35874117439371,0
shopping_net,3.33,Fields Landing,CA,40.7268,-124.2174,276,"""Scientist, audiological""",39.766984,-124.049319,23,1,12,91.6495550992471,107.67574129257837,0
food_dining,56.628,Redford,MO,37.3272,-91.0243,241,Investment analyst,37.50943,-90.215183,0,5,12,46.16563997262149,74.27298479312363,0
entertainment,127.00800000000001,Rock Springs,WY,41.606,-109.23,27971,Music therapist,40.943613,-108.600657,1,1,1,34.43668720054757,90.50355257307734,0
grocery_net,146.322,Los Angeles,CA,34.0443,-118.2509,2383912,"""Journalist, newspaper""",33.770318,-117.877915,23,6,12,61.57973990417522,45.96673265040464,0
gas_transport,89.64,Hawthorne,CA,33.9143,-118.3493,93193,"""Editor, magazine features""",33.102353,-118.915105,22,0,12,25.69472963723477,104.4177194972937,0
shopping_pos,5.508,Fort Washakie,WY,43.0048,-108.8964,1645,Information systems manager,43.663491,-108.587516,0,4,12,34.85284052019165,77.38630291354545,0
grocery_pos,648.9720000000001,Yellowstone National Park,WY,44.7957,-110.6137,369,Materials engineer,45.296259,-110.804299,21,6,10,77.88637919233402,57.63863626375524,1
misc_pos,58.662000000000006,Carroll,NE,42.277,-97.1926,566,Metallurgist,41.834883,-96.906572,22,6,12,45.9192334017796,54.5387063489236,0
grocery_net,101.664,Norwalk,CA,33.9056,-118.0818,105549,Firefighter,33.123399,-118.731529,23,2,1,45.31690622861054,105.79749194181336,0
home,5.6160000000000005,Cascade Locks,OR,45.671,-121.8686,1288,Barrister,44.862493,-121.787626,2,1,1,82.6694045174538,90.12492644228178,0
shopping_pos,8.766,Manville,WY,42.73,-104.7024,241,Educational psychologist,42.86117,-104.429749,2,1,1,38.0807665982204,26.601409870945083,0
shopping_pos,78.66000000000001,Vancouver,WA,45.6892,-122.6616,299480,Teaching laboratory technician,45.67044,-122.145352,22,3,12,35.99452429842574,40.16055153010307,0
health_fitness,61.074,Lake Oswego,OR,45.4093,-122.6847,42817,Planning and development surveyor,44.839602,-122.954485,23,1,1,36.63518138261465,66.7899763523169,0
home,59.724000000000004,American Fork,UT,40.3928,-111.7941,42384,Futures trader,39.943235,-111.485104,22,1,1,26.00684462696783,56.4647970573371,0
entertainment,28.098,Westfir,OR,43.7575,-122.481,597,Forensic psychologist,43.922589,-122.550714,2,4,1,57.64818617385352,19.189666244553894,0
shopping_net,17.514000000000003,Hooper,NE,41.6414,-96.5232,1745,"""Engineer, automotive""",41.529997,-95.840955,22,3,12,47.01437371663244,58.07841308219544,0
personal_care,131.57999999999998,Sacramento,CA,38.5662,-121.3286,757530,Magazine features editor,39.206218,-121.092887,2,6,12,41.661875427789184,74.03328125136531,0
misc_pos,7.308,Grenada,CA,41.6125,-122.5258,589,Systems analyst,41.347791,-121.582313,2,5,12,75.01437371663245,83.9278667201461,0
home,69.624,North Loup,NE,41.4972,-98.7858,509,"""Nurse, children's""",41.286359,-99.411226,1,0,12,40.284736481861735,57.19778736107802,0
shopping_pos,9.198,Mountain Center,CA,33.6401,-116.5567,1661,"""Therapist, music""",33.476682,-116.916272,23,2,12,32.27926078028747,37.95138245078973,0
home,153.99,Alva,WY,44.6873,-104.4414,110,"""Administrator, local government""",43.860571,-105.188284,3,5,12,47.61396303901437,109.48301641067324,0
misc_net,12.096,Thompson,UT,38.9999,-109.615,46,"""Surveyor, minerals""",39.04154,-110.37553,1,5,1,31.742642026009584,65.86446454551539,0
gas_transport,98.334,Ballwin,MO,38.577,-90.5255,92608,"""Engineer, communications""",38.154395,-91.036801,1,5,12,19.419575633127995,64.7712049731977,0
gas_transport,122.796,San Jose,CA,37.3304,-121.7913,973849,Geoscientist,36.735489,-121.230545,2,6,12,23.939767282683093,82.786057103544,0
grocery_pos,226.90800000000002,Ashford,WA,46.7531,-121.9898,759,Video editor,46.331294,-121.16751,3,0,1,62.35181382614648,78.4535583601657,0
home,104.922,Wheaton,MO,36.7651,-94.0492,760,Production manager,35.816767,-94.140451,21,0,12,35.3264887063655,105.76647278720944,0
shopping_net,9.432,Littleton,CO,39.5994,-105.0044,320420,Water engineer,40.413859,-104.022678,3,1,1,43.460643394934976,123.25928651288632,0
entertainment,76.536,Powell Butte,OR,44.2415,-121.0113,2016,Local government officer,44.519013,-121.258069,2,6,12,67.00616016427105,36.56255883277972,0
gas_transport,16.578000000000003,Independence,MO,39.1412,-94.3515,123373,"""Engineer, production""",40.114686,-94.36955,22,0,8,26.72416153319644,108.25774095682688,1
grocery_pos,259.164,Colton,WA,46.5901,-117.1692,761,Chief Marketing Officer,46.324097,-117.854992,23,6,1,75.52087611225188,60.28717845982967,0
grocery_pos,206.64,Monitor,WA,47.4852,-120.4158,584,Medical technical officer,46.707189,-119.868531,2,3,1,49.7905544147844,95.917789458851,0
misc_pos,14.634000000000002,High Rolls Mountain Park,NM,32.9396,-105.8189,899,Naval architect,32.518581,-106.585197,22,3,12,53.3388090349076,85.61343252260335,0
grocery_pos,235.458,Carlotta,CA,40.507,-123.9743,1139,"""Therapist, occupational""",40.277497,-124.363758,0,4,1,67.96988364134155,41.70259346074696,0
shopping_pos,10.224,San Diego,CA,33.0067,-117.069,1241364,Chartered public finance accountant,33.390459,-117.729271,1,4,12,61.39082819986311,74.80070332335532,0
health_fitness,17.55,Orient,WA,48.8878,-118.2105,149,Special educational needs teacher,49.252083,-119.073577,1,1,1,40.55030800821356,74.79119678255816,0
personal_care,42.57,Pleasant Hill,MO,38.7859,-94.244,12866,Information officer,38.283459,-94.31194,3,2,12,73.51950718685832,56.18054474806144,1
kids_pets,206.424,Orient,WA,48.8878,-118.2105,149,Special educational needs teacher,48.145199,-117.9674,21,0,12,42.521560574948666,84.49243563601416,0
entertainment,38.268,Riverton,WY,43.0351,-108.2024,19408,"""Lecturer, higher education""",42.573707,-108.193759,23,1,1,25.34428473648186,51.30940355742042,0
food_dining,5.454,Thompson,UT,38.9999,-109.615,46,"""Surveyor, minerals""",39.219257,-108.661764,3,3,12,33.69199178644764,85.78598792843607,0
kids_pets,53.388,Freedom,WY,43.0172,-111.0292,471,"""Education officer, museum""",42.476951,-111.892205,0,5,12,53.40177960301163,92.59933241394252,0
gas_transport,164.052,Moab,UT,38.5677,-109.5271,9772,Location manager,37.855914,-108.732648,22,6,1,29.136208076659823,105.27045166979912,0
home,141.192,Centerview,MO,38.7897,-93.8702,2368,Electronics engineer,39.146814,-93.921403,23,4,1,29.48665297741273,39.9552374364708,0
shopping_net,10.512,Riverton,WY,43.0351,-108.2024,19408,"""Lecturer, higher education""",43.550545,-108.187721,23,1,1,25.305954825462013,57.32718021938411,0
shopping_pos,7.938000000000001,Ashford,WA,46.7531,-121.9898,759,Video editor,47.243397,-122.831473,0,2,1,62.338124572210816,83.94290107994627,0
grocery_pos,229.68,Westerville,NE,41.4193,-99.3844,73,Product designer,41.671226,-99.513517,22,4,1,83.89869952087611,30.003069581782725,0
food_dining,43.65,Mountain Center,CA,33.6401,-116.5567,1661,"""Therapist, music""",34.148819,-116.563435,1,1,12,32.276522929500345,56.570387415826175,0
food_dining,7.757999999999999,Nelson,NE,40.201,-98.0684,732,Television/film/video producer,39.6588,-97.903962,0,1,1,62.06981519507187,61.89879894309428,0
entertainment,140.742,Carroll,NE,42.277,-97.1926,566,Metallurgist,42.726735,-96.339081,1,3,1,43.95619438740589,86.00343605225947,0
grocery_pos,226.17000000000002,Hooper,NE,41.6414,-96.5232,1745,"""Engineer, automotive""",42.009881,-96.891125,22,0,1,45.05133470225873,51.07057903983257,0
personal_care,8.118,Ruidoso,NM,33.3305,-105.6933,8874,Licensed conveyancer,33.147778,-106.013606,1,0,12,20.366872005475702,36.05836495643016,0
home,92.682,Lamy,NM,35.4311,-105.9409,923,Public relations account executive,36.143937,-106.203255,3,0,1,54.56262833675565,82.72091337750628,0
kids_pets,74.286,Phoenix,AZ,33.5623,-112.0559,1312922,Contractor,33.028403,-111.646542,21,6,12,39.175906913073234,70.51189365075382,0
home,102.97800000000001,Arvada,CO,39.8422,-105.1097,122111,Hotel manager,38.850519,-105.234164,23,0,1,31.66598220396988,110.78803406484911,0
shopping_net,30.042,Holstein,NE,40.4542,-98.6538,331,Telecommunications researcher,39.963543,-98.419715,1,6,1,68.42162902121834,58.06699779579463,0
food_dining,52.218,Manville,WY,42.73,-104.7024,241,Educational psychologist,42.372214,-103.828616,1,1,1,38.0807665982204,81.88846068917036,0
shopping_pos,10.296,Moab,UT,38.5677,-109.5271,9772,Location manager,37.727137,-110.086562,1,0,1,29.138945927446954,105.49540003317728,0
entertainment,77.67,Utica,MO,39.7417,-93.6289,271,Land/geomatics surveyor,40.333121,-93.251589,0,4,12,48.68720054757016,73.18849699245533,0
shopping_net,4.734,Mound City,MO,40.1362,-95.2138,1631,Architect,39.742842,-95.411493,1,2,1,65.94934976043805,46.87435443652618,0
food_dining,111.42,Athena,OR,45.8289,-118.4971,1302,Dealer,46.552313,-119.493072,1,6,1,42.25598904859685,111.12075381442084,0
gas_transport,139.338,Phoenix,AZ,33.5623,-112.0559,1312922,Contractor,33.877539,-112.111181,21,6,1,37.20191649555099,35.42388860633156,0
shopping_pos,11.304,Lowell,OR,43.921,-122.7806,1420,Systems analyst,44.282598,-122.331691,2,2,12,55.134839151266256,53.86585673067476,0
shopping_net,2.142,Meredith,CO,39.3199,-106.6596,61,Public relations account executive,39.559927,-107.361692,0,3,1,79.18412046543463,65.93513599438285,0
shopping_net,9.018,Kirk,CO,39.6171,-102.4776,207,Network engineer,39.471575,-102.951032,21,4,12,65.05954825462013,43.701078067772855,0
shopping_net,5.328,Humboldt,AZ,34.5189,-112.2523,1179,"""Civil engineer, contracting""",34.137921,-111.611563,23,3,1,63.95345653661875,72.5007075666521,0
grocery_pos,237.07800000000003,Blairstown,MO,38.5319,-93.9221,467,Agricultural consultant,37.605,-94.726642,0,2,1,68.62149212867898,124.8311589973606,0
personal_care,357.17400000000004,Independence,MO,39.1412,-94.3515,123373,"""Engineer, production""",38.307239,-93.385804,21,0,1,26.1492128678987,124.96809719338668,0
gas_transport,104.346,Manville,WY,42.73,-104.7024,241,Educational psychologist,43.694272,-103.881349,3,5,1,38.091718001368925,126.18889860064094,0
shopping_pos,4.464,American Fork,UT,40.3928,-111.7941,42384,Futures trader,39.639625,-111.380482,22,6,1,26.05886379192334,90.85476106805358,0
grocery_pos,170.694,Red Cliff,CO,39.4584,-106.3851,277,Human resources officer,40.145885,-107.204605,23,3,12,35.74537987679671,103.65639744092276,0
shopping_pos,7.524,Orient,WA,48.8878,-118.2105,149,Special educational needs teacher,47.91381,-117.269455,0,5,1,40.580424366872,128.6669779605692,0
travel,12.006,Espanola,NM,35.9866,-106.0654,18408,Historic buildings inspector/conservation officer,36.121196,-105.86806,2,0,1,46.49144421629021,23.21013092340748,0
home,22.176000000000002,Laramie,WY,41.4247,-105.4781,35371,"""Pilot, airline""",40.511475,-105.206512,2,2,1,30.3709787816564,104.07455292097887,0
misc_net,4.518,Rock Springs,WY,41.606,-109.23,27971,Music therapist,41.007697,-108.300685,2,3,12,36.41615331964408,102.23123857112704,0
food_dining,116.15400000000001,Fiddletown,CA,38.5234,-120.6763,832,Immigration officer,38.149744,-121.641705,22,3,12,33.620807665982205,93.89406977254332,0
grocery_pos,289.512,Laramie,WY,41.4247,-105.4781,35371,"""Pilot, airline""",42.30399,-105.50957,2,1,1,30.349075975359344,97.80730901836554,0
misc_net,444.852,Tomales,CA,38.2427,-122.9145,337,Occupational psychologist,37.395201,-123.189612,2,3,12,66.49144421629022,97.2865001156863,0
misc_net,6.012,Norwalk,CA,33.9056,-118.0818,105549,Firefighter,33.295438,-117.090732,0,2,12,47.27173169062286,114.14088240572794,0
home,149.238,Helm,CA,36.4992,-120.0936,123,Early years teacher,37.408381,-120.994166,0,0,1,45.91375770020534,128.9328391590278,0
gas_transport,173.304,Stayton,OR,44.8021,-122.7624,9587,"""Engineer, biomedical""",45.412193,-122.256579,21,5,12,52.75838466803559,78.59972791615702,0
grocery_pos,364.932,Burlington,WA,48.4786,-122.3345,14871,Public house manager,47.507202,-122.43717,2,4,1,44.84052019164955,108.28436239346682,0
home,56.34,Meredith,CO,39.3199,-106.6596,61,Public relations account executive,40.121245,-106.558382,3,4,1,79.18685831622176,89.52501866708778,0
personal_care,93.132,Rock Springs,WY,41.606,-109.23,27971,Music therapist,41.533669,-109.867285,0,1,1,34.417522245037645,53.62234681149133,0
entertainment,13.428,Holstein,NE,40.4542,-98.6538,331,Telecommunications researcher,41.145296,-99.001771,0,0,12,70.36002737850787,82.2389625812076,0
grocery_net,133.938,Fullerton,NE,41.366,-98.0054,1749,"""Surveyor, mining""",41.361472,-97.154364,0,2,12,47.64955509924709,71.0247688919227,0
travel,17.496000000000002,Centerview,MO,38.7897,-93.8702,2368,Electronics engineer,39.022731,-93.185436,21,3,1,29.464750171115675,64.66990135274877,0
food_dining,53.424,Espanola,NM,35.9866,-106.0654,18408,Historic buildings inspector/conservation officer,35.51597,-105.98708,1,6,1,46.507871321013006,52.80677344835274,0
personal_care,11.718,Claremont,CA,34.1092,-117.7183,35705,Wellsite geologist,33.207768,-118.494393,2,5,12,64.61601642710473,123.31387276446618,0
home,212.562,Red River,NM,36.6659,-105.4694,606,"""Surveyor, land/geomatics""",37.542725,-104.556244,3,3,1,30.34360027378508,126.74160432231918,0
shopping_pos,3.042,Jelm,WY,41.0539,-106.0763,100,Public librarian,40.77668,-105.87534,3,6,1,44.74469541409993,35.14755271372,0
misc_net,1510.164,Owensville,MO,38.3511,-91.4867,6703,Naval architect,38.265701,-92.409485,0,1,8,22.22861054072553,81.07348419908296,1
shopping_pos,9.395999999999999,Indian Wells,CA,33.7163,-116.3381,4677,Learning mentor,32.719678,-117.23169,3,0,1,63.6933607118412,138.52949127589935,0
shopping_net,7.884,Red River,NM,36.6659,-105.4694,606,"""Surveyor, land/geomatics""",36.615946,-104.672991,0,1,12,32.31211498973306,71.2736554516122,0
gas_transport,106.83,Mesa,ID,44.6255,-116.4493,129,Cartographer,43.850168,-115.795484,1,3,1,53.05133470225873,100.72499593184789,0
shopping_pos,10.35,Centerview,MO,38.7897,-93.8702,2368,Electronics engineer,38.806973,-94.208528,1,4,12,31.44147843942505,29.382482166871075,0
gas_transport,129.798,Clarksville,MO,39.3465,-90.9362,1146,Exercise physiologist,39.227777,-91.804001,3,3,1,89.77960301163587,75.84292490908581,0
grocery_pos,247.842,Greenview,CA,41.5403,-122.9366,308,Call centre manager,42.388852,-122.41179,2,2,1,60.303901437371664,103.85317434914424,0
personal_care,72.53999999999999,Lakeport,CA,39.047,-122.9328,11256,Podiatrist,38.972778,-122.353362,21,1,1,46.223134839151264,50.74055615763079,0
home,11.682,Orient,WA,48.8878,-118.2105,149,Special educational needs teacher,48.292565,-117.388332,21,3,12,42.52977412731006,89.64985817435789,0
gas_transport,138.816,Crownpoint,NM,35.7206,-108.0271,5662,IT consultant,34.998012,-107.638312,23,0,1,29.749486652977414,87.74290555416411,0
shopping_net,4.158,Sun City,CA,33.7467,-117.1721,54287,"""Designer, exhibition/display""",34.516237,-116.358391,0,0,12,48.26557152635181,113.7148217422118,0
shopping_net,5.67,Orient,WA,48.8878,-118.2105,149,Special educational needs teacher,48.078338,-119.143344,1,4,1,40.539356605065024,113.26185908899336,0
travel,51.966,Unionville,MO,40.4815,-92.9951,3805,"""Investment banker, corporate""",39.71404,-93.975043,0,4,1,68.30390143737166,119.2883171178653,0
shopping_pos,3.618,Manville,WY,42.73,-104.7024,241,Educational psychologist,42.429079,-104.704663,0,6,1,38.09445585215606,33.46140152397729,0
personal_care,62.622,American Fork,UT,40.3928,-111.7941,42384,Futures trader,40.340316,-111.194413,3,3,12,28.005475701574262,51.1402081077043,0
grocery_pos,617.886,Campbell,NE,40.2967,-98.737,493,"""Surveyor, minerals""",40.863615,-99.383553,23,4,5,78.67214236824093,83.39768364963705,1
grocery_net,99.09,Red River,NM,36.6659,-105.4694,606,"""Surveyor, land/geomatics""",36.079912,-105.189494,0,4,1,30.36550308008213,69.81180067574721,0
gas_transport,122.16600000000001,Moriarty,NM,34.9889,-106.0609,7268,"""Therapist, art""",35.662364,-106.857851,0,2,12,32.40520191649555,104.0917309860986,0
food_dining,229.122,Tekoa,WA,47.2271,-117.0819,895,Clothing/textile technologist,47.378282,-117.20425,0,6,12,21.57700205338809,19.1758119866996,0
shopping_net,919.962,Grenada,CA,41.6125,-122.5258,589,Systems analyst,42.412743,-121.617857,3,1,1,73.02943189596166,116.3804261308056,0
misc_pos,22.572,Corona,CA,33.8419,-117.6043,233717,Wellsite geologist,34.434794,-116.875545,3,6,1,52.62696783025325,94.0461663042681,0
misc_net,92.718,Blairstown,MO,38.5319,-93.9221,467,Agricultural consultant,38.271267,-94.180402,0,6,12,70.58726899383984,36.69521410918272,0
kids_pets,38.394,Tekoa,WA,47.2271,-117.0819,895,Clothing/textile technologist,47.748417,-116.738943,0,5,12,21.57426420260096,63.4375401604222,0
personal_care,34.848,Bay City,OR,45.5197,-123.8761,1530,Colour technologist,45.274073,-123.616794,1,1,3,33.31143052703628,33.99846218917795,1
home,23.832,Utica,MO,39.7417,-93.6289,271,Land/geomatics surveyor,39.111093,-94.191476,22,6,1,46.7378507871321,85.15661634917785,0
grocery_net,100.53,Sun City,CA,33.7467,-117.1721,54287,"""Designer, exhibition/display""",33.613849,-116.910124,23,4,12,48.257357973990416,28.387218416553708,0
home,208.17000000000002,Phoenix,AZ,33.5623,-112.0559,1312922,Contractor,32.598581,-111.558408,22,5,12,39.17316906228611,116.75517588771648,0
personal_care,82.06200000000001,Broomfield,CO,39.8854,-105.1139,92337,"""Engineer, electronics""",39.133092,-105.031427,22,0,12,53.19644079397673,83.95149891171967,0
misc_pos,16.308,Glendale,CA,34.1556,-118.2322,172817,Advertising account planner,34.008712,-117.452106,21,5,1,36.435318275154,73.67619393543374,0
entertainment,15.984000000000002,Hatch,UT,37.7175,-112.4777,258,Geoscientist,36.830939,-112.573789,1,2,12,59.09924709103354,98.94702850648645,0
personal_care,31.895999999999997,Napa,CA,38.4549,-122.2564,94014,Airline pilot,38.905525,-122.169018,21,6,12,35.351129363449694,50.6780596782388,0
shopping_pos,3.708,Indian Wells,CA,33.7163,-116.3381,4677,Learning mentor,33.603798,-116.540492,1,1,1,63.657768651608485,22.52490439413249,0
entertainment,4.932,Moriarty,NM,34.9889,-106.0609,7268,"""Therapist, art""",34.787463,-105.325942,0,5,1,30.439425051334705,70.67828088493415,0
grocery_pos,96.264,Phoenix,AZ,33.8155,-112.1202,1312922,Counselling psychologist,34.792504,-111.548716,23,1,12,21.08145106091718,120.65455584448868,0
kids_pets,51.498,Ashford,WA,46.7531,-121.9898,759,Video editor,46.437095,-122.302667,2,1,12,64.290212183436,42.49883574144442,0
personal_care,99.57600000000001,Campbell,NE,40.2967,-98.737,493,"""Surveyor, minerals""",39.500142,-98.704664,0,3,12,80.2984257357974,88.61615025077228,0
grocery_pos,634.842,Yellowstone National Park,WY,44.7957,-110.6137,369,Materials engineer,45.642342,-111.116544,2,6,10,77.88637919233402,102.04838440722187,1
grocery_pos,368.19000000000005,Littleton,CO,39.5994,-105.0044,320420,Water engineer,39.047851,-105.812008,1,1,1,43.441478439425055,92.66650525364668,0
misc_net,46.836,Redford,MO,37.3272,-91.0243,241,Investment analyst,36.967482,-90.898655,21,5,12,46.16563997262149,41.52009122745072,0
misc_net,1539.738,Scotts Mills,OR,44.9897,-122.6187,1252,"""Engineer, petroleum""",45.358036,-123.139522,22,6,7,82.43121149897331,57.82924194461091,1
grocery_pos,584.7660000000001,Westerville,NE,41.4193,-99.3844,73,Product designer,41.603137,-99.129649,0,0,1,83.92607802874743,29.45865635905314,1
gas_transport,104.4,Centerview,MO,38.7897,-93.8702,2368,Electronics engineer,39.105229,-92.926347,3,1,12,31.45242984257358,88.84382309943929,0
shopping_pos,145.602,Colton,WA,46.5901,-117.1692,761,Chief Marketing Officer,47.350784,-116.447448,22,0,12,77.49760438056126,100.7639991163352,0
personal_care,5.418,Tekoa,WA,47.2271,-117.0819,895,Clothing/textile technologist,47.629886,-116.353517,21,3,1,19.61396303901437,70.76759400792682,0
grocery_net,154.72799999999998,Laramie,WY,41.4247,-105.4781,35371,"""Pilot, airline""",40.753414,-105.879444,3,6,1,30.362765229295004,81.87153469779784,0
personal_care,93.402,Campbell,NE,40.2967,-98.737,493,"""Surveyor, minerals""",40.884104,-99.336761,3,6,1,78.33264887063655,82.6492173776325,0
shopping_net,1.818,Superior,AZ,33.2887,-111.0985,2872,Petroleum engineer,33.812543,-110.765744,22,1,12,33.17180013689254,65.90731907201817,0
personal_care,63.648,Paauilo,HI,20.0271,-155.3697,1490,"""Scientist, research (maths)""",19.180732,-155.961421,23,3,12,29.71937029431896,112.68877740581472,0
travel,15.659999999999998,Eugene,OR,44.0385,-123.0614,191096,"""Scientist, physiological""",44.359363,-123.939165,1,5,1,54.74880219028063,78.54422708238195,0
shopping_net,10.224,Grenada,CA,41.6125,-122.5258,589,Systems analyst,41.246039,-123.269812,22,0,12,75.0198494182067,74.21575537245137,0
misc_net,1323.18,Aurora,CO,39.6662,-104.835,389246,"""Scientist, marine""",39.219296,-104.933527,23,0,10,49.83709787816564,50.40854277723028,1
food_dining,401.598,Phoenix,AZ,33.8155,-112.1202,1312922,Counselling psychologist,33.55863,-111.323071,23,6,12,21.07597535934292,79.09012065183413,0
personal_care,166.21200000000002,Centerview,MO,38.7897,-93.8702,2368,Electronics engineer,38.994976,-94.295957,1,5,1,29.470225872689937,43.34452035512649,0
shopping_net,637.416,Ashford,WA,46.7531,-121.9898,759,Video editor,46.686904,-122.14452,23,6,1,62.32991101984942,13.902857926033136,0
shopping_net,1269.72,High Rolls Mountain Park,NM,32.9396,-105.8189,899,Naval architect,33.706382,-106.110671,23,4,12,53.3223819301848,89.46811958837554,0
misc_pos,11.862,Red River,NM,36.6659,-105.4694,606,"""Surveyor, land/geomatics""",37.546995,-104.816482,23,2,1,30.360027378507876,113.80269232998012,0
home,17.19,Blairstown,MO,38.5319,-93.9221,467,Agricultural consultant,39.331155,-94.613299,2,5,12,70.5845311430527,107.11108955594224,0
health_fitness,26.136,Thompson,UT,38.9999,-109.615,46,"""Surveyor, minerals""",39.265777,-108.695042,22,5,1,31.72347707049966,84.67658403091527,0
grocery_net,93.276,Thompson,UT,38.9999,-109.615,46,"""Surveyor, minerals""",39.396042,-109.619847,22,2,1,31.696098562628336,44.05096079617904,0
shopping_net,16.578000000000003,Crownpoint,NM,35.7206,-108.0271,5662,IT consultant,35.547967,-107.46102,22,6,1,29.78507871321013,54.641571908491485,0
grocery_pos,221.508,Cardwell,MO,36.0434,-90.2907,1120,Television floor manager,36.253554,-90.427147,3,6,12,63.696098562628336,26.38490441928685,0
personal_care,66.528,Rock Springs,WY,41.606,-109.23,27971,Music therapist,41.666148,-110.06233,3,6,12,36.40520191649555,69.49297557934497,0
shopping_net,2024.8380000000002,Kissee Mills,MO,36.6704,-93.0377,1201,"""Engineer, agricultural""",36.994339,-92.217299,0,6,11,39.64681724845996,81.4164720007381,1
misc_net,1489.662,Parks,AZ,35.2563,-111.95,759,"""Geologist, engineering""",34.351247,-111.001902,22,2,11,62.66666666666666,132.74359386697202,1
shopping_net,69.98400000000001,Kansas City,MO,38.9621,-94.5959,545147,Counsellor,39.924677,-95.006234,2,6,1,31.173169062286107,112.68392356207713,0
shopping_net,7.038,Kent,OR,45.0838,-120.6649,60,Museum education officer,44.572917,-120.901927,0,0,1,76.76386036960986,59.80384037347875,0
health_fitness,8.658,Rock Springs,WY,41.606,-109.23,27971,Music therapist,41.267073,-109.249267,2,4,1,34.46406570841889,37.72117173393019,0
shopping_net,9.72,Kent,OR,45.0838,-120.6649,60,Museum education officer,45.033283,-119.700518,23,3,1,76.79123887748118,75.95618131501888,0
travel,14.958000000000002,Orient,WA,48.8878,-118.2105,149,Special educational needs teacher,49.566087,-117.70504,3,6,1,40.58316221765914,83.87895066871828,0
grocery_pos,596.16,June Lake,CA,37.7773,-119.0825,633,Health service manager,38.700466,-118.337007,2,2,4,91.60301163586584,121.55731053926604,1
kids_pets,123.92999999999999,Issaquah,WA,47.4974,-122.0107,50489,Osteopath,48.321374,-121.78628,22,1,1,34.83915126625599,93.13598742006413,0
home,39.978,Nelson,NE,40.201,-98.0684,732,Television/film/video producer,41.015749,-98.318696,2,0,12,64.04106776180699,93.02710630272227,0
food_dining,94.284,Superior,AZ,33.2887,-111.0985,2872,Petroleum engineer,33.169245,-110.863969,23,1,1,31.19780971937029,25.540220309308985,0
grocery_pos,391.644,Burbank,WA,46.1966,-118.9017,3684,Musician,46.75541,-118.55652,23,1,12,39.082819986310746,67.5250033346995,0
misc_pos,7.398000000000001,Holstein,NE,40.4542,-98.6538,331,Telecommunications researcher,39.854297,-97.761852,22,0,1,68.40520191649556,100.9743314931068,0
misc_net,221.742,Lake Oswego,OR,45.4093,-122.6847,42817,Planning and development surveyor,45.009594,-122.888368,1,1,12,38.59000684462697,47.222278428607545,0
travel,6.282000000000001,Sun City,CA,33.7467,-117.1721,54287,"""Designer, exhibition/display""",33.812538,-117.682841,22,0,1,46.29158110882957,47.76860868748918,0
gas_transport,132.966,Ashford,WA,46.7531,-121.9898,759,Video editor,46.706561,-121.91561,1,2,1,62.31895961670089,7.665097425032397,0
gas_transport,62.604000000000006,San Jose,CA,37.3304,-121.7913,973849,Geoscientist,37.943789,-121.852158,1,1,12,23.94524298425736,68.41593324983641,0
grocery_pos,150.894,Oakland,CA,37.7878,-122.1884,381459,Barista,36.898347,-122.060933,2,5,1,45.00479123887748,99.54247632257218,0
grocery_pos,252.59400000000002,Thompson,UT,38.9999,-109.615,46,"""Surveyor, minerals""",38.584142,-109.826151,3,6,12,33.68104038329911,49.72039205098268,0
gas_transport,147.32999999999998,Malad City,ID,42.1808,-112.262,4154,Nature conservation officer,43.129486,-112.325972,21,5,1,56.96098562628337,105.61870185154862,0
home,139.428,Meadville,MO,39.7795,-93.3014,964,Tourist information centre manager,40.730374,-92.365151,3,1,12,46.01779603011636,132.2548336377345,0
food_dining,288.684,Burbank,WA,46.1966,-118.9017,3684,Musician,46.574408,-118.719065,21,3,1,37.09514031485284,44.28436557125206,0
travel,6.75,Camden,MO,39.2048,-94.0259,464,Colour technologist,39.520373,-94.71867,0,6,12,61.58521560574949,69.12575624847474,0
grocery_pos,183.312,Santa Monica,CA,34.0287,-118.4924,92043,"""Civil engineer, contracting""",33.811503,-119.045615,23,1,1,57.7056810403833,56.47081304914683,0
kids_pets,86.742,Indian Wells,CA,33.7163,-116.3381,4677,Learning mentor,33.053779,-116.903538,1,4,12,65.63997262149213,90.46103162082689,0
home,57.078,Humboldt,AZ,34.5189,-112.2523,1179,"""Civil engineer, contracting""",34.051772,-112.111664,2,4,1,63.95619438740589,53.52516494758001,0
shopping_net,1.9620000000000002,Arnold,MO,38.4305,-90.387,35439,Land/geomatics surveyor,38.952606,-89.827291,3,5,1,33.78507871321013,75.69767219191473,0
health_fitness,33.12,Sacramento,CA,38.6865,-121.3494,757530,Soil scientist,39.207999,-120.367391,23,1,1,52.284736481861735,102.83166538546487,0
gas_transport,129.528,Manville,WY,42.73,-104.7024,241,Educational psychologist,43.0363,-103.938242,3,6,12,40.03011635865845,70.96798836313012,0
home,138.114,Glendale,CA,34.1556,-118.2322,172817,Advertising account planner,34.899569,-119.161865,23,4,1,36.47091033538672,118.7278775185706,0
personal_care,13.68,Arvada,CO,39.8422,-105.1097,122111,Hotel manager,40.18826,-104.148523,22,0,12,33.60164271047228,90.44798642007,0
shopping_pos,11.808,Ballwin,MO,38.577,-90.5255,92608,"""Engineer, communications""",39.254627,-90.782687,23,0,12,19.42505133470226,78.56539154305642,0
misc_net,6.5520000000000005,Ruidoso,NM,33.3305,-105.6933,8874,Licensed conveyancer,34.230446,-105.075255,0,6,1,18.428473648186174,115.22391603605568,0
misc_net,113.50800000000001,Tekoa,WA,47.2271,-117.0819,895,Clothing/textile technologist,48.20853,-116.172737,1,5,12,21.57426420260096,128.5875522199254,0
home,9.936,Phoenix,AZ,33.8155,-112.1202,1312922,Counselling psychologist,33.798585,-111.67199,2,0,1,19.143052703627653,41.4544173224996,0
shopping_net,866.772,Colorado Springs,CO,38.8881,-104.6556,525713,Museum/gallery exhibitions officer,38.890475,-103.681473,22,1,1,26.68583162217659,84.3104554348527,0
shopping_pos,12.798,Riverton,WY,43.0351,-108.2024,19408,"""Lecturer, higher education""",43.044336,-107.845073,23,2,12,27.301848049281315,29.0581803629424,0
health_fitness,82.854,Thompson,UT,38.9999,-109.615,46,"""Surveyor, minerals""",39.81926,-109.971188,3,1,12,33.686516084873375,96.11012976599449,0
home,52.74,North Loup,NE,41.4972,-98.7858,509,"""Nurse, children's""",41.503595,-98.537195,0,5,12,40.27926078028747,20.715917164915457,0
grocery_net,91.71000000000001,Daly City,CA,37.6787,-122.478,107941,"""Buyer, industrial""",36.769434,-121.94237,22,5,12,29.229295003422312,111.67557805278388,0
grocery_pos,496.35,Laguna Hills,CA,33.615,-117.7114,45303,Sales executive,34.302416,-117.169899,3,0,1,50.05886379192334,91.30612241691274,1
food_dining,101.55600000000001,Grenada,CA,41.6125,-122.5258,589,Systems analyst,41.519101,-122.576165,0,1,1,73.06776180698152,11.198916746800515,0
grocery_pos,562.392,Weeping Water,NE,40.8731,-96.1528,1517,Dealer,40.61529,-95.809703,3,3,2,68.28473648186174,40.70931861182784,1
health_fitness,134.19,Meadville,MO,39.7795,-93.3014,964,Tourist information centre manager,39.558054,-92.815427,3,5,12,46.00958247775496,48.33727961713895,0
home,61.163999999999994,Espanola,NM,35.9866,-106.0654,18408,Historic buildings inspector/conservation officer,35.626409,-105.725495,3,0,12,48.446269678302535,50.43476537974703,0
gas_transport,120.07799999999999,Cascade Locks,OR,45.671,-121.8686,1288,Barrister,46.584012,-122.262602,1,6,1,82.70225872689939,105.96525092559976,0
travel,914.418,Athena,OR,45.8289,-118.4971,1302,Dealer,45.72346,-118.808523,2,6,1,42.23682409308692,26.84751837325841,0
kids_pets,103.788,Honokaa,HI,20.0827,-155.488,4878,Physiotherapist,19.829151,-156.471122,3,0,1,52.134154688569474,106.55158620561876,0
kids_pets,91.83600000000001,Greenview,CA,41.5403,-122.9366,308,Call centre manager,42.479852,-123.856699,22,5,1,60.31211498973306,129.20192480658173,0
gas_transport,19.782,Corona,CA,33.8419,-117.6043,233717,Wellsite geologist,32.901524,-116.782926,21,3,5,53.99863107460644,129.4263796537076,1
grocery_net,82.51200000000001,Hawthorne,CA,33.9143,-118.3493,93193,"""Editor, magazine features""",34.676521,-119.119997,23,4,1,23.71252566735113,110.43394305639762,0
gas_transport,73.53,Orient,WA,48.8878,-118.2105,149,Special educational needs teacher,48.006669,-118.912691,1,1,1,40.56947296372348,110.82243218318888,0
kids_pets,295.75800000000004,Redford,MO,37.3272,-91.0243,241,Investment analyst,36.489832,-90.295815,0,6,1,44.2135523613963,113.42240397031388,0
shopping_pos,6.39,Mesa,ID,44.6255,-116.4493,129,Cartographer,44.174444,-116.474093,21,6,12,55.03353867214237,50.19380029613852,0
home,243.414,Hawthorne,CA,33.9143,-118.3493,93193,"""Editor, magazine features""",33.139718,-118.821775,0,5,12,25.689253935660503,96.6246758055538,0
gas_transport,187.38,Oakland,CA,37.7878,-122.1884,381459,Barista,38.511436,-121.913915,22,2,1,44.99657768651608,83.96805116264214,0
grocery_pos,241.092,Freedom,WY,43.0172,-111.0292,471,"""Education officer, museum""",42.687707,-110.820897,0,3,1,51.422313483915126,40.38156413093499,0
shopping_net,1539.504,Fiddletown,CA,38.5234,-120.6763,832,Immigration officer,39.004103,-121.427021,1,0,9,32.34770704996578,84.22362345376065,1
shopping_net,13.086,Kent,OR,45.0838,-120.6649,60,Museum education officer,45.860618,-119.804665,1,0,1,76.76386036960986,109.36310499323346,0
shopping_net,5.49,Rock Springs,WY,41.606,-109.23,27971,Music therapist,42.514386,-108.55802,23,0,12,36.40793976728269,115.23855618881169,0
misc_net,11.898000000000001,Syracuse,MO,38.6547,-92.8929,628,"""Radiographer, diagnostic""",38.254663,-93.597463,23,2,1,57.0403832991102,75.77960136677373,0
health_fitness,112.626,Kirk,CO,39.6171,-102.4776,207,Network engineer,39.259738,-103.167371,1,6,12,65.06502395619438,71.32868529568202,0
home,11.682,Sun City,CA,33.7467,-117.1721,54287,"""Designer, exhibition/display""",33.533979,-117.524934,2,2,1,46.29705681040383,40.328096391993846,0
grocery_pos,368.946,Issaquah,WA,47.4974,-122.0107,50489,Osteopath,47.593314,-122.129236,2,6,1,34.8911704312115,13.88890770995943,0
shopping_pos,1604.3760000000002,Louisiana,MO,39.4336,-91.0664,4593,"""Teacher, early years/pre""",38.615908,-90.324844,23,3,4,79.46611909650925,111.22204081525062,1
personal_care,23.598,June Lake,CA,37.7773,-119.0825,633,Health service manager,37.838361,-120.060118,23,3,1,91.31827515400413,86.1531706622671,0
home,77.4,Burlington,WA,48.4786,-122.3345,14871,Public house manager,47.653787,-121.979588,23,0,1,44.86789869952088,95.43122934569318,0
home,54.018,Meridian,ID,43.6498,-116.4306,84106,Intelligence analyst,44.110668,-116.017413,0,6,1,47.93976728268309,61.014995311459,0
shopping_net,180.756,Meadville,MO,39.7795,-93.3014,964,Tourist information centre manager,40.202695,-93.378622,21,0,1,44.07939767282683,47.514756921564064,0
health_fitness,259.218,Napa,CA,38.4549,-122.2564,94014,Airline pilot,39.397775,-122.314654,0,6,1,33.4154688569473,104.96394312291342,0
kids_pets,216.882,Howells,NE,41.6964,-96.9858,1063,Research scientist (maths),40.863483,-97.220097,22,1,12,92.7419575633128,94.66278372501586,0
shopping_pos,8.316,Redford,MO,37.3272,-91.0243,241,Investment analyst,36.909082,-90.338897,0,6,1,44.23271731690623,76.51623382673647,0
travel,13.464,Brashear,MO,40.1959,-92.4333,805,Private music teacher,40.315935,-92.953214,2,1,12,50.507871321013006,46.09463243771789,0
grocery_pos,395.838,Vancouver,WA,45.6892,-122.6616,299480,Teaching laboratory technician,45.92443,-123.3893,3,1,12,35.98904859685147,62.17453512712482,0
personal_care,128.934,Burlington,WA,48.4786,-122.3345,14871,Public house manager,48.525939,-121.588966,0,1,1,44.81314168377824,55.17989681108717,0
kids_pets,94.68,Dumont,CO,39.7532,-105.6356,565,Mental health nurse,40.280453,-105.8835,21,0,1,40.40246406570842,62.31283368797813,0
personal_care,164.592,Shedd,OR,44.453,-123.1065,917,Radio broadcast assistant,43.91747,-123.713226,22,1,1,23.52361396303901,76.72276615082428,0
gas_transport,156.006,Phoenix,AZ,33.5623,-112.0559,1312922,Contractor,34.518043,-111.691754,21,0,1,37.223819301848046,111.444355292204,0
entertainment,129.996,American Fork,UT,40.3928,-111.7941,42384,Futures trader,40.277259,-112.175486,2,6,12,27.99452429842573,34.78601556933142,0
shopping_pos,3.114,Conway,WA,48.34,-122.3456,85,"""Research officer, political party""",47.948102,-121.378074,3,1,12,36.32580424366872,83.97677873618365,0
grocery_pos,327.312,Woods Cross,UT,40.8874,-111.9027,13983,Insurance broker,41.464825,-112.814704,0,1,12,41.37713894592745,99.74276279945472,0
health_fitness,52.776,Scotts Mills,OR,44.9897,-122.6187,1252,"""Engineer, petroleum""",45.899586,-122.694835,22,4,1,81.90828199863107,101.34888866012672,0
shopping_net,9.432,Conway,WA,48.34,-122.3456,85,"""Research officer, political party""",48.118527,-121.485998,21,2,1,34.35455167693361,68.26903365685561,0
misc_pos,9.306000000000001,Fort Washakie,WY,43.0048,-108.8964,1645,Information systems manager,42.484653,-108.372671,3,0,12,34.861054072553046,71.93206266277656,0
kids_pets,61.794,Freedom,WY,43.0172,-111.0292,471,"""Education officer, museum""",42.283987,-111.586736,23,1,12,53.40999315537303,93.41351302528685,0
grocery_pos,179.37,Meredith,CO,39.3199,-106.6596,61,Public relations account executive,40.108346,-105.820753,21,6,1,79.21149897330595,113.28823407074158,0
entertainment,17.496000000000002,Syracuse,MO,38.6547,-92.8929,628,"""Radiographer, diagnostic""",38.614314,-93.119176,22,0,12,59.0280629705681,20.160680581082246,0
grocery_pos,227.844,Matthews,MO,36.7154,-89.6287,1019,Aeronautical engineer,36.009227,-89.206674,22,5,1,39.98083504449008,87.14269312276463,0
health_fitness,78.624,Mesa,ID,44.6255,-116.4493,129,Cartographer,44.917605,-115.786241,1,6,12,55.03353867214237,61.600258390472696,0
shopping_pos,1885.428,Wappapello,MO,36.9766,-90.2848,2601,Research scientist (medical),36.360659,-90.480772,3,0,10,62.25325119780972,70.68458385836095,1
personal_care,97.848,Blairstown,MO,38.5319,-93.9221,467,Agricultural consultant,39.074527,-93.755539,22,4,12,70.58179329226557,62.0396051989344,0
gas_transport,106.092,Norwalk,CA,33.9056,-118.0818,105549,Firefighter,34.236514,-118.979599,1,3,12,47.27446954140999,90.51059439892364,0
shopping_net,10.458,Smith River,CA,41.9404,-124.1587,1930,Web designer,42.417348,-124.855742,21,4,12,37.53593429158111,78.17650393494742,0
grocery_net,78.444,Lakeport,CA,39.047,-122.9328,11256,Podiatrist,38.642855,-122.821113,21,0,1,46.220396988364136,45.96801880562088,0
grocery_pos,396.522,Newhall,CA,34.3795,-118.523,34882,Health physicist,34.256393,-118.886981,21,2,1,47.69062286105408,36.12165623841705,0
personal_care,22.302000000000003,Vancouver,WA,45.6892,-122.6616,299480,Teaching laboratory technician,45.844218,-122.468612,3,3,12,35.97535934291581,22.83002176103852,0
gas_transport,142.02,Blairsden-Graeagle,CA,39.8127,-120.6405,1725,Chartered legal executive (England and Wales),38.910861,-119.91575,1,2,1,51.62217659137577,118.05944479565792,0
grocery_pos,577.728,Iliff,CO,40.7692,-103.0968,648,Community arts worker,41.593703,-102.567457,2,1,3,50.5242984257358,101.82183129599667,1
grocery_pos,294.444,Fields Landing,CA,40.7268,-124.2174,276,"""Scientist, audiological""",40.022208,-124.244875,21,1,12,91.6495550992471,78.38161719613139,0
gas_transport,91.746,Gardiner,OR,43.7857,-124.1437,260,"""Engineer, maintenance""",44.769222,-123.378881,21,0,1,62.38740588637919,125.168887196265,0
shopping_pos,16.506,June Lake,CA,37.7773,-119.0825,633,Health service manager,36.856354,-118.137255,2,3,12,93.31143052703628,132.18781209180898,0
kids_pets,189.828,Phoenix,AZ,33.5623,-112.0559,1312922,Contractor,33.497131,-112.807964,21,4,1,37.23477070499658,70.08580529651863,0
shopping_pos,140.02200000000002,Parks,AZ,35.2563,-111.95,759,"""Geologist, engineering""",34.457808,-111.86482,22,2,12,63.75906913073238,89.12777144654248,0
misc_pos,70.47,Athena,OR,45.8289,-118.4971,1302,Dealer,44.904239,-118.263194,0,1,12,44.19712525667351,104.42864504319388,0
misc_pos,48.348,Athena,OR,45.8289,-118.4971,1302,Dealer,45.367036,-118.000069,1,6,1,42.23682409308692,64.28731823647607,0
health_fitness,139.752,Fort Washakie,WY,43.0048,-108.8964,1645,Freight forwarder,43.231727,-109.865211,22,4,12,44.82956878850103,82.58339737355718,0
personal_care,125.082,Meadville,MO,39.7795,-93.3014,964,Tourist information centre manager,39.037125,-92.527709,0,0,1,44.04106776180698,105.98289044956056,0
misc_pos,88.11000000000001,Mound City,MO,40.1362,-95.2138,1631,Architect,40.55438,-94.911825,1,6,9,67.64681724845995,53.07665957125363,1
shopping_pos,7.542000000000001,Powell Butte,OR,44.2415,-121.0113,2016,Local government officer,43.414231,-121.086151,0,5,12,67.00342231348391,92.1838621653965,0
shopping_net,83.754,Manville,WY,42.73,-104.7024,241,Educational psychologist,43.45991,-105.542517,23,4,12,40.02464065708419,106.02045559208992,0
gas_transport,143.442,Arvada,CO,39.8422,-105.1097,122111,Hotel manager,40.307547,-104.86284,21,1,1,31.630390143737166,55.84484747323132,0
health_fitness,15.065999999999999,June Lake,CA,37.7773,-119.0825,633,Health service manager,37.773487,-119.070687,0,1,1,91.33196440793976,1.1214847906260326,0
home,46.764,Scotts Mills,OR,44.9897,-122.6187,1252,"""Engineer, petroleum""",44.712388,-122.292049,2,0,1,81.91649555099247,40.17343471645206,0
gas_transport,97.47,North Loup,NE,41.4972,-98.7858,509,"""Nurse, children's""",41.47854,-98.73455,1,1,12,40.28747433264887,4.746444232444562,0
misc_net,13.05,Omaha,NE,41.2064,-95.9953,518429,"""Surveyor, land/geomatics""",40.693085,-96.748476,3,6,1,23.241615331964407,85.19937916806772,0
health_fitness,34.128,North Loup,NE,41.4972,-98.7858,509,"""Nurse, children's""",41.526593,-98.316008,21,1,4,39.578370978781656,39.253379181941874,1
grocery_pos,563.994,Blairsden-Graeagle,CA,39.8127,-120.6405,1725,Chartered legal executive (England and Wales),39.384,-119.960675,21,1,4,51.92607802874743,75.26613882295554,1
gas_transport,142.90200000000002,Port Costa,CA,38.046,-122.1866,198,Armed forces training and education officer,38.500345,-121.238141,0,2,1,59.7782340862423,96.99170657199056,0
grocery_net,131.04,Arnold,MO,38.4305,-90.387,35439,Land/geomatics surveyor,37.695442,-90.392498,22,0,12,35.74537987679671,81.73613761764162,0
health_fitness,134.496,Fiddletown,CA,38.5234,-120.6763,832,Immigration officer,38.282037,-121.463357,1,4,1,31.630390143737166,73.64763939920017,0
shopping_pos,4.968,Thompson,UT,38.9999,-109.615,46,"""Surveyor, minerals""",38.369522,-110.275758,3,6,1,31.72621492128679,90.56773722777918,0
personal_care,59.94,Red River,NM,36.6659,-105.4694,606,"""Surveyor, land/geomatics""",36.31452,-105.334774,23,3,1,30.34360027378508,40.88320708355426,0
shopping_pos,54.594,Independence,MO,39.1412,-94.3515,123373,"""Engineer, production""",39.393292,-93.365636,0,0,12,28.08487337440109,89.37918718538577,0
misc_net,191.448,Mesa,ID,44.6255,-116.4493,129,Cartographer,44.615713,-116.433295,1,0,1,53.08145106091718,1.67000393569725,0
home,101.898,June Lake,CA,37.7773,-119.0825,633,Health service manager,38.554735,-118.389631,22,4,1,91.32101300479124,105.55575015182087,0
gas_transport,100.53,Wheaton,MO,36.7651,-94.0492,760,Production manager,36.576424,-93.351676,3,1,1,33.374401095140314,65.6524484803894,0
home,37.188,Parks,AZ,35.2563,-111.95,759,"""Geologist, engineering""",36.19785,-112.374533,22,1,1,61.782340862423,111.48840200398966,0
personal_care,59.526,Rock Springs,WY,41.606,-109.23,27971,Music therapist,40.721573,-109.818728,2,1,12,36.41067761806981,110.0006765820817,0
health_fitness,140.454,Fort Washakie,WY,43.0048,-108.8964,1645,Freight forwarder,42.766933,-109.544199,1,1,12,44.84052019164955,59.0350206157927,0
kids_pets,143.76600000000002,Redford,MO,37.3272,-91.0243,241,Investment analyst,36.708063,-90.47444,21,5,12,46.16563997262149,84.3966935413577,0
health_fitness,168.606,Sacramento,CA,38.5662,-121.3286,757530,Magazine features editor,39.199571,-121.296995,2,2,1,39.676933607118414,70.4807512985624,0
grocery_pos,100.78200000000001,San Jose,CA,37.3304,-121.7913,973849,Geoscientist,37.822287,-121.987039,22,5,12,23.93702943189596,57.35094509106177,0
misc_pos,17.172,High Rolls Mountain Park,NM,32.9396,-105.8189,899,Naval architect,32.182229,-105.162776,1,6,12,53.327857631759066,104.27467570696346,0
misc_net,6.768,Sutherland,NE,41.1558,-101.136,1789,Insurance broker,41.342693,-100.559145,3,0,1,36.941820670773446,52.512973270519886,0
food_dining,96.786,Blairstown,MO,38.5319,-93.9221,467,Agricultural consultant,38.903167,-94.852621,3,6,12,70.58726899383984,90.67311063310586,0
grocery_pos,179.73,Santa Monica,CA,34.0287,-118.4924,92043,"""Civil engineer, contracting""",34.338354,-119.366451,3,2,1,57.70841889117043,87.4619530056957,0
gas_transport,89.08200000000001,Red River,NM,36.6659,-105.4694,606,"""Surveyor, land/geomatics""",35.894093,-106.393984,0,1,12,32.31211498973306,119.3049921420602,0
shopping_net,4.572,Nelson,NE,40.201,-98.0684,732,Television/film/video producer,40.811032,-98.007508,0,1,12,64.04380561259411,68.02753724302066,0
health_fitness,13.212,Weeping Water,NE,40.8731,-96.1528,1517,Dealer,41.107617,-97.051935,23,1,12,69.14168377823408,79.84426457461255,0
food_dining,7.74,Tekoa,WA,47.2271,-117.0819,895,Clothing/textile technologist,47.4605,-117.789524,3,0,12,21.579739904175224,59.29701288658357,0
misc_pos,3.492,Red River,NM,36.6659,-105.4694,606,"""Surveyor, land/geomatics""",35.782782,-104.672709,0,1,1,30.357289527720734,121.44881418994188,0
entertainment,121.446,Kissee Mills,MO,36.6704,-93.0377,1201,"""Engineer, agricultural""",36.143251,-93.140721,2,5,1,38.81998631074607,59.33691134888849,0
entertainment,362.556,Parks,AZ,35.2563,-111.95,759,"""Geologist, engineering""",35.693321,-112.891477,23,0,1,61.817932922655714,98.130512311686,0
health_fitness,177.62400000000002,Luray,MO,40.4931,-91.8912,519,Town planner,39.897194,-91.392631,2,4,1,52.90896646132786,78.63711944040503,0
food_dining,8.514000000000001,Bay City,OR,45.5197,-123.8761,1530,Colour technologist,45.170322,-123.900575,22,3,12,34.08350444900753,38.89612027550775,0
gas_transport,74.48400000000001,Conway,WA,48.34,-122.3456,85,"""Research officer, political party""",48.892568,-121.47255,2,2,1,34.37371663244353,88.84766384511137,0
home,143.64,Manley,NE,40.9207,-96.168,206,Human resources officer,41.453889,-95.662017,21,0,1,51.279945242984255,72.85452072894128,0
travel,8.046,Corona,CA,33.8419,-117.6043,233717,Wellsite geologist,33.925597,-117.091192,21,6,1,52.64613278576318,48.270984993047946,0
grocery_pos,364.87800000000004,Burlington,WA,48.4786,-122.3345,14871,Public house manager,49.221275,-123.32192,23,1,1,44.81314168377824,109.72371070360974,0
gas_transport,23.706,Fort Washakie,WY,43.0048,-108.8964,1645,Information systems manager,43.432352,-108.982476,0,4,3,33.0321697467488,48.05054273921807,1
food_dining,132.93,Fort Washakie,WY,43.0048,-108.8964,1645,Information systems manager,42.432624,-108.71063,1,5,1,32.90075290896646,65.40801663544315,0
home,80.53200000000001,Phoenix,AZ,33.5623,-112.0559,1312922,Contractor,33.317892,-111.120553,23,2,12,39.18412046543463,90.9441206470182,0
travel,1085.814,Helm,CA,36.4992,-120.0936,123,Early years teacher,36.714265,-119.958241,21,1,1,45.9356605065024,26.79306597644614,0
personal_care,103.536,Westerville,NE,41.4193,-99.3844,73,Product designer,40.858731,-98.409037,23,0,12,85.88090349075975,102.74542223621324,0
food_dining,145.386,Superior,AZ,33.2887,-111.0985,2872,Petroleum engineer,32.607997,-110.321712,0,1,1,31.17864476386037,104.79803259052754,0
gas_transport,18.791999999999998,Hubbell,NE,40.0456,-97.4735,121,Set designer,41.029483,-98.428136,0,0,2,22.89390828199863,135.928060056954,1
shopping_pos,6.678,Independence,MO,39.1412,-94.3515,123373,"""Engineer, production""",38.857916,-94.160519,1,2,1,26.09719370294319,35.561258608308385,0
misc_pos,589.248,Howells,NE,41.6964,-96.9858,1063,Research scientist (maths),40.948518,-97.952649,22,4,1,90.77618069815196,115.90603906282472,0
grocery_pos,245.12400000000002,North Loup,NE,41.4972,-98.7858,509,"""Nurse, children's""",41.964873,-98.599757,1,6,1,38.30800821355236,54.24604810886753,0
misc_net,188.352,Luray,MO,40.4931,-91.8912,519,Town planner,39.613766,-92.333152,1,2,1,52.9034907597536,104.76315014218244,0
food_dining,60.138,Newberg,OR,45.3099,-122.9685,28278,Research scientist (physical sciences),45.628373,-122.809669,2,3,12,43.45790554414784,37.5160557577744,0
shopping_pos,3.654,Matthews,MO,36.7154,-89.6287,1019,Aeronautical engineer,37.177177,-89.410392,0,1,1,39.950718685831625,54.88997435024214,0
misc_pos,15.659999999999998,San Diego,CA,33.0067,-117.069,1241364,Chartered public finance accountant,33.400869,-116.456702,2,3,12,61.4072553045859,71.87743693953425,0
grocery_pos,608.922,Albuquerque,NM,35.1506,-106.569,641349,Civil Service administrator,35.067209,-105.966085,22,5,5,43.08008213552361,55.62192294887443,1
shopping_net,1936.368,Grenada,CA,41.6125,-122.5258,589,Systems analyst,41.218861,-123.306308,1,1,7,73.52772073921972,78.43396090186741,1
misc_net,1287.018,Carroll,NE,42.277,-97.1926,566,Metallurgist,42.175045,-97.983932,21,6,2,45.07597535934291,66.13674387300165,1
gas_transport,130.068,Eugene,OR,44.0385,-123.0614,191096,"""Scientist, physiological""",44.311762,-122.920321,21,5,12,56.72279260780287,32.40148184571462,0
food_dining,45.342000000000006,Conway,WA,48.34,-122.3456,85,"""Research officer, political party""",48.426234,-123.146695,3,6,1,34.365503080082135,59.932392715109096,0
gas_transport,120.18599999999999,Holstein,NE,40.4542,-98.6538,331,Telecommunications researcher,39.45726,-98.223099,0,2,1,68.39151266255989,116.7747699992336,0
shopping_net,1811.844,Scotts Mills,OR,44.9897,-122.6187,1252,"""Engineer, petroleum""",44.69061,-123.429961,1,0,7,82.43394934976044,72.09320300008211,1
food_dining,175.842,Jelm,WY,41.0539,-106.0763,100,Public librarian,41.394088,-105.682111,1,1,12,46.70499657768652,50.1771563393831,0
health_fitness,129.186,San Jose,CA,37.3304,-121.7913,973849,Geoscientist,38.213148,-121.133236,1,0,12,23.942505133470227,113.93036742466552,0
home,89.38799999999999,Luray,MO,40.4931,-91.8912,519,Town planner,41.203672,-92.610404,22,6,12,54.86926762491444,99.51011959876224,0
grocery_net,104.49,Sacramento,CA,38.6865,-121.3494,757530,Soil scientist,38.406686,-122.304488,22,1,12,54.27789185489391,88.69568825867168,0
food_dining,73.602,Indian Wells,CA,33.7163,-116.3381,4677,Learning mentor,33.283325,-115.928843,21,0,12,65.64818617385353,61.30200594398459,0
misc_net,1275.318,Phoenix,AZ,33.8155,-112.1202,1312922,Counselling psychologist,33.090936,-112.39668,3,2,10,20.87337440109514,84.55226870331572,1
gas_transport,17.496000000000002,Albuquerque,NM,35.0561,-106.5506,641349,Charity officer,34.337435,-106.863773,22,3,2,52.05749486652977,84.88586741910335,1
misc_net,15.624,Greenview,CA,41.5403,-122.9366,308,Call centre manager,41.013729,-122.403496,1,1,1,60.28199863107461,73.57270228350541,0
gas_transport,137.592,Smith River,CA,41.9404,-124.1587,1930,Web designer,41.276914,-123.721724,0,4,1,35.56194387405886,82.23609430270342,0
shopping_pos,10.422,Norwalk,CA,33.9056,-118.0818,105549,Firefighter,34.611745,-118.002516,22,6,1,45.28952772073922,78.85708904491177,0
grocery_pos,407.79,American Fork,UT,40.3928,-111.7941,42384,Futures trader,40.064228,-111.912087,23,2,12,28.00273785078713,37.883690617899056,0
food_dining,96.192,Athena,OR,45.8289,-118.4971,1302,Dealer,46.108795,-117.550389,21,1,12,44.19712525667351,79.51104656309087,0
grocery_net,191.592,Santa Monica,CA,34.0287,-118.4924,92043,"""Civil engineer, contracting""",33.206144,-117.61148,22,5,12,59.67145790554415,122.55305461877316,0
grocery_pos,661.374,North Loup,NE,41.4972,-98.7858,509,"""Nurse, children's""",42.479459,-99.571403,21,2,4,39.58110882956879,127.06271013087786,1
gas_transport,74.286,Mountain Center,CA,33.6401,-116.5567,1661,"""Therapist, music""",33.832946,-117.161243,2,2,1,30.324435318275157,59.873477708614885,0
grocery_pos,177.57000000000002,Dumont,CO,39.7532,-105.6356,565,Mental health nurse,39.165534,-105.414373,0,3,1,40.35318275154004,68.04952579187459,0
entertainment,10.368,Lagrange,WY,41.6423,-104.1974,635,Product/process development scientist,41.847219,-104.159938,3,1,1,45.50855578370979,22.99694341921854,0
misc_pos,34.398,Rock Springs,WY,41.606,-109.23,27971,Music therapist,41.313299,-108.52521,0,5,12,36.40246406570842,67.14645167859514,0
shopping_net,11.772,High Rolls Mountain Park,NM,32.9396,-105.8189,899,Naval architect,32.871332,-104.881391,22,3,1,51.38398357289528,87.85009847222024,0
health_fitness,86.11200000000001,June Lake,CA,37.7773,-119.0825,633,Health service manager,37.814436,-118.330348,1,6,12,93.30047912388775,66.21739260947298,0
home,137.142,Fiddletown,CA,38.5234,-120.6763,832,Immigration officer,38.139068,-120.935981,3,3,1,31.627652292950035,48.36734258315755,0
shopping_pos,11.484,Honokaa,HI,20.0827,-155.488,4878,Physiotherapist,20.447199,-156.29324,0,0,1,52.114989733059545,93.26328049178748,0
grocery_pos,174.02400000000003,Los Angeles,CA,34.0443,-118.2509,2383912,"""Journalist, newspaper""",34.574175,-117.696776,21,5,12,61.57700205338809,77.85728354877166,0
kids_pets,27.846,Rock Springs,WY,41.606,-109.23,27971,Music therapist,42.134199,-108.948545,23,4,1,34.46406570841889,63.1877169168592,0
shopping_net,343.20599999999996,Weeping Water,NE,40.8731,-96.1528,1517,Dealer,41.127149,-95.460928,3,6,12,69.13620807665983,64.56879604473365,0
travel,15.426,Red River,NM,36.6659,-105.4694,606,"""Surveyor, land/geomatics""",37.106734,-105.243916,0,0,12,32.309377138945926,52.96191387174192,0
kids_pets,153.216,Eugene,OR,44.0385,-123.0614,191096,"""Scientist, physiological""",44.488522,-122.910843,3,3,1,54.76249144421629,51.45629910444608,0
home,260.892,Arnold,MO,38.4305,-90.387,35439,Land/geomatics surveyor,39.04423,-89.498053,0,4,1,33.76317590691308,102.96487854526517,0
shopping_pos,114.066,Rock Springs,WY,41.606,-109.23,27971,Music therapist,41.196885,-108.530532,21,3,12,36.41615331964408,73.97974859273555,0
shopping_net,1689.12,Mesa,ID,44.6255,-116.4493,129,Cartographer,44.093498,-117.426157,3,1,4,53.37166324435318,97.62370717727124,1
shopping_pos,470.21400000000006,Independence,MO,39.1412,-94.3515,123373,"""Engineer, production""",38.16714,-94.800098,2,4,12,28.076659822039694,115.1020976750417,0
misc_net,8.28,Issaquah,WA,47.4974,-122.0107,50489,Osteopath,47.638574,-122.46912,2,3,12,36.837782340862425,37.80591818642109,0
grocery_pos,194.184,Hooper,NE,41.6414,-96.5232,1745,"""Engineer, automotive""",42.618883,-96.523482,3,6,12,47.00342231348392,108.69115296886574,0
shopping_net,99.144,Burlington,WA,48.4786,-122.3345,14871,Public house manager,49.422505,-122.372602,22,4,12,46.79534565366188,104.9943148189028,0
home,89.91000000000001,Altonah,UT,40.3207,-110.436,302,"""Sales professional, IT""",39.814453,-110.912956,3,2,1,28.97741273100616,69.39789153063515,0
food_dining,10.242,Conway,WA,48.34,-122.3456,85,"""Research officer, political party""",47.453278,-121.44884,22,4,1,34.340862422997944,119.1260809902286,0
misc_net,1382.8500000000001,Paradise Valley,AZ,33.5494,-111.9565,17047,Building surveyor,32.982192,-111.751157,3,6,10,85.71937029431896,65.8967950650458,1
personal_care,231.426,Tekoa,WA,47.2271,-117.0819,895,Clothing/textile technologist,46.770708,-117.179994,22,3,12,21.56878850102669,51.29080250509004,0
personal_care,146.628,Superior,AZ,33.2887,-111.0985,2872,Petroleum engineer,32.753536,-110.290454,0,5,1,31.227926078028748,96.00359878579452,0
health_fitness,134.65800000000002,Jordan Valley,OR,42.8801,-117.281,641,Economist,43.718857,-117.508379,2,6,12,27.091033538672143,95.06325248244184,0
misc_pos,1046.286,Thompson,UT,38.9999,-109.615,46,"""Surveyor, minerals""",39.507924,-109.589677,21,6,12,33.68104038329911,56.53175485759947,0
home,52.902,Pueblo,CO,38.2352,-104.66,151815,Further education lecturer,38.719114,-104.098409,21,6,1,31.025325119780973,72.69942648627742,0
shopping_pos,14.004000000000001,Jelm,WY,41.0539,-106.0763,100,Public librarian,40.705147,-106.233864,2,4,12,46.69404517453799,40.9796648426459,0
misc_net,11.052,Norwalk,CA,33.9056,-118.0818,105549,Firefighter,34.319589,-118.049975,21,5,1,45.28678986995209,46.126620300834674,0
gas_transport,74.772,Lowell,OR,43.921,-122.7806,1420,Systems analyst,43.028,-122.427969,1,2,1,53.18001368925393,103.29329584442144,0
misc_net,14.778000000000002,Riverton,WY,43.0351,-108.2024,19408,"""Lecturer, higher education""",43.248853,-109.130921,3,5,1,25.35523613963039,78.99522067936641,0
personal_care,5.526,Rocky Mount,MO,38.2911,-92.7059,1847,Tax inspector,38.992936,-91.785378,1,4,12,32.16427104722793,111.72133562237694,0
entertainment,34.452000000000005,Bay City,OR,45.5197,-123.8761,1530,Colour technologist,46.375443,-124.317968,0,3,1,32.12867898699521,101.10081377630534,0
kids_pets,18.846,Freedom,WY,43.0172,-111.0292,471,"""Education officer, museum""",43.572916,-110.813633,23,6,1,51.46885694729637,64.2083140161817,0
entertainment,13.428,Holstein,NE,40.4542,-98.6538,331,Telecommunications researcher,41.145296,-99.001771,1,0,12,70.36002737850787,82.2389625812076,0
personal_care,30.276,Gardiner,OR,43.7857,-124.1437,260,"""Engineer, maintenance""",42.890786,-123.6364,1,3,1,62.338124572210816,107.63513815864732,0
shopping_net,14.328,Santa Monica,CA,34.0287,-118.4924,92043,"""Civil engineer, contracting""",33.62286,-119.314767,0,0,12,59.676933607118414,88.35750393796353,0
shopping_net,1890.7200000000003,Laguna Hills,CA,33.615,-117.7114,45303,Sales executive,33.37144,-118.360377,22,0,1,50.05886379192334,65.99334920930897,1
shopping_net,1811.412,Moab,UT,38.5677,-109.5271,9772,Location manager,39.423713,-109.706519,1,4,5,29.475701574264203,96.438866035825,1
misc_pos,1046.286,Thompson,UT,38.9999,-109.615,46,"""Surveyor, minerals""",39.507924,-109.589677,2,6,12,33.68104038329911,56.53175485759947,0
entertainment,8.226,Red River,NM,36.6659,-105.4694,606,"""Surveyor, land/geomatics""",36.584702,-104.629604,1,3,1,30.34360027378508,75.48500955344718,0
gas_transport,107.802,Redford,MO,37.3272,-91.0243,241,Investment analyst,37.029487,-91.68955,21,0,1,44.21629021218344,67.59849387978431,0
misc_net,42.426,Hatch,UT,37.7175,-112.4777,258,Geoscientist,37.437406,-111.695693,1,1,1,57.10335386721424,75.6252570282364,0
health_fitness,13.446,Newhall,CA,34.3795,-118.523,34882,Health physicist,35.014205,-118.93737,2,6,12,49.67556468172484,80.09998929331324,0
kids_pets,13.806000000000001,Sutherland,NE,41.1558,-101.136,1789,Insurance broker,40.353118,-101.271832,22,2,12,38.8829568788501,89.98446566202637,0
home,118.97999999999999,Orient,WA,48.8878,-118.2105,149,Special educational needs teacher,49.549749,-117.599917,2,5,12,42.5160848733744,85.93151875164729,0
misc_net,1229.454,Kent,OR,45.0838,-120.6649,60,Museum education officer,44.147484,-120.818801,0,3,9,77.44284736481862,104.82374958477972,1
grocery_pos,315.90000000000003,Napa,CA,38.4549,-122.2564,94014,Airline pilot,37.772006,-122.302634,0,6,1,33.4154688569473,76.04199972285052,0
grocery_pos,271.476,June Lake,CA,37.7773,-119.0825,633,Health service manager,38.179302,-119.614224,2,1,1,91.31279945242984,64.57654550476678,0
shopping_pos,13.482000000000001,Shedd,OR,44.453,-123.1065,917,Radio broadcast assistant,45.010163,-123.448822,0,4,12,25.46748802190281,67.59790407406562,0
home,24.462,Jelm,WY,41.0539,-106.0763,100,Public librarian,41.896055,-106.390603,0,1,1,44.71184120465435,97.23531683962162,0
grocery_pos,529.956,Westfir,OR,43.7575,-122.481,597,Forensic psychologist,43.728765,-123.404952,23,3,10,58.450376454483234,74.2916582218428,1
gas_transport,106.956,June Lake,CA,37.7773,-119.0825,633,Health service manager,38.61417,-119.998221,3,0,12,93.30321697467488,122.7303208052305,0
gas_transport,172.476,Tekoa,WA,47.2271,-117.0819,895,Clothing/textile technologist,47.832054,-118.000875,3,0,1,19.644079397672822,96.35985481885837,0
misc_pos,163.674,Tekoa,WA,47.2271,-117.0819,895,Clothing/textile technologist,47.052649,-116.99706,21,6,12,21.57700205338809,20.43189118900184,0
shopping_pos,10.224,Roseland,NE,40.4591,-98.5551,463,"""Nurse, mental health""",39.548332,-99.056979,2,6,1,70.6009582477755,109.9246589979504,0
misc_net,1447.1100000000001,Lowell,OR,43.921,-122.7806,1420,Systems analyst,43.019291,-123.267731,21,1,2,53.2539356605065,107.69563493585132,1
misc_pos,13.824,Iliff,CO,40.7692,-103.0968,648,Community arts worker,41.117172,-102.706865,23,3,12,51.27720739219713,50.69293918801573,0
food_dining,242.02800000000002,Brashear,MO,40.1959,-92.4333,805,Private music teacher,40.168715,-91.685618,3,0,12,50.50513347022587,63.58908109397099,0
shopping_net,1867.95,Sprague,NE,40.6267,-96.7456,142,Chiropodist,40.748964,-96.982935,22,5,7,52.88158795345654,24.192426273971435,1
home,36.378,Thompson,UT,38.9999,-109.615,46,"""Surveyor, minerals""",39.484485,-108.95921,23,3,1,31.718001368925396,78.05651841956919,0
shopping_pos,15.336,Nelson,NE,40.201,-98.0684,732,Television/film/video producer,40.232014,-98.964165,22,0,1,62.06707734428473,76.1368300928919,0
grocery_net,47.538000000000004,Meridian,ID,43.6498,-116.4306,84106,Intelligence analyst,43.340734,-116.456125,2,6,12,49.87542778918549,34.42819303764512,0
health_fitness,45.252,Phoenix,AZ,33.5623,-112.0559,1312922,Contractor,34.360163,-111.736133,0,6,12,39.175906913073234,93.4913401999362,0
entertainment,877.23,Parker,CO,39.5102,-104.7216,84861,Materials engineer,39.92264,-104.655071,1,2,10,87.61943874058863,46.212913856366185,1
personal_care,130.644,Kissee Mills,MO,36.6704,-93.0377,1201,"""Engineer, agricultural""",36.659941,-92.737093,3,2,1,38.83093771389459,26.837469168661187,0
shopping_pos,360.79200000000003,Orient,WA,48.8878,-118.2105,149,Special educational needs teacher,49.257029,-117.674436,0,3,12,42.52977412731006,56.66070703381637,0
shopping_net,1783.2600000000002,Santa Monica,CA,34.0287,-118.4924,92043,"""Civil engineer, contracting""",34.665421,-118.261771,2,4,7,59.2662559890486,73.89827342241368,1
food_dining,10.134,Hooper,NE,41.6414,-96.5232,1745,"""Engineer, automotive""",40.898193,-97.146219,21,2,1,45.01848049281314,97.67579946244918,0
gas_transport,111.402,Fort Washakie,WY,43.0048,-108.8964,1645,Information systems manager,43.407109,-108.727526,22,0,12,34.861054072553046,46.78174193355806,0
shopping_net,1851.5340000000003,Greenview,CA,41.5403,-122.9366,308,Call centre manager,41.079434,-122.989405,3,2,11,61.1854893908282,51.43540229531352,1
grocery_net,142.794,Lakeport,CA,39.047,-122.9328,11256,Podiatrist,38.609492,-123.060502,3,2,1,46.24503764544832,49.89048647986917,0
kids_pets,30.384,Mountain Center,CA,33.6401,-116.5567,1661,"""Therapist, music""",32.762737,-115.782402,1,4,1,30.310746064339494,121.27448966632208,0
misc_pos,1641.24,North Loup,NE,41.4972,-98.7858,509,"""Nurse, children's""",40.53317,-99.783619,23,1,4,39.578370978781656,136.01041244737752,1
kids_pets,15.246000000000002,Ruidoso,NM,33.3305,-105.6933,8874,Licensed conveyancer,33.637386,-106.621125,22,0,1,18.412046543463383,92.56639619461788,0
entertainment,29.286,Manville,WY,42.73,-104.7024,241,Educational psychologist,43.677672,-104.948623,2,3,12,40.04106776180698,107.2493203364603,0
food_dining,117.09,Fiddletown,CA,38.5234,-120.6763,832,Immigration officer,38.387733,-121.559198,2,1,1,31.64134154688569,78.3447179685163,0
entertainment,157.5,Riverton,WY,43.0351,-108.2024,19408,"""Lecturer, higher education""",43.593025,-108.514498,22,2,1,25.347022587268995,66.98013942643915,0
health_fitness,7.920000000000001,Ballwin,MO,38.577,-90.5255,92608,"""Engineer, communications""",38.64391,-91.334831,1,0,1,17.470225872689937,70.71376477165823,0
kids_pets,99.23400000000001,Meadville,MO,39.7795,-93.3014,964,Tourist information centre manager,40.371731,-93.705926,1,0,1,44.06023271731691,74.30539246114743,0
shopping_pos,10.512,Roseland,NE,40.4591,-98.5551,463,"""Nurse, mental health""",40.595556,-99.295037,0,1,12,72.58042436687201,64.35274235501845,0
shopping_net,1947.7259999999999,San Jose,CA,37.3304,-121.7913,973849,Geoscientist,37.263455,-121.00109,3,5,6,22.403832991101982,70.29403994002394,1
home,137.988,Fiddletown,CA,38.5234,-120.6763,832,Immigration officer,37.781652,-119.970043,21,5,12,33.607118412046546,103.03526989391,0
shopping_net,17.514000000000003,Rocky Mount,MO,38.2911,-92.7059,1847,Tax inspector,37.860528,-93.251874,22,4,12,32.16427104722793,67.64702809234413,0
shopping_pos,1491.8760000000002,North Loup,NE,41.4972,-98.7858,509,"""Nurse, children's""",41.09241,-99.416795,21,1,4,39.578370978781656,69.31684157755961,1
home,23.886,Tomales,CA,38.2427,-122.9145,337,Occupational psychologist,38.443821,-122.094472,1,5,1,64.52292950034223,74.93033763154014,0
home,2.736,Sun City,CA,33.7467,-117.1721,54287,"""Designer, exhibition/display""",33.871707,-116.539257,1,2,12,48.27104722792608,60.098647304195865,0
shopping_pos,10.188,North Loup,NE,41.4972,-98.7858,509,"""Nurse, children's""",40.58492,-98.811865,3,0,1,38.31074606433949,101.46445709157184,0
grocery_pos,75.474,Sacramento,CA,38.5662,-121.3286,757530,Magazine features editor,39.218186,-121.527818,0,5,1,39.68514715947981,74.5194907519619,0
grocery_pos,234.216,Santa Monica,CA,34.0287,-118.4924,92043,"""Civil engineer, contracting""",34.848928,-119.200838,22,6,12,59.67419575633128,111.97779215563178,0
grocery_pos,338.81399999999996,Issaquah,WA,47.4974,-122.0107,50489,Osteopath,47.797501,-121.817218,0,2,1,34.861054072553046,36.38143770121346,0
travel,3.51,Broomfield,CO,39.8854,-105.1139,92337,"""Engineer, electronics""",39.383945,-105.552431,21,4,1,51.23340177960301,67.22583114859677,0
home,36.126000000000005,Utica,MO,39.7417,-93.6289,271,Land/geomatics surveyor,40.672388,-92.876313,1,6,12,48.69267624914442,121.63058558708542,0
home,9.918,Greenview,CA,41.5403,-122.9366,308,Call centre manager,41.652392,-122.709142,1,3,12,62.28062970568104,22.65195331607108,0
grocery_pos,270.774,Tomales,CA,38.2427,-122.9145,337,Occupational psychologist,37.732925,-123.225461,3,6,12,66.48049281314168,62.89488506052427,0
shopping_net,1914.9299999999998,Moriarty,NM,34.9889,-106.0609,7268,"""Therapist, art""",35.355015,-105.774325,23,5,10,31.20602327173169,48.33011521430467,1
entertainment,75.11399999999999,Colorado Springs,CO,38.8881,-104.6556,525713,Museum/gallery exhibitions officer,38.843892,-104.891832,23,3,1,26.67214236824093,21.034958812871988,0
shopping_pos,7.901999999999999,Smith River,CA,41.9404,-124.1587,1930,Web designer,42.130959,-124.248603,21,1,1,35.553730321697465,22.45240483784706,0
health_fitness,8.55,Manley,NE,40.9207,-96.168,206,Human resources officer,41.854611,-96.639514,23,6,1,51.27720739219713,111.04598430293784,0
misc_net,19.728,Moriarty,NM,34.9889,-106.0609,7268,"""Therapist, art""",35.430223,-105.793238,0,1,1,30.409308692676248,54.76753139577103,0
shopping_pos,102.024,Meridian,ID,43.6498,-116.4306,84106,Intelligence analyst,42.6606,-116.851495,2,6,1,47.93976728268309,115.17047542774098,0
grocery_pos,516.474,Fort Washakie,WY,43.0048,-108.8964,1645,Freight forwarder,42.65414,-108.429206,2,1,12,43.84394250513347,54.51463711450054,1
entertainment,23.868,Weeping Water,NE,40.8731,-96.1528,1517,Dealer,40.858511,-96.474957,21,0,1,67.18412046543463,27.13885709656947,0
entertainment,1061.4420000000002,Manley,NE,40.9207,-96.168,206,Human resources officer,41.349658,-95.26557,22,4,7,51.80835044490075,89.36850954519817,1
shopping_pos,14.382000000000001,Glendale,CA,34.1556,-118.2322,172817,Advertising account planner,33.459185,-118.620534,0,0,1,36.47912388774812,85.3458342066112,0
misc_net,12.15,Smith River,CA,41.9404,-124.1587,1930,Web designer,42.668304,-124.116401,23,6,12,37.541409993155376,81.01394392473205,0
entertainment,12.24,San Diego,CA,33.0067,-117.069,1241364,"""Pharmacist, hospital""",32.97625,-116.450577,21,1,1,58.83641341546885,57.77638568856258,0
kids_pets,94.932,Dumont,CO,39.7532,-105.6356,565,Mental health nurse,39.388771,-105.245506,2,6,12,42.33538672142368,52.53616057736709,0
food_dining,112.824,Matthews,MO,36.7154,-89.6287,1019,Aeronautical engineer,36.409842,-89.57646,2,5,1,39.94250513347023,34.2953491341613,0
shopping_net,183.636,Lonetree,WY,41.0552,-110.1603,49,Research scientist (physical sciences),41.208703,-109.664829,0,1,1,37.530458590006845,44.869756162686286,0
