category,amt,city,state,lat,long,city_pop,job,merch_lat,merch_long,trans_hour,trans_dayofweek,trans_month,customer_age,merchant_distance_km,is_fraud
entertainment,33.25,Parks,AZ,35.2563,-111.95,759,"""Geologist, engineering""",35.138684,-110.956705,12,0,1,61.817932922655714,91.1981275687565,0
misc_net,6.0,Pueblo,CO,38.2352,-104.66,151815,Further education lecturer,38.864188,-104.397145,4,6,12,32.98015058179329,73.58078919703627,0
grocery_pos,97.3,Dumont,CO,39.7532,-105.6356,565,Mental health nurse,40.352049,-106.613303,7,4,1,40.375085557837096,106.57793382824354,0
grocery_pos,203.83,Issaquah,WA,47.4974,-122.0107,50489,Osteopath,47.209065,-122.388217,9,6,1,34.85284052019165,42.856802003631735,0
shopping_net,1059.96,Tekoa,WA,47.2271,-117.0819,895,Clothing/textile technologist,47.103421,-117.326991,22,5,8,20.194387405886378,23.07483565633018,1
travel,1.29,Lake Oswego,OR,45.4093,-122.6847,42817,Planning and development surveyor,45.949799,-122.50334,16,6,12,38.5845311430527,61.7301441852303,0
misc_net,1.05,Blairsden-Graeagle,CA,39.8127,-120.6405,1725,Chartered legal executive (England and Wales),39.569989,-120.634441,6,4,12,53.58247775496236,26.993210795283435,0
kids_pets,22.39,Newhall,CA,34.3795,-118.523,34882,Health physicist,34.590187,-117.685062,21,6,12,49.67556468172484,80.2948004442414,0
travel,8.94,Sutherland,NE,41.1558,-101.136,1789,Insurance broker,42.079499,-101.253269,12,5,12,38.87200547570158,103.17218917961732,0
gas_transport,42.11,Cascade Locks,OR,45.671,-121.8686,1288,Barrister,45.99422,-122.35017,7,5,12,84.65434633812457,51.80476340635197,0
food_dining,9.01,Glendale,CA,34.1556,-118.2322,172817,Advertising account planner,34.468676,-117.958582,15,5,12,38.40930869267625,42.93527753719376,0
grocery_net,71.05,Newberg,OR,45.3099,-122.9685,28278,Research scientist (physical sciences),44.477833,-123.051087,9,2,1,41.46201232032854,92.75004679436331,0
entertainment,6.03,Corona,CA,33.8419,-117.6043,233717,Wellsite geologist,34.642273,-117.72843,1,0,12,54.60369609856263,89.72584587529789,0
food_dining,7.29,Tekoa,WA,47.2271,-117.0819,895,Clothing/textile technologist,47.776867,-117.373221,19,3,12,21.587953456536617,64.9301275073824,0
gas_transport,57.48,Moriarty,NM,34.9889,-106.0609,7268,"""Therapist, art""",34.877347,-107.03238,6,0,1,30.46406570841889,89.42414340611555,0
home,70.96,High Rolls Mountain Park,NM,32.9396,-105.8189,899,Naval architect,31.982019,-106.217136,12,0,1,51.37577002053388,112.84294213285791,0
grocery_pos,294.39,Tekoa,WA,47.2271,-117.0819,895,Clothing/textile technologist,47.447456,-116.279282,7,6,8,20.197125256673512,65.25547654863912,1
travel,8.7,Altonah,UT,40.3207,-110.436,302,"""Sales professional, IT""",39.69092,-110.97387,12,4,12,30.937713894592743,83.68175563014964,0
shopping_net,7.68,Daly City,CA,37.6787,-122.478,107941,"""Buyer, industrial""",36.988085,-122.574711,15,5,12,29.229295003422312,77.26743425624205,0
grocery_pos,199.41,Colorado Springs,CO,38.8881,-104.6556,525713,Museum/gallery exhibitions officer,39.837821,-105.618294,7,3,12,28.64613278576317,134.1690252702107,0
gas_transport,47.08,High Rolls Mountain Park,NM,32.9396,-105.8189,899,Naval architect,33.33236,-104.835644,9,1,1,51.34017796030116,101.43526385311304,0
food_dining,65.03,Vinton,CA,40.0235,-120.7986,128,Education administrator,40.108329,-120.208316,19,3,1,52.88432580424367,51.10981704018393,0
grocery_pos,118.66,Carlotta,CA,40.507,-123.9743,1139,"""Therapist, occupational""",40.3689,-124.674437,7,0,12,69.95208761122518,61.21089157070756,0
kids_pets,42.56,Littleton,CO,39.5994,-105.0044,320420,Water engineer,40.291439,-104.795514,15,1,1,43.441478439425055,78.98464794892557,0
misc_net,144.82,Stayton,OR,44.8021,-122.7624,9587,"""Engineer, biomedical""",43.909551,-122.485963,0,6,1,50.82546201232033,101.65116515720442,0
gas_transport,19.06,Gardiner,OR,43.7857,-124.1437,260,"""Engineer, maintenance""",43.65284,-123.463528,2,5,2,63.45516769336072,56.62265617008916,1
kids_pets,32.11,Utica,MO,39.7417,-93.6289,271,Land/geomatics surveyor,39.688855,-93.132194,15,5,1,46.71594798083505,42.889815776209154,0
kids_pets,135.02,Freedom,WY,43.0172,-111.0292,471,"""Education officer, museum""",43.175827,-111.383578,16,3,12,53.4154688569473,33.74967375756958,0
shopping_pos,1469.4,Mountain Center,CA,33.6401,-116.5567,1661,"""Therapist, music""",34.616307,-115.750937,13,0,1,30.31895961670089,131.46600416621268,0
grocery_pos,340.41,Fields Landing,CA,40.7268,-124.2174,276,"""Scientist, audiological""",39.754545,-123.495913,23,2,4,89.927446954141,124.24846407991974,1
shopping_pos,1.55,Meridian,ID,43.6498,-116.4306,84106,Intelligence analyst,44.489228,-116.825892,23,2,1,47.90965092402464,98.53770107949592,0
personal_care,5.19,Red River,NM,36.6659,-105.4694,606,"""Surveyor, land/geomatics""",36.546908,-104.525924,20,4,12,32.30116358658453,85.24906533945781,0
food_dining,39.71,Carlotta,CA,40.507,-123.9743,1139,"""Therapist, occupational""",40.847277,-123.625863,16,5,1,67.9917864476386,47.90645639385217,0
grocery_pos,290.92,Syracuse,MO,38.6547,-92.8929,628,"""Radiographer, diagnostic""",38.541135,-92.984968,21,0,6,57.49486652977413,14.949223251165796,1
shopping_pos,218.78,Tomales,CA,38.2427,-122.9145,337,Occupational psychologist,37.392702,-122.922783,10,1,12,66.48596851471595,94.51826552852012,0
shopping_net,807.16,San Jose,CA,37.3304,-121.7913,973849,Science writer,36.632526,-121.588932,9,6,12,65.54414784394251,79.65472749221485,0
grocery_pos,191.93,Lakeport,CA,39.047,-122.9328,11256,Podiatrist,39.351876,-123.042478,7,3,1,46.209445585215605,35.193410440970844,0
entertainment,80.35,Orient,WA,48.8878,-118.2105,149,Special educational needs teacher,48.051479,-117.842735,17,1,1,40.55030800821356,96.86621522235164,0
health_fitness,67.23,Moriarty,NM,34.9889,-106.0609,7268,"""Therapist, art""",34.248452,-106.324987,21,3,1,30.45311430527036,85.8072062437362,0
home,317.68,Laguna Hills,CA,33.615,-117.7114,45303,Sales executive,32.784937,-117.576751,20,5,12,51.011635865845314,93.1451497624384,0
kids_pets,50.48,Lonetree,WY,41.0552,-110.1603,49,Research scientist (physical sciences),41.307692,-110.661239,20,5,1,37.503080082135526,50.45551684476503,0
shopping_net,7.21,Kent,OR,45.0838,-120.6649,60,Museum education officer,45.041256,-121.631675,6,0,1,76.78302532511978,76.07807908511172,0
grocery_pos,106.07,Manley,NE,40.9207,-96.168,206,Human resources officer,40.919192,-96.057542,0,1,12,53.23750855578371,9.28238533899582,0
home,23.02,Redford,MO,37.3272,-91.0243,241,Investment analyst,38.278806,-91.733673,22,3,12,46.17932922655715,122.80286939925946,0
shopping_net,16.96,Phoenix,AZ,33.5623,-112.0559,1312922,Contractor,33.953814,-112.195084,14,1,1,37.20739219712526,45.39605180558423,0
grocery_pos,132.25,Rocky Mount,MO,38.2911,-92.7059,1847,Tax inspector,39.000367,-93.602418,3,0,1,30.217659137577,110.82281537473038,0
home,51.39,Orient,WA,48.8878,-118.2105,149,Special educational needs teacher,48.718939,-118.810226,22,6,1,40.563997262149215,47.76762891717885,0
shopping_pos,1.24,Issaquah,WA,47.4974,-122.0107,50489,Osteopath,46.787938,-121.123986,12,0,1,34.85557837097878,103.54070776132234,0
entertainment,615.49,Lowell,OR,43.921,-122.7806,1420,Systems analyst,43.28018,-122.063582,22,1,2,53.2539356605065,91.71036790878124,1
home,81.28,Parker Dam,CA,34.298,-114.156,126,Marketing executive,33.518928,-115.145664,14,1,12,28.22724161533197,125.87845912978086,0
misc_pos,3.36,Meredith,CO,39.3199,-106.6596,61,Public relations account executive,39.45417,-107.056629,7,1,12,81.15263518138262,37.24414768495374,0
personal_care,18.84,Thompson,UT,38.9999,-109.615,46,"""Surveyor, minerals""",39.548209,-109.328729,20,0,1,31.74811772758385,65.76055422389653,0
grocery_net,23.14,Ruidoso,NM,33.3305,-105.6933,8874,Licensed conveyancer,34.063755,-105.465394,4,6,1,18.428473648186174,84.21612472963518,0
misc_pos,2.97,Centerview,MO,38.7897,-93.8702,2368,Electronics engineer,37.932685,-94.734017,14,4,12,31.44147843942505,121.46354858479036,0
entertainment,57.33,Thompson,UT,38.9999,-109.615,46,"""Surveyor, minerals""",38.908706,-110.055218,19,6,1,31.745379876796715,39.39329547622169,0
misc_net,909.14,Omaha,NE,41.2064,-95.9953,518429,"""Surveyor, land/geomatics""",40.35438,-95.905921,20,4,9,23.964407939767284,95.03870870413844,1
grocery_pos,326.03,Cascade Locks,OR,45.671,-121.8686,1288,Barrister,45.970483,-122.519803,1,6,11,84.52292950034223,60.46038310772392,1
shopping_pos,2.48,Westerville,NE,41.4193,-99.3844,73,Product designer,41.904669,-100.290293,8,6,12,85.87816563997262,92.60559197713306,0
shopping_net,2.65,San Jose,CA,37.3304,-121.7913,973849,Geoscientist,36.421551,-121.439957,20,2,12,23.94798083504449,105.78093299389984,0
kids_pets,2.93,Carlotta,CA,40.507,-123.9743,1139,"""Therapist, occupational""",40.428489,-124.749785,12,4,1,67.96988364134155,66.1794294416692,0
personal_care,20.98,Ruidoso,NM,33.3305,-105.6933,8874,Licensed conveyancer,33.051455,-106.147956,14,5,12,20.36139630390144,52.46581375108887,0
gas_transport,18.46,Camden,MO,39.2048,-94.0259,464,Colour technologist,40.126368,-93.688829,1,3,10,61.385352498288846,106.4576618677546,1
health_fitness,74.29,Meadville,MO,39.7795,-93.3014,964,Tourist information centre manager,40.004903,-93.062177,22,3,12,46.02327173169062,32.322151675731384,0
home,17.05,Riverton,WY,43.0351,-108.2024,19408,"""Lecturer, higher education""",43.890111,-107.556235,22,3,12,27.28542094455852,108.435878870349,0
grocery_pos,338.99,Cardwell,MO,36.0434,-90.2907,1120,Television floor manager,37.010298,-89.990603,23,5,7,62.27515400410677,110.80740540176376,1
entertainment,40.64,Ruidoso,NM,33.3305,-105.6933,8874,Licensed conveyancer,33.434803,-105.46506,20,3,12,20.3750855578371,24.158036069216507,0
misc_net,8.83,Albuquerque,NM,35.0561,-106.5506,641349,Charity officer,35.907066,-106.86573,0,5,1,51.96714579055441,98.83153977661084,0
kids_pets,109.06,Powell Butte,OR,44.2415,-121.0113,2016,Local government officer,43.729748,-120.13096,12,1,1,65.01848049281314,90.54663034522125,0
shopping_pos,788.66,Conway,WA,48.34,-122.3456,85,"""Research officer, political party""",48.80396,-122.159966,23,0,6,34.75154004106776,53.36727439432304,1
home,68.19,Stayton,OR,44.8021,-122.7624,9587,"""Engineer, biomedical""",44.937057,-123.328719,23,0,12,52.76386036960986,47.08433451975024,0
health_fitness,50.44,Sutherland,NE,41.1558,-101.136,1789,Insurance broker,40.417261,-101.666385,12,3,1,36.89253935660506,93.47644140939296,0
shopping_net,9.68,Parks,AZ,35.2563,-111.95,759,"""Geologist, engineering""",34.369841,-110.959806,2,6,1,61.79603011635866,133.74346208007586,0
grocery_net,27.03,Ballwin,MO,38.577,-90.5255,92608,"""Engineer, communications""",38.984909,-90.842219,1,1,1,17.43463381245722,53.01877544221505,0
shopping_net,2.71,Paauilo,HI,20.0271,-155.3697,1490,"""Scientist, research (maths)""",20.545271,-155.506856,12,1,12,29.71389459274469,59.36720753890792,0
personal_care,14.02,Thompson,UT,38.9999,-109.615,46,"""Surveyor, minerals""",39.731639,-110.207411,16,6,1,31.72621492128679,95.98879117948756,0
gas_transport,60.4,Omaha,NE,41.2064,-95.9953,518429,"""Surveyor, land/geomatics""",40.531825,-95.510917,8,0,1,23.28268309377139,85.35374835475899,0
grocery_pos,319.55,Oakland,CA,37.7878,-122.1884,381459,Barista,38.241989,-122.8219,9,2,3,46.16563997262149,75.03698611377473,1
health_fitness,6.02,Azusa,CA,34.1248,-117.9031,59705,Civil Service fast streamer,33.47864,-118.721501,20,0,1,35.58110882956879,104.30991086004052,0
grocery_pos,105.31,Redford,MO,37.3272,-91.0243,241,Investment analyst,37.702671,-91.460011,8,6,12,46.16837782340863,56.74417101722611,0
shopping_net,1.2,Fields Landing,CA,40.7268,-124.2174,276,"""Scientist, audiological""",41.323639,-124.489278,0,1,12,91.6495550992471,70.17499309668,0
shopping_pos,24.96,Orient,WA,48.8878,-118.2105,149,Special educational needs teacher,49.220856,-119.040584,20,3,1,40.57494866529774,70.92494399974474,0
shopping_pos,13.19,Newhall,CA,34.3795,-118.523,34882,Health physicist,33.943694,-118.029195,23,3,12,49.686516084873375,66.42727622384112,0
shopping_pos,5.45,Browning,MO,40.029,-93.1607,602,Cytogeneticist,40.097885,-93.349023,6,2,1,64.47091033538672,17.76284115856983,0
shopping_net,8.66,Iliff,CO,40.7692,-103.0968,648,Community arts worker,41.066143,-103.15392,8,1,1,49.31690622861054,33.36554925427176,0
gas_transport,44.82,Tomales,CA,38.2427,-122.9145,337,Occupational psychologist,38.396022,-123.670007,8,1,1,64.53114305270363,68.07932756292345,0
shopping_net,510.44,Sacramento,CA,38.5662,-121.3286,757530,Magazine features editor,39.502205,-121.970343,21,3,12,41.65366187542779,117.91785532064216,0
gas_transport,41.28,Parks,AZ,35.2563,-111.95,759,"""Geologist, engineering""",34.964059,-111.203646,1,6,1,61.776865160848736,75.26640667900544,0
shopping_net,51.88,Littleton,CO,39.5994,-105.0044,320420,Water engineer,39.045686,-105.470628,23,2,1,43.46338124572211,73.47944931264249,0
shopping_pos,125.81,Williamsburg,MO,38.8874,-91.7689,710,Glass blower/designer,38.866259,-92.454789,19,4,12,50.24503764544832,59.42030471653748,0
shopping_net,9.0,Sutherland,NE,41.1558,-101.136,1789,Insurance broker,42.135413,-101.176341,15,0,1,36.9034907597536,108.9795552905242,0
home,69.37,Meadville,MO,39.7795,-93.3014,964,Tourist information centre manager,39.691594,-92.999632,15,0,1,44.07939767282683,27.59325595806592,0
gas_transport,57.69,Tekoa,WA,47.2271,-117.0819,895,Clothing/textile technologist,47.432169,-117.624609,3,1,1,19.60848733744011,46.8282703085632,0
gas_transport,58.19,Fullerton,NE,41.366,-98.0054,1749,"""Surveyor, mining""",40.475261,-97.396916,9,2,1,45.65639972621492,111.46147861205654,0
gas_transport,59.37,Altonah,UT,40.3207,-110.436,302,"""Sales professional, IT""",40.919111,-109.480001,3,4,12,30.937713894592743,104.58460273662996,0
food_dining,7.3,Humboldt,AZ,34.5189,-112.2523,1179,"""Civil engineer, contracting""",34.42631,-111.307949,23,5,1,63.99726214921287,87.17722381359107,0
grocery_net,41.91,Newberg,OR,45.3099,-122.9685,28278,Research scientist (physical sciences),45.163533,-122.066146,8,1,1,41.497604380561256,72.50519583882873,0
shopping_net,44.22,Browning,MO,40.029,-93.1607,602,Cytogeneticist,40.816768,-92.511469,11,0,12,66.45859000684463,103.40795683254744,0
health_fitness,50.54,Tekoa,WA,47.2271,-117.0819,895,Clothing/textile technologist,47.93086,-117.072847,23,6,12,21.57700205338809,78.25748762749927,0
personal_care,12.79,Sutherland,NE,41.1558,-101.136,1789,Insurance broker,40.907799,-101.445631,18,4,1,36.8952772073922,37.88117562686684,0
misc_pos,364.59,Espanola,NM,35.9866,-106.0654,18408,Historic buildings inspector/conservation officer,36.577313,-105.887885,14,6,12,48.4435318275154,67.58403925916842,0
health_fitness,2.22,Browning,MO,40.029,-93.1607,602,Cytogeneticist,39.122817,-93.830758,18,0,12,66.45859000684463,115.9784270341842,0
health_fitness,38.95,Colorado Springs,CO,38.8881,-104.6556,525713,Museum/gallery exhibitions officer,39.387423,-105.175627,20,6,1,26.680355920602327,71.37382505899504,0
home,87.39,Holstein,NE,40.4542,-98.6538,331,Telecommunications researcher,39.47725,-99.039038,22,0,1,68.38603696098562,113.48430232228364,0
shopping_pos,144.79,Athena,OR,45.8289,-118.4971,1302,Dealer,45.704767,-118.734838,2,5,1,42.21492128678987,23.034335217947405,0
kids_pets,47.09,Blairstown,MO,38.5319,-93.9221,467,Agricultural consultant,39.187648,-93.646264,19,4,12,70.58179329226557,76.72758129466149,0
home,202.93,Luray,MO,40.4931,-91.8912,519,Town planner,41.0519,-92.252952,15,0,12,54.87200547570158,69.20116364743008,0
shopping_pos,122.0,Athena,OR,45.8289,-118.4971,1302,Dealer,46.442439,-118.524214,0,1,1,42.26146475017112,68.2544048214535,0
misc_pos,51.66,Lamy,NM,35.4311,-105.9409,923,Public relations account executive,35.907743,-105.212285,22,5,2,54.652977412731005,84.50483179621237,1
kids_pets,76.56,Louisiana,MO,39.4336,-91.0664,4593,"""Teacher, early years/pre""",40.273805,-92.04371,17,2,1,78.1409993155373,125.25132297994443,0
gas_transport,61.9,Thompson,UT,38.9999,-109.615,46,"""Surveyor, minerals""",39.728005,-110.394912,7,3,1,31.718001368925396,105.11887155857352,0
home,30.52,Burbank,WA,46.1966,-118.9017,3684,Musician,47.15607,-119.329031,14,3,1,37.09514031485284,111.55793315286648,0
gas_transport,48.93,Tomales,CA,38.2427,-122.9145,337,Occupational psychologist,39.225821,-123.496861,10,4,1,64.53935660506502,120.42347006052468,0
shopping_net,4.61,Red River,NM,36.6659,-105.4694,606,"""Surveyor, land/geomatics""",36.45217,-104.712381,12,2,1,30.360027378507876,71.66919429240079,0
gas_transport,47.14,Mesa,ID,44.6255,-116.4493,129,Cartographer,45.252736,-117.112857,4,6,1,53.07871321013005,87.13290056614481,0
shopping_net,1019.96,Red Cliff,CO,39.4584,-106.3851,277,Human resources officer,40.353567,-106.503599,22,6,5,34.12457221081451,100.0498751725523,1
misc_net,25.19,Port Costa,CA,38.046,-122.1866,198,Armed forces training and education officer,38.385483,-123.039156,6,0,12,61.74674880219028,83.50215338135305,0
food_dining,13.71,Glendale,CA,34.1556,-118.2322,172817,Advertising account planner,34.66035,-118.811919,18,4,1,36.4517453798768,77.32071385248801,0
travel,687.15,Colorado Springs,CO,38.8881,-104.6556,525713,Museum/gallery exhibitions officer,39.86034,-105.636195,20,1,1,26.666666666666668,137.08109514336635,0
gas_transport,9.16,Craig,AK,55.4732,-133.1171,1920,Commissioning editor,56.214113,-133.261105,0,2,12,23.460643394934976,82.87479842775905,1
food_dining,94.58,Claremont,CA,34.1092,-117.7183,35705,Wellsite geologist,34.957244,-117.936594,2,0,12,64.62149212867898,96.39490960107442,0
personal_care,136.9,Oakland,CA,37.7878,-122.1884,381459,Barista,38.032496,-122.313526,21,3,1,45.01848049281314,29.339869872878232,0
misc_net,11.36,Westerville,NE,41.4193,-99.3844,73,Product designer,40.752366,-99.683639,8,3,1,83.93429158110882,78.28543018691661,0
kids_pets,167.84,Paauilo,HI,20.0271,-155.3697,1490,"""Scientist, research (maths)""",19.231776,-154.662373,14,5,1,27.770020533880903,115.3633173679523,0
misc_net,84.32,Tomales,CA,38.2427,-122.9145,337,Occupational psychologist,38.182329,-123.371184,6,3,12,66.49144421629022,40.46042112081573,0
gas_transport,82.54,Sutherland,NE,41.1558,-101.136,1789,Insurance broker,40.557855,-101.833133,6,1,1,36.90622861054072,88.6459056882023,0
home,50.85,Littleton,CO,39.5994,-105.0044,320420,Water engineer,38.619554,-105.672992,13,6,1,43.45516769336072,123.28198537607688,0
health_fitness,69.64,Ruidoso,NM,33.3305,-105.6933,8874,Licensed conveyancer,33.066442,-105.550344,17,0,12,20.366872005475702,32.23428078523146,0
entertainment,43.15,Utica,MO,39.7417,-93.6289,271,Land/geomatics surveyor,40.333121,-93.251589,17,4,12,48.68720054757016,73.18849699245533,0
shopping_pos,6.4,Blairsden-Graeagle,CA,39.8127,-120.6405,1725,Chartered legal executive (England and Wales),38.864167,-119.931847,9,6,1,51.61396303901437,121.81238404171836,0
grocery_pos,106.17,Fort Washakie,WY,43.0048,-108.8964,1645,Freight forwarder,42.240324,-109.763662,2,6,12,44.83504449007529,110.72937979708848,0
health_fitness,15.08,Oakland,CA,37.7878,-122.1884,381459,Barista,37.042997,-123.004474,20,5,1,45.00479123887748,109.78685604140368,0
grocery_pos,23.58,Glendale,CA,34.1556,-118.2322,172817,Advertising account planner,33.670996,-117.623183,10,6,12,38.41204654346338,77.8585843840989,0
food_dining,116.45,Lagrange,WY,41.6423,-104.1974,635,Product/process development scientist,41.439253,-103.445341,22,0,7,46.04243668720055,66.53936285760113,1
misc_pos,45.4,Laguna Hills,CA,33.615,-117.7114,45303,Sales executive,33.916129,-117.095988,5,1,1,49.02669404517454,66.01033290640164,0
gas_transport,64.17,Port Costa,CA,38.046,-122.1866,198,Armed forces training and education officer,37.87265,-122.400794,1,2,12,61.75222450376455,26.91074732730818,0
misc_net,1566.58,Weeping Water,NE,40.8731,-96.1528,1517,Dealer,40.813042,-95.662625,10,1,12,69.14168377823408,41.77044840899827,0
shopping_pos,2.47,Port Costa,CA,38.046,-122.1866,198,Armed forces training and education officer,37.277017,-122.160372,11,6,1,59.78918548939083,85.53816991989255,0
food_dining,114.63,Lake Oswego,OR,45.4093,-122.6847,42817,Planning and development surveyor,46.09463,-123.201661,18,6,1,36.64887063655031,86.1159730738621,0
shopping_net,3.24,Kirtland Afb,NM,35.0203,-106.5503,310,"""Surveyor, land/geomatics""",35.083415,-106.017465,14,3,1,40.26009582477755,49.00783530688327,0
shopping_pos,6.74,Rocky Mount,MO,38.2911,-92.7059,1847,Tax inspector,37.684026,-93.099472,20,4,1,30.190280629705683,75.80484889336411,0
entertainment,22.73,Ruidoso,NM,33.3305,-105.6933,8874,Licensed conveyancer,33.724515,-106.643394,19,6,1,18.390143737166323,98.36385948034518,0
grocery_pos,292.85,Aurora,CO,39.6662,-104.835,389246,"""Scientist, marine""",40.477301,-104.170544,2,6,10,49.83436002737851,106.44609770357076,1
home,79.4,Colorado Springs,CO,38.8881,-104.6556,525713,Museum/gallery exhibitions officer,38.420859,-105.419146,20,3,12,28.64613278576317,84.23326306298195,0
entertainment,75.12,Meadville,MO,39.7795,-93.3014,964,Tourist information centre manager,40.22855,-93.310798,14,4,1,44.05201916495551,49.93849764295835,0
personal_care,73.98,Laramie,WY,41.4247,-105.4781,35371,"""Pilot, airline""",42.385167,-105.007976,18,3,12,32.309377138945926,113.66443902653091,0
gas_transport,57.38,Portland,OR,45.5303,-122.7033,841711,"""Engineer, building services""",45.709586,-122.84974,10,1,12,57.738535249828885,22.95946481255708,0
kids_pets,56.34,Lake Oswego,OR,45.4093,-122.6847,42817,Planning and development surveyor,44.75436,-123.488086,14,6,12,38.5845311430527,96.3439979234022,0
entertainment,159.4,Newhall,CA,34.3795,-118.523,34882,Health physicist,34.668994,-118.126258,14,0,1,47.742642026009584,48.55162075110457,0
health_fitness,48.42,Mound City,MO,40.1362,-95.2138,1631,Architect,40.107721,-95.767825,23,3,12,67.92607802874743,47.21383474439301,0
misc_net,3.14,Sixes,OR,42.825,-124.4409,217,Retail merchandiser,43.619157,-125.00896,10,0,12,92.24093086926764,99.58172465897852,0
home,111.04,Hawthorne,CA,33.9143,-118.3493,93193,"""Editor, magazine features""",34.668298,-119.228665,19,6,12,25.69199178644764,116.42691077730473,0
health_fitness,76.64,Fort Washakie,WY,43.0048,-108.8964,1645,Freight forwarder,42.475287,-108.874086,18,2,1,42.85010266940452,58.90735155134855,0
health_fitness,95.84,Colorado Springs,CO,38.8881,-104.6556,525713,Museum/gallery exhibitions officer,37.97867,-104.87046,17,1,1,26.666666666666668,102.84107921544906,0
shopping_net,1.14,Wheaton,MO,36.7651,-94.0492,760,Production manager,35.925296,-94.927435,22,3,12,35.31553730321698,122.09365050610752,0
home,116.79,Azusa,CA,34.1248,-117.9031,59705,Civil Service fast streamer,33.555331,-117.913921,19,2,1,35.52908966461328,63.32994979703116,0
kids_pets,48.21,Helm,CA,36.4992,-120.0936,123,Early years teacher,37.340704,-120.005769,18,4,1,45.94387405886379,93.89615998196555,0
home,117.34,Issaquah,WA,47.4974,-122.0107,50489,Osteopath,48.317247,-121.308639,18,0,1,34.85557837097878,105.11345581952916,0
grocery_pos,377.99,Sun City,CA,33.7467,-117.1721,54287,"""Designer, exhibition/display""",32.986937,-117.110804,1,3,8,46.93223819301848,84.67334033711917,1
kids_pets,53.25,Parker Dam,CA,34.298,-114.156,126,Marketing executive,34.577556,-114.411675,22,6,1,26.286105407255302,38.93658696565919,0
misc_net,8.67,Daly City,CA,37.6787,-122.478,107941,"""Buyer, industrial""",37.339168,-121.947021,10,0,12,29.234770704996578,60.15763786935013,0
entertainment,128.81,Altonah,UT,40.3207,-110.436,302,"""Sales professional, IT""",40.652704,-110.218814,21,1,1,28.993839835728952,41.23391838349894,0
misc_net,27.31,Rock Springs,WY,41.606,-109.23,27971,Music therapist,42.342707,-109.953708,4,2,1,34.42026009582478,101.43788206668872,0
personal_care,21.69,Orient,WA,48.8878,-118.2105,149,Special educational needs teacher,49.161488,-119.109765,23,5,12,42.458590006844624,72.28688277394961,1
misc_pos,2.54,Mesa,ID,44.6255,-116.4493,129,Cartographer,44.778888,-116.756568,2,5,12,55.03080082135524,29.67576695852218,0
grocery_pos,57.37,Oakland,CA,37.7878,-122.1884,381459,Barista,38.683131,-122.05552,3,6,1,45.007529089664615,100.23042155221144,0
home,77.85,Omaha,NE,41.2064,-95.9953,518429,"""Surveyor, land/geomatics""",40.445687,-96.590686,14,0,1,23.24435318275154,98.30843680206677,0
grocery_pos,101.8,Lonetree,WY,41.0552,-110.1603,49,Research scientist (physical sciences),40.829863,-110.985893,11,1,12,39.48528405201917,73.7316704202331,0
shopping_pos,5.68,Roseland,NE,40.4591,-98.5551,463,"""Nurse, mental health""",39.548332,-99.056979,6,6,1,70.6009582477755,109.9246589979504,0
gas_transport,65.8,Arnold,MO,38.4305,-90.387,35439,Land/geomatics surveyor,39.243473,-90.236573,3,0,1,33.80971937029432,91.33252609006578,0
grocery_pos,107.85,Bay City,OR,45.5197,-123.8761,1530,Colour technologist,45.744654,-124.745766,6,1,12,34.09719370294319,72.09805336617187,0
food_dining,126.38,High Rolls Mountain Park,NM,32.9396,-105.8189,899,Naval architect,32.662807,-105.265738,15,4,1,51.38672142368241,60.16906501649361,0
gas_transport,9.79,Buellton,CA,34.6209,-120.1922,5505,Nature conservation officer,35.529945,-119.444982,3,1,4,87.65776865160849,121.82310670702864,1
shopping_net,2.78,Kansas City,MO,38.9621,-94.5959,545147,Counsellor,38.483554,-94.588364,19,4,1,31.148528405201915,53.21590324206036,0
gas_transport,9.21,Independence,MO,39.1412,-94.3515,123373,"""Engineer, production""",40.114686,-94.36955,0,0,8,26.72416153319644,108.25774095682688,1
gas_transport,46.15,San Jose,CA,37.3304,-121.7913,973849,Geoscientist,37.479106,-122.229881,7,5,12,23.93702943189596,42.12083664992983,0
food_dining,66.9,Unionville,MO,40.4815,-92.9951,3805,"""Investment banker, corporate""",39.562154,-93.416254,8,0,12,70.2861054072553,108.33426550114328,0
home,20.99,Meridian,ID,43.6498,-116.4306,84106,Intelligence analyst,43.325063,-116.604694,23,6,1,47.92060232717317,38.74438359659428,0
grocery_pos,98.02,Altonah,UT,40.3207,-110.436,302,"""Sales professional, IT""",39.478841,-110.554169,3,6,12,30.94318959616701,94.15160964565496,0
shopping_net,7.23,Rock Springs,WY,41.606,-109.23,27971,Music therapist,42.51964,-110.013049,22,3,12,36.39698836413415,120.41295774477766,0
gas_transport,56.57,Matthews,MO,36.7154,-89.6287,1019,Aeronautical engineer,37.526003,-89.869212,10,4,12,41.91375770020534,92.62301108672752,0
grocery_pos,48.68,Moriarty,NM,34.9889,-106.0609,7268,"""Therapist, art""",34.030991,-105.611583,7,1,1,30.4476386036961,114.1938096150862,0
entertainment,21.28,North Loup,NE,41.4972,-98.7858,509,"""Nurse, children's""",41.958425,-98.89108,21,6,1,38.30800821355236,52.024725053802186,0
personal_care,35.87,Moab,UT,38.5677,-109.5271,9772,Location manager,39.119082,-110.066371,12,3,12,31.10198494182067,77.07284397602254,0
shopping_net,96.15,Athena,OR,45.8289,-118.4971,1302,Dealer,46.024588,-117.686247,8,5,1,42.21492128678987,66.3823743949571,0
grocery_net,70.09,Lake Oswego,OR,45.4093,-122.6847,42817,Planning and development surveyor,45.200178,-123.491868,2,0,1,36.65160848733744,67.2727265084557,0
shopping_net,192.44,Manley,NE,40.9207,-96.168,206,Human resources officer,41.294534,-95.679243,6,5,1,51.27446954140999,58.35035342715793,0
entertainment,615.35,Howells,NE,41.6964,-96.9858,1063,Research scientist (maths),42.38633,-96.866051,22,5,11,91.66050650239562,77.35141018196867,1
gas_transport,42.66,San Jose,CA,37.3304,-121.7913,973849,Geoscientist,36.813401,-120.80905,9,0,1,21.968514715947983,104.398002635785,0
kids_pets,7.13,Fort Washakie,WY,43.0048,-108.8964,1645,Information systems manager,43.410158,-109.631996,22,4,1,32.89801505817933,74.73896917485038,0
grocery_pos,257.63,La Grande,OR,45.3304,-118.0852,16955,"""Engineer, site""",46.026023,-117.409519,22,3,2,57.64544832306639,93.47965546642446,1
home,28.31,Westerville,NE,41.4193,-99.3844,73,Product designer,41.144624,-98.964569,15,4,12,85.87268993839835,46.51361947996383,0
misc_pos,7.1,Odessa,MO,38.9829,-93.9757,9512,Clinical research associate,39.007273,-94.062878,6,2,1,46.04243668720055,8.006611305660787,0
misc_net,1.79,Syracuse,MO,38.6547,-92.8929,628,"""Radiographer, diagnostic""",39.484615,-92.611844,7,3,1,57.04312114989733,95.41862043212616,0
misc_net,863.5,Camden,MO,39.2048,-94.0259,464,Colour technologist,40.075505,-93.371757,20,3,10,61.385352498288846,111.85229100685518,1
shopping_pos,101.84,Azusa,CA,34.1248,-117.9031,59705,Civil Service fast streamer,33.692506,-117.970895,21,6,12,37.51403148528405,48.474332949955546,0
personal_care,5.12,Port Costa,CA,38.046,-122.1866,198,Armed forces training and education officer,37.159819,-122.073009,12,1,12,61.74948665297741,99.04560599101812,0
shopping_pos,94.81,Phoenix,AZ,33.5623,-112.0559,1312922,Contractor,33.142637,-111.806381,15,1,1,37.18822724161533,52.10253578682733,0
home,17.41,Westerville,NE,41.4193,-99.3844,73,Product designer,40.44669,-100.249342,16,5,12,85.8754277891855,130.2890145012187,0
grocery_pos,293.71,Espanola,NM,35.9866,-106.0654,18408,Historic buildings inspector/conservation officer,35.655151,-106.276084,0,3,5,47.80287474332649,41.46277079640943,1
shopping_net,6.57,Paauilo,HI,20.0271,-155.3697,1490,"""Scientist, research (maths)""",19.571576,-155.898594,18,2,12,29.71663244353183,75.01612173331692,0
grocery_net,45.37,Thompson,UT,38.9999,-109.615,46,"""Surveyor, minerals""",39.243228,-110.436362,10,0,1,31.709787816564,75.84547858296712,0
kids_pets,41.72,Burbank,WA,46.1966,-118.9017,3684,Musician,47.181562,-119.51438,17,5,1,37.13894592744696,119.0751212945785,0
entertainment,54.72,Colorado Springs,CO,38.8881,-104.6556,525713,Museum/gallery exhibitions officer,38.932065,-104.102882,12,5,1,26.6776180698152,48.07273696615976,0
health_fitness,31.78,Luray,MO,40.4931,-91.8912,519,Town planner,40.538878,-91.883089,17,4,1,52.92813141683778,5.136251321509328,0
gas_transport,46.85,Conway,WA,48.34,-122.3456,85,"""Research officer, political party""",47.631938,-122.506513,7,0,12,36.32306639288159,79.63844176621718,0
shopping_pos,1526.91,Palmdale,CA,34.5715,-118.0231,171170,Chemical engineer,35.043491,-117.468909,2,3,1,55.62217659137577,72.90066428806095,0
health_fitness,57.69,Paauilo,HI,20.0271,-155.3697,1490,"""Scientist, research (maths)""",20.779141,-156.366716,20,3,12,29.700205338809035,133.377021170217,0
grocery_net,47.54,Athena,OR,45.8289,-118.4971,1302,Dealer,45.542176,-118.562415,10,1,1,42.20396988364134,32.283435957690976,0
shopping_net,65.61,Freedom,WY,43.0172,-111.0292,471,"""Education officer, museum""",42.298855,-111.566379,6,1,12,53.40999315537303,91.15775064570111,0
shopping_pos,9.34,Eugene,OR,44.0385,-123.0614,191096,"""Scientist, physiological""",43.194714,-123.475295,7,4,1,54.76522929500342,99.56496619125907,0
gas_transport,86.56,Humboldt,AZ,34.5189,-112.2523,1179,"""Civil engineer, contracting""",33.722031,-112.96662,2,5,1,63.97809719370294,110.34035939486807,0
grocery_pos,159.85,Luray,MO,40.4931,-91.8912,519,Town planner,40.353669,-91.635241,2,3,1,52.90622861054072,26.64257694878272,0
misc_net,1.75,San Jose,CA,37.3304,-121.7913,973849,Science writer,37.054856,-121.818275,7,1,12,65.54962354551677,30.73212311202705,0
kids_pets,10.12,Mountain Center,CA,33.6401,-116.5567,1661,"""Therapist, music""",34.094493,-117.46117,23,0,1,30.338124572210816,97.60336799567558,0
food_dining,48.27,American Fork,UT,40.3928,-111.7941,42384,Futures trader,40.68202,-111.660268,20,1,12,28.0,34.09045603419068,0
travel,7.4,Honokaa,HI,20.0827,-155.488,4878,Physiotherapist,19.320019,-155.238571,18,3,12,54.07802874743327,88.73504162978205,0
grocery_net,61.42,Espanola,NM,35.9866,-106.0654,18408,Historic buildings inspector/conservation officer,35.012074,-105.919962,9,0,12,48.446269678302535,109.15919632211916,0
personal_care,24.46,Greenview,CA,41.5403,-122.9366,308,Call centre manager,42.473334,-123.451386,21,0,1,60.336755646817245,112.12849873255634,0
grocery_pos,343.27,Campbell,NE,40.2967,-98.737,493,"""Surveyor, minerals""",40.863615,-99.383553,22,4,5,78.67214236824093,83.39768364963705,1
misc_pos,139.53,Red River,NM,36.6659,-105.4694,606,"""Surveyor, land/geomatics""",36.509419,-104.948301,23,3,1,30.34360027378508,49.67266741510082,0
gas_transport,52.52,Sutherland,NE,41.1558,-101.136,1789,Insurance broker,42.109945,-100.899529,7,3,12,38.88569472963724,107.90080467420674,0
shopping_net,9.9,Burbank,WA,46.1966,-118.9017,3684,Musician,45.770484,-119.213857,16,6,12,39.07734428473648,53.16728212065055,0
personal_care,56.97,Saint Louis,MO,38.6171,-90.4504,927396,Occupational hygienist,39.451418,-90.157628,15,6,12,60.79397672826831,96.15641761404738,0
misc_pos,83.09,Pueblo,CO,38.2352,-104.66,151815,Further education lecturer,37.99498,-103.773324,22,3,12,32.9719370294319,82.0406698095253,0
shopping_pos,8.46,Arnold,MO,38.4305,-90.387,35439,Land/geomatics surveyor,38.055122,-90.506879,22,4,1,33.80150581793292,43.03304144848528,0
entertainment,12.49,Sacramento,CA,38.5662,-121.3286,757530,Magazine features editor,39.27599,-121.934925,13,1,12,41.667351129363446,94.76521819741107,0
gas_transport,79.79,Centerview,MO,38.7897,-93.8702,2368,Electronics engineer,39.201637,-94.236392,0,3,12,31.457905544147845,55.67405471967369,0
health_fitness,66.7,Redford,MO,37.3272,-91.0243,241,Investment analyst,36.553412,-90.460734,15,5,12,46.16563997262149,99.55718364097,0
gas_transport,51.77,Fields Landing,CA,40.7268,-124.2174,276,"""Scientist, audiological""",40.74029,-123.24884,1,2,1,89.65913757700206,81.62251646871405,0
personal_care,30.17,Kent,OR,45.0838,-120.6649,60,Museum education officer,44.351382,-119.783813,16,1,1,76.76659822039699,107.13991997744598,0
entertainment,23.64,Arnold,MO,38.4305,-90.387,35439,Land/geomatics surveyor,39.332697,-89.767425,20,1,1,33.7741273100616,113.75422498738638,0
entertainment,112.85,San Jose,CA,37.3304,-121.7913,973849,Geoscientist,36.659207,-121.383889,13,0,12,23.942505133470227,82.94117443523933,0
gas_transport,77.63,Valentine,NE,42.8062,-100.6215,4005,Network engineer,42.976187,-101.090336,5,0,12,75.78918548939083,42.615576721411685,0
grocery_net,27.45,Orient,WA,48.8878,-118.2105,149,Special educational needs teacher,49.17877,-118.221919,1,6,12,42.51882272416153,32.36509538825288,0
grocery_pos,88.0,Kirtland Afb,NM,35.0203,-106.5503,310,"""Surveyor, land/geomatics""",35.603687,-106.856268,1,1,12,42.247775496235455,70.5607454810338,0
home,30.04,Newhall,CA,34.3795,-118.523,34882,Health physicist,34.068369,-118.271496,17,5,12,49.67282683093772,41.61239017712929,0
shopping_pos,8.52,Nelson,NE,40.201,-98.0684,732,Television/film/video producer,40.232014,-98.964165,6,0,1,62.06707734428473,76.1368300928919,0
shopping_net,957.4,Downey,CA,33.9581,-118.1174,111772,Fine artist,34.651145,-117.923465,23,1,5,56.18891170431211,79.09507281523497,1
health_fitness,196.72,Sun City,CA,33.7467,-117.1721,54287,"""Designer, exhibition/display""",34.029492,-117.329215,12,0,1,46.31074606433949,34.62826106594892,0
misc_pos,5.39,Manville,WY,42.73,-104.7024,241,Educational psychologist,43.343018,-103.762446,13,2,1,38.08350444900753,102.38271787663966,0
entertainment,74.52,Fort Washakie,WY,43.0048,-108.8964,1645,Information systems manager,43.626287,-109.631945,20,3,12,34.85010266940452,91.19636894399882,0
misc_net,174.82,Carlotta,CA,40.507,-123.9743,1139,"""Therapist, occupational""",40.254633,-124.501575,8,5,1,67.97262149212868,52.74604235023156,0
home,58.77,Oakland,CA,37.7878,-122.1884,381459,Barista,37.885538,-122.883432,14,2,1,45.034907597535934,61.99589454492079,0
grocery_pos,114.12,Manley,NE,40.9207,-96.168,206,Human resources officer,41.465003,-96.614659,2,1,1,51.28268309377139,71.1328091039966,0
food_dining,56.25,Laguna Hills,CA,33.615,-117.7114,45303,Sales executive,33.297951,-117.336588,1,0,12,51.017111567419576,49.516756291548,0
shopping_net,8.85,Rocky Mount,MO,38.2911,-92.7059,1847,Tax inspector,38.788484,-92.847839,12,6,12,32.16974674880219,56.66757140736051,0
misc_net,79.51,Napa,CA,38.4549,-122.2564,94014,Airline pilot,38.404071,-122.615562,11,5,1,33.39356605065024,31.79199513930335,0
shopping_net,1.14,Orient,WA,48.8878,-118.2105,149,Special educational needs teacher,48.731624,-118.013194,20,4,1,40.57768651608488,22.59059025250842,0
grocery_pos,315.55,Aurora,CO,39.7656,-104.7069,389246,Industrial/product designer,39.35549,-104.188137,3,0,3,80.62970568104038,63.69642859340843,1
shopping_net,871.92,Grenada,CA,41.6125,-122.5258,589,Systems analyst,40.847015,-122.226543,22,2,7,73.53045859000684,88.72059934597357,1
entertainment,672.48,Grenada,CA,41.6125,-122.5258,589,Systems analyst,42.341772,-122.676184,22,1,7,73.52772073921972,82.03862599386424,1
kids_pets,15.83,Fields Landing,CA,40.7268,-124.2174,276,"""Scientist, audiological""",40.207219,-124.512417,21,0,1,89.71115674195757,62.93455216002156,0
personal_care,108.06,Kansas City,MO,38.9621,-94.5959,545147,Counsellor,39.426345,-94.187143,21,6,12,33.1088295687885,62.494865847664975,0
misc_pos,2.47,Manville,WY,42.73,-104.7024,241,Educational psychologist,41.800801,-104.14215,15,2,12,40.03832991101985,113.14023100422982,0
home,82.79,Helm,CA,36.4992,-120.0936,123,Early years teacher,37.25162,-119.745114,19,3,1,45.90280629705681,89.22273888855652,0
entertainment,46.91,Fields Landing,CA,40.7268,-124.2174,276,"""Scientist, audiological""",41.608267,-124.764095,21,6,1,89.70841889117042,108.17055791396918,0
entertainment,73.26,Fort Washakie,WY,43.0048,-108.8964,1645,Freight forwarder,42.229961,-108.17433,15,0,1,42.8829568788501,104.47043872470168,0
gas_transport,63.37,Kirk,CO,39.6171,-102.4776,207,Network engineer,40.500091,-101.54874,3,4,1,63.08555783709788,126.05154243269628,0
gas_transport,84.03,Port Costa,CA,38.046,-122.1866,198,Armed forces training and education officer,37.898488,-122.404917,5,3,1,59.78097193702944,25.20437664121218,0
entertainment,77.71,Alva,WY,44.6873,-104.4414,110,"""Administrator, local government""",45.195884,-103.846112,22,2,1,45.67008898015058,73.43895740134761,0
grocery_pos,129.21,Mound City,MO,40.1362,-95.2138,1631,Architect,40.069216,-95.839938,1,6,12,67.93429158110882,53.77251221390646,0
personal_care,21.24,Red River,NM,36.6659,-105.4694,606,"""Surveyor, land/geomatics""",37.663825,-105.431352,22,0,3,31.485284052019164,111.01540058214523,1
shopping_net,955.39,Santa Monica,CA,34.0287,-118.4924,92043,"""Civil engineer, contracting""",33.055071,-117.521416,23,4,7,59.2662559890486,140.7780040055341,1
entertainment,49.21,Laguna Hills,CA,33.615,-117.7114,45303,Sales executive,34.059949,-117.485478,6,2,1,49.04859685147159,53.69618366861506,0
misc_net,847.19,Fields Landing,CA,40.7268,-124.2174,276,"""Scientist, audiological""",40.315134,-123.581372,23,2,4,89.927446954141,70.60883122152106,1
home,31.99,Grenada,CA,41.6125,-122.5258,589,Systems analyst,42.138213,-122.136554,20,1,12,75.02258726899385,66.75166152487388,0
personal_care,15.99,Hooper,NE,41.6414,-96.5232,1745,"""Engineer, automotive""",40.977626,-96.840625,22,5,8,46.63655030800821,78.42554682238664,1
grocery_pos,91.59,Aurora,CO,39.6662,-104.835,389246,"""Scientist, marine""",38.994365,-105.624452,2,6,12,51.04175222450377,100.95095524487252,0
shopping_net,1245.75,Yellowstone National Park,WY,44.7957,-110.6137,369,Materials engineer,44.925059,-110.660174,23,5,10,77.88364134154689,14.843139369050148,1
gas_transport,66.49,Lagrange,WY,41.6423,-104.1974,635,Product/process development scientist,42.141305,-103.350811,1,4,1,45.47843942505133,89.38266208552126,0
shopping_net,1.27,Scotts Mills,OR,44.9897,-122.6187,1252,"""Engineer, petroleum""",44.846552,-123.55797,5,6,1,81.95208761122518,75.65017018762207,0
shopping_pos,30.33,Independence,MO,39.1412,-94.3515,123373,"""Engineer, production""",39.393292,-93.365636,14,0,12,28.08487337440109,89.37918718538577,0
gas_transport,73.18,Luray,MO,40.4931,-91.8912,519,Town planner,39.665299,-91.151055,1,6,12,54.86926762491444,111.52580170409396,0
shopping_net,6.51,Louisiana,MO,39.4336,-91.0664,4593,"""Teacher, early years/pre""",40.041116,-91.085036,9,6,1,78.19028062970568,67.57148862772077,0
home,10.79,Scotts Mills,OR,44.9897,-122.6187,1252,"""Engineer, petroleum""",45.050035,-121.666468,22,3,1,81.92470910335386,75.14452449749278,0
travel,3.53,Lakeport,CA,39.047,-122.9328,11256,Podiatrist,39.313968,-122.169927,23,6,12,48.19164955509925,72.14493741609304,0
shopping_pos,143.78,American Fork,UT,40.3928,-111.7941,42384,Futures trader,39.901915,-112.220331,12,0,12,27.99726214921287,65.51216962859432,0
travel,7.36,Iliff,CO,40.7692,-103.0968,648,Community arts worker,40.296949,-103.028083,15,1,1,49.27857631759069,52.832057781769926,0
gas_transport,44.6,Redford,MO,37.3272,-91.0243,241,Investment analyst,37.957775,-90.955066,2,5,1,44.19164955509925,70.38122406622962,0
misc_pos,2.29,Brainard,NE,41.1832,-96.9882,614,Associate Professor,41.075997,-97.801687,8,1,12,53.52772073921971,69.16796964895775,0
home,107.64,Nelson,NE,40.201,-98.0684,732,Television/film/video producer,39.879013,-97.392439,18,1,1,62.050650239561946,67.77342110594488,0
shopping_pos,12.29,Rocky Mount,MO,38.2911,-92.7059,1847,Tax inspector,38.845347,-93.508367,23,0,12,32.172484599589325,93.08792818433172,0
personal_care,2.06,Burlington,WA,48.4786,-122.3345,14871,Public house manager,48.803552,-122.944066,23,3,1,44.837782340862425,57.54558638417479,0
misc_net,27.31,Rock Springs,WY,41.606,-109.23,27971,Music therapist,42.342707,-109.953708,4,2,1,34.42026009582478,101.43788206668872,0
gas_transport,77.35,Portland,OR,45.5303,-122.7033,841711,"""Engineer, building services""",46.222571,-123.666291,1,0,12,57.73579739904175,107.15772729915452,0
personal_care,87.99,Glendale,CA,34.1556,-118.2322,172817,Advertising account planner,33.222808,-118.006954,19,2,12,38.42026009582478,105.79451099872446,0
gas_transport,80.73,Sutherland,NE,41.1558,-101.136,1789,Insurance broker,41.224661,-100.479119,7,6,12,38.87474332648871,55.49659134491428,0
home,92.01,Littleton,CO,39.5994,-105.0044,320420,Water engineer,40.573131,-105.603791,17,0,1,43.45790554414784,119.6795618616981,0
shopping_pos,37.94,Meredith,CO,39.3199,-106.6596,61,Public relations account executive,40.156376,-106.205455,9,0,1,79.17590691307323,100.79216457980397,0
grocery_pos,104.84,Alva,WY,44.6873,-104.4414,110,"""Administrator, local government""",45.538062,-104.542117,0,1,1,45.686516084873375,94.92996939794102,0
home,44.77,Ruidoso,NM,33.3305,-105.6933,8874,Licensed conveyancer,33.694714,-105.429176,19,3,1,18.40109514031485,47.32608636280139,0
misc_pos,5.93,Smith River,CA,41.9404,-124.1587,1930,Web designer,42.389285,-123.62878,21,6,12,37.541409993155376,66.32429991155811,0
misc_net,8.68,Greenview,CA,41.5403,-122.9366,308,Call centre manager,41.013729,-122.403496,3,1,1,60.28199863107461,73.57270228350541,0
shopping_pos,9.05,Independence,MO,39.1412,-94.3515,123373,"""Engineer, production""",38.716075,-94.218192,14,3,12,28.09308692676249,48.65787274572105,0
misc_net,26.0,Centerview,MO,38.7897,-93.8702,2368,Electronics engineer,38.424715,-93.033649,3,5,1,29.508555783709788,83.25163423257024,0
entertainment,9.22,High Rolls Mountain Park,NM,32.9396,-105.8189,899,Naval architect,33.78182,-105.186846,17,2,1,51.38124572210815,110.52621062605051,0
gas_transport,83.84,Indian Wells,CA,33.7163,-116.3381,4677,Learning mentor,34.69965,-116.281634,5,2,1,63.69883641341547,109.46674631699528,0
misc_net,948.11,Iliff,CO,40.7692,-103.0968,648,Community arts worker,41.006837,-103.546703,11,2,12,51.27446954140999,46.13634866063737,0
gas_transport,11.0,Newberg,OR,45.3099,-122.9685,28278,Research scientist (physical sciences),45.479046,-122.89965,0,3,8,43.1129363449692,19.561424674066178,1
misc_net,7.02,Lowell,OR,43.921,-122.7806,1420,Systems analyst,43.878761,-122.258812,6,1,12,55.13210130047912,42.06951707041085,0
entertainment,69.25,Corona,CA,33.8419,-117.6043,233717,Wellsite geologist,33.003466,-117.056312,2,5,1,52.64339493497605,106.19826823083145,0
gas_transport,39.98,Centerview,MO,38.7897,-93.8702,2368,Electronics engineer,38.995701,-93.569356,2,1,1,29.45927446954141,34.67859632400656,0
shopping_pos,4.41,Ashford,WA,46.7531,-121.9898,759,Video editor,47.243397,-122.831473,10,2,1,62.338124572210816,83.94290107994627,0
gas_transport,56.57,Matthews,MO,36.7154,-89.6287,1019,Aeronautical engineer,37.526003,-89.869212,10,4,12,41.91375770020534,92.62301108672752,0
grocery_pos,127.15,Weeping Water,NE,40.8731,-96.1528,1517,Dealer,40.565596,-95.846223,3,6,12,69.13620807665983,42.85680326965298,0
shopping_pos,2.72,Oakland,CA,37.7878,-122.1884,381459,Barista,37.341178,-123.109163,16,5,12,46.978781656399725,95.14502834949434,0
entertainment,14.32,Colton,WA,46.5901,-117.1692,761,Chief Marketing Officer,46.311736,-117.341662,22,1,1,75.54551676933607,33.654626391103136,0
entertainment,94.67,Rock Springs,WY,41.606,-109.23,27971,Music therapist,42.450544,-108.241818,13,1,12,36.41067761806981,124.42030925494032,0
food_dining,43.5,Campbell,NE,40.2967,-98.737,493,"""Surveyor, minerals""",40.543929,-98.394344,17,3,12,80.2984257357974,39.96422150692843,0
shopping_net,134.15,Centerview,MO,38.7897,-93.8702,2368,Electronics engineer,38.245009,-94.617957,21,0,12,31.449691991786448,88.88459399213139,0
personal_care,60.57,Luray,MO,40.4931,-91.8912,519,Town planner,41.383097,-90.926382,13,0,12,54.87200547570158,127.91106855314575,0
gas_transport,52.5,Tekoa,WA,47.2271,-117.0819,895,Clothing/textile technologist,48.143626,-117.828345,0,3,1,19.59479808350445,116.22435119221984,0
health_fitness,42.95,Albuquerque,NM,35.0561,-106.5506,641349,Charity officer,34.909553,-105.918194,23,1,1,51.97535934291581,59.875075086582775,0
home,69.63,Red Cliff,CO,39.4584,-106.3851,277,Human resources officer,39.609708,-105.874381,14,0,12,35.73716632443532,46.91884371984534,0
shopping_net,6.69,Jelm,WY,41.0539,-106.0763,100,Public librarian,40.215109,-107.00724,22,4,1,44.75838466803559,121.94177506955783,0
shopping_net,1130.56,Santa Monica,CA,34.0287,-118.4924,92043,"""Civil engineer, contracting""",33.617538,-118.092913,23,3,7,59.26351813826147,58.75426843907019,1
kids_pets,12.15,Wheaton,MO,36.7651,-94.0492,760,Production manager,37.62104,-93.050322,20,0,12,35.3264887063655,129.94822192646626,0
misc_pos,49.49,Blairsden-Graeagle,CA,39.8127,-120.6405,1725,Chartered legal executive (England and Wales),39.261222,-119.712888,23,1,4,51.92607802874743,100.43866816022506,1
shopping_pos,16.17,Lakeport,CA,39.047,-122.9328,11256,Podiatrist,39.13472,-123.912232,14,0,12,48.19438740588638,85.08899850363784,0
grocery_pos,89.34,San Jose,CA,37.3304,-121.7913,973849,Science writer,37.84558,-122.789456,4,2,1,63.59753593429158,104.96027810214476,0
kids_pets,3.84,Matthews,MO,36.7154,-89.6287,1019,Aeronautical engineer,37.452205,-89.586038,19,1,12,41.92470910335387,82.0163304721697,0
kids_pets,97.15,Daly City,CA,37.6787,-122.478,107941,"""Buyer, industrial""",38.283841,-122.350341,17,0,1,27.260780287474333,68.21246586267974,0
shopping_pos,1.16,Redford,MO,37.3272,-91.0243,241,Investment analyst,36.489823,-90.556272,20,1,1,44.18069815195072,101.98724672003672,0
grocery_net,33.13,Norwalk,CA,33.9056,-118.0818,105549,Firefighter,34.533272,-117.807916,5,0,1,45.3305954825462,74.1979679835702,0
grocery_pos,135.65,High Rolls Mountain Park,NM,32.9396,-105.8189,899,Naval architect,33.520595,-104.928834,4,6,1,51.37303216974675,105.01005597301716,0
shopping_pos,28.69,Rock Springs,WY,41.606,-109.23,27971,Music therapist,42.298978,-109.642109,21,5,12,36.40246406570842,84.25520704304306,0
shopping_pos,776.84,Howells,NE,41.6964,-96.9858,1063,Research scientist (maths),41.239512,-96.517848,22,6,12,91.66324435318276,64.04081314601295,1
shopping_pos,4.44,Wales,AK,64.7556,-165.6723,145,"""Administrator, education""",64.773989,-166.410533,8,3,12,81.14442162902122,35.05638595065679,0
misc_net,2.46,Altonah,UT,40.3207,-110.436,302,"""Sales professional, IT""",40.455018,-110.535517,22,0,1,28.99110198494182,17.149598497201517,0
misc_net,118.7,Mesa,ID,44.6255,-116.4493,129,Cartographer,45.402707,-116.509459,4,1,12,55.03901437371663,86.55075324099279,0
grocery_pos,315.37,Tekoa,WA,47.2271,-117.0819,895,Clothing/textile technologist,46.273194,-117.523529,1,5,8,20.194387405886378,111.2778127857638,1
kids_pets,15.83,Fields Landing,CA,40.7268,-124.2174,276,"""Scientist, audiological""",40.207219,-124.512417,21,0,1,89.71115674195757,62.93455216002156,0
health_fitness,29.9,Espanola,NM,35.9866,-106.0654,18408,Historic buildings inspector/conservation officer,36.397674,-106.32047,20,6,1,46.507871321013006,51.12021496143071,0
shopping_pos,87.19,Kent,OR,45.0838,-120.6649,60,Museum education officer,44.413258,-120.578974,11,4,1,76.77481177275838,74.8689940326309,0
health_fitness,28.22,Hawthorne,CA,33.9143,-118.3493,93193,"""Editor, magazine features""",33.707559,-118.5124,15,3,12,25.70294318959617,27.48707242658534,0
shopping_net,938.4,Mesa,ID,44.6255,-116.4493,129,Cartographer,44.093498,-117.426157,23,1,4,53.37166324435318,97.62370717727124,1
grocery_pos,321.73,Red River,NM,36.6659,-105.4694,606,"""Surveyor, land/geomatics""",36.671428,-105.248443,0,6,3,31.482546201232037,19.71667145965177,1
shopping_pos,6.98,Indian Wells,CA,33.7163,-116.3381,4677,Learning mentor,32.779202,-116.15172,0,5,1,63.70704996577687,105.6320897297933,0
food_dining,29.68,Espanola,NM,35.9866,-106.0654,18408,Historic buildings inspector/conservation officer,35.51597,-105.98708,14,6,1,46.507871321013006,52.80677344835274,0
misc_net,4.96,Iliff,CO,40.7692,-103.0968,648,Community arts worker,41.002532,-103.564061,4,5,12,51.26351813826147,47.07539144824098,0
grocery_pos,336.2,Ravenna,NE,41.0233,-98.9041,2202,"""Solicitor, Scotland""",41.965421,-98.334757,2,6,1,44.563997262149215,114.99066563072404,1
home,12.29,Phoenix,AZ,33.5623,-112.0559,1312922,Contractor,33.336129,-112.9753,17,3,12,39.186858316221766,88.93002410742898,0
gas_transport,88.02,Tekoa,WA,47.2271,-117.0819,895,Clothing/textile technologist,48.084231,-116.542254,7,3,1,19.59479808350445,103.5243221299904,0
personal_care,77.51,Independence,MO,39.1412,-94.3515,123373,"""Engineer, production""",39.158796,-94.65189,15,1,12,28.087611225188223,25.976766882889,0
misc_net,718.05,Jordan Valley,OR,42.8801,-117.281,641,Economist,42.13899,-117.601954,22,1,6,26.521560574948666,86.50499900541459,1
home,22.9,Stayton,OR,44.8021,-122.7624,9587,"""Engineer, biomedical""",45.739642,-122.551331,18,1,1,50.77344284736482,105.55013705629544,0
misc_pos,39.45,Fort Washakie,WY,43.0048,-108.8964,1645,Freight forwarder,42.167519,-108.345621,5,6,12,44.83504449007529,103.44550000163804,0
travel,9.15,Hubbell,NE,40.0456,-97.4735,121,Set designer,40.972924,-97.091445,23,0,2,22.89390828199863,108.05381273195025,1
home,66.72,Centerview,MO,38.7897,-93.8702,2368,Electronics engineer,38.124728,-93.391159,19,4,1,29.505817932922657,84.89504178507391,0
health_fitness,67.65,Rock Springs,WY,41.606,-109.23,27971,Music therapist,41.464003,-108.406747,16,1,1,34.455852156057496,70.31877843817291,0
food_dining,138.85,Colton,WA,46.5901,-117.1692,761,Chief Marketing Officer,46.708702,-116.554389,22,1,12,77.5003422313484,48.74678216408394,0
health_fitness,98.68,Luray,MO,40.4931,-91.8912,519,Town planner,39.897194,-91.392631,19,4,1,52.90896646132786,78.63711944040503,0
personal_care,4.43,Rocky Mount,MO,38.2911,-92.7059,1847,Tax inspector,38.525089,-93.579699,12,2,12,32.17796030116359,80.4592346700759,0
shopping_net,1057.44,Redford,MO,37.3272,-91.0243,241,Investment analyst,36.841042,-90.784951,3,6,1,45.22929500342232,58.07818885561103,1
kids_pets,31.27,Espanola,NM,35.9866,-106.0654,18408,Historic buildings inspector/conservation officer,35.178173,-106.125677,12,5,1,46.46680355920602,90.05809359941043,0
entertainment,116.56,Issaquah,WA,47.4974,-122.0107,50489,Osteopath,47.789263,-122.197192,19,2,1,34.861054072553046,35.33326511267278,0
misc_net,3.54,Arnold,MO,38.4305,-90.387,35439,Land/geomatics surveyor,38.910523,-90.593086,7,3,12,35.75359342915811,56.294852381803246,0
shopping_net,5.08,Red River,NM,36.6659,-105.4694,606,"""Surveyor, land/geomatics""",36.009404,-105.498056,21,0,12,32.309377138945926,73.0441353706294,0
entertainment,72.27,Parker Dam,CA,34.298,-114.156,126,Marketing executive,34.528597,-114.433011,21,5,12,28.21902806297057,36.09990214471265,0
grocery_net,77.82,Mound City,MO,40.1362,-95.2138,1631,Architect,41.110504,-94.850365,10,0,12,67.93702943189597,112.59578495223715,0
misc_pos,44.21,Fiddletown,CA,38.5234,-120.6763,832,Immigration officer,38.185339,-120.743763,0,4,1,31.668720054757017,38.04817011510054,0
grocery_pos,124.17,Lagrange,WY,41.6423,-104.1974,635,Product/process development scientist,42.372251,-105.025116,10,4,1,45.497604380561256,106.1364318298517,0
kids_pets,10.29,Red River,NM,36.6659,-105.4694,606,"""Surveyor, land/geomatics""",37.103273,-104.868111,16,1,1,30.31895961670089,72.28468929011285,0
shopping_pos,4.0,Altonah,UT,40.3207,-110.436,302,"""Sales professional, IT""",39.506904,-110.986347,17,0,1,28.971937029431896,101.93858527908267,0
grocery_pos,148.01,June Lake,CA,37.7773,-119.0825,633,Health service manager,36.856103,-119.600889,3,0,1,91.34839151266256,112.22221277527888,0
entertainment,1.12,Wales,AK,64.7556,-165.6723,145,"""Administrator, education""",64.78327,-164.877201,16,3,1,79.1895961670089,37.81136734695635,0
food_dining,50.61,Littleton,CO,39.5994,-105.0044,320420,Water engineer,39.298762,-105.352023,17,1,1,43.422313483915126,44.81552012316736,0
entertainment,68.58,Kissee Mills,MO,36.6704,-93.0377,1201,"""Engineer, agricultural""",37.415939,-92.949237,13,1,1,38.789869952087614,83.2711121262055,0
gas_transport,86.67,Phoenix,AZ,33.5623,-112.0559,1312922,Contractor,34.518043,-111.691754,11,0,1,37.223819301848046,111.444355292204,0
personal_care,165.48,Freedom,WY,43.0172,-111.0292,471,"""Education officer, museum""",42.286762,-110.245051,18,3,1,51.422313483915126,103.48517750196837,0
food_dining,47.14,Littleton,CO,39.5994,-105.0044,320420,Water engineer,39.78665,-105.71177,14,6,1,43.45516769336072,64.0050527204602,0
grocery_pos,90.74,Rocky Mount,MO,38.2911,-92.7059,1847,Tax inspector,38.130803,-92.59436,9,0,1,30.217659137577,20.31434506847508,0
home,24.36,Redford,MO,37.3272,-91.0243,241,Investment analyst,37.853933,-91.974322,14,6,12,46.16837782340863,102.1615474778258,0
personal_care,123.32,Carlotta,CA,40.507,-123.9743,1139,"""Therapist, occupational""",40.605073,-124.965232,20,5,12,69.94661190965093,84.42334786894739,0
entertainment,37.07,Pueblo,CO,38.2352,-104.66,151815,Further education lecturer,38.499,-105.32515,19,3,12,32.99110198494182,64.98593909435225,0
kids_pets,80.93,Corona,CA,33.8419,-117.6043,233717,Wellsite geologist,32.893105,-118.113522,16,0,1,52.66803559206024,115.61421098047772,0
entertainment,63.84,Carroll,NE,42.277,-97.1926,566,Metallurgist,42.063437,-97.864746,21,3,12,45.93018480492813,60.26864622601848,0
health_fitness,20.05,Woods Cross,UT,40.8874,-111.9027,13983,Insurance broker,40.559799,-111.545937,18,6,12,41.37166324435318,47.23182620994319,0
misc_net,73.53,Colorado Springs,CO,38.8881,-104.6556,525713,Museum/gallery exhibitions officer,38.867904,-104.56843,8,6,1,26.699520876112253,7.872821373269251,0
home,112.9,Wheaton,MO,36.7651,-94.0492,760,Production manager,36.673943,-93.053725,21,4,12,35.318275154004105,89.30410084743626,0
shopping_net,3.83,Hooper,NE,41.6414,-96.5232,1745,"""Engineer, automotive""",42.550362,-96.010387,22,6,1,45.04859685147159,109.5705212568915,0
personal_care,4.67,Sutherland,NE,41.1558,-101.136,1789,Insurance broker,41.501008,-100.762553,16,1,1,36.8870636550308,49.4550615020077,0
home,22.14,Littleton,CO,39.5994,-105.0044,320420,Water engineer,39.645939,-104.104855,13,3,12,45.42094455852156,77.21849987268926,0
grocery_net,33.76,Llano,NM,36.1486,-105.6648,247,Architectural technologist,35.539666,-104.707746,10,6,12,59.175906913073234,109.66365753754266,0
shopping_pos,79.75,Ruidoso,NM,33.3305,-105.6933,8874,Licensed conveyancer,32.590421,-106.611653,22,2,1,18.417522245037645,118.79799385417816,0
grocery_pos,275.75,Laguna Hills,CA,33.615,-117.7114,45303,Sales executive,34.302416,-117.169899,1,0,1,50.05886379192334,91.30612241691274,1
home,110.77,Fullerton,NE,41.366,-98.0054,1749,"""Surveyor, mining""",40.580827,-98.792598,12,4,1,45.68104038329911,109.49864884769046,0
personal_care,68.22,Rocky Mount,MO,38.2911,-92.7059,1847,Tax inspector,37.793877,-92.97179,16,0,12,32.172484599589325,59.99163678688295,0
entertainment,24.34,Blairstown,MO,38.5319,-93.9221,467,Agricultural consultant,37.760877,-93.849187,15,0,1,68.63518138261465,85.97060438424597,0
grocery_net,24.76,Meridian,ID,43.6498,-116.4306,84106,Intelligence analyst,44.199891,-117.006963,0,4,1,47.89596167008898,76.62966025872285,0
travel,4.43,Carlotta,CA,40.507,-123.9743,1139,"""Therapist, occupational""",41.046447,-122.993798,14,4,12,69.9438740588638,102.05026442810308,0
health_fitness,1.01,Mesa,ID,44.6255,-116.4493,129,Cartographer,43.908899,-116.345971,22,6,1,53.059548254620125,80.10602437299173,0
grocery_pos,95.95,Fiddletown,CA,38.5234,-120.6763,832,Immigration officer,38.493155,-120.413815,6,1,12,33.61533196440794,23.085630285813203,0
kids_pets,14.89,Port Costa,CA,38.046,-122.1866,198,Armed forces training and education officer,37.634097,-121.79861,19,6,1,59.78918548939083,57.08399430775121,0
grocery_pos,202.59,Laramie,WY,41.4247,-105.4781,35371,"""Pilot, airline""",40.885612,-104.984346,11,0,1,30.34633812457221,72.81521962337595,0
grocery_pos,353.58,Carlotta,CA,40.507,-123.9743,1139,"""Therapist, occupational""",39.750323,-124.500726,3,1,12,69.89733059548254,95.30140743020624,1
grocery_pos,281.2,Buellton,CA,34.6209,-120.1922,5505,Nature conservation officer,34.190851,-120.581868,2,1,4,87.65776865160849,59.70470221855651,1
food_dining,31.87,Holstein,NE,40.4542,-98.6538,331,Telecommunications researcher,39.923034,-98.902374,19,5,1,68.39972621492129,62.72373098614934,0
shopping_net,1012.73,Paauilo,HI,20.0271,-155.3697,1490,"""Scientist, research (maths)""",20.463472,-155.021855,0,6,12,28.692676249144423,60.59127661993505,1
food_dining,98.37,Kirk,CO,39.6171,-102.4776,207,Network engineer,39.301823,-102.976807,17,0,12,65.06776180698152,55.36909720334992,0
home,87.84,Kansas City,MO,38.9621,-94.5959,545147,Counsellor,39.213958,-94.350918,19,1,12,33.11430527036276,35.090616656979584,0
shopping_pos,774.06,Williamsburg,MO,38.8874,-91.7689,710,Glass blower/designer,37.982616,-92.368928,23,4,8,48.92265571526352,113.37137398427014,1
travel,1.52,Port Costa,CA,38.046,-122.1866,198,Armed forces training and education officer,38.154745,-121.497054,22,6,1,59.7700205338809,61.53671333444672,0
shopping_pos,2612.14,Moriarty,NM,34.9889,-106.0609,7268,"""Therapist, art""",35.409797,-106.22456,22,1,1,30.428473648186174,49.1072767044051,0
personal_care,51.21,Orient,WA,48.8878,-118.2105,149,Special educational needs teacher,49.568006,-117.707565,14,4,1,40.539356605065024,83.9906737037507,0
shopping_net,2.71,Paauilo,HI,20.0271,-155.3697,1490,"""Scientist, research (maths)""",20.545271,-155.506856,12,1,12,29.71389459274469,59.36720753890792,0
health_fitness,89.58,Westerville,NE,41.4193,-99.3844,73,Product designer,42.167552,-99.5455,20,2,12,85.88637919233402,84.26685847678644,0
misc_net,192.92,Superior,AZ,33.2887,-111.0985,2872,Petroleum engineer,32.554638,-111.199268,1,2,12,33.17453798767967,82.16406803861408,0
health_fitness,12.27,Llano,NM,36.1486,-105.6648,247,Architectural technologist,36.690421,-105.476283,17,0,1,57.242984257357975,62.56449902828295,0
personal_care,13.21,Paradise Valley,AZ,33.5494,-111.9565,17047,Building surveyor,33.128911,-112.280907,18,3,1,83.96714579055441,55.62658997565895,0
food_dining,127.17,Sutherland,NE,41.1558,-101.136,1789,Insurance broker,41.550923,-100.194191,23,4,8,38.48596851471595,90.05516309383918,1
food_dining,65.25,Alva,WY,44.6873,-104.4414,110,"""Administrator, local government""",44.296595,-103.732963,23,5,12,47.61396303901437,71.02879974355004,0
home,8.45,Lagrange,WY,41.6423,-104.1974,635,Product/process development scientist,42.292072,-103.873351,18,1,12,47.46338124572211,77.05842784244504,0
gas_transport,54.79,Oakland,CA,37.7878,-122.1884,381459,Barista,38.011698,-123.080952,2,6,12,46.98151950718686,82.17633245504604,0
home,62.62,San Diego,CA,33.0067,-117.069,1241364,Chartered public finance accountant,33.729165,-117.571746,18,0,1,59.44421629021218,92.9154432639324,0
shopping_net,98.39,Fiddletown,CA,38.5234,-120.6763,832,Immigration officer,37.748,-121.240651,4,1,12,33.61533196440794,99.34846776959662,0
shopping_pos,884.65,Seattle,WA,47.6633,-122.3022,837792,"""Development worker, international aid""",48.623846,-122.450771,23,6,12,62.614647501711154,107.37512945901749,1
personal_care,29.38,Grenada,CA,41.6125,-122.5258,589,Systems analyst,41.059989,-121.80046,14,5,12,75.01437371663245,86.26525622456037,0
shopping_pos,2.76,Thompson,UT,38.9999,-109.615,46,"""Surveyor, minerals""",38.369522,-110.275758,15,6,1,31.72621492128679,90.56773722777918,0
grocery_pos,86.39,Indian Wells,CA,33.7163,-116.3381,4677,Learning mentor,33.201371,-117.018208,10,2,1,63.66050650239562,85.19960401442384,0
misc_net,719.82,Meadville,MO,39.7795,-93.3014,964,Tourist information centre manager,39.951004,-92.359492,23,3,2,44.12594113620808,82.62062716389401,1
shopping_pos,5.13,Shedd,OR,44.453,-123.1065,917,Radio broadcast assistant,43.781724,-123.875411,20,1,1,23.50444900752909,96.63820050206564,0
shopping_net,97.92,Phoenix,AZ,33.5623,-112.0559,1312922,Contractor,32.745975,-111.092924,13,5,1,37.21834360027378,127.5752623804783,0
gas_transport,81.23,Mountain Center,CA,33.6401,-116.5567,1661,"""Therapist, music""",33.213522,-116.352468,2,3,1,30.308008213552363,51.07972045543882,0
health_fitness,21.15,Phoenix,AZ,33.5623,-112.0559,1312922,Contractor,33.530022,-112.437447,20,6,12,39.175906913073234,35.541307298191235,0
gas_transport,89.18,Fields Landing,CA,40.7268,-124.2174,276,"""Scientist, audiological""",41.242856,-123.953018,2,5,12,91.6413415468857,61.52447391365112,0
shopping_pos,152.32,Lonetree,WY,41.0552,-110.1603,49,Research scientist (physical sciences),40.093547,-109.727318,8,0,1,37.54688569472964,113.0108181975126,0
home,8.44,Eugene,OR,44.0385,-123.0614,191096,"""Scientist, physiological""",44.564699,-122.121547,19,0,1,54.77344284736482,94.95917260540588,0
misc_pos,5.3,Eugene,OR,44.0385,-123.0614,191096,"""Scientist, physiological""",44.148254,-123.95111,11,2,1,54.74058863791923,72.09317002374448,0
entertainment,20.62,Port Costa,CA,38.046,-122.1866,198,Armed forces training and education officer,37.718635,-121.520593,13,3,1,59.78097193702944,68.85874014204558,0
grocery_pos,159.83,Sun City,CA,33.7467,-117.1721,54287,"""Designer, exhibition/display""",34.312252,-116.600608,10,2,1,46.29705681040383,82.025667447515,0
travel,6.49,Independence,MO,39.1412,-94.3515,123373,"""Engineer, production""",38.926913,-93.37511,16,5,12,28.079397672826836,87.63477880568367,0
grocery_net,23.66,Browning,MO,40.029,-93.1607,602,Cytogeneticist,41.027079,-92.673069,0,1,1,64.50650239561944,118.38610613155556,0
personal_care,2.88,Crownpoint,NM,35.7206,-108.0271,5662,IT consultant,34.819104,-107.301031,18,6,1,29.74674880219028,119.9709653801592,0
grocery_pos,116.61,Lagrange,WY,41.6423,-104.1974,635,Product/process development scientist,42.359255,-103.342562,2,1,1,45.50855578370979,106.512851798981,0
kids_pets,37.04,Meridian,ID,43.6498,-116.4306,84106,Intelligence analyst,43.090581,-115.964794,19,0,1,47.94250513347023,72.69278579091993,0
misc_pos,6.62,Lowell,OR,43.921,-122.7806,1420,Systems analyst,43.000715,-122.890785,11,4,12,55.1211498973306,102.71669012463003,0
entertainment,8.88,Hatch,UT,37.7175,-112.4777,258,Geoscientist,36.830939,-112.573789,15,2,12,59.09924709103354,98.94702850648645,0
gas_transport,62.39,Huslia,AK,65.6899,-156.292,277,"""Engineer, civil (consulting)""",66.521331,-156.325015,1,1,12,55.14579055441479,92.462863259199,0
shopping_pos,1133.39,Tekoa,WA,47.2271,-117.0819,895,Clothing/textile technologist,46.716521,-116.414628,23,5,8,20.194387405886378,76.06890882338823,1
home,42.62,Indian Wells,CA,33.7163,-116.3381,4677,Learning mentor,32.84874,-116.617382,19,6,12,65.64544832306639,99.9002997121607,0
gas_transport,72.28,Browning,MO,40.029,-93.1607,602,Cytogeneticist,40.005556,-92.46255,7,4,1,64.49555099247091,59.51051558667282,0
misc_net,733.72,Saint Louis,MO,38.6171,-90.4504,927396,Occupational hygienist,38.564132,-90.515652,23,1,3,58.978781656399725,8.176311476485756,1
misc_net,5.99,Mesa,ID,44.6255,-116.4493,129,Cartographer,45.093996,-115.824513,1,0,1,53.08145106091718,71.68564813766815,0
grocery_pos,304.91,Sixes,OR,42.825,-124.4409,217,Retail merchandiser,43.217792,-123.73671,7,0,2,91.35934291581108,72.00529128126577,1
food_dining,5.8,Lowell,OR,43.921,-122.7806,1420,Systems analyst,43.801584,-122.928878,16,5,12,55.12388774811773,17.822500819390484,0
grocery_pos,92.93,Paauilo,HI,20.0271,-155.3697,1490,"""Scientist, research (maths)""",19.906151,-156.240764,1,5,1,27.731690622861056,92.02386349155384,0
shopping_net,1006.04,Altonah,UT,40.3207,-110.436,302,"""Sales professional, IT""",41.2052,-111.212336,2,5,6,30.42299794661191,118.10095131859462,1
grocery_pos,139.23,Ashford,WA,46.7531,-121.9898,759,Video editor,47.176283,-121.944039,10,6,1,62.31074606433949,47.18375822339,0
grocery_net,62.3,Moriarty,NM,34.9889,-106.0609,7268,"""Therapist, art""",34.196133,-106.559368,9,6,1,30.442162902121837,99.26007687542156,0
personal_care,19.15,Mesa,ID,44.6255,-116.4493,129,Cartographer,45.396024,-116.086201,21,5,1,53.07597535934291,90.3077267272371,0
food_dining,25.21,Glendale,CA,34.1556,-118.2322,172817,Advertising account planner,33.960976,-117.620393,21,4,1,36.47091033538672,60.37248967426852,0
kids_pets,96.09,Issaquah,WA,47.4974,-122.0107,50489,Osteopath,47.528253,-121.734295,17,2,1,34.88021902806297,21.04064058765234,0
personal_care,69.49,Meadville,MO,39.7795,-93.3014,964,Tourist information centre manager,39.037125,-92.527709,18,0,1,44.04106776180698,105.98289044956056,0
entertainment,77.34,Helm,CA,36.4992,-120.0936,123,Early years teacher,35.612323,-120.1392,15,0,1,45.95208761122519,98.7013782860538,0
kids_pets,39.7,Daly City,CA,37.6787,-122.478,107941,"""Buyer, industrial""",37.079953,-123.090181,20,2,12,29.240246406570844,85.78126279826563,0
home,10.16,Fort Washakie,WY,43.0048,-108.8964,1645,Information systems manager,43.11581,-108.808064,21,0,12,34.861054072553046,14.278402515774738,0
entertainment,100.16,Holstein,NE,40.4542,-98.6538,331,Telecommunications researcher,40.605838,-98.704022,15,4,12,70.35181382614647,17.387410616104287,0
health_fitness,127.81,Jelm,WY,41.0539,-106.0763,100,Public librarian,41.286783,-106.629324,22,6,1,44.74469541409993,53.04034811673706,0
travel,8.98,Napa,CA,38.4549,-122.2564,94014,Airline pilot,39.280663,-121.861572,23,5,3,33.56605065023956,97.97663990849028,1
home,4.65,Newberg,OR,45.3099,-122.9685,28278,Research scientist (physical sciences),44.995283,-123.713554,23,4,12,43.441478439425055,68.09756266488075,0
gas_transport,80.36,San Diego,CA,32.7185,-117.1593,1241364,Comptroller,31.983319,-116.715621,6,0,12,33.07871321013005,91.75921498066928,0
entertainment,40.97,Sutherland,NE,41.1558,-101.136,1789,Insurance broker,41.008062,-100.488883,19,0,12,38.87748117727584,56.67148315784714,0
grocery_pos,312.03,Ruidoso,NM,33.3305,-105.6933,8874,Licensed conveyancer,32.984482,-105.124276,1,4,9,20.109514031485283,65.4686713510156,1
grocery_net,57.22,Athena,OR,45.8289,-118.4971,1302,Dealer,45.13483,-118.5449,2,0,1,42.23956194387406,77.26697854473929,0
personal_care,77.75,Freedom,WY,43.0172,-111.0292,471,"""Education officer, museum""",42.760046,-110.962251,20,1,12,53.40999315537303,29.10977631085025,0
food_dining,34.43,Glendale,CA,34.1556,-118.2322,172817,Advertising account planner,33.762788,-118.191881,23,3,1,36.46817248459959,43.836704868735474,0
shopping_pos,914.18,Santa Monica,CA,34.0287,-118.4924,92043,"""Civil engineer, contracting""",33.324396,-117.548984,22,4,7,59.2662559890486,117.27732617327256,1
grocery_pos,296.72,Gardiner,OR,43.7857,-124.1437,260,"""Engineer, maintenance""",44.009958,-125.136005,2,4,2,63.45242984257358,83.32608133055524,1
grocery_pos,21.45,Arnold,MO,38.4305,-90.387,35439,Land/geomatics surveyor,37.485174,-90.367442,4,5,1,33.78507871321013,105.12943914167266,0
health_fitness,48.74,Utica,MO,39.7417,-93.6289,271,Land/geomatics surveyor,40.029695,-93.414319,12,1,12,48.69815195071869,36.887847077752,0
personal_care,5.27,Vinton,CA,40.0235,-120.7986,128,Education administrator,39.321197,-120.115932,22,1,1,52.89801505817933,97.53008211499818,0
shopping_net,4.24,Mountain Center,CA,33.6401,-116.5567,1661,"""Therapist, music""",34.186108,-116.499498,21,2,1,30.305270362765228,60.94234709240655,0
shopping_pos,9.1,Campbell,NE,40.2967,-98.737,493,"""Surveyor, minerals""",40.748238,-98.477304,1,0,12,80.290212183436,54.79731827345957,0
grocery_pos,320.09,Espanola,NM,35.9866,-106.0654,18408,Historic buildings inspector/conservation officer,36.55924,-105.35983,3,2,5,47.80013689253936,89.75040420191101,1
misc_net,3.38,Luray,MO,40.4931,-91.8912,519,Town planner,39.999304,-91.510323,11,5,1,52.91170431211499,63.716472963334574,0
grocery_net,45.53,Newhall,CA,34.3795,-118.523,34882,Health physicist,33.731445,-118.449284,0,1,12,49.68104038329911,72.37971073658716,0
misc_pos,4.73,Grenada,CA,41.6125,-122.5258,589,Systems analyst,40.947035,-122.639063,5,4,12,75.0116358658453,74.59913975824658,0
misc_net,6.88,Manley,NE,40.9207,-96.168,206,Human resources officer,40.035437,-95.544171,3,1,1,51.26351813826147,111.68549443487127,0
kids_pets,12.06,Kansas City,MO,38.9621,-94.5959,545147,Counsellor,38.081427,-94.748753,22,4,1,31.129363449691997,98.82504185168692,0
grocery_net,52.24,Kansas City,MO,38.9621,-94.5959,545147,Counsellor,39.354217,-94.897097,9,1,12,33.11430527036276,50.74932264442087,0
shopping_net,9.86,Matthews,MO,36.7154,-89.6287,1019,Aeronautical engineer,37.418885,-89.940042,15,6,1,39.94524298425736,82.95812045195613,0
home,77.42,Glendale,CA,34.1556,-118.2322,172817,Advertising account planner,33.54496,-118.38906,12,6,12,38.41204654346338,69.42798925158618,0
misc_pos,86.36,Newhall,CA,34.3795,-118.523,34882,Health physicist,35.319945,-119.121914,7,5,1,47.73716632443532,117.99222367452325,0
gas_transport,9.84,Glendale,CA,34.1556,-118.2322,172817,"""Accountant, chartered""",34.5978,-118.636646,1,5,9,77.95482546201232,61.60703786665814,1
grocery_pos,161.33,Issaquah,WA,47.4974,-122.0107,50489,Osteopath,47.560809,-122.478065,3,3,12,36.837782340862425,35.791318757902964,0
misc_pos,18.52,Rock Springs,WY,41.606,-109.23,27971,Music therapist,42.596435,-108.28947,2,0,12,36.40793976728269,134.7199577265783,0
gas_transport,83.24,Kissee Mills,MO,36.6704,-93.0377,1201,"""Engineer, agricultural""",35.753707,-92.731805,5,6,12,40.77754962354552,105.56120200770646,0
health_fitness,76.06,Grenada,CA,41.6125,-122.5258,589,Systems analyst,40.672319,-122.755969,17,1,12,75.02258726899385,106.3050867447576,0
grocery_net,41.98,Phoenix,AZ,33.5623,-112.0559,1312922,Contractor,32.788438,-112.53251,9,4,1,37.215605749486656,96.80958010078396,0
gas_transport,10.73,Colorado Springs,CO,38.8881,-104.6556,525713,Museum/gallery exhibitions officer,39.854769,-104.232943,7,1,9,27.37577002053388,113.46225100771636,1
personal_care,4.63,Owensville,MO,38.3511,-91.4867,6703,Naval architect,39.150297,-91.288271,22,6,1,20.65160848733744,90.51719967523968,0
shopping_net,4.3,Meridian,ID,43.6498,-116.4306,84106,Intelligence analyst,44.126671,-117.049778,12,6,12,49.87542778918549,72.62047131130686,0
misc_net,104.11,Parker Dam,CA,34.298,-114.156,126,Marketing executive,34.211518,-114.642254,2,0,12,28.22450376454483,45.71318981985038,0
personal_care,25.19,Redford,MO,37.3272,-91.0243,241,Investment analyst,37.11555,-90.101085,20,3,12,46.16016427104723,85.06594388236678,0
grocery_pos,324.86,Iliff,CO,40.7692,-103.0968,648,Community arts worker,40.479177,-103.884476,23,0,3,50.521560574948666,73.88609218533063,1
shopping_net,105.71,Woods Cross,UT,40.8874,-111.9027,13983,Insurance broker,40.03643,-112.699629,18,2,1,39.40588637919233,116.18492867492289,0
gas_transport,63.09,Sutherland,NE,41.1558,-101.136,1789,Insurance broker,41.809644,-100.623268,9,5,1,36.936344969199176,84.32148832195543,0
health_fitness,72.56,Alva,WY,44.6873,-104.4414,110,"""Administrator, local government""",45.652002,-104.548604,18,4,12,47.611225188227245,107.59864411644809,0
health_fitness,66.15,Altonah,UT,40.3207,-110.436,302,"""Sales professional, IT""",40.832416,-109.757112,17,3,1,28.999315537303215,80.7777245912554,0
travel,1.83,Sprague,NE,40.6267,-96.7456,142,Chiropodist,40.333724,-96.308469,13,4,12,53.3388090349076,49.27665620535928,0
grocery_pos,177.84,Meridian,ID,43.6498,-116.4306,84106,Intelligence analyst,43.253431,-115.854803,10,0,12,49.87816563997262,64.05364206438361,0
misc_net,681.11,Vinton,CA,40.0235,-120.7986,128,Education administrator,39.960039,-121.027669,22,3,1,53.93839835728953,20.751155497104747,1
grocery_pos,298.96,Monitor,WA,47.4852,-120.4158,584,Medical technical officer,46.770909,-120.547567,0,5,8,50.4476386036961,80.04862116927707,1
grocery_net,67.33,Kansas City,MO,38.9621,-94.5959,545147,Counsellor,39.055519,-94.898772,6,2,1,31.123887748117728,28.1555940404188,0
personal_care,33.62,Luray,MO,40.4931,-91.8912,519,Town planner,41.285896,-92.087641,22,5,1,52.89253935660506,89.68805481693092,0
gas_transport,54.61,Tomales,CA,38.2427,-122.9145,337,Occupational psychologist,38.246234,-122.359197,0,3,12,66.49144421629022,48.49607811912381,0
entertainment,47.48,Norwalk,CA,33.9056,-118.0818,105549,Firefighter,33.060642,-117.920575,14,6,12,47.26351813826147,95.13733521309712,0
grocery_net,64.69,Rock Springs,WY,41.606,-109.23,27971,Music therapist,41.916219,-109.493796,9,3,12,36.41615331964408,40.84882201335626,0
grocery_pos,39.59,Newberg,OR,45.3099,-122.9685,28278,Research scientist (physical sciences),44.842439,-123.633742,6,1,12,43.45242984257358,73.69118260146142,0
gas_transport,80.73,Sutherland,NE,41.1558,-101.136,1789,Insurance broker,41.224661,-100.479119,7,6,12,38.87474332648871,55.49659134491428,0
gas_transport,57.0,Espanola,NM,35.9866,-106.0654,18408,Historic buildings inspector/conservation officer,35.375483,-106.571722,4,2,1,46.47775496235455,81.90813470964791,0
shopping_pos,7.4,Espanola,NM,35.9866,-106.0654,18408,Historic buildings inspector/conservation officer,36.604311,-105.580608,21,1,1,46.47501711156742,81.27374734630101,0
grocery_pos,259.26,Crownpoint,NM,35.7206,-108.0271,5662,IT consultant,36.03732,-107.09276,3,4,12,30.680355920602327,91.25008184947764,1
gas_transport,19.23,Mound City,MO,40.1362,-95.2138,1631,Architect,39.720961,-95.289419,0,0,9,67.6495550992471,46.62051964112767,1
shopping_net,18.45,Mendon,UT,41.71,-111.9817,2078,"""Scientist, audiological""",42.158967,-112.093218,3,1,12,57.54688569472964,50.76794200153349,0
gas_transport,68.77,High Rolls Mountain Park,NM,32.9396,-105.8189,899,Naval architect,32.965535,-105.827041,0,0,12,53.3305954825462,2.982202913425804,0
kids_pets,52.74,Dumont,CO,39.7532,-105.6356,565,Mental health nurse,39.388771,-105.245506,16,6,12,42.33538672142368,52.53616057736709,0
grocery_pos,291.1,Jordan Valley,OR,42.8801,-117.281,641,Economist,42.247169,-117.409736,18,1,6,26.521560574948666,71.16403038340502,1
misc_pos,6.14,Kansas City,MO,38.9621,-94.5959,545147,Counsellor,39.678191,-93.722292,0,6,1,31.173169062286107,109.48733807383752,0
misc_net,20.02,Unionville,MO,40.4815,-92.9951,3805,"""Investment banker, corporate""",40.761089,-92.040368,0,5,1,68.30663928815879,86.36830077841323,0
grocery_pos,348.36,Lowell,OR,43.921,-122.7806,1420,Systems analyst,43.482349,-123.481414,2,2,2,53.256673511293634,74.51753292696796,1
kids_pets,7.79,Mesa,ID,44.6255,-116.4493,129,Cartographer,44.184708,-116.537467,22,0,1,53.08145106091718,49.51170915282916,0
grocery_net,65.45,Rock Springs,WY,41.606,-109.23,27971,Music therapist,41.089045,-109.971495,1,0,1,34.43394934976044,84.47123713591947,0
shopping_net,5.39,Broomfield,CO,39.8854,-105.1139,92337,"""Engineer, electronics""",39.012713,-104.738968,2,6,12,53.1937029431896,102.2387999604662,0
misc_pos,6.29,Moriarty,NM,34.9889,-106.0609,7268,"""Therapist, art""",35.313051,-105.44511,20,2,12,32.40520191649555,66.58494577201857,0
home,37.0,Matthews,MO,36.7154,-89.6287,1019,Aeronautical engineer,37.066,-90.200805,23,3,1,39.95619438740589,64.09676497828544,0
home,61.48,Louisiana,MO,39.4336,-91.0664,4593,"""Teacher, early years/pre""",39.996106,-91.286616,21,4,12,80.12046543463381,65.32243726150871,0
gas_transport,74.93,Athena,OR,45.8289,-118.4971,1302,Dealer,45.497739,-118.851512,0,0,12,44.19438740588638,45.98373221640724,0
kids_pets,37.4,Moriarty,NM,34.9889,-106.0609,7268,"""Therapist, art""",34.678698,-105.347685,17,5,1,30.458590006844627,73.66891262780439,0
misc_pos,9.83,Santa Monica,CA,34.0287,-118.4924,92043,"""Civil engineer, contracting""",34.878686,-118.108098,8,0,1,57.74127310061601,100.86859346669596,0
gas_transport,70.68,Paradise Valley,AZ,33.5494,-111.9565,17047,Building surveyor,33.551395,-111.30237,10,3,12,85.92197125256673,60.61843659466516,0
misc_pos,6.38,Wendel,CA,40.3406,-120.2824,104,"""Teacher, adult education""",40.47117,-119.764048,15,6,1,29.429158110882955,46.22876902414888,0
grocery_pos,363.85,Huslia,AK,65.6899,-156.292,277,"""Engineer, civil (consulting)""",65.69231,-157.280348,0,1,5,54.55167693360712,45.24101026929096,1
misc_pos,7.25,Angwin,CA,38.5769,-122.4477,3661,Human resources officer,38.291072,-121.480562,22,6,5,50.33264887063656,90.03502893946161,1
shopping_pos,6.55,Sutherland,NE,41.1558,-101.136,1789,Insurance broker,41.866829,-101.272015,23,0,1,36.941820670773446,79.86981505449384,0
grocery_pos,70.72,Paauilo,HI,20.0271,-155.3697,1490,"""Scientist, research (maths)""",19.032689,-155.835954,2,6,12,29.70841889117043,120.88808328989944,0
personal_care,55.32,Campbell,NE,40.2967,-98.737,493,"""Surveyor, minerals""",39.500142,-98.704664,12,3,12,80.2984257357974,88.61615025077228,0
kids_pets,8.09,Grenada,CA,41.6125,-122.5258,589,Systems analyst,40.940619,-122.058826,19,0,1,73.06502395619438,84.28713471880323,0
grocery_pos,76.01,Kirtland Afb,NM,35.0203,-106.5503,310,"""Surveyor, land/geomatics""",35.747293,-107.297501,6,0,12,42.24503764544832,105.4660852442466,0
shopping_pos,6.77,Holstein,NE,40.4542,-98.6538,331,Telecommunications researcher,40.212347,-98.125874,6,1,12,70.36276522929501,52.20774337527287,0
gas_transport,57.57,Jelm,WY,41.0539,-106.0763,100,Public librarian,40.786294,-105.512733,7,1,12,46.70499657768652,55.92506922105266,0
personal_care,12.48,Red River,NM,36.6659,-105.4694,606,"""Surveyor, land/geomatics""",36.179784,-104.79367,21,0,1,30.37371663244353,81.09962667013896,0
grocery_net,51.61,Oakland,CA,37.7878,-122.1884,381459,Barista,37.982764,-121.55714,10,5,12,46.978781656399725,59.489736042396,0
health_fitness,101.83,Riverton,WY,43.0351,-108.2024,19408,"""Lecturer, higher education""",43.642137,-107.411679,16,1,1,25.32511978097194,92.98047619998292,0
health_fitness,3.77,Lagrange,WY,41.6423,-104.1974,635,Product/process development scientist,41.954905,-104.474583,16,6,12,47.45790554414784,41.66779124595594,0
shopping_net,1.05,Thompson,UT,38.9999,-109.615,46,"""Surveyor, minerals""",39.49525,-109.239732,23,1,12,33.686516084873375,63.85986694927892,0
food_dining,6.78,Riverton,WY,43.0351,-108.2024,19408,"""Lecturer, higher education""",42.197631,-107.763597,13,6,1,25.3388090349076,99.80466353045117,0
home,73.99,Meredith,CO,39.3199,-106.6596,61,Public relations account executive,39.988361,-107.488697,19,1,1,79.17864476386038,102.77497948962376,0
grocery_pos,100.75,Helm,CA,36.4992,-120.0936,123,Early years teacher,35.768469,-120.724704,7,6,12,47.885010266940455,99.06699864547608,0
grocery_pos,99.63,Fiddletown,CA,38.5234,-120.6763,832,Immigration officer,38.898232,-120.837966,7,2,12,33.61806981519507,43.97652862537138,0
personal_care,16.83,Red River,NM,36.6659,-105.4694,606,"""Surveyor, land/geomatics""",36.708436,-105.674513,14,4,12,32.30116358658453,18.891244007012048,0
misc_pos,50.24,Howells,NE,41.6964,-96.9858,1063,Research scientist (maths),41.815187,-96.023386,12,5,11,91.66050650239562,80.91739387188883,1
personal_care,108.06,Kansas City,MO,38.9621,-94.5959,545147,Counsellor,39.426345,-94.187143,21,6,12,33.1088295687885,62.494865847664975,0
entertainment,80.17,Ravenna,NE,41.0233,-98.9041,2202,"""Solicitor, Scotland""",41.854271,-98.837646,13,5,12,46.5160848733744,92.56565261920731,0
misc_net,816.89,San Jose,CA,37.3304,-121.7913,973849,Science writer,37.301768,-122.469759,23,6,1,63.58932238193019,60.08291728208669,1
misc_pos,2.17,Colorado Springs,CO,38.8881,-104.6556,525713,Museum/gallery exhibitions officer,39.48942,-105.043513,1,6,12,28.635181382614647,74.75566645205359,0
home,113.64,Carlotta,CA,40.507,-123.9743,1139,"""Therapist, occupational""",40.325267,-124.256179,21,3,12,69.94113620807666,31.270152944494782,0
personal_care,25.72,Unionville,MO,40.4815,-92.9951,3805,"""Investment banker, corporate""",40.99402,-93.474521,14,1,12,70.28884325804243,69.85227609317096,0
shopping_pos,986.53,Centerview,MO,38.7897,-93.8702,2368,Electronics engineer,39.42055,-94.27143,0,2,1,29.53867214236824,78.2252757351443,1
gas_transport,47.58,Grenada,CA,41.6125,-122.5258,589,Systems analyst,41.612161,-121.9049,1,3,12,75.0280629705681,51.61871204896787,0
shopping_pos,7.73,North Loup,NE,41.4972,-98.7858,509,"""Nurse, children's""",41.009473,-99.272878,19,4,12,40.276522929500345,67.81675753204354,0
shopping_net,1203.92,Kirtland,NM,36.741,-108.351,6910,TEFL teacher,37.458851,-108.29787,22,6,9,64.65160848733744,79.96033996213876,1
shopping_net,6.38,Hatch,UT,37.7175,-112.4777,258,Geoscientist,37.768879,-113.275554,11,2,1,57.106091718001366,70.38633577963637,0
shopping_pos,911.88,Westfir,OR,43.7575,-122.481,597,Forensic psychologist,43.45003,-123.098151,14,4,11,58.45311430527036,60.317545844053065,1
shopping_net,4.31,Napa,CA,38.4549,-122.2564,94014,Airline pilot,38.760679,-122.338996,14,4,12,35.34565366187543,34.750260509469,0
misc_net,771.43,Scotts Mills,OR,44.9897,-122.6187,1252,"""Engineer, petroleum""",45.856467,-123.240336,23,0,7,82.43394934976044,107.90099876150606,1
kids_pets,22.32,Albuquerque,NM,35.1506,-106.569,641349,Civil Service administrator,34.838258,-107.559497,22,5,5,43.08008213552361,96.67918925481574,1
grocery_pos,53.48,Crownpoint,NM,35.7206,-108.0271,5662,IT consultant,35.341402,-107.670561,3,1,1,29.752224503764545,53.09232991159056,0
entertainment,140.92,Arnold,MO,38.4305,-90.387,35439,Land/geomatics surveyor,37.485327,-91.062448,20,5,12,35.73990417522245,120.63284914927604,0
home,6.68,Centerview,MO,38.7897,-93.8702,2368,Electronics engineer,38.939962,-94.565916,14,6,1,29.51129363449692,62.50898473193858,0
personal_care,124.61,Lagrange,WY,41.6423,-104.1974,635,Product/process development scientist,41.046254,-105.12064,12,6,1,45.4839151266256,101.64916695964716,0
shopping_pos,8.81,Manville,WY,42.73,-104.7024,241,Educational psychologist,42.655057,-104.520084,14,0,1,38.05886379192334,17.07238343177574,0
personal_care,74.9,Red Cliff,CO,39.4584,-106.3851,277,Human resources officer,39.795193,-106.962303,20,1,1,33.74674880219028,62.01746644551246,0
home,3.21,San Jose,CA,37.3304,-121.7913,973849,Geoscientist,37.581265,-121.857847,12,6,12,23.939767282683093,28.5066741908954,0
home,85.24,Ballwin,MO,38.577,-90.5255,92608,"""Engineer, communications""",37.878985,-90.149377,18,0,1,17.470225872689937,84.28262990712818,0
shopping_net,8.37,Mountain Center,CA,33.6401,-116.5567,1661,"""Therapist, music""",34.428556,-116.809085,22,3,1,30.308008213552363,90.70438014643874,0
travel,9.31,Manville,WY,42.73,-104.7024,241,Educational psychologist,43.064923,-104.472394,20,6,1,38.09445585215606,41.68906407432082,0
home,23.44,Vancouver,WA,45.6892,-122.6616,299480,Teaching laboratory technician,46.634598,-123.19032,17,3,12,35.97535934291581,112.73372674346238,0
kids_pets,30.35,Crownpoint,NM,35.7206,-108.0271,5662,IT consultant,36.338022,-108.520472,12,3,1,29.75770020533881,81.74188149276254,0
food_dining,2.1,Mountain Center,CA,33.6401,-116.5567,1661,"""Therapist, music""",32.786555,-117.457851,17,3,1,30.308008213552363,126.63199843969984,0
shopping_pos,748.35,Westfir,OR,43.7575,-122.481,597,Forensic psychologist,44.444553,-122.805589,23,4,11,58.45311430527036,80.6735155035904,1
health_fitness,71.68,Sutherland,NE,41.1558,-101.136,1789,Insurance broker,40.20995,-100.684794,22,1,12,38.88021902806297,111.84345443734516,0
gas_transport,49.56,Westfir,OR,43.7575,-122.481,597,Forensic psychologist,43.699061,-122.491828,5,5,1,57.63175906913073,6.556108873275882,0
kids_pets,47.29,Dumont,CO,39.7532,-105.6356,565,Mental health nurse,39.416039,-105.382089,15,3,1,40.39151266255989,43.33027213150763,0
entertainment,1.32,Roseland,NE,40.4591,-98.5551,463,"""Nurse, mental health""",40.296835,-98.6932,13,3,1,70.63107460643396,21.50336940306352,0
health_fitness,16.27,Parks,AZ,35.2563,-111.95,759,"""Geologist, engineering""",35.458861,-110.984267,15,0,12,63.75359342915811,90.427771122019,0
personal_care,23.17,Phoenix,AZ,33.8155,-112.1202,1312922,Counselling psychologist,33.667127,-111.150142,20,1,12,21.08145106091718,91.2003076676895,0
misc_pos,49.83,Fields Landing,CA,40.7268,-124.2174,276,"""Scientist, audiological""",40.901787,-124.88738,23,1,4,89.92470910335386,59.64555851607796,1
home,21.9,Mountain Center,CA,33.6401,-116.5567,1661,"""Therapist, music""",34.173415,-117.471152,18,6,12,32.27104722792608,103.14255093783775,0
shopping_net,99.46,Fiddletown,CA,38.5234,-120.6763,832,Immigration officer,38.598126,-120.824518,3,1,12,33.61533196440794,15.333806631051592,0
grocery_pos,34.03,Hawthorne,CA,33.9143,-118.3493,93193,"""Editor, magazine features""",34.616683,-118.371407,4,6,1,23.756331279945243,78.12784259812183,0
shopping_pos,134.66,Carroll,NE,42.277,-97.1926,566,Metallurgist,42.25157,-97.388137,3,1,1,43.950718685831625,16.33727929808579,0
misc_net,1.56,Mountain Center,CA,33.6401,-116.5567,1661,"""Therapist, music""",34.089699,-115.620439,6,1,12,32.276522929500345,99.86034471076032,0
kids_pets,60.9,Howells,NE,41.6964,-96.9858,1063,Research scientist (maths),41.313674,-96.667118,19,1,12,92.7419575633128,50.15335960434216,0
shopping_net,859.91,Athena,OR,45.8289,-118.4971,1302,Dealer,46.232287,-118.660137,22,4,3,43.40041067761807,46.5870063226096,1
food_dining,36.1,Phoenix,AZ,33.5623,-112.0559,1312922,Contractor,34.370373,-112.962362,23,5,12,39.17316906228611,122.72527601147912,0
grocery_pos,321.76,Kent,OR,45.0838,-120.6649,60,Museum education officer,45.748081,-119.749367,0,4,9,77.44558521560575,102.77331968097114,1
misc_pos,8.76,Lakeport,CA,39.047,-122.9328,11256,Podiatrist,38.596368,-123.141124,3,3,12,48.145106091718,53.258983701704224,1
misc_net,124.75,Issaquah,WA,47.4974,-122.0107,50489,Osteopath,46.807152,-121.713988,3,5,12,36.824093086926766,79.96415770011805,0
shopping_net,3.92,Jelm,WY,41.0539,-106.0763,100,Public librarian,40.945447,-106.16601,22,2,1,44.71457905544148,14.216461750664145,0
entertainment,128.81,Altonah,UT,40.3207,-110.436,302,"""Sales professional, IT""",40.652704,-110.218814,21,1,1,28.993839835728952,41.23391838349894,0
shopping_net,4.18,Napa,CA,38.4549,-122.2564,94014,Airline pilot,39.370173,-122.988919,19,4,12,35.34565366187543,119.89353117057269,0
grocery_pos,65.93,Moriarty,NM,34.9889,-106.0609,7268,"""Therapist, art""",34.974348,-106.337578,7,1,1,30.4476386036961,25.258900263953837,0
kids_pets,27.77,American Fork,UT,40.3928,-111.7941,42384,Futures trader,39.596512,-112.156917,22,0,1,26.023271731690624,93.78222386341425,0
food_dining,13.4,Independence,MO,39.1412,-94.3515,123373,"""Engineer, production""",39.414673,-94.257061,21,4,1,26.12183436002738,31.476533240018245,0
misc_pos,4.78,Centerview,MO,38.7897,-93.8702,2368,Electronics engineer,39.558813,-93.120366,21,6,1,29.492128678986997,107.19899087412684,0
food_dining,9.98,Sutherland,NE,41.1558,-101.136,1789,Insurance broker,40.946927,-102.051112,15,3,12,38.88569472963724,80.17356039507591,0
misc_net,12.39,Burbank,WA,46.1966,-118.9017,3684,Musician,46.852242,-119.772362,5,1,12,39.082819986310746,98.75165169011754,0
personal_care,12.51,Holstein,NE,40.4542,-98.6538,331,Telecommunications researcher,40.136849,-97.836898,15,4,1,68.41615331964408,77.75043979782444,0
gas_transport,50.16,Centerview,MO,38.7897,-93.8702,2368,Electronics engineer,38.964313,-93.497747,4,1,1,29.45927446954141,37.636162595781855,0
gas_transport,54.86,Browning,MO,40.029,-93.1607,602,Cytogeneticist,39.123169,-92.930046,5,4,1,64.47638603696099,102.64530595237348,0
home,232.25,Issaquah,WA,47.4974,-122.0107,50489,Osteopath,48.472294,-121.312176,15,2,7,36.336755646817245,120.22360756301762,1
grocery_pos,107.47,Browning,MO,40.029,-93.1607,602,Cytogeneticist,39.109093,-93.604014,3,4,1,64.51471594798083,109.11852868133433,0
health_fitness,2.54,Portland,OR,45.5303,-122.7033,841711,"""Engineer, building services""",44.745279,-123.49384,14,6,1,55.7782340862423,107.07151727607568,0
grocery_pos,335.75,Luray,MO,40.4931,-91.8912,519,Town planner,41.145532,-92.542449,0,5,8,54.521560574948666,90.91896007875044,1
food_dining,10.07,Cascade Locks,OR,45.671,-121.8686,1288,Barrister,46.220051,-121.513956,15,6,1,82.72142368240931,66.92659425711476,0
home,71.13,Colorado Springs,CO,38.8881,-104.6556,525713,Museum/gallery exhibitions officer,38.462858,-105.121472,22,1,12,28.640657084188916,62.22051662571529,0
grocery_pos,127.15,Weeping Water,NE,40.8731,-96.1528,1517,Dealer,40.565596,-95.846223,3,6,12,69.13620807665983,42.85680326965298,0
grocery_pos,338.93,Corona,CA,33.8419,-117.6043,233717,Wellsite geologist,33.657321,-117.158468,4,4,5,54.00136892539357,46.04671869082154,1
shopping_net,946.78,Arvada,CO,39.8422,-105.1097,122111,Hotel manager,39.426028,-104.381829,23,5,8,32.27378507871321,77.63113041609923,1
food_dining,110.19,Lagrange,WY,41.6423,-104.1974,635,Product/process development scientist,42.514128,-103.689642,23,0,7,46.04243668720055,105.61223051558794,1
shopping_net,75.57,Alva,WY,44.6873,-104.4414,110,"""Administrator, local government""",44.081934,-104.080157,11,4,1,45.65639972621492,73.17903799658654,0
home,185.75,Glendale,CA,34.1556,-118.2322,172817,Advertising account planner,34.406063,-117.763918,12,6,1,36.43805612594114,51.25226727330022,0
food_dining,14.01,Superior,AZ,33.2887,-111.0985,2872,Petroleum engineer,33.297257,-110.699345,23,5,12,33.163586584531146,37.11164590863149,0
entertainment,51.79,Tomales,CA,38.2427,-122.9145,337,Occupational psychologist,38.64254,-123.592359,16,1,1,64.53114305270363,73.90438678342976,0
gas_transport,52.26,Mendon,UT,41.71,-111.9817,2078,"""Scientist, audiological""",41.457485,-112.020616,3,2,12,57.549623545516766,28.26432725758881,0
shopping_pos,971.83,Aurora,CO,39.6662,-104.835,389246,"""Scientist, marine""",38.88932,-104.706559,16,0,10,49.83709787816564,87.08964440272659,1
personal_care,65.07,Ruidoso,NM,33.3305,-105.6933,8874,Licensed conveyancer,33.009026,-105.4295,12,1,1,18.414784394250518,43.3666363303225,0
food_dining,46.32,Eugene,OR,44.0385,-123.0614,191096,"""Scientist, physiological""",44.58001,-122.688222,14,0,12,56.72826830937714,67.1363774603682,0
entertainment,35.78,Aurora,CO,39.6662,-104.835,389246,"""Scientist, marine""",39.710832,-105.728886,2,2,12,51.04996577686516,76.64816049163878,0
kids_pets,42.19,Jordan Valley,OR,42.8801,-117.281,641,Economist,43.6764,-116.727044,21,1,12,27.096509240246405,99.25248258396482,0
entertainment,537.22,Brashear,MO,40.1959,-92.4333,805,Private music teacher,39.540148,-92.924538,23,0,12,49.489390828199866,84.10939118129754,1
travel,8.72,Parks,AZ,35.2563,-111.95,759,"""Geologist, engineering""",35.184708,-110.971447,18,0,12,63.75359342915811,89.24656579736543,0
gas_transport,65.32,Sutherland,NE,41.1558,-101.136,1789,Insurance broker,40.691201,-101.703192,4,0,12,38.87748117727584,70.28306044008546,0
shopping_pos,828.82,North Loup,NE,41.4972,-98.7858,509,"""Nurse, children's""",41.09241,-99.416795,23,1,4,39.578370978781656,69.31684157755961,1
kids_pets,46.92,Littleton,CO,39.5994,-105.0044,320420,Water engineer,39.071295,-105.944092,20,4,12,45.40451745379877,99.89755560763808,0
shopping_pos,8.94,Altonah,UT,40.3207,-110.436,302,"""Sales professional, IT""",39.5481,-109.887218,20,3,12,30.93497604380561,97.82438446410984,0
travel,8.46,Vancouver,WA,45.6892,-122.6616,299480,Teaching laboratory technician,44.751442,-122.224319,13,0,12,35.98631074606434,109.75414252161582,0
gas_transport,9.79,Buellton,CA,34.6209,-120.1922,5505,Nature conservation officer,35.529945,-119.444982,3,1,4,87.65776865160849,121.82310670702864,1
shopping_pos,137.91,Fort Washakie,WY,43.0048,-108.8964,1645,Freight forwarder,43.146485,-109.513381,6,1,1,42.86652977412731,52.53082878563865,0
grocery_pos,187.16,Littleton,CO,39.5994,-105.0044,320420,Water engineer,40.417532,-104.79374,8,1,12,45.4154688569473,92.7244344319368,0
misc_pos,49.44,Moriarty,NM,34.9889,-106.0609,7268,"""Therapist, art""",35.623282,-106.99695,21,1,12,32.40246406570842,110.41080974375986,0
food_dining,46.45,Meridian,ID,43.6498,-116.4306,84106,Intelligence analyst,44.529319,-116.809059,16,6,1,47.93976728268309,102.36211421598752,0
health_fitness,51.5,Glendale,CA,34.1556,-118.2322,172817,Advertising account planner,34.917494,-117.849187,21,0,12,38.41478439425051,91.69550574731296,0
personal_care,144.95,Kansas City,MO,38.9621,-94.5959,545147,Counsellor,39.617059,-95.085428,15,3,12,33.11978097193703,84.13502708263124,0
gas_transport,44.42,Meredith,CO,39.3199,-106.6596,61,Public relations account executive,39.627272,-107.390898,10,6,1,79.21149897330595,71.47125800793711,0
kids_pets,103.67,Meredith,CO,39.3199,-106.6596,61,Public relations account executive,39.657596,-106.061168,18,6,1,79.1731690622861,63.61785588238942,0
personal_care,13.15,Westerville,NE,41.4193,-99.3844,73,Product designer,42.068162,-99.481746,15,1,1,83.90965092402465,72.6007698627589,0
shopping_pos,8.62,Portland,OR,45.5303,-122.7033,841711,"""Engineer, building services""",45.256776,-123.260175,3,2,1,55.76728268309377,53.06439680236984,0
food_dining,3.55,Orient,WA,48.8878,-118.2105,149,Special educational needs teacher,48.668852,-119.055676,12,3,12,42.52977412731006,66.54302676763275,0
health_fitness,30.97,Campbell,NE,40.2967,-98.737,493,"""Surveyor, minerals""",40.191594,-97.947386,17,4,12,80.2819986310746,68.0296059934983,0
home,7.64,Lagrange,WY,41.6423,-104.1974,635,Product/process development scientist,41.629626,-103.45546,22,1,1,45.47022587268994,61.67483597656606,0
kids_pets,4.58,Wales,AK,64.7556,-165.6723,145,"""Administrator, education""",65.052892,-166.067029,22,5,1,79.15674195756331,37.93850961155675,1
gas_transport,56.48,Los Angeles,CA,34.0443,-118.2509,2383912,"""Journalist, newspaper""",34.373082,-117.795976,2,1,12,61.58521560574949,55.55718937465269,0
travel,8.52,Manley,NE,40.9207,-96.168,206,Human resources officer,40.771334,-96.987126,13,5,1,51.29363449691992,70.87450780030369,0
shopping_net,204.15,Fort Washakie,WY,43.0048,-108.8964,1645,Information systems manager,42.04018,-108.422267,12,0,1,32.8870636550308,114.0813780535951,0
shopping_net,11.91,Issaquah,WA,47.4974,-122.0107,50489,Osteopath,48.015004,-121.593128,13,5,12,36.824093086926766,65.47478753641246,0
home,87.49,Issaquah,WA,47.4974,-122.0107,50489,Osteopath,48.342958,-122.56229,19,0,12,36.82956878850103,102.61322075002,0
travel,2.65,Westerville,NE,41.4193,-99.3844,73,Product designer,41.181257,-99.712615,12,6,12,85.87816563997262,38.10976206816846,0
grocery_pos,72.83,Crownpoint,NM,35.7206,-108.0271,5662,IT consultant,35.214428,-108.143912,9,3,12,31.731690622861056,57.26927082988265,0
grocery_pos,362.56,Lowell,OR,43.921,-122.7806,1420,Systems analyst,44.328304,-122.658093,23,1,2,53.2539356605065,46.33369396892951,1
grocery_net,32.31,Redford,MO,37.3272,-91.0243,241,Investment analyst,36.88722,-91.047508,0,3,1,44.18617385352498,48.966812120142855,0
gas_transport,52.04,Manley,NE,40.9207,-96.168,206,Human resources officer,41.691126,-96.143938,5,3,12,53.242984257357975,85.69103543212309,0
misc_net,6.35,Roseland,NE,40.4591,-98.5551,463,"""Nurse, mental health""",41.420872,-98.182389,1,2,12,72.58316221765914,111.43188178607654,0
shopping_net,32.62,Tomales,CA,38.2427,-122.9145,337,Occupational psychologist,38.846913,-122.157372,4,3,1,64.49828884325804,94.07131830756302,0
gas_transport,62.75,Mountain Center,CA,33.6401,-116.5567,1661,"""Therapist, music""",33.553284,-116.01521,5,0,12,32.27378507871321,51.07343816339733,0
home,85.41,Freedom,WY,43.0172,-111.0292,471,"""Education officer, museum""",43.547197,-111.062518,19,6,12,53.40451745379877,58.99465786555969,0
gas_transport,95.75,Weeping Water,NE,40.8731,-96.1528,1517,Dealer,39.935155,-95.414349,1,6,12,69.13620807665983,121.60095020923691,0
kids_pets,29.17,Phoenix,AZ,33.8155,-112.1202,1312922,Counselling psychologist,33.037841,-111.573145,17,0,12,21.078713210130047,100.27288888090084,0
food_dining,54.92,Sutherland,NE,41.1558,-101.136,1789,Insurance broker,41.385782,-101.428362,20,5,12,38.87200547570158,35.369229890704844,0
misc_net,4.07,Vinton,CA,40.0235,-120.7986,128,Education administrator,40.854292,-120.543313,6,1,12,54.85284052019165,94.87248044598245,0
shopping_net,4.25,Mesa,ID,44.6255,-116.4493,129,Cartographer,44.380398,-116.972319,5,0,1,53.08145106091718,49.63095480072947,0
misc_pos,49.16,Blairstown,MO,38.5319,-93.9221,467,Agricultural consultant,39.464529,-94.608105,23,4,9,70.33264887063655,119.45122843969078,1
shopping_pos,6.59,Glendale,CA,34.1556,-118.2322,172817,Advertising account planner,35.074153,-118.762109,13,5,1,36.473648186173854,113.06509549511505,0
grocery_pos,311.92,Wales,AK,64.7556,-165.6723,145,"""Administrator, education""",64.79501,-165.670735,23,5,1,79.15674195756331,4.382819553797527,1
entertainment,125.49,Orient,WA,48.8878,-118.2105,149,Special educational needs teacher,49.228888,-118.206791,22,1,1,40.53114305270363,37.928217987053735,0
home,37.28,Arnold,MO,38.4305,-90.387,35439,Land/geomatics surveyor,38.192881,-90.711323,18,3,1,33.779603011635864,38.7147666288982,0
kids_pets,92.72,Wales,AK,64.7556,-165.6723,145,"""Administrator, education""",64.264423,-166.381041,16,1,12,81.13894592744695,64.28916509711482,0
shopping_net,10.08,Superior,AZ,33.2887,-111.0985,2872,Petroleum engineer,34.005864,-110.687875,14,5,12,33.163586584531146,88.34006107141455,0
grocery_pos,305.5,Blairsden-Graeagle,CA,39.8127,-120.6405,1725,Chartered legal executive (England and Wales),40.267768,-120.239292,22,1,4,51.92607802874743,61.04932265006572,1
personal_care,10.76,Lowell,OR,43.921,-122.7806,1420,Systems analyst,44.615009,-122.17831,20,6,12,55.12662559890486,90.85717357629215,0
shopping_pos,119.41,Nelson,NE,40.201,-98.0684,732,Television/film/video producer,40.383369,-98.656721,3,4,12,64.03285420944559,53.86127467282412,0
grocery_pos,89.54,Athena,OR,45.8289,-118.4971,1302,Dealer,45.678297,-118.33732,10,6,12,44.19164955509925,20.83542125118427,0
shopping_net,6.9,Shedd,OR,44.453,-123.1065,917,Radio broadcast assistant,44.06447,-122.179653,16,3,12,25.4839151266256,85.52471131422905,0
home,213.3,Matthews,MO,36.7154,-89.6287,1019,Aeronautical engineer,36.060126,-89.131928,21,1,9,40.62149212867899,85.36037060876129,1
health_fitness,79.25,Hooper,NE,41.6414,-96.5232,1745,"""Engineer, automotive""",42.374139,-96.310345,16,1,1,45.01574264202601,83.3532421111192,0
gas_transport,23.84,Tomales,CA,38.2427,-122.9145,337,Occupational psychologist,37.575484,-123.096167,3,4,5,64.86516084873374,75.8835786124812,1
grocery_pos,147.21,Meredith,CO,39.3199,-106.6596,61,Public relations account executive,38.593146,-106.094694,4,6,1,79.19233401779603,94.42626934806285,0
grocery_pos,277.2,Eugene,OR,44.0385,-123.0614,191096,"""Scientist, physiological""",43.966848,-124.02892,23,4,4,55.05270362765229,77.79407585700555,1
gas_transport,81.41,Rock Springs,WY,41.606,-109.23,27971,Music therapist,41.578578,-109.897145,11,0,12,36.40793976728269,55.56422592644338,0
personal_care,75.71,Jordan Valley,OR,42.8801,-117.281,641,Economist,41.906496,-117.219226,22,0,12,27.093771389459278,108.37860733071032,0
shopping_pos,130.1,Ravenna,NE,41.0233,-98.9041,2202,"""Solicitor, Scotland""",40.501922,-99.574016,2,5,1,44.54209445585216,80.8970076414825,0
gas_transport,56.71,Blairstown,MO,38.5319,-93.9221,467,Agricultural consultant,38.260406,-94.642938,8,5,12,70.5845311430527,69.69622481457168,0
food_dining,48.57,San Diego,CA,33.0067,-117.069,1241364,"""Pharmacist, hospital""",33.036403,-116.86384,7,2,1,58.87748117727584,19.410763056182414,0
shopping_net,4.57,June Lake,CA,37.7773,-119.0825,633,Health service manager,38.409844,-118.938152,6,0,12,93.30321697467488,71.46098023562783,0
food_dining,52.01,Odessa,MO,38.9829,-93.9757,9512,Clinical research associate,38.698885,-93.144091,17,4,1,46.02874743326489,78.64369555317403,0
grocery_pos,50.9,Sacramento,CA,38.5662,-121.3286,757530,Magazine features editor,39.268243,-121.82288,6,4,12,41.65639972621492,89.00858972662078,0
gas_transport,42.4,Holstein,NE,40.4542,-98.6538,331,Telecommunications researcher,39.699286,-98.806666,9,1,12,70.36276522929501,84.9442351675243,0
personal_care,101.74,Phoenix,AZ,33.5623,-112.0559,1312922,Contractor,34.149154,-112.04887,19,2,1,37.19096509240247,65.25841623955306,0
kids_pets,13.44,Westerville,NE,41.4193,-99.3844,73,Product designer,41.126944,-100.335861,20,4,12,85.87268993839835,85.90276133808526,0
health_fitness,138.49,Luray,MO,40.4931,-91.8912,519,Town planner,41.186351,-91.743712,18,6,12,54.86926762491444,78.07806065492224,0
travel,5.99,Littleton,CO,39.5994,-105.0044,320420,Water engineer,38.621847,-105.537438,21,6,12,45.40999315537303,118.02710910819576,0
personal_care,102.0,Centerview,MO,38.7897,-93.8702,2368,Electronics engineer,39.390753,-94.331307,14,6,12,31.44695414099932,77.78450394585623,0
kids_pets,87.82,Riverton,WY,43.0351,-108.2024,19408,"""Lecturer, higher education""",42.819417,-108.652839,16,5,12,27.290896646132783,43.81978215111875,0
entertainment,98.66,Weeping Water,NE,40.8731,-96.1528,1517,Dealer,40.221013,-96.325908,13,0,12,69.13894592744695,73.96925380163728,0
food_dining,13.85,Burlington,WA,48.4786,-122.3345,14871,Public house manager,49.47426,-122.480055,14,0,1,44.86789869952088,111.22078614711816,0
grocery_pos,100.02,Santa Monica,CA,34.0287,-118.4924,92043,"""Civil engineer, contracting""",33.183478,-119.161608,7,1,12,59.67967145790554,112.57816171679546,0
shopping_net,1.43,Weeping Water,NE,40.8731,-96.1528,1517,Dealer,41.173885,-95.374109,4,0,12,69.13894592744695,73.3882164727562,0
grocery_pos,121.97,Sprague,NE,40.6267,-96.7456,142,Chiropodist,41.467747,-96.32733,5,0,1,51.39219712525667,99.88128810422847,0
misc_net,55.06,North Loup,NE,41.4972,-98.7858,509,"""Nurse, children's""",41.775972,-99.373018,3,4,1,38.3025325119781,57.81280362825552,0
entertainment,76.41,Helm,CA,36.4992,-120.0936,123,Early years teacher,37.387651,-119.39501,21,3,12,47.87679671457906,116.67857984321004,0
gas_transport,44.53,Carlotta,CA,40.507,-123.9743,1139,"""Therapist, occupational""",39.920198,-123.135137,4,0,1,67.97809719370294,96.61639618674268,0
gas_transport,70.34,Lamy,NM,35.4311,-105.9409,923,Public relations account executive,34.857849,-105.123794,4,0,1,54.54346338124572,97.89130164486154,0
health_fitness,53.34,Sun City,CA,33.7467,-117.1721,54287,"""Designer, exhibition/display""",33.864227,-116.907516,23,5,1,46.30527036276523,27.72013056615208,0
health_fitness,30.39,Tomales,CA,38.2427,-122.9145,337,Occupational psychologist,38.97189,-123.519426,16,2,1,64.51471594798083,96.6287742556761,0
gas_transport,60.4,Omaha,NE,41.2064,-95.9953,518429,"""Surveyor, land/geomatics""",40.531825,-95.510917,8,0,1,23.28268309377139,85.35374835475899,0
home,28.12,Littleton,CO,39.5994,-105.0044,320420,Water engineer,39.281581,-104.830262,17,1,12,45.4154688569473,38.37348888328531,0
misc_net,648.73,Sacramento,CA,38.6865,-121.3494,757530,Soil scientist,39.543841,-120.372066,22,1,3,53.530458590006845,127.26864259269772,1
gas_transport,44.82,Tomales,CA,38.2427,-122.9145,337,Occupational psychologist,38.396022,-123.670007,8,1,1,64.53114305270363,68.07932756292345,0
food_dining,277.02,Cascade Locks,OR,45.671,-121.8686,1288,Barrister,44.800987,-122.641391,15,5,1,82.68035592060232,114.10574449574244,0
entertainment,41.33,Greenview,CA,41.5403,-122.9366,308,Call centre manager,41.667472,-122.771923,16,5,1,60.29295003422313,19.683572741042337,0
misc_pos,8.73,Howells,NE,41.6964,-96.9858,1063,Research scientist (maths),41.930333,-97.573855,9,5,1,90.75975359342917,55.24280145967373,0
kids_pets,281.27,Littleton,CO,39.5994,-105.0044,320420,Water engineer,39.408998,-105.568473,20,3,12,45.40177960301163,52.8232903916184,0
shopping_pos,1047.46,Wappapello,MO,36.9766,-90.2848,2601,Research scientist (medical),36.360659,-90.480772,23,0,10,62.25325119780972,70.68458385836095,1
food_dining,64.62,Fort Washakie,WY,43.0048,-108.8964,1645,Freight forwarder,42.546683,-108.451613,19,2,1,42.888432580424364,62.55236329360012,0
home,147.47,Sacramento,CA,38.5662,-121.3286,757530,Magazine features editor,38.246333,-121.033639,12,3,1,39.67967145790554,43.88181705713033,0
entertainment,3.6,Laguna Hills,CA,33.615,-117.7114,45303,Sales executive,34.442366,-117.740463,11,0,12,51.017111567419576,92.0378764256091,0
shopping_net,7.87,Laguna Hills,CA,33.615,-117.7114,45303,Sales executive,34.51997,-117.427742,6,5,1,49.05681040383299,103.9646836464017,0
gas_transport,58.39,Wales,AK,64.7556,-165.6723,145,"""Administrator, education""",64.561428,-164.920905,0,2,1,79.16769336071184,41.773016798214655,0
shopping_pos,1093.63,Paradise Valley,AZ,33.5494,-111.9565,17047,Building surveyor,33.459193,-112.687258,23,6,10,85.71937029431896,68.49363656324394,1
shopping_pos,1.85,Grenada,CA,41.6125,-122.5258,589,Systems analyst,41.536524,-123.205104,2,6,1,73.08145106091717,57.13522393301008,0
grocery_pos,59.58,Rocky Mount,MO,38.2911,-92.7059,1847,Tax inspector,37.646495,-92.14958,10,1,1,30.220396988364133,86.69320314384585,0
shopping_pos,1015.13,Sacramento,CA,38.6865,-121.3494,757530,Soil scientist,37.861448,-121.537382,23,1,3,53.530458590006845,93.19757585591384,1
misc_net,6.68,Lagrange,WY,41.6423,-104.1974,635,Product/process development scientist,41.814931,-103.788432,13,1,12,47.46338124572211,38.99081032919772,0
grocery_pos,318.71,Seattle,WA,47.6633,-122.3022,837792,"""Development worker, international aid""",48.267284,-123.16986,2,5,11,62.61190965092403,93.18524147457548,1
entertainment,1.34,Luray,MO,40.4931,-91.8912,519,Town planner,39.524546,-91.291355,16,0,12,54.87200547570158,119.20041012687336,0
entertainment,24.95,Blairstown,MO,38.5319,-93.9221,467,Agricultural consultant,38.233278,-93.073595,22,0,1,68.65434633812457,81.07050286132883,0
health_fitness,220.47,Sprague,NE,40.6267,-96.7456,142,Chiropodist,40.046736,-97.272968,18,6,1,51.408624229979466,78.46517171869435,0
entertainment,48.94,Humboldt,AZ,34.5189,-112.2523,1179,"""Civil engineer, contracting""",34.072985,-111.641568,12,0,1,63.96440793976728,74.87358686498506,0
travel,8.55,Redford,MO,37.3272,-91.0243,241,Investment analyst,36.850995,-90.782071,19,3,12,46.16016427104723,57.144542146227415,0
kids_pets,31.82,Port Costa,CA,38.046,-122.1866,198,Armed forces training and education officer,38.899084,-123.135764,14,4,1,59.80287474332649,125.79902599574314,0
shopping_net,932.41,Aurora,CO,39.7656,-104.7069,389246,Industrial/product designer,39.97618,-105.346222,22,0,3,80.62970568104038,59.372561900624014,1
grocery_pos,122.96,Mendon,UT,41.71,-111.9817,2078,"""Scientist, audiological""",42.039927,-112.898907,3,2,12,57.549623545516766,84.3375959442519,0
travel,6.28,Monitor,WA,47.4852,-120.4158,584,Medical technical officer,46.705824,-120.476586,23,6,1,49.83709787816564,86.7847220200153,0
grocery_pos,184.26,Brainard,NE,41.1832,-96.9882,614,Associate Professor,41.199822,-97.598094,8,2,1,51.57563312799452,51.06658279560196,0
shopping_net,3.49,Phoenix,AZ,33.5623,-112.0559,1312922,Contractor,33.866541,-112.505892,14,1,1,37.18822724161533,53.63578746730687,0
personal_care,31.31,Centerview,MO,38.7897,-93.8702,2368,Electronics engineer,38.778081,-94.633532,17,1,12,31.45242984257358,66.17652277874612,0
health_fitness,86.83,Jelm,WY,41.0539,-106.0763,100,Public librarian,41.820216,-105.249814,13,2,12,46.70773442847365,109.57782724704369,0
kids_pets,206.65,Corona,CA,33.8419,-117.6043,233717,Wellsite geologist,34.183875,-116.720907,17,1,12,54.60643394934976,89.86428265010112,0
shopping_pos,7.31,Meredith,CO,39.3199,-106.6596,61,Public relations account executive,39.916145,-107.248718,5,0,12,81.14989733059548,83.31763450351826,0
grocery_pos,65.85,Orient,WA,48.8878,-118.2105,149,Special educational needs teacher,48.765842,-117.958571,5,6,12,42.51882272416153,22.891387537311434,0
home,50.37,Phoenix,AZ,33.5623,-112.0559,1312922,Contractor,33.999018,-111.883973,13,0,1,37.242984257357975,51.09440818673527,0
kids_pets,40.72,Cardwell,MO,36.0434,-90.2907,1120,Television floor manager,37.024275,-90.069757,13,0,1,61.724845995893226,110.84021756280752,0
gas_transport,72.82,Roseland,NE,40.4591,-98.5551,463,"""Nurse, mental health""",41.273767,-99.02367,5,4,1,70.63381245722108,98.78460089995714,0
home,42.8,Westfir,OR,43.7575,-122.481,597,Forensic psychologist,43.463137,-121.927884,20,2,1,57.62354551676933,55.26665014928878,0
food_dining,37.83,Cascade Locks,OR,45.671,-121.8686,1288,Barrister,45.529665,-121.690091,16,3,12,84.66803559206024,20.972677840010952,0
health_fitness,58.12,Woods Cross,UT,40.8874,-111.9027,13983,Insurance broker,40.546838,-111.400443,12,6,1,39.41683778234086,56.79636958768479,0
shopping_net,1065.43,Ravenna,NE,41.0233,-98.9041,2202,"""Solicitor, Scotland""",41.880236,-98.612455,23,6,1,44.563997262149215,98.33798300693438,1
grocery_pos,336.71,Blairsden-Graeagle,CA,39.8127,-120.6405,1725,Chartered legal executive (England and Wales),39.894543,-121.344376,23,0,4,51.9233401779603,60.7697851134918,1
travel,8.74,Thompson,UT,38.9999,-109.615,46,"""Surveyor, minerals""",38.191047,-108.994221,22,6,1,31.745379876796715,104.87942741573598,0
shopping_net,901.99,Williamsburg,MO,38.8874,-91.7689,710,Glass blower/designer,38.174577,-92.701799,20,4,8,48.92265571526352,113.43360735583956,1
entertainment,14.32,June Lake,CA,37.7773,-119.0825,633,Health service manager,38.159309,-119.363905,20,5,1,91.36208076659824,49.120723362363485,0
food_dining,69.41,Pueblo,CO,38.2352,-104.66,151815,Further education lecturer,37.681315,-104.109567,21,1,12,32.98562628336756,78.24320144786813,0
gas_transport,34.81,Paauilo,HI,20.0271,-155.3697,1490,"""Scientist, research (maths)""",20.232561,-155.115656,6,3,12,29.71937029431896,35.0058637394833,0
shopping_pos,2.45,High Rolls Mountain Park,NM,32.9396,-105.8189,899,Naval architect,33.740574,-106.179025,11,3,12,53.3388090349076,95.139631817136,0
gas_transport,34.0,Gardiner,OR,43.7857,-124.1437,260,"""Engineer, maintenance""",43.785309,-124.712635,2,3,12,64.33127994524298,45.67149758802113,0
entertainment,82.54,Alva,WY,44.6873,-104.4414,110,"""Administrator, local government""",43.96333,-104.849366,20,6,12,47.61670088980151,86.79658465676255,0
shopping_pos,737.77,Brashear,MO,40.1959,-92.4333,805,Private music teacher,40.932816,-91.672178,22,1,12,49.492128678986994,104.15295105611138,1
entertainment,24.74,Freedom,WY,43.0172,-111.0292,471,"""Education officer, museum""",42.926454,-111.828747,17,2,12,53.412731006160165,65.82890504567037,0
kids_pets,81.3,Wheaton,MO,36.7651,-94.0492,760,Production manager,37.386876,-94.269026,20,3,1,33.360711841204655,71.83610040565269,0
gas_transport,76.19,Kent,OR,45.0838,-120.6649,60,Museum education officer,45.69276,-119.926571,3,0,1,76.8021902806297,88.9344514733626,0
entertainment,64.47,Dumont,CO,39.7532,-105.6356,565,Mental health nurse,39.320076,-104.841178,13,5,12,42.33264887063656,83.42998113018201,0
food_dining,9.72,Hawthorne,CA,33.9143,-118.3493,93193,"""Editor, magazine features""",34.684945,-117.511243,21,4,12,25.68651608487337,115.191797021968,0
grocery_pos,125.23,Kirtland Afb,NM,35.0203,-106.5503,310,"""Surveyor, land/geomatics""",35.570983,-105.655326,8,6,1,40.26830937713895,101.71823065003298,0
misc_pos,1.44,Syracuse,MO,38.6547,-92.8929,628,"""Radiographer, diagnostic""",38.114861,-93.719683,5,2,12,59.03353867214237,93.78836457195564,0
grocery_pos,184.3,Burbank,WA,46.1966,-118.9017,3684,Musician,47.03513,-118.187201,3,1,12,39.082819986310746,108.03528570625356,0
misc_net,837.95,Nelson,NE,40.201,-98.0684,732,Television/film/video producer,39.990728,-98.889052,21,5,10,62.82819986310746,73.61644686628857,1
shopping_pos,3.78,Hawthorne,CA,33.9143,-118.3493,93193,"""Editor, magazine features""",33.421189,-118.685821,20,4,12,25.68651608487337,63.05834035963246,0
health_fitness,13.84,Mendon,UT,41.71,-111.9817,2078,"""Scientist, audiological""",40.813814,-111.856943,21,3,12,57.53319644079398,100.19542009721296,0
shopping_net,149.45,Superior,AZ,33.2887,-111.0985,2872,Petroleum engineer,32.763535,-111.60015,19,5,12,33.163586584531146,74.81484130386838,0
home,121.49,Vancouver,WA,45.6892,-122.6616,299480,Teaching laboratory technician,45.342957,-121.679932,23,1,12,35.98904859685147,85.62939672687075,0
kids_pets,60.61,Orient,WA,48.8878,-118.2105,149,Special educational needs teacher,48.190343,-117.789092,22,0,1,40.58590006844627,83.52896815561036,0
kids_pets,43.02,San Jose,CA,37.3304,-121.7913,973849,Science writer,37.710595,-120.811513,18,1,1,63.59479808350445,96.19659729351127,0
gas_transport,61.99,Sacramento,CA,38.5662,-121.3286,757530,Magazine features editor,38.826799,-121.146354,3,4,1,39.72073921971253,33.012568558463634,0
misc_net,325.7,Newhall,CA,34.3795,-118.523,34882,Health physicist,34.065684,-118.418545,3,0,12,49.67830253251198,36.19222084406239,0
grocery_pos,49.96,Glendale,CA,34.1556,-118.2322,172817,Advertising account planner,34.863737,-118.026578,5,1,1,36.4435318275154,80.96385293020401,0
kids_pets,107.09,Vancouver,WA,45.6892,-122.6616,299480,Teaching laboratory technician,44.844678,-122.903243,20,6,1,34.04791238877481,95.79163119883194,0
shopping_net,101.2,Newhall,CA,34.3795,-118.523,34882,Health physicist,33.53078,-118.300224,15,0,1,47.70431211498973,96.584200267121,0
shopping_pos,2.58,Moab,UT,38.5677,-109.5271,9772,Location manager,38.956696,-109.612304,17,3,12,31.082819986310746,43.88071280989645,0
kids_pets,79.4,Scotts Mills,OR,44.9897,-122.6187,1252,"""Engineer, petroleum""",44.713228,-122.784266,13,0,12,83.89048596851471,33.39807140691795,0
home,69.44,Burbank,WA,46.1966,-118.9017,3684,Musician,46.342136,-119.421293,12,3,1,37.09514031485284,43.09275063692038,0
misc_pos,8.61,Sacramento,CA,38.5662,-121.3286,757530,Magazine features editor,38.949567,-120.801818,23,5,8,40.336755646817245,62.47841192753501,1
food_dining,99.21,Laguna Hills,CA,33.615,-117.7114,45303,Sales executive,32.944608,-117.669189,12,3,1,49.0321697467488,74.64738909124003,0
personal_care,10.28,Rocky Mount,MO,38.2911,-92.7059,1847,Tax inspector,39.133583,-92.0917,17,2,1,30.223134839151268,107.77608077362262,0
shopping_pos,768.28,Nelson,NE,40.201,-98.0684,732,Television/film/video producer,40.137422,-98.710192,22,5,10,62.82819986310746,54.9885070054899,1
home,47.93,Superior,AZ,33.2887,-111.0985,2872,Petroleum engineer,33.466261,-110.271262,12,3,12,33.177275838466805,79.30971781472822,0
shopping_net,6.9,Shedd,OR,44.453,-123.1065,917,Radio broadcast assistant,44.06447,-122.179653,16,3,12,25.4839151266256,85.52471131422905,0
grocery_pos,233.73,Meridian,ID,43.6498,-116.4306,84106,Intelligence analyst,43.373705,-116.505382,3,2,12,49.88364134154688,31.287058678517333,0
entertainment,59.29,Kansas City,MO,38.9621,-94.5959,545147,Counsellor,39.523141,-94.450871,13,1,1,31.1211498973306,63.62281350005582,0
personal_care,30.78,Centerview,MO,38.7897,-93.8702,2368,Electronics engineer,39.241172,-94.216961,17,1,1,29.45927446954141,58.461006659734494,0
grocery_pos,309.35,Lowell,OR,43.921,-122.7806,1420,Systems analyst,43.793951,-123.617007,10,1,2,53.2539356605065,68.53366057984213,1
entertainment,1.96,Pueblo,CO,38.2352,-104.66,151815,Further education lecturer,38.694546,-105.35133,16,5,1,31.00342231348392,78.94081084301415,0
entertainment,57.8,Brainard,NE,41.1832,-96.9882,614,Associate Professor,41.938997,-96.543802,22,3,1,51.540041067761805,91.81450514678106,0
food_dining,107.36,Huntington Beach,CA,33.6773,-118.0051,190249,"""Therapist, horticultural""",33.076661,-118.731121,2,3,12,43.27173169062286,94.8962872803386,1
shopping_net,881.69,Mesa,ID,44.6255,-116.4493,129,Cartographer,44.47879,-116.439773,11,2,1,53.06776180698152,16.330865142678494,0
misc_net,806.16,Mesa,ID,44.6255,-116.4493,129,Cartographer,45.21976,-117.049298,23,0,4,53.36892539356605,81.22731210859394,1
shopping_pos,70.21,Owensville,MO,38.3511,-91.4867,6703,Naval architect,37.843931,-92.128228,20,0,1,20.673511293634498,79.57209198491884,0
home,23.21,Fields Landing,CA,40.7268,-124.2174,276,"""Scientist, audiological""",39.962899,-123.259585,22,3,1,89.70020533880904,117.4899071827062,0
shopping_net,244.3,Monitor,WA,47.4852,-120.4158,584,Medical technical officer,48.255312,-120.599255,3,5,1,49.79603011635866,86.71893440420057,0
kids_pets,46.49,Moriarty,NM,34.9889,-106.0609,7268,"""Therapist, art""",35.731246,-106.006554,20,1,1,30.428473648186174,82.69209071407622,0
gas_transport,46.24,American Fork,UT,40.3928,-111.7941,42384,Futures trader,39.719013,-112.139565,9,4,12,27.98904859685147,80.48444895786656,0
shopping_net,26.0,Lake Oswego,OR,45.4093,-122.6847,42817,Planning and development surveyor,46.174934,-122.121669,13,6,1,36.629705681040384,95.67321190041856,0
health_fitness,32.66,Manville,WY,42.73,-104.7024,241,Educational psychologist,42.618092,-104.792789,14,6,12,40.03011635865845,14.47234716919945,0
personal_care,38.35,Camden,MO,39.2048,-94.0259,464,Colour technologist,39.416339,-93.905283,21,6,12,61.58521560574949,25.70939287965256,0
food_dining,78.22,Westerville,NE,41.4193,-99.3844,73,Product designer,41.275529,-99.965163,12,0,12,85.88090349075975,51.047497166688224,0
misc_net,26.0,Centerview,MO,38.7897,-93.8702,2368,Electronics engineer,38.424715,-93.033649,3,5,1,29.508555783709788,83.25163423257024,0
gas_transport,46.1,Blairstown,MO,38.5319,-93.9221,467,Agricultural consultant,38.060822,-93.0532,10,3,12,70.59822039698837,92.15954259642707,0
home,2.8,Redford,MO,37.3272,-91.0243,241,Investment analyst,37.247408,-91.513704,14,5,1,44.21081451060917,44.19605518475102,0
personal_care,13.21,Paradise Valley,AZ,33.5494,-111.9565,17047,Building surveyor,33.128911,-112.280907,18,3,1,83.96714579055441,55.62658997565895,0
shopping_net,1.51,Laramie,WY,41.4247,-105.4781,35371,"""Pilot, airline""",42.345585,-105.454395,12,4,12,32.31211498973306,102.4165405175924,0
grocery_net,24.76,Meridian,ID,43.6498,-116.4306,84106,Intelligence analyst,44.199891,-117.006963,0,4,1,47.89596167008898,76.62966025872285,0
food_dining,12.2,Shedd,OR,44.453,-123.1065,917,Radio broadcast assistant,45.420382,-123.675183,19,3,12,25.464750171115675,116.50922699175,0
personal_care,51.74,Rock Springs,WY,41.606,-109.23,27971,Music therapist,41.533669,-109.867285,13,1,1,34.417522245037645,53.62234681149133,0
kids_pets,37.93,Westfir,OR,43.7575,-122.481,597,Forensic psychologist,43.361123,-122.491442,21,3,1,57.66461327857632,44.08314185720686,0
entertainment,11.47,Iliff,CO,40.7692,-103.0968,648,Community arts worker,40.701592,-103.390047,15,6,1,49.29226557152635,25.826132484707983,0
shopping_net,6.99,Utica,MO,39.7417,-93.6289,271,Land/geomatics surveyor,38.973135,-93.829432,22,1,1,46.70499657768652,87.1822329325129,0
shopping_pos,6.29,San Diego,CA,33.0067,-117.069,1241364,Chartered public finance accountant,32.724794,-116.276175,8,0,1,59.46338124572211,80.40925329556194,0
grocery_pos,342.42,Holstein,NE,40.4542,-98.6538,331,Telecommunications researcher,41.298393,-98.537031,1,5,5,69.76043805612593,94.38195094785132,1
shopping_pos,6.5,Lakeport,CA,39.047,-122.9328,11256,Podiatrist,38.076525,-123.352496,16,0,12,48.19438740588638,113.91448561001548,0
shopping_pos,2.68,Glendale,CA,34.1556,-118.2322,172817,Advertising account planner,33.372747,-118.11566,21,3,1,36.44900752908966,87.7133379308446,0
food_dining,1.39,Tekoa,WA,47.2271,-117.0819,895,Clothing/textile technologist,46.632525,-118.051271,19,6,12,21.57700205338809,98.93915032148897,0
shopping_net,3.48,Centerview,MO,38.7897,-93.8702,2368,Electronics engineer,39.738074,-94.340683,16,5,1,29.508555783709788,112.96517269346256,0
entertainment,72.24,Meridian,ID,43.6498,-116.4306,84106,Intelligence analyst,43.872477,-115.907359,21,6,12,49.87542778918549,48.77293651825903,0
home,57.1,Issaquah,WA,47.4974,-122.0107,50489,Osteopath,47.237816,-122.411757,15,6,12,36.82683093771389,41.77844248600659,0
grocery_pos,141.85,Blairsden-Graeagle,CA,39.8127,-120.6405,1725,Chartered legal executive (England and Wales),39.276547,-120.641789,2,5,1,51.630390143737166,59.61759595622833,0
kids_pets,42.88,Honokaa,HI,20.0827,-155.488,4878,Physiotherapist,20.503265,-154.855485,18,3,12,54.07802874743327,80.8613128071415,0
shopping_net,7.17,Hawthorne,CA,33.9143,-118.3493,93193,"""Editor, magazine features""",34.890114,-118.3122,17,0,12,25.69472963723477,108.55893749503788,0
shopping_pos,3.06,Ruidoso,NM,33.3305,-105.6933,8874,Licensed conveyancer,34.133331,-105.063847,15,6,1,18.390143737166323,106.570870671075,0
shopping_pos,53.52,Kansas City,MO,38.9621,-94.5959,545147,Counsellor,38.432755,-93.981096,17,3,12,33.100616016427104,79.44302365465775,0
personal_care,18.29,Altonah,UT,40.3207,-110.436,302,"""Sales professional, IT""",39.792419,-110.540719,18,0,1,28.971937029431896,59.4144328545267,0
travel,4.37,Phoenix,AZ,33.8155,-112.1202,1312922,Counselling psychologist,34.048787,-111.330851,23,0,12,21.078713210130047,77.30586879513645,0
entertainment,25.46,Howells,NE,41.6964,-96.9858,1063,Research scientist (maths),41.119168,-96.338141,23,1,12,92.7419575633128,83.88770027559296,0
misc_net,3.12,Sixes,OR,42.825,-124.4409,217,Retail merchandiser,42.895792,-124.939631,9,2,1,90.29158110882958,41.40532138292322,0
kids_pets,49.23,Newhall,CA,34.3795,-118.523,34882,Health physicist,35.27153,-118.75173,12,2,1,47.709787816564,101.3626274054785,0
personal_care,16.14,Phoenix,AZ,33.5623,-112.0559,1312922,Contractor,33.351328,-112.406605,23,4,1,37.19644079397673,40.11039733534764,0
kids_pets,21.57,Riverton,WY,43.0351,-108.2024,19408,"""Lecturer, higher education""",42.628869,-107.592043,14,6,12,27.29363449691992,67.2127581919465,0
shopping_pos,1.54,Jelm,WY,41.0539,-106.0763,100,Public librarian,41.011161,-106.897886,23,6,1,44.76386036960986,69.0767667020087,0
misc_net,771.43,Scotts Mills,OR,44.9897,-122.6187,1252,"""Engineer, petroleum""",45.856467,-123.240336,23,0,7,82.43394934976044,107.90099876150606,1
shopping_net,993.66,Pueblo,CO,38.2352,-104.66,151815,Further education lecturer,38.93627,-104.177415,22,6,5,31.351129363449694,88.52347848715304,1
grocery_net,13.04,Scotts Mills,OR,44.9897,-122.6187,1252,"""Engineer, petroleum""",44.121879,-122.335006,1,6,7,82.43121149897331,99.08056276944092,1
travel,5.46,Unionville,MO,40.4815,-92.9951,3805,"""Investment banker, corporate""",40.220266,-93.575412,20,1,12,70.28884325804243,57.11440902869608,0
grocery_pos,150.82,Howells,NE,41.6964,-96.9858,1063,Research scientist (maths),42.024098,-96.732421,11,6,12,92.73648186173854,42.048327030633935,0
gas_transport,71.34,Matthews,MO,36.7154,-89.6287,1019,Aeronautical engineer,37.038506,-89.388731,2,1,1,39.969883641341546,41.7898990659687,0
misc_net,3.81,Lake Oswego,OR,45.4093,-122.6847,42817,Planning and development surveyor,45.2341,-123.158557,11,6,1,36.629705681040384,41.85774801491839,0
grocery_pos,349.7,Fields Landing,CA,40.7268,-124.2174,276,"""Scientist, audiological""",39.998621,-124.646892,2,2,4,89.927446954141,88.77062105908719,1
entertainment,17.85,Wales,AK,64.7556,-165.6723,145,"""Administrator, education""",64.859572,-166.34388,22,1,1,79.16495550992471,33.82365049410783,0
home,50.95,Paauilo,HI,20.0271,-155.3697,1490,"""Scientist, research (maths)""",20.723371,-154.983007,12,6,12,29.70841889117043,87.28597769470605,0
home,300.0,Hawthorne,CA,33.9143,-118.3493,93193,"""Editor, magazine features""",34.53795,-117.725641,13,0,12,25.69472963723477,89.98093089076126,0
health_fitness,78.25,Meadville,MO,39.7795,-93.3014,964,Tourist information centre manager,39.075461,-92.626988,18,0,1,44.07939767282683,97.38498547918294,0
gas_transport,8.2,Portland,OR,45.5303,-122.7033,841711,"""Engineer, building services""",45.125215,-123.364694,3,2,7,57.30047912388775,68.57290062779477,1
personal_care,76.68,Pueblo,CO,38.2352,-104.66,151815,Further education lecturer,38.418867,-105.12348,18,2,12,32.988364134154686,45.29504924814208,0
shopping_pos,1.54,Jelm,WY,41.0539,-106.0763,100,Public librarian,41.011161,-106.897886,23,6,1,44.76386036960986,69.0767667020087,0
shopping_pos,4.8,Thompson,UT,38.9999,-109.615,46,"""Surveyor, minerals""",39.997007,-109.92162,22,3,12,33.67282683093772,113.951634106135,0
kids_pets,36.65,Stayton,OR,44.8021,-122.7624,9587,"""Engineer, biomedical""",44.255476,-123.565228,15,5,1,50.8227241615332,88.00236480320261,0
shopping_pos,6.88,Smith River,CA,41.9404,-124.1587,1930,Web designer,41.531711,-124.583768,22,3,1,35.59753593429158,57.52519680434852,0
grocery_pos,287.42,Parker Dam,CA,34.298,-114.156,126,Marketing executive,33.39735,-114.42256,22,0,1,26.308008213552363,103.12865125629068,1
home,84.24,Alva,WY,44.6873,-104.4414,110,"""Administrator, local government""",44.315831,-104.795872,21,3,12,47.62765229295003,49.96433171073176,0
shopping_pos,7.49,Shedd,OR,44.453,-123.1065,917,Radio broadcast assistant,45.010163,-123.448822,17,4,12,25.46748802190281,67.59790407406562,0
gas_transport,66.44,Glendale,CA,34.1556,-118.2322,172817,Advertising account planner,33.370656,-117.410521,8,1,12,38.417522245037645,115.70356368057944,0
kids_pets,322.75,Colorado Springs,CO,38.8881,-104.6556,525713,Museum/gallery exhibitions officer,38.909837,-104.08687,17,0,12,28.637919233401774,49.275961121161785,0
health_fitness,46.16,Paauilo,HI,20.0271,-155.3697,1490,"""Scientist, research (maths)""",20.619399,-156.21035,18,5,1,27.750855578370977,109.6414733740646,0
home,24.36,Redford,MO,37.3272,-91.0243,241,Investment analyst,37.853933,-91.974322,14,6,12,46.16837782340863,102.1615474778258,0
kids_pets,64.67,Howells,NE,41.6964,-96.9858,1063,Research scientist (maths),41.179855,-97.978074,17,3,12,92.72826830937714,100.70086312331276,0
kids_pets,15.43,Altonah,UT,40.3207,-110.436,302,"""Sales professional, IT""",41.203609,-110.32122,17,5,1,28.966461327857637,98.64976333903252,0
personal_care,14.27,Paradise Valley,AZ,33.5494,-111.9565,17047,Building surveyor,33.657307,-112.044717,14,1,12,85.91649555099247,14.516149825725783,0
health_fitness,17.03,Red River,NM,36.6659,-105.4694,606,"""Surveyor, land/geomatics""",35.980714,-105.200977,23,1,1,30.357289527720734,79.894071334611,0
health_fitness,10.16,Malad City,ID,42.1808,-112.262,4154,Nature conservation officer,41.932075,-111.459315,17,4,1,56.95824777549623,71.80936817634637,0
gas_transport,79.43,Espanola,NM,35.9866,-106.0654,18408,Historic buildings inspector/conservation officer,36.32288,-105.78015,3,3,1,46.48049281314169,45.322046389535856,0
misc_pos,77.98,Daly City,CA,37.6787,-122.478,107941,"""Buyer, industrial""",36.735816,-122.349094,11,5,1,27.255304585900067,105.46357982751124,0
misc_pos,11.0,San Jose,CA,37.3304,-121.7913,973849,Geoscientist,37.839436,-121.094501,16,4,1,21.998631074606436,83.50818973379712,0
food_dining,34.74,Aurora,CO,39.6662,-104.835,389246,"""Scientist, marine""",40.105958,-105.831232,9,0,1,49.08966461327858,98.06137752410278,0
home,104.64,Carlotta,CA,40.507,-123.9743,1139,"""Therapist, occupational""",40.601075,-123.383584,17,5,1,68.01095140314852,50.99113068617957,0
gas_transport,60.15,Yellowstone National Park,WY,44.7957,-110.6137,369,Materials engineer,45.68706,-109.891525,7,1,1,77.12525667351129,114.10739823763736,0
kids_pets,61.26,Arnold,MO,38.4305,-90.387,35439,Land/geomatics surveyor,38.285651,-89.487996,21,0,12,35.74537987679671,80.02434133443955,0
travel,468.91,Lonetree,WY,41.0552,-110.1603,49,Research scientist (physical sciences),40.76702,-110.473365,12,6,12,39.4798083504449,41.45987709651576,0
gas_transport,6.7,Arvada,CO,39.8422,-105.1097,122111,Hotel manager,39.26797,-105.33631,1,5,8,32.27378507871321,66.74160819276572,1
personal_care,37.26,San Jose,CA,37.3304,-121.7913,973849,Geoscientist,37.027699,-122.47387,23,3,12,23.9315537303217,69.20799633243897,0
health_fitness,99.19,Sutherland,NE,41.1558,-101.136,1789,Insurance broker,40.425787,-100.549557,16,0,1,36.9034907597536,95.00772556930974,0
shopping_net,3.56,Rocky Mount,MO,38.2911,-92.7059,1847,Tax inspector,38.077028,-93.04049,15,1,12,32.17522245037645,37.707074726346335,0
misc_pos,4.11,Holstein,NE,40.4542,-98.6538,331,Telecommunications researcher,39.854297,-97.761852,1,0,1,68.40520191649556,100.9743314931068,0
personal_care,61.14,Albuquerque,NM,35.0561,-106.5506,641349,Charity officer,35.611187,-105.583282,20,1,1,51.95619438740589,107.28094320582902,0
entertainment,126.32,Phoenix,AZ,33.5623,-112.0559,1312922,Contractor,33.358719,-112.081598,14,1,12,39.181382614647504,22.76235159505374,0
entertainment,43.89,Phoenix,AZ,33.5623,-112.0559,1312922,Contractor,32.78769,-112.087102,12,1,12,39.181382614647504,86.181640838398,0
grocery_net,38.8,Oakland,CA,37.7878,-122.1884,381459,Barista,37.687141,-121.609708,3,1,1,45.01300479123888,52.10389605077074,0
personal_care,30.8,Littleton,CO,39.5994,-105.0044,320420,Water engineer,39.49653,-105.055551,15,6,12,45.40999315537303,12.250591003278188,0
grocery_pos,191.9,Phoenix,AZ,33.5623,-112.0559,1312922,Contractor,34.42088,-111.095793,11,1,1,37.20739219712526,130.18890434355242,0
home,93.31,Altonah,UT,40.3207,-110.436,302,"""Sales professional, IT""",39.663982,-110.989497,14,5,12,30.94045174537988,86.92363940531797,0
shopping_net,387.76,Sun City,CA,33.7467,-117.1721,54287,"""Designer, exhibition/display""",33.377598,-116.477299,13,6,1,46.30800821355236,76.34782783768625,0
home,6.5,Humboldt,AZ,34.5189,-112.2523,1179,"""Civil engineer, contracting""",35.02348,-111.823171,15,5,12,65.93292265571526,68.44194634269155,0
shopping_pos,3.33,Fullerton,NE,41.366,-98.0054,1749,"""Surveyor, mining""",42.172046,-97.686842,20,1,1,45.65366187542779,93.44059347304469,0
travel,2.97,Iliff,CO,40.7692,-103.0968,648,Community arts worker,41.092537,-102.106512,19,2,1,49.28131416837783,90.62790079879132,0
home,40.85,Newhall,CA,34.3795,-118.523,34882,Health physicist,34.668197,-118.198091,14,0,12,49.67830253251198,43.77792985806101,0
food_dining,63.45,Meadville,MO,39.7795,-93.3014,964,Tourist information centre manager,40.616783,-94.101168,19,6,12,46.012320328542096,115.24587698228773,0
shopping_pos,13.56,Luray,MO,40.4931,-91.8912,519,Town planner,41.150062,-91.060816,3,0,12,54.87200547570158,101.08706371980132,0
grocery_pos,103.24,Dumont,CO,39.7532,-105.6356,565,Mental health nurse,39.15184,-106.461264,3,3,1,40.39151266255989,97.45104164601176,0
misc_net,449.75,Moriarty,NM,34.9889,-106.0609,7268,"""Therapist, art""",34.129587,-105.69873,11,0,12,32.39972621492129,101.14305600694443,0
shopping_net,31.46,Woods Cross,UT,40.8874,-111.9027,13983,Insurance broker,40.887254,-112.761519,17,3,12,41.38261464750171,72.19476169578115,0
kids_pets,55.39,Meredith,CO,39.3199,-106.6596,61,Public relations account executive,39.09394,-107.643167,12,2,1,79.1813826146475,88.3911775364508,0
misc_net,844.8,High Rolls Mountain Park,NM,32.9396,-105.8189,899,Naval architect,33.500914,-105.892933,23,0,2,52.48733744010951,62.794044062637,1
shopping_pos,939.78,Manville,WY,42.73,-104.7024,241,Educational psychologist,41.913325,-105.137269,2,4,8,39.66050650239562,97.59434511035089,1
shopping_pos,6.49,Red River,NM,36.6659,-105.4694,606,"""Surveyor, land/geomatics""",37.311043,-105.471246,20,1,1,30.31895961670089,71.73681592087173,0
kids_pets,45.5,Red Cliff,CO,39.4584,-106.3851,277,Human resources officer,40.350794,-106.134202,23,5,1,33.776865160848736,101.51118558213822,0
misc_pos,49.8,Jordan Valley,OR,42.8801,-117.281,641,Economist,42.450396,-118.088718,0,1,12,27.096509240246405,81.51405747499922,0
shopping_pos,900.4,Oakland,CA,37.7878,-122.1884,381459,Barista,38.762055,-122.664923,16,1,3,46.16290212183436,116.04342945005284,1
misc_pos,6.3,Albuquerque,NM,35.1506,-106.569,641349,Civil Service administrator,35.802013,-106.302231,0,5,5,43.08008213552361,76.35561371718211,1
home,19.41,Centerview,MO,38.7897,-93.8702,2368,Electronics engineer,38.88789,-94.38703,18,1,12,31.45242984257358,46.07550772509413,0
home,63.66,Newhall,CA,34.3795,-118.523,34882,Health physicist,34.116464,-118.235066,16,4,1,47.696098562628336,39.44457959438109,0
grocery_pos,277.53,San Jose,CA,37.3304,-121.7913,973849,Science writer,36.59875,-121.383937,1,0,1,63.59206023271732,89.04269069844821,1
gas_transport,47.76,Camden,MO,39.2048,-94.0259,464,Colour technologist,38.91306,-93.563038,11,6,1,59.611225188227245,51.47349694134008,0
gas_transport,9.91,La Grande,OR,45.3304,-118.0852,16955,"""Engineer, site""",44.945349,-118.11122,1,4,2,57.64818617385352,42.8643330084676,1
grocery_pos,34.74,Crownpoint,NM,35.7206,-108.0271,5662,IT consultant,35.532097,-108.065053,3,6,12,31.720739219712527,21.239414913140468,0
shopping_pos,4.61,Napa,CA,38.4549,-122.2564,94014,Airline pilot,38.439037,-122.620807,21,0,12,35.35386721423682,31.783741528527813,0
food_dining,95.73,Broomfield,CO,39.8854,-105.1139,92337,"""Engineer, electronics""",39.677036,-104.447481,5,0,1,51.24161533196441,61.47976911996114,0
food_dining,13.45,Sacramento,CA,38.5662,-121.3286,757530,Magazine features editor,38.852181,-122.236356,18,0,1,39.72895277207392,84.94133499789795,0
home,141.16,Santa Monica,CA,34.0287,-118.4924,92043,"""Civil engineer, contracting""",33.340497,-119.262197,18,1,1,57.7056810403833,104.54186066981306,0
kids_pets,68.89,Issaquah,WA,47.4974,-122.0107,50489,Osteopath,47.729568,-121.943782,14,1,12,36.83230663928816,26.298716767762613,0
home,44.77,Ruidoso,NM,33.3305,-105.6933,8874,Licensed conveyancer,33.694714,-105.429176,19,3,1,18.40109514031485,47.32608636280139,0
misc_net,204.48,Napa,CA,38.4549,-122.2564,94014,Airline pilot,37.587355,-123.120499,9,0,12,35.35386721423682,122.61679032446716,0
grocery_pos,363.85,Huslia,AK,65.6899,-156.292,277,"""Engineer, civil (consulting)""",65.69231,-157.280348,0,1,5,54.55167693360712,45.24101026929096,1
shopping_pos,9.55,Orient,WA,48.8878,-118.2105,149,Special educational needs teacher,48.533396,-117.793256,15,2,1,40.53388090349076,49.9021215441155,0
health_fitness,19.57,Utica,MO,39.7417,-93.6289,271,Land/geomatics surveyor,40.012439,-94.173045,23,0,3,46.93223819301848,55.33871311462668,1
kids_pets,4.0,Wales,AK,64.7556,-165.6723,145,"""Administrator, education""",64.091257,-166.084984,19,6,1,79.1978097193703,76.48145460237593,0
grocery_net,72.88,Daly City,CA,37.6787,-122.478,107941,"""Buyer, industrial""",38.471592,-121.600988,1,3,12,29.24298425735797,116.90207665022726,0
travel,57.8,Monitor,WA,47.4852,-120.4158,584,Medical technical officer,47.198015,-120.472466,15,2,12,51.78097193702944,32.21769007615112,0
kids_pets,4.38,Nelson,NE,40.201,-98.0684,732,Television/film/video producer,40.879531,-98.167639,23,5,10,62.82819986310746,75.91379282605378,1
food_dining,14.93,Iliff,CO,40.7692,-103.0968,648,Community arts worker,40.675302,-102.449985,22,3,12,51.2580424366872,55.49955486253828,0
misc_net,9.79,Thompson,UT,38.9999,-109.615,46,"""Surveyor, minerals""",38.273375,-110.352293,4,2,1,31.734428473648187,103.08808949308512,0
gas_transport,93.01,Spirit Lake,ID,47.9657,-116.868,4161,Production manager,48.862318,-116.99664,8,3,12,63.553730321697465,100.15037222651736,0
kids_pets,51.49,Athena,OR,45.8289,-118.4971,1302,Dealer,45.937284,-119.303779,18,2,1,42.2258726899384,63.59353224788477,0
personal_care,50.55,Blairstown,MO,38.5319,-93.9221,467,Agricultural consultant,38.049549,-94.340454,17,3,1,68.64339493497604,64.88281984525227,0
misc_pos,971.57,Altonah,UT,40.3207,-110.436,302,"""Sales professional, IT""",39.721265,-109.65427,0,5,6,30.42299794661191,94.20111570846312,1
gas_transport,122.15,Colorado Springs,CO,38.8881,-104.6556,525713,Museum/gallery exhibitions officer,39.184042,-104.745413,1,5,12,28.63244353182752,33.809182915909055,0
shopping_net,7.18,Newberg,OR,45.3099,-122.9685,28278,Research scientist (physical sciences),45.695871,-123.190306,18,6,1,41.492128678986994,46.26836594143753,0
entertainment,61.95,Vinton,CA,40.0235,-120.7986,128,Education administrator,40.126692,-121.277077,22,3,1,52.88432580424367,42.297975013827305,0
kids_pets,114.76,Superior,AZ,33.2887,-111.0985,2872,Petroleum engineer,32.495269,-111.478307,15,3,12,33.177275838466805,95.08567105940276,0
shopping_net,88.29,Ravenna,NE,41.0233,-98.9041,2202,"""Solicitor, Scotland""",41.09757,-99.770536,0,2,12,46.52703627652293,73.11209409251555,0
shopping_pos,32.61,Phoenix,AZ,33.5623,-112.0559,1312922,Contractor,32.972587,-111.923682,21,2,1,37.19096509240247,66.71533230157011,0
kids_pets,322.75,Colorado Springs,CO,38.8881,-104.6556,525713,Museum/gallery exhibitions officer,38.909837,-104.08687,17,0,12,28.637919233401774,49.275961121161785,0
travel,3.85,Freedom,WY,43.0172,-111.0292,471,"""Education officer, museum""",43.97906,-111.122623,13,2,1,51.43874058863792,107.21906227712634,0
food_dining,89.85,Altonah,UT,40.3207,-110.436,302,"""Sales professional, IT""",40.641211,-109.949445,21,5,1,28.966461327857637,54.43877315486885,0
grocery_net,113.63,Espanola,NM,35.9866,-106.0654,18408,Historic buildings inspector/conservation officer,35.196564,-106.972333,6,4,1,46.46406570841889,120.17519950188888,0
shopping_net,5.76,Sixes,OR,42.825,-124.4409,217,Retail merchandiser,42.945251,-124.688131,2,2,12,92.24640657084188,24.177142428945107,0
grocery_net,94.56,Superior,AZ,33.2887,-111.0985,2872,Petroleum engineer,32.889918,-110.220647,8,1,1,31.19780971937029,93.0293392904358,0
home,25.98,Scotts Mills,OR,44.9897,-122.6187,1252,"""Engineer, petroleum""",44.712388,-122.292049,23,0,1,81.91649555099247,40.17343471645206,0
food_dining,9.8,Conway,WA,48.34,-122.3456,85,"""Research officer, political party""",48.402227,-123.279782,18,2,1,34.37371663244353,69.35095145194795,0
shopping_net,1067.73,Vancouver,WA,45.6892,-122.6616,299480,Teaching laboratory technician,45.240503,-122.320118,22,5,1,34.00684462696783,56.55512698586592,0
shopping_pos,1.66,Superior,AZ,33.2887,-111.0985,2872,Petroleum engineer,33.684509,-111.025156,15,6,1,31.211498973305957,44.53443530807986,0
food_dining,13.78,Redford,MO,37.3272,-91.0243,241,Investment analyst,36.916473,-91.6387,12,4,1,44.18891170431211,71.08560825240254,0
shopping_pos,5.68,San Diego,CA,33.0067,-117.069,1241364,Chartered public finance accountant,33.390459,-117.729271,10,4,12,61.39082819986311,74.80070332335532,0
kids_pets,14.98,Ruidoso,NM,33.3305,-105.6933,8874,Licensed conveyancer,34.312697,-104.730167,21,0,12,20.366872005475702,140.8670750623117,0
home,300.0,Hawthorne,CA,33.9143,-118.3493,93193,"""Editor, magazine features""",34.53795,-117.725641,13,0,12,25.69472963723477,89.98093089076126,0
food_dining,54.51,Newhall,CA,34.3795,-118.523,34882,Health physicist,34.789401,-118.287547,20,3,1,47.71252566735113,50.418626390832,0
grocery_pos,95.87,Mesa,ID,44.6255,-116.4493,129,Cartographer,44.835671,-117.032846,4,0,1,53.100616016427104,51.68285976142669,0
shopping_pos,9.21,San Diego,CA,32.7185,-117.1593,1241364,Comptroller,32.029909,-117.999784,14,0,1,31.1047227926078,109.96633339783804,0
personal_care,29.99,Westfir,OR,43.7575,-122.481,597,Forensic psychologist,43.790171,-122.266654,12,1,12,59.61396303901437,17.58934200512008,0
misc_net,83.92,Thompson,UT,38.9999,-109.615,46,"""Surveyor, minerals""",38.210919,-110.595579,23,1,1,31.693360711841205,122.2967688724728,0
kids_pets,57.5,Vancouver,WA,45.6892,-122.6616,299480,Teaching laboratory technician,45.370503,-122.053249,21,1,1,34.03422313483915,59.17285583278424,0
health_fitness,39.44,High Rolls Mountain Park,NM,32.9396,-105.8189,899,Naval architect,33.703685,-106.814476,20,0,12,53.3305954825462,125.59908982725295,0
shopping_net,963.01,Westfir,OR,43.7575,-122.481,597,Forensic psychologist,42.855154,-121.490318,12,3,10,58.450376454483234,128.424277492984,1
travel,8.26,Phoenix,AZ,33.8155,-112.1202,1312922,Counselling psychologist,32.821657,-112.339144,19,0,1,19.123887748117728,112.36712929062494,0
grocery_pos,92.54,Honokaa,HI,20.0827,-155.488,4878,Physiotherapist,19.492905,-155.678552,10,5,12,54.064339493497606,68.54573311685492,0
entertainment,77.73,Lonetree,WY,41.0552,-110.1603,49,Research scientist (physical sciences),41.068756,-109.235776,17,5,1,37.52224503764545,77.52723013738233,0
shopping_net,833.05,Claremont,CA,34.1092,-117.7183,35705,Wellsite geologist,33.229541,-117.998709,22,6,9,63.29637234770705,101.19711224101374,1
shopping_net,2.96,Humboldt,AZ,34.5189,-112.2523,1179,"""Civil engineer, contracting""",34.137921,-111.611563,3,3,1,63.95345653661875,72.5007075666521,0
grocery_pos,138.6,Blairstown,MO,38.5319,-93.9221,467,Agricultural consultant,38.589273,-93.017727,11,1,1,68.59958932238193,78.89219556175065,0
shopping_pos,6.29,San Diego,CA,33.0067,-117.069,1241364,Chartered public finance accountant,32.724794,-116.276175,8,0,1,59.46338124572211,80.40925329556194,0
health_fitness,86.91,Kansas City,MO,38.9621,-94.5959,545147,Counsellor,39.314553,-93.929669,21,1,1,31.159479808350444,69.55194139446243,0
misc_net,1.68,Browning,MO,40.029,-93.1607,602,Cytogeneticist,39.772228,-93.815796,6,2,1,64.47091033538672,62.75358395732082,0
misc_pos,6.55,North Loup,NE,41.4972,-98.7858,509,"""Nurse, children's""",42.259484,-97.896385,13,0,1,38.34907597535934,112.27905283193654,0
shopping_net,387.76,Sun City,CA,33.7467,-117.1721,54287,"""Designer, exhibition/display""",33.377598,-116.477299,13,6,1,46.30800821355236,76.34782783768625,0
home,11.15,Brainard,NE,41.1832,-96.9882,614,Associate Professor,41.795536,-97.212258,16,1,12,53.52772073921971,70.59991249136468,0
misc_pos,318.43,Espanola,NM,35.9866,-106.0654,18408,Historic buildings inspector/conservation officer,35.688814,-107.036137,23,0,1,46.49144421629021,93.56028990686474,0
shopping_net,32.21,Vinton,CA,40.0235,-120.7986,128,Education administrator,40.744331,-120.5011,10,1,1,52.87885010266941,84.0201129466164,0
grocery_pos,331.37,Burlington,WA,48.4786,-122.3345,14871,Public house manager,47.877698,-122.618073,3,1,6,46.26967830253251,70.04725321958763,1
food_dining,12.29,Kirk,CO,39.6171,-102.4776,207,Network engineer,39.450913,-102.323619,22,1,12,65.07049965776865,22.71247189956684,0
kids_pets,56.5,Port Costa,CA,38.046,-122.1866,198,Armed forces training and education officer,37.314351,-122.80235,20,3,12,61.73579739904175,97.74958591759552,0
shopping_net,2.33,Mendon,UT,41.71,-111.9817,2078,"""Scientist, audiological""",42.180375,-111.584897,5,6,12,57.541409993155376,61.74633844546011,0
grocery_pos,128.52,Blairsden-Graeagle,CA,39.8127,-120.6405,1725,Chartered legal executive (England and Wales),38.817538,-119.767559,3,5,1,51.611225188227245,133.73173082811823,0
kids_pets,43.45,Thompson,UT,38.9999,-109.615,46,"""Surveyor, minerals""",39.857438,-109.593563,16,2,1,31.71526351813826,95.371648260155,0
grocery_pos,170.82,Littleton,CO,39.5994,-105.0044,320420,Water engineer,39.466153,-105.956752,11,3,1,43.44695414099932,83.00656372580798,0
food_dining,92.04,Palmdale,CA,34.5715,-118.0231,171170,Chemical engineer,34.70241,-117.49172,7,1,12,57.57152635181382,50.74725926433667,0
kids_pets,21.33,Tekoa,WA,47.2271,-117.0819,895,Clothing/textile technologist,47.748417,-116.738943,16,5,12,21.57426420260096,63.4375401604222,0
grocery_net,50.99,Meadville,MO,39.7795,-93.3014,964,Tourist information centre manager,40.191825,-94.126343,0,6,12,46.012320328542096,83.91522038688679,0
gas_transport,81.43,Eugene,OR,44.0385,-123.0614,191096,"""Scientist, physiological""",43.793421,-122.617297,1,1,12,56.73100616016427,44.81131840830352,0
misc_net,743.26,Colorado Springs,CO,38.8881,-104.6556,525713,Museum/gallery exhibitions officer,38.881953,-105.4688,2,1,9,27.37577002053388,70.38955896275263,1
shopping_net,2.49,Scotts Mills,OR,44.9897,-122.6187,1252,"""Engineer, petroleum""",45.904756,-122.548512,4,5,1,81.94934976043805,101.89678828840692,0
entertainment,95.5,Helm,CA,36.4992,-120.0936,123,Early years teacher,36.131888,-120.98699,21,0,12,47.88774811772758,89.86277258073272,0
kids_pets,61.7,Manley,NE,40.9207,-96.168,206,Human resources officer,41.681572,-96.411647,22,5,1,51.29363449691992,87.01869512116583,0
home,19.41,Centerview,MO,38.7897,-93.8702,2368,Electronics engineer,38.88789,-94.38703,18,1,12,31.45242984257358,46.07550772509413,0
