category,amt,city,state,lat,long,city_pop,job,merch_lat,merch_long,trans_hour,trans_dayofweek,trans_month,customer_age,merchant_distance_km,is_fraud
grocery_net,97.38,Jordan Valley,OR,42.8801,-117.281,641,Economist,41.897346,-117.409128,2,3,12,27.10198494182067,109.78269038423808,0
health_fitness,180.64,Vinton,CA,40.0235,-120.7986,128,Education administrator,40.587735,-121.768905,16,0,1,52.87611225188228,103.4699435909384,0
gas_transport,162.6,Wendel,CA,40.3406,-120.2824,104,"""Teacher, adult education""",40.051807,-121.106125,10,4,1,29.404517453798768,76.98029634748426,0
home,236.2,Lakeport,CA,39.047,-122.9328,11256,Podiatrist,39.543279,-122.148761,21,3,12,48.20260095824778,87.16185731237441,0
entertainment,82.72,San Diego,CA,32.7185,-117.1593,1241364,Comptroller,32.860977,-117.059708,22,6,12,33.07597535934291,18.37554269210312,0
kids_pets,94.1,Meadville,MO,39.7795,-93.3014,964,Tourist information centre manager,40.248695,-92.796378,14,5,1,44.03559206023272,67.61410416275007,0
personal_care,79.12,American Fork,UT,40.3928,-111.7941,42384,Futures trader,39.908199,-110.960438,22,3,1,26.012320328542096,89.0161863971636,0
shopping_net,647.96,Phoenix,AZ,33.5623,-112.0559,1312922,Contractor,32.916622,-112.004835,21,4,1,37.215605749486656,71.95301512051377,0
home,54.24,Sutherland,NE,41.1558,-101.136,1789,Insurance broker,41.388235,-100.576203,15,1,12,38.88021902806297,53.44801656277414,0
gas_transport,94.28,Mesa,ID,44.6255,-116.4493,129,Cartographer,45.252736,-117.112857,4,6,1,53.07871321013005,87.13290056614481,0
shopping_pos,552.1,Issaquah,WA,47.4974,-122.0107,50489,Osteopath,46.696236,-121.055829,12,5,12,36.824093086926766,114.71841122822356,0
health_fitness,4.48,Nelson,NE,40.201,-98.0684,732,Television/film/video producer,41.020841,-98.952895,22,2,1,62.053388090349074,117.83367698589824,0
entertainment,4.84,Conway,WA,48.34,-122.3456,85,"""Research officer, political party""",48.555656,-122.487486,22,5,1,34.362765229295,26.163851492626502,0
misc_net,207.68,Phoenix,AZ,33.5623,-112.0559,1312922,Contractor,34.238756,-112.786671,7,3,1,37.21286789869952,101.02706997375044,0
food_dining,104.02,Odessa,MO,38.9829,-93.9757,9512,Clinical research associate,38.698885,-93.144091,17,4,1,46.02874743326489,78.64369555317403,0
grocery_pos,240.38,Grenada,CA,41.6125,-122.5258,589,Systems analyst,42.58061,-121.982745,9,0,1,73.08418891170432,116.600820929874,0
grocery_pos,389.96,Kansas City,MO,38.9621,-94.5959,545147,Counsellor,39.363753,-94.657276,11,1,1,31.1211498973306,44.97415277243191,0
health_fitness,53.84,Weeping Water,NE,40.8731,-96.1528,1517,Dealer,40.488581,-96.001164,13,3,12,69.14715947980835,44.62758303271016,0
misc_net,7.46,High Rolls Mountain Park,NM,32.9396,-105.8189,899,Naval architect,33.022663,-106.194256,3,2,1,51.36208076659822,36.209404487761255,0
home,129.5,Unionville,MO,40.4815,-92.9951,3805,"""Investment banker, corporate""",40.259567,-92.953913,22,1,1,68.29568788501027,24.92327236258268,0
misc_pos,6.66,Rock Springs,WY,41.606,-109.23,27971,Music therapist,40.834861,-108.669285,9,3,12,36.41615331964408,97.73307845925537,0
gas_transport,87.78,Mound City,MO,40.1362,-95.2138,1631,Architect,40.874023,-95.985929,5,3,12,67.94524298425736,104.8442718267168,0
shopping_pos,14.56,Louisiana,MO,39.4336,-91.0664,4593,"""Teacher, early years/pre""",39.322251,-91.00639,5,0,12,80.12867898699521,13.412844885097048,0
misc_pos,266.62,Daly City,CA,37.6787,-122.478,107941,"""Buyer, industrial""",38.116407,-122.843182,22,1,1,27.28268309377139,58.27160329882046,0
shopping_net,7.16,Ballwin,MO,38.577,-90.5255,92608,"""Engineer, communications""",39.185678,-89.845902,12,0,1,17.470225872689937,89.67263325359619,0
entertainment,293.46,Weeping Water,NE,40.8731,-96.1528,1517,Dealer,40.198743,-96.849526,23,5,1,67.17864476386038,95.3380444789764,0
shopping_net,1940.24,Conway,WA,48.34,-122.3456,85,"""Research officer, political party""",47.664681,-122.717004,3,1,6,34.75427789185489,80.01460182730091,1
misc_net,48.28,Lowell,OR,43.921,-122.7806,1420,Systems analyst,44.81558,-122.907382,5,4,1,53.1854893908282,99.9819106386752,0
home,87.16,Centerview,MO,38.7897,-93.8702,2368,Electronics engineer,38.484521,-93.962423,18,1,1,29.45927446954141,34.86692385167358,0
shopping_net,377.74,Paradise Valley,AZ,33.5494,-111.9565,17047,Building surveyor,33.186203,-111.894494,8,0,12,85.91375770020534,40.79409842616472,0
home,172.24,Crownpoint,NM,35.7206,-108.0271,5662,IT consultant,36.676699,-108.025835,14,0,1,29.76865160848734,106.31341876344554,0
shopping_pos,4.46,Smith River,CA,41.9404,-124.1587,1930,Web designer,41.792992,-123.828453,16,2,12,37.549623545516766,31.88268255951719,0
food_dining,129.06,Fiddletown,CA,38.5234,-120.6763,832,Immigration officer,38.149744,-121.641705,15,3,12,33.620807665982205,93.89406977254332,0
grocery_pos,624.88,Weeping Water,NE,40.8731,-96.1528,1517,Dealer,40.61529,-95.809703,1,3,2,68.28473648186174,40.70931861182784,1
entertainment,19.2,Browning,MO,40.029,-93.1607,602,Cytogeneticist,39.101445,-93.011397,15,1,1,64.46817248459959,103.93037536456568,0
shopping_net,4.18,Independence,MO,39.1412,-94.3515,123373,"""Engineer, production""",39.18939,-95.045658,17,3,1,26.119096509240247,60.08432868036004,0
home,237.04,Manville,WY,42.73,-104.7024,241,Educational psychologist,42.127203,-104.533536,16,0,1,38.07802874743327,68.44580751390518,0
shopping_net,195.84,Phoenix,AZ,33.5623,-112.0559,1312922,Contractor,32.745975,-111.092924,13,5,1,37.21834360027378,127.5752623804783,0
personal_care,155.68,Meadville,MO,39.7795,-93.3014,964,Tourist information centre manager,39.003931,-92.448841,18,4,12,46.00684462696783,113.15720505587348,0
shopping_net,8.36,Napa,CA,38.4549,-122.2564,94014,Airline pilot,39.370173,-122.988919,19,4,12,35.34565366187543,119.89353117057269,0
shopping_net,400.86,Honokaa,HI,20.0827,-155.488,4878,Physiotherapist,20.028557,-155.141515,6,5,12,54.064339493497606,36.6884054336379,0
kids_pets,314.62,Hooper,NE,41.6414,-96.5232,1745,"""Engineer, automotive""",41.904687,-96.250732,17,3,1,45.0403832991102,36.98155661581896,0
travel,16.38,Thompson,UT,38.9999,-109.615,46,"""Surveyor, minerals""",38.094395,-108.748437,22,2,12,33.68925393566051,125.76500421519478,0
health_fitness,161.84,Rock Springs,WY,41.606,-109.23,27971,Music therapist,40.883011,-108.979887,14,0,1,34.47227926078029,83.06777188124167,0
kids_pets,54.12,North Loup,NE,41.4972,-98.7858,509,"""Nurse, children's""",41.220886,-98.581525,13,0,1,38.31074606433949,35.137942158320634,0
personal_care,76.7,Camden,MO,39.2048,-94.0259,464,Colour technologist,39.416339,-93.905283,21,6,12,61.58521560574949,25.70939287965256,0
misc_net,98.98,Burbank,WA,46.1966,-118.9017,3684,Musician,46.764498,-118.77077,3,6,12,39.07734428473648,63.93818547441616,0
entertainment,31.22,Westfir,OR,43.7575,-122.481,597,Forensic psychologist,43.922589,-122.550714,21,4,1,57.64818617385352,19.189666244553894,0
shopping_pos,2037.7,Laguna Hills,CA,33.615,-117.7114,45303,Sales executive,33.881929,-118.656694,22,6,1,50.05612594113621,92.30089346971604,1
shopping_net,2025.46,Paauilo,HI,20.0271,-155.3697,1490,"""Scientist, research (maths)""",20.463472,-155.021855,0,6,12,28.692676249144423,60.59127661993505,1
home,164.24,Helm,CA,36.4992,-120.0936,123,Early years teacher,37.302246,-120.680061,13,2,1,45.90006844626968,103.40615193037326,0
misc_pos,75.38,Athena,OR,45.8289,-118.4971,1302,Dealer,45.491092,-117.588614,8,3,12,44.20260095824778,79.97320318801367,0
entertainment,14.88,Sutherland,NE,41.1558,-101.136,1789,Insurance broker,41.93211,-101.231691,20,3,12,38.86652977412731,86.6882899174847,0
misc_net,1675.08,Monitor,WA,47.4852,-120.4158,584,Medical technical officer,48.293419,-119.587485,22,6,9,50.450376454483234,109.04496330938092,1
travel,985.86,Red Cliff,CO,39.4584,-106.3851,277,Human resources officer,39.428344,-107.117127,22,4,12,35.728952772073924,62.94820603652126,0
shopping_net,215.52,Albuquerque,NM,35.0561,-106.5506,641349,Charity officer,34.563141,-106.709418,1,4,1,51.94524298425736,56.69981495907487,0
misc_pos,21.2,Rocky Mount,MO,38.2911,-92.7059,1847,Tax inspector,38.315403,-93.549829,16,6,12,32.16974674880219,73.68991328455155,0
shopping_pos,289.0,Fiddletown,CA,38.5234,-120.6763,832,Immigration officer,38.44395,-121.343696,11,0,1,31.638603696098563,58.75911755838501,0
gas_transport,12.88,Espanola,NM,35.9866,-106.0654,18408,Historic buildings inspector/conservation officer,36.618873,-105.14118,3,3,5,47.80287474332649,108.63694713379834,1
shopping_pos,12.68,Meredith,CO,39.3199,-106.6596,61,Public relations account executive,40.010653,-105.883705,6,0,12,81.14989733059548,101.53868165993644,0
misc_net,24.78,Burbank,WA,46.1966,-118.9017,3684,Musician,46.852242,-119.772362,5,1,12,39.082819986310746,98.75165169011754,0
entertainment,220.94,Ashford,WA,46.7531,-121.9898,759,Video editor,47.634781,-121.85381,16,1,12,64.290212183436,98.57540454766868,0
personal_care,104.94,Blairsden-Graeagle,CA,39.8127,-120.6405,1725,Chartered legal executive (England and Wales),40.616816,-121.534521,19,2,12,53.596167008898014,117.29116004608622,0
misc_pos,4.14,Scotts Mills,OR,44.9897,-122.6187,1252,"""Engineer, petroleum""",45.196998,-122.650597,1,1,1,81.91923340177961,23.186078104215014,0
personal_care,67.56,Glendale,CA,34.1556,-118.2322,172817,Advertising account planner,34.752621,-118.221602,21,1,1,36.42436687200548,66.39281754463386,0
misc_pos,3.32,Port Costa,CA,38.046,-122.1866,198,Armed forces training and education officer,37.285903,-121.859455,9,6,1,59.78918548939083,89.2893750484279,0
shopping_pos,3.68,Fort Washakie,WY,43.0048,-108.8964,1645,Information systems manager,42.222055,-109.309681,19,3,1,32.91444216290212,93.3766836986191,0
food_dining,13.2,North Loup,NE,41.4972,-98.7858,509,"""Nurse, children's""",41.484733,-98.853677,21,5,1,38.34360027378508,5.821066614310211,0
health_fitness,35.64,Issaquah,WA,47.4974,-122.0107,50489,Osteopath,47.467466,-122.779453,23,2,1,34.841889117043124,57.8653113738672,0
home,39.34,Riverton,WY,43.0351,-108.2024,19408,"""Lecturer, higher education""",43.733682,-108.769289,20,1,1,25.32511978097194,90.18086010602312,0
grocery_net,87.46,Mesa,ID,44.6255,-116.4493,129,Cartographer,44.896871,-116.582028,9,1,1,53.06502395619439,31.942944817680697,0
home,26.2,Moriarty,NM,34.9889,-106.0609,7268,"""Therapist, art""",34.648344,-105.52457,15,1,1,30.409308692676248,61.895452839928126,0
shopping_pos,14.56,Louisiana,MO,39.4336,-91.0664,4593,"""Teacher, early years/pre""",39.322251,-91.00639,5,0,12,80.12867898699521,13.412844885097048,0
gas_transport,141.2,Rocky Mount,MO,38.2911,-92.7059,1847,Tax inspector,39.227804,-93.695361,5,5,12,32.167008898015055,134.9394899692524,0
kids_pets,20.72,Clarksville,MO,39.3465,-90.9362,1146,Exercise physiologist,39.11232,-90.493924,13,3,12,91.73442847364818,46.14407854005497,0
shopping_net,8.08,Manville,WY,42.73,-104.7024,241,Educational psychologist,43.206144,-104.504529,12,0,1,38.09719370294319,55.338496552624456,0
shopping_net,3.36,Rock Springs,WY,41.606,-109.23,27971,Music therapist,42.241956,-108.670111,19,1,12,36.41067761806981,84.53508509049378,0
entertainment,156.2,Hooper,NE,41.6414,-96.5232,1745,"""Engineer, automotive""",40.702703,-97.086335,12,2,12,47.011635865845314,114.52659997352475,0
grocery_net,120.9,Lakeport,CA,39.047,-122.9328,11256,Podiatrist,38.804132,-123.125769,8,0,1,46.220396988364136,31.748359263718807,0
misc_pos,729.18,Espanola,NM,35.9866,-106.0654,18408,Historic buildings inspector/conservation officer,36.577313,-105.887885,14,6,12,48.4435318275154,67.58403925916842,0
personal_care,89.34,North Loup,NE,41.4972,-98.7858,509,"""Nurse, children's""",42.320963,-99.585988,16,0,1,38.32991101984942,113.02501268812134,0
health_fitness,38.06,Superior,AZ,33.2887,-111.0985,2872,Petroleum engineer,34.072729,-111.081251,17,0,12,33.16906228610541,87.19465518961647,0
food_dining,70.9,San Jose,CA,37.3304,-121.7913,973849,Geoscientist,36.728548,-122.116829,23,0,12,23.942505133470227,72.89510309860266,0
food_dining,124.46,Kissee Mills,MO,36.6704,-93.0377,1201,"""Engineer, agricultural""",36.914019,-92.314198,13,2,12,40.78576317590692,69.88843555496977,0
grocery_pos,247.52,Mendon,UT,41.71,-111.9817,2078,"""Scientist, audiological""",41.75555,-111.627617,1,3,1,55.59753593429158,29.815160528403037,0
personal_care,64.04,Centerview,MO,38.7897,-93.8702,2368,Electronics engineer,39.615581,-93.419539,17,6,12,31.44695414099932,99.70597665676549,0
health_fitness,30.84,Burlington,WA,48.4786,-122.3345,14871,Public house manager,48.6678,-122.880205,23,5,12,46.79808350444901,45.32730597721267,0
misc_net,1486.6,Claremont,CA,34.1092,-117.7183,35705,Wellsite geologist,33.283995,-118.196633,22,6,9,63.29637234770705,101.87144001625256,1
grocery_pos,98.9,Norwalk,CA,33.9056,-118.0818,105549,Firefighter,33.131848,-117.466428,1,5,1,45.28678986995209,103.23124629726875,0
misc_pos,1107.24,Red River,NM,36.6659,-105.4694,606,"""Surveyor, land/geomatics""",36.482739,-105.164549,19,1,12,32.31211498973306,33.9982307398046,0
food_dining,130.94,Superior,AZ,33.2887,-111.0985,2872,Petroleum engineer,34.274985,-111.454703,19,5,12,33.163586584531146,114.50408548877796,0
kids_pets,94.62,Paauilo,HI,20.0271,-155.3697,1490,"""Scientist, research (maths)""",20.46735,-155.262393,17,6,12,29.70841889117043,50.217247596779565,0
misc_net,17.78,Sutherland,NE,41.1558,-101.136,1789,Insurance broker,40.59257,-101.933816,19,5,1,36.936344969199176,91.77101373482516,0
shopping_net,1946.76,Mesa,ID,44.6255,-116.4493,129,Cartographer,43.811817,-115.676318,22,0,4,53.36892539356605,109.45533130198416,1
shopping_net,171.3,Kissee Mills,MO,36.6704,-93.0377,1201,"""Engineer, agricultural""",37.522608,-93.431454,2,6,12,40.77754962354552,100.99113983917226,0
grocery_pos,200.04,Centerview,MO,38.7897,-93.8702,2368,Electronics engineer,38.889016,-93.075672,10,6,1,29.492128678986997,69.69476333532461,0
kids_pets,10.88,Westfir,OR,43.7575,-122.481,597,Forensic psychologist,44.171943,-121.811461,23,3,10,58.450376454483234,70.67637233736946,1
food_dining,17.34,Tekoa,WA,47.2271,-117.0819,895,Clothing/textile technologist,46.731271,-117.695279,17,6,12,21.57700205338809,72.14584614895057,0
gas_transport,111.66,Mendon,UT,41.71,-111.9817,2078,"""Scientist, audiological""",41.589941,-111.723159,8,0,12,57.5441478439425,25.2916973743017,0
grocery_pos,293.18,Colton,WA,46.5901,-117.1692,761,Chief Marketing Officer,46.298689,-118.031402,5,4,1,75.51540041067761,73.58022686539623,0
gas_transport,141.2,Rocky Mount,MO,38.2911,-92.7059,1847,Tax inspector,39.227804,-93.695361,5,5,12,32.167008898015055,134.9394899692524,0
home,10.28,Kent,OR,45.0838,-120.6649,60,Museum education officer,45.638166,-120.005329,14,2,1,76.78850102669405,80.34476299261068,0
misc_net,1560.1,Yellowstone National Park,WY,44.7957,-110.6137,369,Materials engineer,45.234907,-111.078221,20,6,10,77.88637919233402,60.97829056606607,1
food_dining,3.16,Fullerton,NE,41.366,-98.0054,1749,"""Surveyor, mining""",41.966236,-98.849683,17,0,1,45.67008898015058,96.8135459672169,0
entertainment,150.24,Fiddletown,CA,38.5234,-120.6763,832,Immigration officer,38.736244,-120.446781,20,2,1,31.644079397672822,30.945502571512733,0
travel,9.7,Matthews,MO,36.7154,-89.6287,1019,Aeronautical engineer,36.497378,-89.096176,17,1,12,41.92470910335387,53.359113431915965,0
misc_net,1710.82,Scotts Mills,OR,44.9897,-122.6187,1252,"""Engineer, petroleum""",45.358036,-123.139522,23,6,7,82.43121149897331,57.82924194461091,1
shopping_pos,6.2,Browning,MO,40.029,-93.1607,602,Cytogeneticist,40.137142,-92.681328,2,1,12,66.46132785763176,42.51905018690773,0
personal_care,15.78,Port Costa,CA,38.046,-122.1866,198,Armed forces training and education officer,38.504995,-122.227152,13,0,12,61.74674880219028,51.16052612607805,0
entertainment,6.36,Sutherland,NE,41.1558,-101.136,1789,Insurance broker,41.252088,-100.153658,14,4,1,36.93360711841205,82.87645437219612,0
gas_transport,109.06,Pueblo,CO,38.2352,-104.66,151815,Further education lecturer,37.354396,-104.058626,6,4,12,32.97467488021903,111.28545897380128,0
gas_transport,122.2,Red River,NM,36.6659,-105.4694,606,"""Surveyor, land/geomatics""",37.030036,-104.748493,2,4,12,32.30116358658453,75.85693077607732,0
grocery_pos,214.74,Kent,OR,45.0838,-120.6649,60,Museum education officer,45.511564,-121.155324,8,4,12,78.7296372347707,61.10540041406169,0
grocery_pos,662.0,Oakland,CA,37.7878,-122.1884,381459,Barista,37.185356,-122.551259,2,1,3,46.16290212183436,74.24612697709652,1
personal_care,104.94,Blairsden-Graeagle,CA,39.8127,-120.6405,1725,Chartered legal executive (England and Wales),40.616816,-121.534521,19,2,12,53.596167008898014,117.29116004608622,0
misc_pos,4.86,Kent,OR,45.0838,-120.6649,60,Museum education officer,44.415858,-120.456069,0,0,12,78.7378507871321,76.0805022291477,0
grocery_pos,544.04,Freedom,WY,43.0172,-111.0292,471,"""Education officer, museum""",43.406005,-111.70218,1,6,6,52.84873374401095,69.59622405512376,1
personal_care,7.08,Ballwin,MO,38.577,-90.5255,92608,"""Engineer, communications""",38.166349,-91.328785,18,1,1,17.453798767967147,83.59938965812186,0
misc_pos,6.66,Redford,MO,37.3272,-91.0243,241,Investment analyst,36.500748,-90.903583,20,2,12,46.17659137577002,92.52180779848612,0
shopping_net,103.72,Issaquah,WA,47.4974,-122.0107,50489,Osteopath,47.59728,-121.229226,15,6,12,36.82683093771389,59.6950504210476,0
kids_pets,20.5,High Rolls Mountain Park,NM,32.9396,-105.8189,899,Naval architect,32.780712,-106.049596,15,0,12,53.3305954825462,27.864832012509183,0
grocery_pos,114.74,Oakland,CA,37.7878,-122.1884,381459,Barista,38.683131,-122.05552,3,6,1,45.007529089664615,100.23042155221144,0
grocery_net,74.02,Fiddletown,CA,38.5234,-120.6763,832,Immigration officer,38.587647,-120.280587,11,3,12,33.620807665982205,35.14294602210486,0
travel,19.18,Portland,OR,45.5303,-122.7033,841711,"""Engineer, building services""",45.031325,-121.806335,20,1,12,57.738535249828885,89.46125809978562,0
kids_pets,105.48,Dumont,CO,39.7532,-105.6356,565,Mental health nurse,39.388771,-105.245506,16,6,12,42.33538672142368,52.53616057736709,0
home,16.56,Monitor,WA,47.4852,-120.4158,584,Medical technical officer,46.736805,-121.373908,18,3,12,51.76454483230664,110.37221483344844,0
shopping_net,896.3,Burlington,WA,48.4786,-122.3345,14871,Public house manager,48.372745,-122.754119,22,2,1,44.85420944558521,33.12459443940842,0
kids_pets,128.64,Fullerton,NE,41.366,-98.0054,1749,"""Surveyor, mining""",41.712838,-98.32894,15,4,1,45.70020533880904,47.03716726795111,0
grocery_pos,430.24,Colorado Springs,CO,38.8881,-104.6556,525713,Museum/gallery exhibitions officer,38.706011,-103.916244,3,5,12,28.63244353182752,67.19680643006129,0
travel,12.8,Blairstown,MO,38.5319,-93.9221,467,Agricultural consultant,39.147669,-93.993124,12,4,1,68.64613278576317,68.74614659248262,0
misc_pos,68.18,Burbank,WA,46.1966,-118.9017,3684,Musician,45.928258,-119.730478,6,1,1,37.12799452429842,70.5632071869937,0
grocery_pos,182.96,Parker Dam,CA,34.298,-114.156,126,Marketing executive,34.015731,-114.484771,11,5,1,26.28336755646817,43.592318549742416,0
home,156.42,Red Cliff,CO,39.4584,-106.3851,277,Human resources officer,40.117089,-105.813243,19,2,12,35.742642026009584,88.04501965252832,0
home,143.9,Lonetree,WY,41.0552,-110.1603,49,Research scientist (physical sciences),40.353258,-110.187182,23,5,12,39.47707049965777,78.08527474880825,0
travel,1019.92,Dumont,CO,39.7532,-105.6356,565,Mental health nurse,39.513523,-105.443863,14,1,12,42.34086242299794,31.30286793500978,0
food_dining,126.88,Paradise Valley,AZ,33.5494,-111.9565,17047,Building surveyor,33.683652,-112.934725,5,5,12,85.90828199863107,91.80399316681182,0
grocery_pos,259.84,Brainard,NE,41.1832,-96.9882,614,Associate Professor,41.534281,-97.191804,10,6,12,53.52224503764545,42.5765275438413,0
gas_transport,144.56,Browning,MO,40.029,-93.1607,602,Cytogeneticist,40.005556,-92.46255,7,4,1,64.49555099247091,59.51051558667282,0
shopping_pos,949.26,Aurora,CO,39.6662,-104.835,389246,"""Scientist, marine""",40.553962,-105.81415,8,0,12,51.044490075290895,129.1429678089054,0
home,635.36,Laguna Hills,CA,33.615,-117.7114,45303,Sales executive,32.784937,-117.576751,20,5,12,51.011635865845314,93.1451497624384,0
grocery_pos,708.06,Bay City,OR,45.5197,-123.8761,1530,Colour technologist,45.902121,-124.866313,2,1,3,33.31143052703628,87.86006780376852,1
gas_transport,89.2,Thompson,UT,38.9999,-109.615,46,"""Surveyor, minerals""",38.7527,-108.981659,0,6,12,33.68104038329911,61.32999606953296,0
grocery_pos,103.1,Ballwin,MO,38.577,-90.5255,92608,"""Engineer, communications""",39.303925,-90.570927,3,6,12,19.42231348391513,80.92579553436416,0
food_dining,17.82,Centerview,MO,38.7897,-93.8702,2368,Electronics engineer,39.124233,-94.306533,15,6,1,29.472963723477072,52.98248868806296,0
food_dining,378.66,Santa Monica,CA,34.0287,-118.4924,92043,"""Civil engineer, contracting""",33.531087,-118.279376,6,5,1,57.73579739904175,58.73038740503792,0
shopping_net,2197.88,Cascade Locks,OR,45.671,-121.8686,1288,Barrister,46.524104,-121.804767,23,5,11,84.5201916495551,94.98842945813249,1
gas_transport,97.9,Wales,AK,64.7556,-165.6723,145,"""Administrator, education""",65.180194,-166.101988,4,6,12,81.13347022587268,51.35874095378811,0
grocery_net,98.78,Glendale,CA,34.1556,-118.2322,172817,Advertising account planner,33.426924,-117.663064,10,2,12,38.42026009582478,96.59774027325892,0
shopping_pos,8.42,Kirtland Afb,NM,35.0203,-106.5503,310,"""Surveyor, land/geomatics""",35.011892,-107.540534,17,0,12,42.24503764544832,90.18274073824188,0
gas_transport,140.0,Espanola,NM,35.9866,-106.0654,18408,Historic buildings inspector/conservation officer,36.561916,-105.245232,1,6,1,46.507871321013006,97.45784107664332,0
shopping_pos,9.3,Kansas City,MO,38.9621,-94.5959,545147,Counsellor,39.272079,-95.302142,14,6,12,33.1088295687885,70.00209205160168,0
misc_pos,15.68,Glendale,CA,34.1556,-118.2322,172817,"""Accountant, chartered""",33.847169,-119.038331,22,4,9,77.95208761122518,81.84372505316581,1
personal_care,21.18,Littleton,CO,39.5994,-105.0044,320420,Water engineer,40.032561,-105.728628,12,5,1,43.43326488706366,78.39621830123573,0
shopping_pos,6.2,Browning,MO,40.029,-93.1607,602,Cytogeneticist,40.137142,-92.681328,2,1,12,66.46132785763176,42.51905018690773,0
shopping_net,622.76,Roseland,NE,40.4591,-98.5551,463,"""Nurse, mental health""",40.74744,-98.123761,8,1,1,70.60643394934976,48.51807506423471,0
grocery_pos,180.64,Centerview,MO,38.7897,-93.8702,2368,Electronics engineer,38.954334,-93.057852,11,2,12,31.45516769336071,72.66893624967351,0
entertainment,137.38,Parks,AZ,35.2563,-111.95,759,"""Geologist, engineering""",35.032507,-112.310587,11,0,1,61.77960301163586,41.16036853362374,0
grocery_pos,120.46,Sacramento,CA,38.5662,-121.3286,757530,Magazine features editor,37.681446,-120.463796,10,0,1,39.69062286105408,124.10066070971315,0
travel,11.64,Tekoa,WA,47.2271,-117.0819,895,Clothing/textile technologist,47.658828,-117.412889,20,6,1,19.603011635865844,54.07542039804604,0
health_fitness,18.92,Hatch,UT,37.7175,-112.4777,258,Geoscientist,37.622883,-113.188746,17,1,1,57.12251882272416,63.46101990102541,0
shopping_pos,421.72,Superior,AZ,33.2887,-111.0985,2872,Petroleum engineer,32.650104,-111.436239,17,6,1,31.19233401779603,77.68460664428021,0
grocery_pos,147.44,Redford,MO,37.3272,-91.0243,241,Investment analyst,36.94666,-90.651009,3,6,1,44.19438740588638,53.71612085848411,0
misc_pos,62.92,Parker Dam,CA,34.298,-114.156,126,Marketing executive,34.245668,-113.256253,0,0,1,26.28884325804244,82.88086424641573,0
home,147.28,Utica,MO,39.7417,-93.6289,271,Land/geomatics surveyor,39.291505,-93.844998,19,6,1,46.7378507871321,53.381233335506856,0
shopping_pos,11.58,Norwalk,CA,33.9056,-118.0818,105549,Firefighter,34.611745,-118.002516,23,6,1,45.28952772073922,78.85708904491177,0
shopping_net,13.58,Sacramento,CA,38.5662,-121.3286,757530,Magazine features editor,38.256262,-121.242734,15,3,1,39.67967145790554,35.26622461936017,0
home,151.04,Alva,WY,44.6873,-104.4414,110,"""Administrator, local government""",44.859487,-104.212457,22,2,1,45.67008898015058,26.3283232246358,0
gas_transport,73.96,Altonah,UT,40.3207,-110.436,302,"""Sales professional, IT""",41.286729,-109.709829,8,4,12,30.937713894592743,123.58814873922564,0
gas_transport,155.5,Hooper,NE,41.6414,-96.5232,1745,"""Engineer, automotive""",42.551821,-97.456969,1,0,12,47.00616016427104,127.21482557560218,0
gas_transport,72.52,Orient,WA,48.8878,-118.2105,149,Special educational needs teacher,49.174915,-118.156142,3,1,12,42.5242984257358,32.170748713954815,0
entertainment,142.86,Azusa,CA,34.1248,-117.9031,59705,Civil Service fast streamer,33.579631,-118.354652,17,3,12,37.52498288843258,73.57661961393603,0
home,4.86,Meredith,CO,39.3199,-106.6596,61,Public relations account executive,38.920639,-106.296041,22,1,1,79.17864476386038,54.35654839305547,0
grocery_pos,472.36,Meridian,ID,43.6498,-116.4306,84106,Intelligence analyst,44.404099,-115.887498,4,1,1,47.88774811772758,94.4467389849086,0
kids_pets,37.38,Saint Louis,MO,38.6171,-90.4504,927396,Occupational hygienist,38.094351,-89.451882,22,1,3,58.978781656399725,104.68602976025736,1
grocery_pos,582.48,Powell Butte,OR,44.2415,-121.0113,2016,Local government officer,43.510245,-120.687738,3,2,1,66.01779603011636,85.34749999847462,1
travel,17.92,Manville,WY,42.73,-104.7024,241,Educational psychologist,43.531763,-103.793726,16,1,1,38.06160164271047,115.69373792115655,0
entertainment,77.62,Hooper,NE,41.6414,-96.5232,1745,"""Engineer, automotive""",40.758367,-96.418209,20,2,12,47.011635865845314,98.58089595460868,0
gas_transport,104.08,Manley,NE,40.9207,-96.168,206,Human resources officer,41.691126,-96.143938,5,3,12,53.242984257357975,85.69103543212309,0
shopping_pos,15.56,Jelm,WY,41.0539,-106.0763,100,Public librarian,40.705147,-106.233864,18,4,12,46.69404517453799,40.9796648426459,0
grocery_pos,276.9,Holstein,NE,40.4542,-98.6538,331,Telecommunications researcher,40.276933,-97.673562,8,0,1,68.38603696098562,85.35483348987319,0
personal_care,20.56,Rocky Mount,MO,38.2911,-92.7059,1847,Tax inspector,39.133583,-92.0917,17,2,1,30.223134839151268,107.77608077362262,0
food_dining,67.02,Colton,WA,46.5901,-117.1692,761,Chief Marketing Officer,47.040045,-116.744076,23,4,1,75.53456536618754,59.57932295207815,0
kids_pets,40.8,Ballwin,MO,38.577,-90.5255,92608,"""Engineer, communications""",38.366899,-89.964977,21,0,12,19.42505133470226,54.10091147119456,0
shopping_pos,2.44,Bay City,OR,45.5197,-123.8761,1530,Colour technologist,45.822534,-124.875862,16,4,1,32.15058179329227,84.66548922997625,0
misc_pos,127.84,Vancouver,WA,45.6892,-122.6616,299480,Teaching laboratory technician,45.308313,-122.476576,9,2,12,35.9917864476386,44.74039438129409,0
gas_transport,107.14,Carlotta,CA,40.507,-123.9743,1139,"""Therapist, occupational""",41.110364,-124.648205,3,0,12,69.95208761122518,87.85219768961417,0
kids_pets,126.2,Tomales,CA,38.2427,-122.9145,337,Occupational psychologist,39.221409,-123.0356,15,1,1,64.49281314168378,109.33321807922304,0
home,165.88,Athena,OR,45.8289,-118.4971,1302,Dealer,45.273017,-118.185125,16,1,12,44.19712525667351,66.41350547789672,0
entertainment,19.2,Carlotta,CA,40.507,-123.9743,1139,"""Therapist, occupational""",40.707275,-123.713345,17,0,12,69.95208761122518,31.32447504602071,0
misc_net,150.48,Carroll,NE,42.277,-97.1926,566,Metallurgist,42.329501,-96.742006,7,2,12,45.927446954141,37.5133708225032,0
food_dining,11.64,Manville,WY,42.73,-104.7024,241,Educational psychologist,42.897765,-104.192321,20,1,12,40.03559206023272,45.596990909375,0
travel,18.16,Oakland,CA,37.7878,-122.1884,381459,Barista,37.742497,-122.040174,21,2,12,46.98973305954826,13.9693532250162,0
misc_net,144.7,Conway,WA,48.34,-122.3456,85,"""Research officer, political party""",49.000356,-121.49667,23,2,12,36.328542094455855,96.32026296559724,0
kids_pets,184.96,Orient,WA,48.8878,-118.2105,149,Special educational needs teacher,48.491798,-117.466434,15,1,1,40.53114305270363,70.15624572312801,0
food_dining,72.62,Iliff,CO,40.7692,-103.0968,648,Community arts worker,40.243663,-102.620103,12,4,12,51.26078028747433,70.98686102808624,0
health_fitness,153.64,Fiddletown,CA,38.5234,-120.6763,832,Immigration officer,37.65288,-119.869903,13,6,1,31.655030800821358,119.79185815759044,0
shopping_net,1799.36,Athena,OR,45.8289,-118.4971,1302,Dealer,46.314883,-117.944704,23,4,3,43.40041067761807,68.81866191533983,1
grocery_pos,111.86,Hawthorne,CA,33.9143,-118.3493,93193,"""Editor, magazine features""",34.022659,-118.618246,2,0,12,25.69472963723477,27.573760074999736,0
entertainment,264.58,Carlotta,CA,40.507,-123.9743,1139,"""Therapist, occupational""",40.034132,-124.254824,16,2,12,69.95756331279945,57.7161000364742,0
shopping_net,11.8,Ruidoso,NM,33.3305,-105.6933,8874,Licensed conveyancer,33.318019,-105.822191,20,3,12,20.3750855578371,12.055627135671452,0
gas_transport,117.86,Thompson,UT,38.9999,-109.615,46,"""Surveyor, minerals""",38.388064,-109.562446,0,3,1,31.698836413415467,68.18577133220548,0
misc_pos,12.6,Albuquerque,NM,35.1506,-106.569,641349,Civil Service administrator,35.802013,-106.302231,0,5,5,43.08008213552361,76.35561371718211,1
personal_care,34.1,Seligman,MO,36.5276,-93.9359,2693,"""Engineer, biomedical""",36.586861,-93.020896,22,6,10,52.662559890485966,81.99186700328859,1
grocery_pos,189.92,Lonetree,WY,41.0552,-110.1603,49,Research scientist (physical sciences),42.05459,-109.565683,7,0,12,39.48254620123203,121.64317339193092,0
entertainment,35.74,Owensville,MO,38.3511,-91.4867,6703,Naval architect,38.209509,-91.767435,13,6,1,20.670773442847366,29.12640668597928,0
food_dining,94.28,Littleton,CO,39.5994,-105.0044,320420,Water engineer,39.78665,-105.71177,14,6,1,43.45516769336072,64.0050527204602,0
gas_transport,127.36,Mountain Center,CA,33.6401,-116.5567,1661,"""Therapist, music""",32.762112,-116.865307,1,5,1,30.2943189596167,101.76259526250315,0
home,30.02,Independence,MO,39.1412,-94.3515,123373,"""Engineer, production""",39.295449,-94.917143,22,0,1,26.1492128678987,51.659011466130686,0
gas_transport,112.96,Los Angeles,CA,34.0443,-118.2509,2383912,"""Journalist, newspaper""",34.373082,-117.795976,2,1,12,61.58521560574949,55.55718937465269,0
shopping_net,435.88,Arnold,MO,38.4305,-90.387,35439,Land/geomatics surveyor,38.807466,-90.810202,15,6,1,33.80698151950719,55.75666452221379,0
gas_transport,16.4,Portland,OR,45.5303,-122.7033,841711,"""Engineer, building services""",45.125215,-123.364694,3,2,7,57.30047912388775,68.57290062779477,1
misc_pos,369.68,Conway,WA,48.34,-122.3456,85,"""Research officer, political party""",49.07319,-122.960138,17,6,12,36.32032854209446,93.16653952279304,0
grocery_pos,82.98,Arnold,MO,38.4305,-90.387,35439,Land/geomatics surveyor,38.726672,-91.290687,4,4,1,33.782340862423,85.17829794205159,0
gas_transport,18.42,Independence,MO,39.1412,-94.3515,123373,"""Engineer, production""",40.114686,-94.36955,0,0,8,26.72416153319644,108.25774095682688,1
grocery_pos,386.42,Sun City,CA,33.7467,-117.1721,54287,"""Designer, exhibition/display""",34.588223,-118.144619,3,4,12,48.257357973990416,129.46494933579137,0
misc_net,1640.02,Helm,CA,36.4992,-120.0936,123,Early years teacher,36.286208,-119.458995,22,2,9,46.59000684462697,61.54203677228514,1
gas_transport,140.78,Fields Landing,CA,40.7268,-124.2174,276,"""Scientist, audiological""",41.229694,-125.042583,6,6,1,89.67008898015058,89.0250084478934,0
food_dining,120.04,Pueblo,CO,38.2352,-104.66,151815,Further education lecturer,37.429681,-105.636671,19,3,12,32.99110198494182,124.01394072933871,0
gas_transport,115.2,Manley,NE,40.9207,-96.168,206,Human resources officer,41.221749,-95.605799,9,0,12,53.23477070499658,57.80730821297084,0
shopping_net,13.98,Rocky Mount,MO,38.2911,-92.7059,1847,Tax inspector,37.744536,-92.26621,23,0,1,30.19849418206708,71.95263510032221,0
misc_net,168.52,Lonetree,WY,41.0552,-110.1603,49,Research scientist (physical sciences),41.306479,-110.605916,4,4,12,39.47433264887064,46.599064881710106,0
kids_pets,24.38,Wheaton,MO,36.7651,-94.0492,760,Production manager,35.9995,-93.317465,21,1,1,33.33607118412046,107.41513726606244,0
health_fitness,43.46,Utica,MO,39.7417,-93.6289,271,Land/geomatics surveyor,39.607589,-94.002906,20,0,1,46.75975359342916,35.312436656323165,0
grocery_pos,184.78,Lonetree,WY,41.0552,-110.1603,49,Research scientist (physical sciences),41.749898,-109.925648,1,1,12,39.48528405201917,79.68750881296346,0
grocery_pos,458.96,Newhall,CA,34.3795,-118.523,34882,Health physicist,33.598511,-117.725083,4,0,12,49.67830253251198,113.8119755883045,0
misc_net,193.36,Nelson,NE,40.201,-98.0684,732,Television/film/video producer,39.244989,-98.768392,3,1,12,64.04380561259411,122.00080390321254,0
grocery_net,27.3,Camden,MO,39.2048,-94.0259,464,Colour technologist,38.509956,-94.074463,0,2,10,61.38261464750171,77.37746633211277,1
food_dining,204.62,Hooper,NE,41.6414,-96.5232,1745,"""Engineer, automotive""",42.03162,-96.094135,15,0,1,45.07049965776865,56.09146778627862,0
grocery_pos,646.74,Kent,OR,45.0838,-120.6649,60,Museum education officer,45.16569,-119.894344,0,4,9,77.44558521560575,61.13588457073936,1
health_fitness,37.78,Lakeport,CA,39.047,-122.9328,11256,Podiatrist,38.459938,-121.950093,18,0,12,48.19438740588638,107.3437028201472,0
shopping_pos,107.86,Burlington,WA,48.4786,-122.3345,14871,Public house manager,48.216844,-121.491026,16,5,12,46.79808350444901,68.79364200616035,0
shopping_net,292.26,Kirk,CO,39.6171,-102.4776,207,Network engineer,40.358304,-102.490985,3,3,1,63.1211498973306,82.42601262270492,0
shopping_net,240.56,Tekoa,WA,47.2271,-117.0819,895,Clothing/textile technologist,47.730805,-116.79028,21,0,12,21.579739904175224,60.14441114276572,0
personal_care,27.58,Superior,AZ,33.2887,-111.0985,2872,Petroleum engineer,32.631235,-110.940243,21,6,12,33.16632443531827,74.58285809497104,0
shopping_net,46.7,Pueblo,CO,38.2352,-104.66,151815,Further education lecturer,37.514001,-105.638949,15,0,1,31.028062970568104,117.53186940210416,0
home,23.88,Kent,OR,45.0838,-120.6649,60,Museum education officer,45.729717,-120.594903,13,0,1,76.78302532511978,72.03025687816704,0
misc_net,23.16,Tomales,CA,38.2427,-122.9145,337,Occupational psychologist,38.242267,-123.272313,4,0,12,66.48323066392882,31.248645868389488,0
misc_net,17.66,Albuquerque,NM,35.0561,-106.5506,641349,Charity officer,35.907066,-106.86573,0,5,1,51.96714579055441,98.83153977661084,0
personal_care,56.48,Red River,NM,36.6659,-105.4694,606,"""Surveyor, land/geomatics""",37.193132,-105.43746,12,1,12,32.31211498973306,58.69422436163963,0
personal_care,26.22,June Lake,CA,37.7773,-119.0825,633,Health service manager,37.838361,-120.060118,17,3,1,91.31827515400413,86.1531706622671,0
gas_transport,99.14,Rocky Mount,MO,38.2911,-92.7059,1847,Tax inspector,38.882409,-93.127168,11,5,12,32.167008898015055,75.25814050266364,0
misc_net,1617.94,Powell Butte,OR,44.2415,-121.0113,2016,Local government officer,44.93175,-121.287451,22,1,12,66.01505817932923,79.80690461982084,1
personal_care,75.46,Albuquerque,NM,35.1506,-106.569,641349,Civil Service administrator,34.278564,-107.197447,23,2,12,44.72005475701575,112.70203619490093,0
grocery_pos,644.94,Seattle,WA,47.5412,-122.275,837792,Systems developer,48.429622,-123.129855,22,5,10,83.83572895277207,117.50097824969026,1
kids_pets,118.84,Kansas City,MO,38.9621,-94.5959,545147,Counsellor,38.258203,-95.150647,13,4,1,31.148528405201915,91.92079185565808,0
shopping_net,309.02,Huslia,AK,65.6899,-156.292,277,"""Engineer, civil (consulting)""",66.11184,-155.321206,11,0,12,55.14305270362765,64.37263793298459,0
shopping_pos,14.8,Espanola,NM,35.9866,-106.0654,18408,Historic buildings inspector/conservation officer,36.604311,-105.580608,21,1,1,46.47501711156742,81.27374734630101,0
health_fitness,52.0,Tekoa,WA,47.2271,-117.0819,895,Clothing/textile technologist,48.051204,-117.084755,17,5,12,21.57426420260096,91.6364334645312,0
travel,15.16,Roseland,NE,40.4591,-98.5551,463,"""Nurse, mental health""",39.892285,-97.890364,23,1,12,72.58042436687201,84.62793175055245,0
misc_pos,63.5,Dumont,CO,39.7532,-105.6356,565,Mental health nurse,39.416978,-104.930676,8,4,1,40.39425051334703,71.04160618680217,0
kids_pets,8.6,Sun City,CA,33.7467,-117.1721,54287,"""Designer, exhibition/display""",33.149717,-116.522206,13,1,12,48.26830937713895,89.67779772253466,0
misc_pos,8.12,Grenada,CA,41.6125,-122.5258,589,Systems analyst,41.347791,-121.582313,10,5,12,75.01437371663245,83.9278667201461,0
health_fitness,7.14,June Lake,CA,37.7773,-119.0825,633,Health service manager,38.674545,-118.947507,19,1,12,93.305954825462,100.46349204306615,0
kids_pets,96.48,Red River,NM,36.6659,-105.4694,606,"""Surveyor, land/geomatics""",36.527277,-104.814996,12,3,1,30.324435318275157,60.41986605241403,0
kids_pets,60.6,Syracuse,MO,38.6547,-92.8929,628,"""Radiographer, diagnostic""",39.191606,-92.059068,23,0,12,59.0280629705681,93.63403770030368,0
shopping_net,1410.8,High Rolls Mountain Park,NM,32.9396,-105.8189,899,Naval architect,33.706382,-106.110671,6,4,12,53.3223819301848,89.46811958837554,0
shopping_net,425.64,Blairsden-Graeagle,CA,39.8127,-120.6405,1725,Chartered legal executive (England and Wales),40.461538,-120.802638,9,0,1,51.65503080082136,73.45223330908978,0
shopping_pos,1746.62,Los Angeles,CA,34.0443,-118.2509,2383912,"""Journalist, newspaper""",33.665873,-118.085413,20,4,2,60.7501711156742,44.7679994125244,1
shopping_pos,1482.14,Redford,MO,37.3272,-91.0243,241,Investment analyst,37.851506,-91.745089,0,6,1,45.22929500342232,86.21066202482622,1
shopping_net,1762.24,Craig,AK,55.4732,-133.1171,1920,Commissioning editor,56.034742,-132.408328,23,3,12,23.463381245722108,76.58801352737129,1
entertainment,839.04,Orient,WA,48.8878,-118.2105,149,Special educational needs teacher,48.342876,-118.35081,23,5,12,42.458590006844624,61.46438311807701,1
entertainment,9.64,San Diego,CA,33.0067,-117.069,1241364,Chartered public finance accountant,32.861151,-117.40978,5,4,12,61.39082819986311,35.68464984350666,0
misc_net,4.86,Hawthorne,CA,33.9143,-118.3493,93193,"""Editor, magazine features""",33.971583,-119.181641,4,1,1,23.72347707049966,77.04420126633403,0
grocery_pos,518.52,Crownpoint,NM,35.7206,-108.0271,5662,IT consultant,36.03732,-107.09276,3,4,12,30.680355920602327,91.25008184947764,1
entertainment,3.02,Meridian,ID,43.6498,-116.4306,84106,Intelligence analyst,44.485542,-116.941048,21,6,12,49.87542778918549,101.48465838814371,0
personal_care,8.62,Riverton,WY,43.0351,-108.2024,19408,"""Lecturer, higher education""",43.96206,-108.042065,12,1,1,25.305954825462013,103.88134192474772,0
home,130.84,Kansas City,MO,38.9621,-94.5959,545147,Counsellor,39.230046,-95.239344,22,1,12,33.11430527036276,63.01557620946588,0
food_dining,155.46,Orient,WA,48.8878,-118.2105,149,Special educational needs teacher,49.377672,-118.344871,22,3,1,40.57494866529774,55.34160312528389,0
misc_pos,4.7,Huslia,AK,65.6899,-156.292,277,"""Engineer, civil (consulting)""",66.416444,-157.19635,7,1,1,53.19096509240247,90.51100409422504,0
grocery_pos,264.5,Rocky Mount,MO,38.2911,-92.7059,1847,Tax inspector,39.000367,-93.602418,3,0,1,30.217659137577,110.82281537473038,0
misc_net,91.08,Vancouver,WA,45.6892,-122.6616,299480,Teaching laboratory technician,46.065727,-122.203272,2,0,1,34.03148528405202,54.87967981889867,0
entertainment,17.62,Conway,WA,48.34,-122.3456,85,"""Research officer, political party""",48.158745,-122.926584,17,6,1,34.365503080082135,47.505291597118685,0
kids_pets,223.8,Unionville,MO,40.4815,-92.9951,3805,"""Investment banker, corporate""",39.711627,-93.322157,15,5,12,70.28062970568104,90.01256592866953,0
entertainment,136.46,Moriarty,NM,34.9889,-106.0609,7268,"""Therapist, art""",35.392831,-105.334598,14,0,1,30.444900752908968,79.83372696925943,0
shopping_net,2.92,Superior,AZ,33.2887,-111.0985,2872,Petroleum engineer,34.236156,-111.698662,16,5,12,33.163586584531146,119.06708584314704,0
home,32.12,Fields Landing,CA,40.7268,-124.2174,276,"""Scientist, audiological""",40.890873,-123.908299,12,4,1,89.70294318959617,31.77443325867113,0
shopping_net,1123.28,Ballwin,MO,38.577,-90.5255,92608,"""Engineer, communications""",38.903877,-91.411375,14,1,1,17.472963723477072,84.99572546114237,0
health_fitness,187.44,Phoenix,AZ,33.5623,-112.0559,1312922,Contractor,34.384529,-112.682475,15,0,12,39.17864476386037,108.1538753699138,0
grocery_pos,679.6,Hatch,UT,37.7175,-112.4777,258,Geoscientist,36.982742,-112.426115,4,5,4,58.39835728952772,81.82849993052511,1
misc_pos,18.72,Crownpoint,NM,35.7206,-108.0271,5662,IT consultant,36.265753,-107.465406,12,5,1,29.782340862423,78.91867194780706,0
shopping_net,1802.92,Carlotta,CA,40.507,-123.9743,1139,"""Therapist, occupational""",40.850867,-123.284864,22,1,12,69.89733059548254,69.5846606081706,1
health_fitness,153.64,Fiddletown,CA,38.5234,-120.6763,832,Immigration officer,37.65288,-119.869903,13,6,1,31.655030800821358,119.79185815759044,0
gas_transport,118.46,Glendale,CA,34.1556,-118.2322,172817,Advertising account planner,33.304544,-118.410626,7,1,12,38.417522245037645,96.0607709692042,0
grocery_net,196.32,Kansas City,MO,38.9621,-94.5959,545147,Counsellor,38.105345,-93.623873,10,5,1,31.17043121149897,127.37230968934593,0
shopping_net,774.54,Sun City,CA,33.7467,-117.1721,54287,"""Designer, exhibition/display""",34.693501,-117.610815,22,4,12,48.257357973990416,112.74222662490496,0
entertainment,123.9,Vinton,CA,40.0235,-120.7986,128,Education administrator,40.126692,-121.277077,22,3,1,52.88432580424367,42.297975013827305,0
personal_care,68.32,Mesa,ID,44.6255,-116.4493,129,Cartographer,44.008546,-115.53311,12,1,1,53.06502395619439,100.09512060194628,0
misc_pos,70.62,Lonetree,WY,41.0552,-110.1603,49,Research scientist (physical sciences),42.031653,-110.982903,11,1,12,39.48528405201917,128.35616090666568,0
kids_pets,19.54,Ashford,WA,46.7531,-121.9898,759,Video editor,46.301505,-122.047886,22,0,3,63.50171115674196,50.41130917539638,1
home,40.76,Westfir,OR,43.7575,-122.481,597,Forensic psychologist,42.969125,-122.642941,22,5,1,57.65092402464066,88.63536538160855,0
food_dining,179.96,Espanola,NM,35.9866,-106.0654,18408,Historic buildings inspector/conservation officer,36.232257,-105.896423,13,3,1,46.46132785763176,31.250268508118392,0
shopping_pos,1761.4,Fiddletown,CA,38.5234,-120.6763,832,Immigration officer,37.967799,-121.175931,19,0,9,32.34770704996578,75.63384324984676,1
gas_transport,104.98,Mountain Center,CA,33.6401,-116.5567,1661,"""Therapist, music""",33.832376,-115.717312,0,5,12,32.26830937713895,80.50872084572752,0
home,118.0,Laguna Hills,CA,33.615,-117.7114,45303,Sales executive,34.28854,-117.563682,16,1,1,49.04585900068447,76.12347514177273,0
grocery_net,238.86,Laramie,WY,41.4247,-105.4781,35371,"""Pilot, airline""",40.572371,-105.721669,2,1,1,30.349075975359344,96.95377498836297,0
shopping_pos,4.94,Port Costa,CA,38.046,-122.1866,198,Armed forces training and education officer,37.277017,-122.160372,11,6,1,59.78918548939083,85.53816991989255,0
kids_pets,154.34,Moab,UT,38.5677,-109.5271,9772,Location manager,37.878491,-108.527811,12,6,12,31.091033538672143,116.15925289577348,0
home,99.9,Arnold,MO,38.4305,-90.387,35439,Land/geomatics surveyor,38.081369,-89.504318,17,5,1,33.78507871321013,86.29698426838189,0
misc_pos,52.5,Paauilo,HI,20.0271,-155.3697,1490,"""Scientist, research (maths)""",20.45113,-155.05433,13,6,1,27.772758384668037,57.49504162473354,0
gas_transport,118.14,Fields Landing,CA,40.7268,-124.2174,276,"""Scientist, audiological""",40.008932,-123.543386,7,4,12,91.63860369609856,98.14410847067336,0
misc_net,19.78,Howells,NE,41.6964,-96.9858,1063,Research scientist (maths),42.390262,-97.473721,7,0,12,92.73921971252568,87.04051379170029,0
shopping_net,2093.56,Owensville,MO,38.3511,-91.4867,6703,Naval architect,38.123875,-91.703268,22,1,8,22.22861054072553,31.561809628863674,1
grocery_pos,686.54,Campbell,NE,40.2967,-98.737,493,"""Surveyor, minerals""",40.863615,-99.383553,22,4,5,78.67214236824093,83.39768364963705,1
misc_pos,241.42,Mound City,MO,40.1362,-95.2138,1631,Architect,40.854026,-94.714772,0,4,1,65.95482546201232,90.28600672202404,0
shopping_net,1980.22,Mound City,MO,40.1362,-95.2138,1631,Architect,40.80746,-95.912738,20,0,9,67.6495550992471,95.21836699724317,1
grocery_pos,187.7,Sutherland,NE,41.1558,-101.136,1789,Insurance broker,40.538802,-101.450806,6,3,12,38.88569472963724,73.53960143102927,0
grocery_pos,580.0,Phoenix,AZ,33.8155,-112.1202,1312922,Counselling psychologist,33.147451,-113.094764,0,3,10,20.876112251882272,116.99221670139006,1
grocery_pos,618.7,Lowell,OR,43.921,-122.7806,1420,Systems analyst,43.793951,-123.617007,10,1,2,53.2539356605065,68.53366057984213,1
grocery_pos,159.26,Eugene,OR,44.0385,-123.0614,191096,"""Scientist, physiological""",44.544175,-122.535534,11,0,12,56.72826830937714,70.0960922946866,0
kids_pets,19.54,Ashford,WA,46.7531,-121.9898,759,Video editor,46.301505,-122.047886,22,0,3,63.50171115674196,50.41130917539638,1
grocery_pos,620.12,Unionville,MO,40.4815,-92.9951,3805,"""Investment banker, corporate""",41.419866,-93.952491,0,1,7,68.81314168377824,131.72493997314868,1
kids_pets,79.56,Littleton,CO,39.5994,-105.0044,320420,Water engineer,40.155324,-105.047482,13,1,1,43.441478439425055,61.92514830237773,0
shopping_net,1909.44,Humboldt,AZ,34.5189,-112.2523,1179,"""Civil engineer, contracting""",33.667386,-111.558372,15,5,9,64.64887063655031,114.22784992520327,1
health_fitness,97.82,Burbank,WA,46.1966,-118.9017,3684,Musician,46.72302,-119.409168,12,6,12,39.07734428473648,70.26580555604583,0
entertainment,92.56,Lake Oswego,OR,45.4093,-122.6847,42817,Planning and development surveyor,46.10548,-122.6413,19,6,12,38.5845311430527,77.48486875462392,0
entertainment,9.82,Arvada,CO,39.8422,-105.1097,122111,Hotel manager,39.012037,-104.797225,14,4,12,33.59342915811088,96.13217937523748,0
kids_pets,69.26,Port Costa,CA,38.046,-122.1866,198,Armed forces training and education officer,38.596416,-121.471683,23,3,12,61.73579739904175,87.38126270855403,0
health_fitness,11.5,Red River,NM,36.6659,-105.4694,606,"""Surveyor, land/geomatics""",36.985245,-105.571798,22,6,12,32.3066392881588,36.66054597899896,0
shopping_net,1812.14,Hawthorne,CA,33.9143,-118.3493,93193,"""Editor, magazine features""",34.756703,-118.793402,22,2,9,24.37782340862423,102.1613319649277,1
grocery_pos,230.0,Greenview,CA,41.5403,-122.9366,308,Call centre manager,42.465737,-122.829519,7,5,12,62.26694045174538,103.28356887166548,0
shopping_net,8.84,Orient,WA,48.8878,-118.2105,149,Special educational needs teacher,49.750832,-117.291789,22,3,12,42.52977412731006,116.8030046033371,0
home,15.8,Glendale,CA,34.1556,-118.2322,172817,Advertising account planner,34.793221,-119.130143,21,2,1,36.46543463381246,108.63616715355148,0
kids_pets,240.68,Centerview,MO,38.7897,-93.8702,2368,Electronics engineer,37.798812,-93.135806,12,1,1,29.47843942505133,127.46490364680824,0
travel,937.82,Lonetree,WY,41.0552,-110.1603,49,Research scientist (physical sciences),40.76702,-110.473365,12,6,12,39.4798083504449,41.45987709651576,0
grocery_pos,372.06,Vancouver,WA,45.6892,-122.6616,299480,Teaching laboratory technician,44.792525,-123.541406,11,1,1,34.03422313483915,121.18542433761618,0
shopping_pos,15.96,Valentine,NE,42.8062,-100.6215,4005,Network engineer,43.588735,-100.773078,1,3,12,75.79739904175223,87.87710666977779,0
grocery_net,120.04,Issaquah,WA,47.4974,-122.0107,50489,Osteopath,46.915682,-121.347232,8,6,12,36.82683093771389,81.8281401411738,0
personal_care,9.94,Omaha,NE,41.2064,-95.9953,518429,"""Surveyor, land/geomatics""",41.097306,-95.917321,13,2,1,23.26899383983573,13.776073619588,0
grocery_net,140.0,Centerview,MO,38.7897,-93.8702,2368,Electronics engineer,38.066654,-93.825509,9,2,1,29.481177275838466,80.4932384765215,0
shopping_net,3.94,Altonah,UT,40.3207,-110.436,302,"""Sales professional, IT""",41.054946,-111.126999,15,0,12,30.94592744695414,100.30028113984989,0
gas_transport,128.48,High Rolls Mountain Park,NM,32.9396,-105.8189,899,Naval architect,33.551994,-105.991041,0,4,12,53.3223819301848,69.95143547085698,0
kids_pets,40.46,North Loup,NE,41.4972,-98.7858,509,"""Nurse, children's""",41.619057,-99.775047,22,2,4,39.58110882956879,83.41790928673485,1
gas_transport,104.34,Port Costa,CA,38.046,-122.1866,198,Armed forces training and education officer,37.511784,-121.636693,8,1,1,59.79466119096509,76.57857682311048,0
misc_net,12.0,Pueblo,CO,38.2352,-104.66,151815,Further education lecturer,38.864188,-104.397145,4,6,12,32.98015058179329,73.58078919703627,0
home,116.5,Issaquah,WA,47.4974,-122.0107,50489,Osteopath,48.386204,-121.436343,18,0,1,34.874743326488705,107.69232857775071,0
misc_net,4.36,Manville,WY,42.73,-104.7024,241,Educational psychologist,41.939369,-105.400092,17,3,12,40.04106776180698,104.96468805298332,0
gas_transport,130.52,Parker,CO,39.5102,-104.7216,84861,Materials engineer,39.523215,-104.028924,8,0,1,86.84736481861738,59.435298822149406,0
gas_transport,122.78,Orient,WA,48.8878,-118.2105,149,Special educational needs teacher,48.394218,-117.363563,4,1,1,40.53114305270363,82.97268778035097,0
misc_net,23.44,Superior,AZ,33.2887,-111.0985,2872,Petroleum engineer,32.61061,-110.890288,1,6,1,31.19233401779603,77.86286161831437,0
misc_net,168.24,Humboldt,AZ,34.5189,-112.2523,1179,"""Civil engineer, contracting""",34.772183,-111.755047,1,2,1,63.969883641341546,53.50079367749096,0
home,12.2,Lowell,OR,43.921,-122.7806,1420,Systems analyst,43.859837,-123.073815,13,5,12,55.12388774811773,24.461097418201696,0
misc_net,17.5,Red River,NM,36.6659,-105.4694,606,"""Surveyor, land/geomatics""",36.792357,-106.029289,23,5,1,30.349075975359344,51.84043652715491,0
home,163.12,Fort Washakie,WY,43.0048,-108.8964,1645,Freight forwarder,42.979587,-108.65037,13,1,12,44.84052019164955,20.20582981137894,0
home,94.1,Burbank,WA,46.1966,-118.9017,3684,Musician,45.716706,-119.886246,23,3,12,39.08829568788501,92.95021454833343,0
entertainment,124.6,Bay City,OR,45.5197,-123.8761,1530,Colour technologist,45.711862,-123.537431,16,4,12,34.08624229979466,33.91749344532348,0
shopping_pos,13.1,Sutherland,NE,41.1558,-101.136,1789,Insurance broker,41.866829,-101.272015,23,0,1,36.941820670773446,79.86981505449384,0
gas_transport,115.5,Cardwell,MO,36.0434,-90.2907,1120,Television floor manager,37.003241,-89.302882,9,0,1,61.724845995893226,138.4994499514127,0
home,89.38,Saint Louis,MO,38.6171,-90.4504,927396,Occupational hygienist,37.673144,-91.098618,21,0,1,58.84188911704312,119.29102757076473,0
travel,19.62,Humboldt,AZ,34.5189,-112.2523,1179,"""Civil engineer, contracting""",35.410887,-112.976817,12,2,12,65.9438740588638,119.14751735214016,0
misc_net,1414.22,Vancouver,WA,45.6892,-122.6616,299480,Teaching laboratory technician,44.993214,-123.335403,0,0,7,35.54551676933607,93.60774103632382,1
entertainment,23.44,Freedom,WY,43.0172,-111.0292,471,"""Education officer, museum""",43.978291,-110.638438,23,1,1,51.43600273785079,111.4192017896806,0
gas_transport,126.68,Hatch,UT,37.7175,-112.4777,258,Geoscientist,37.668123,-112.894055,3,3,12,59.10198494182067,37.043597913643,0
travel,3.72,Redford,MO,37.3272,-91.0243,241,Investment analyst,36.668931,-91.495614,17,4,12,46.16290212183436,84.31800931843833,0
personal_care,3.08,Redford,MO,37.3272,-91.0243,241,Investment analyst,37.255681,-90.732749,12,5,1,44.19164955509925,26.989585523124312,0
food_dining,57.16,Fields Landing,CA,40.7268,-124.2174,276,"""Scientist, audiological""",41.609111,-123.422432,16,1,12,91.6495550992471,118.54524392082904,0
grocery_net,60.46,Bay City,OR,45.5197,-123.8761,1530,Colour technologist,45.397881,-123.82448,7,2,12,34.09993155373032,14.131314808660097,0
personal_care,92.74,Lagrange,WY,41.6423,-104.1974,635,Product/process development scientist,41.870182,-104.004062,14,4,12,47.45242984257358,29.987932614571257,0
shopping_pos,10.52,Hatch,UT,37.7175,-112.4777,258,Geoscientist,38.658304,-112.413339,7,0,12,59.09377138945928,104.76374106123176,0
misc_net,1553.88,Kent,OR,45.0838,-120.6649,60,Museum education officer,45.002616,-121.016659,22,4,9,77.44558521560575,29.07371828480631,1
home,83.24,Centerview,MO,38.7897,-93.8702,2368,Electronics engineer,38.337034,-93.572227,19,0,1,29.49486652977413,56.610161307102736,0
misc_pos,13.54,Sacramento,CA,38.5662,-121.3286,757530,Magazine features editor,38.087598,-121.890781,21,4,12,41.65639972621492,72.36706254259597,0
travel,3.72,Redford,MO,37.3272,-91.0243,241,Investment analyst,36.668931,-91.495614,17,4,12,46.16290212183436,84.31800931843833,0
misc_pos,29.28,Ballwin,MO,38.577,-90.5255,92608,"""Engineer, communications""",39.131154,-91.015858,23,6,12,19.42231348391513,74.83207106078093,0
entertainment,22.84,Kirtland Afb,NM,35.0203,-106.5503,310,"""Surveyor, land/geomatics""",35.041538,-105.85198,20,0,1,40.27104722792608,63.626528870555575,0
shopping_pos,6.86,Manville,WY,42.73,-104.7024,241,Educational psychologist,42.247842,-105.435286,17,4,1,38.050650239561946,80.53303557105224,0
shopping_net,2203.48,Lonetree,WY,41.0552,-110.1603,49,Research scientist (physical sciences),41.424991,-109.843923,23,5,3,37.69472963723477,48.89309332563426,1
grocery_pos,686.54,Campbell,NE,40.2967,-98.737,493,"""Surveyor, minerals""",40.863615,-99.383553,22,4,5,78.67214236824093,83.39768364963705,1
grocery_net,155.64,Mound City,MO,40.1362,-95.2138,1631,Architect,41.110504,-94.850365,10,0,12,67.93702943189597,112.59578495223715,0
gas_transport,119.78,Redford,MO,37.3272,-91.0243,241,Investment analyst,37.029487,-91.68955,4,0,1,44.21629021218344,67.59849387978431,0
shopping_net,15.66,Wales,AK,64.7556,-165.6723,145,"""Administrator, education""",64.174057,-166.539712,9,6,1,79.1978097193703,76.87603890866414,0
shopping_pos,6.82,Redford,MO,37.3272,-91.0243,241,Investment analyst,37.907524,-90.030241,21,0,1,44.19712525667351,108.76389047434483,0
home,137.26,Parker,CO,39.5102,-104.7216,84861,Materials engineer,40.451743,-104.709372,13,6,1,86.86379192334017,104.69998845301046,0
entertainment,97.3,Wales,AK,64.7556,-165.6723,145,"""Administrator, education""",64.38273,-166.053646,20,3,12,81.14442162902122,45.28341674456035,0
shopping_net,5.58,Newhall,CA,34.3795,-118.523,34882,Health physicist,35.290729,-118.851515,19,1,1,47.72621492128679,105.66694369107212,0
shopping_net,2261.12,Santa Monica,CA,34.0287,-118.4924,92043,"""Civil engineer, contracting""",33.617538,-118.092913,23,3,7,59.26351813826147,58.75426843907019,1
gas_transport,37.92,Clarksville,MO,39.3465,-90.9362,1146,Exercise physiologist,39.047578,-91.655151,0,6,3,90.91854893908284,70.30735720783451,1
health_fitness,18.92,Hatch,UT,37.7175,-112.4777,258,Geoscientist,37.622883,-113.188746,17,1,1,57.12251882272416,63.46101990102541,0
home,559.96,Orient,WA,48.8878,-118.2105,149,Special educational needs teacher,49.583769,-117.628561,15,5,1,40.54209445585216,88.17026735587278,0
shopping_net,2029.36,Riverton,WY,43.0351,-108.2024,19408,"""Lecturer, higher education""",43.901077,-108.324561,15,1,5,25.70841889117043,96.7955558680616,1
gas_transport,143.52,Cascade Locks,OR,45.671,-121.8686,1288,Barrister,45.693756,-121.949044,4,1,1,82.70773442847364,6.742109032435106,0
misc_pos,11.86,Manville,WY,42.73,-104.7024,241,Educational psychologist,42.516926,-103.738055,21,6,12,40.03011635865845,82.38206449984756,0
personal_care,7.48,Laramie,WY,41.4247,-105.4781,35371,"""Pilot, airline""",41.876086,-104.70656,14,1,12,32.323066392881586,81.4156284659961,0
kids_pets,19.54,Ashford,WA,46.7531,-121.9898,759,Video editor,46.301505,-122.047886,22,0,3,63.50171115674196,50.41130917539638,1
grocery_pos,760.56,Nelson,NE,40.201,-98.0684,732,Television/film/video producer,40.832321,-98.88234,9,4,10,62.82546201232033,98.29460412078116,1
grocery_pos,617.54,Malad City,ID,42.1808,-112.262,4154,Nature conservation officer,41.475721,-111.446119,3,4,11,58.79808350444901,103.5201866166358,1
shopping_pos,9.76,Meridian,ID,43.6498,-116.4306,84106,Intelligence analyst,43.847278,-116.166629,18,4,1,47.93429158110883,30.5248258823899,0
kids_pets,42.18,Mountain Center,CA,33.6401,-116.5567,1661,"""Therapist, music""",34.347223,-116.15864,16,5,10,32.05749486652977,86.7705392635991,1
grocery_pos,216.18,Westerville,NE,41.4193,-99.3844,73,Product designer,42.222182,-99.214071,9,5,12,85.8754277891855,90.38520614532229,0
shopping_net,83.24,Wales,AK,64.7556,-165.6723,145,"""Administrator, education""",64.48242,-166.382335,10,0,12,81.13620807665983,45.47456505191478,0
entertainment,35.2,Orient,WA,48.8878,-118.2105,149,Special educational needs teacher,48.989044,-118.907785,17,2,1,40.53388090349076,52.15929928976357,0
shopping_pos,3.68,Clarksville,MO,39.3465,-90.9362,1146,Exercise physiologist,39.823753,-90.748905,5,5,1,89.74674880219028,55.442164826924206,0
health_fitness,243.0,Moab,UT,38.5677,-109.5271,9772,Location manager,38.543711,-108.916524,12,5,1,29.13347022587269,53.15933073442367,0
home,196.88,Arnold,MO,38.4305,-90.387,35439,Land/geomatics surveyor,37.431133,-90.15637,17,3,12,35.75359342915811,112.95036759187468,0
personal_care,154.06,Meredith,CO,39.3199,-106.6596,61,Public relations account executive,39.734667,-107.239888,22,1,12,81.15263518138262,67.85295619403118,0
shopping_pos,7.14,Matthews,MO,36.7154,-89.6287,1019,Aeronautical engineer,36.919245,-89.991519,22,6,12,41.9192334017796,39.45719570317615,0
misc_pos,77.68,Ravenna,NE,41.0233,-98.9041,2202,"""Solicitor, Scotland""",40.442897,-98.146768,4,0,12,46.521560574948666,90.75767081391491,0
grocery_net,160.06,Sacramento,CA,38.5662,-121.3286,757530,Magazine features editor,38.017861,-122.049331,11,4,1,39.7015742642026,87.60120879823572,0
kids_pets,186.42,Ballwin,MO,38.577,-90.5255,92608,"""Engineer, communications""",37.582973,-91.142185,20,4,1,17.44284736481862,123.00533298050154,0
shopping_pos,19.06,Manville,WY,42.73,-104.7024,241,Educational psychologist,42.30114,-104.332855,21,2,1,38.04517453798768,56.49265795214477,0
grocery_pos,613.62,San Jose,CA,37.3304,-121.7913,973849,Science writer,36.502259,-122.323669,0,0,1,63.59206023271732,103.5352394451326,1
shopping_net,269.54,Superior,AZ,33.2887,-111.0985,2872,Petroleum engineer,32.69708,-111.268648,16,6,1,31.211498973305957,67.67194292679406,0
shopping_pos,12.54,Norwalk,CA,33.9056,-118.0818,105549,Firefighter,34.825889,-117.133702,16,1,12,47.26899383983573,134.328437942169,0
grocery_pos,554.86,Carroll,NE,42.277,-97.1926,566,Metallurgist,41.779881,-96.380623,3,5,2,45.073237508555785,86.9102502907922,1
misc_net,3.36,Greenview,CA,41.5403,-122.9366,308,Call centre manager,40.56825,-123.13789,10,4,1,60.290212183436005,109.3968039008458,0
gas_transport,174.98,Indian Wells,CA,33.7163,-116.3381,4677,Learning mentor,33.910183,-116.31082,4,2,1,63.66050650239562,21.7056235622992,0
shopping_net,196.78,Fiddletown,CA,38.5234,-120.6763,832,Immigration officer,37.748,-121.240651,4,1,12,33.61533196440794,99.34846776959662,0
misc_net,190.68,Kissee Mills,MO,36.6704,-93.0377,1201,"""Engineer, agricultural""",36.88529,-93.170472,2,3,12,40.78850102669404,26.66059932842308,0
grocery_pos,195.4,Carroll,NE,42.277,-97.1926,566,Metallurgist,42.930826,-96.506564,1,0,12,45.921971252566735,91.85934076256272,0
health_fitness,156.4,Thompson,UT,38.9999,-109.615,46,"""Surveyor, minerals""",38.233515,-109.228139,12,6,12,33.68104038329911,91.60657917385024,0
kids_pets,56.74,Wales,AK,64.7556,-165.6723,145,"""Administrator, education""",64.094575,-165.675162,12,5,12,81.13073237508556,73.5027547523103,0
entertainment,206.2,Sacramento,CA,38.5662,-121.3286,757530,Magazine features editor,38.568933,-121.555732,14,3,1,39.71800136892539,19.749272744220065,0
misc_net,31.04,Gardiner,OR,43.7857,-124.1437,260,"""Engineer, maintenance""",44.568379,-124.270806,0,6,1,62.38466803559206,87.61820909875794,0
misc_pos,3.46,Westfir,OR,43.7575,-122.481,597,Forensic psychologist,43.551387,-122.943197,8,6,1,57.65366187542779,43.6799229229628,0
grocery_pos,200.04,Santa Monica,CA,34.0287,-118.4924,92043,"""Civil engineer, contracting""",33.183478,-119.161608,7,1,12,59.67967145790554,112.57816171679546,0
entertainment,34.08,Paauilo,HI,20.0271,-155.3697,1490,"""Scientist, research (maths)""",20.055574,-156.294259,19,4,12,29.70294318959617,96.63265932289916,0
grocery_net,215.78,Honokaa,HI,20.0827,-155.488,4878,Physiotherapist,20.185118,-156.172666,4,0,1,52.134154688569474,72.38052416262828,0
shopping_net,7.1,Matthews,MO,36.7154,-89.6287,1019,Aeronautical engineer,37.036851,-89.571324,16,6,1,39.94524298425736,36.10622213960724,0
shopping_net,4.62,Sun City,CA,33.7467,-117.1721,54287,"""Designer, exhibition/display""",34.516237,-116.358391,22,0,12,48.26557152635181,113.7148217422118,0
gas_transport,127.5,Jelm,WY,41.0539,-106.0763,100,Public librarian,41.414393,-105.184367,0,2,1,44.733744010951405,84.67305785861865,0
grocery_net,10.52,Ruidoso,NM,33.3305,-105.6933,8874,Licensed conveyancer,33.253862,-106.489061,7,3,1,18.38193018480493,74.45181367365575,0
grocery_pos,595.9,Eugene,OR,44.0385,-123.0614,191096,"""Scientist, physiological""",44.338684,-123.745909,1,4,4,55.05270362765229,63.975056419553,1
home,75.96,Freedom,WY,43.0172,-111.0292,471,"""Education officer, museum""",43.166927,-111.74684,20,6,12,53.40451745379877,60.60444470844929,0
grocery_pos,145.66,Crownpoint,NM,35.7206,-108.0271,5662,IT consultant,35.214428,-108.143912,9,3,12,31.731690622861056,57.26927082988265,0
misc_net,1700.32,Phoenix,AZ,33.8155,-112.1202,1312922,Counselling psychologist,33.699068,-113.080882,0,3,10,20.876112251882272,89.75083855220707,1
personal_care,42.46,Thompson,UT,38.9999,-109.615,46,"""Surveyor, minerals""",38.998205,-110.005615,22,4,1,31.73990417522245,33.75582572941848,1
grocery_pos,161.5,Palmdale,CA,34.5715,-118.0231,171170,Chemical engineer,35.544254,-117.723855,8,5,1,55.60848733744011,111.54181513735335,0
health_fitness,38.04,Santa Monica,CA,34.0287,-118.4924,92043,"""Civil engineer, contracting""",33.708212,-118.688868,15,3,7,59.26351813826147,39.98755110073304,1
shopping_net,81.02,Colorado Springs,CO,38.8881,-104.6556,525713,Museum/gallery exhibitions officer,38.462814,-104.260408,18,5,1,26.6776180698152,58.42283933526186,0
personal_care,168.58,Redford,MO,37.3272,-91.0243,241,Investment analyst,37.029348,-91.28703,22,6,12,46.16837782340863,40.481004750301096,0
shopping_net,13.14,Paauilo,HI,20.0271,-155.3697,1490,"""Scientist, research (maths)""",19.571576,-155.898594,18,2,12,29.71663244353183,75.01612173331692,0
grocery_pos,633.96,Arnold,MO,38.4305,-90.387,35439,Land/geomatics surveyor,38.166467,-91.19346,0,0,3,33.94387405886379,76.25380482317142,1
food_dining,246.68,Centerview,MO,38.7897,-93.8702,2368,Electronics engineer,39.185232,-94.575979,14,5,12,31.444216290212182,75.20197605839272,0
grocery_net,86.24,Riverton,WY,43.0351,-108.2024,19408,"""Lecturer, higher education""",43.802428,-107.281335,11,1,1,25.305954825462013,113.19754915065076,0
shopping_pos,16.6,Orient,WA,48.8878,-118.2105,149,Special educational needs teacher,48.05011,-118.329201,21,1,1,40.53114305270363,93.55703373401371,0
misc_net,18.36,Rock Springs,WY,41.606,-109.23,27971,Music therapist,41.116253,-109.846432,8,1,12,36.41067761806981,74.91513716588165,0
shopping_net,1815.54,Stayton,OR,44.8021,-122.7624,9587,"""Engineer, biomedical""",44.053799,-122.165058,13,3,11,52.67624914442163,95.77715196153892,1
home,163.12,Kent,OR,45.0838,-120.6649,60,Museum education officer,45.583704,-120.184451,22,0,1,76.78302532511978,67.08398017081444,0
home,57.2,June Lake,CA,37.7773,-119.0825,633,Health service manager,38.656774,-118.523158,14,6,1,91.32648870636552,109.32152733013976,0
home,34.3,Utica,MO,39.7417,-93.6289,271,Land/geomatics surveyor,40.579064,-93.864394,16,0,12,48.695414099931554,95.2368442612771,0
grocery_pos,289.94,Altonah,UT,40.3207,-110.436,302,"""Sales professional, IT""",39.796961,-109.659639,9,1,1,28.974674880219027,88.07475482174193,0
misc_pos,13.52,Lagrange,WY,41.6423,-104.1974,635,Product/process development scientist,41.682194,-103.776368,14,1,1,45.47022587268994,35.255745330548294,0
gas_transport,113.74,Thompson,UT,38.9999,-109.615,46,"""Surveyor, minerals""",38.829043,-109.811453,2,0,1,31.74811772758385,25.491865126115755,0
home,151.66,Paradise Valley,AZ,33.5494,-111.9565,17047,Building surveyor,33.824675,-111.075087,20,3,1,83.94798083504449,87.10578745644835,0
gas_transport,162.5,Albuquerque,NM,35.0561,-106.5506,641349,Charity officer,35.977961,-107.434031,5,1,1,51.937029431895965,130.0004580079223,0
home,13.0,Humboldt,AZ,34.5189,-112.2523,1179,"""Civil engineer, contracting""",35.02348,-111.823171,15,5,12,65.93292265571526,68.44194634269155,0
shopping_pos,2158.16,Sutherland,NE,41.1558,-101.136,1789,Insurance broker,41.779142,-100.942277,23,4,8,38.48596851471595,71.16707983955168,1
grocery_pos,204.16,Ravenna,NE,41.0233,-98.9041,2202,"""Solicitor, Scotland""",41.907709,-98.885935,3,0,12,46.521560574948666,98.35344030692744,0
food_dining,107.76,Jelm,WY,41.0539,-106.0763,100,Public librarian,41.008878,-106.995233,21,6,1,44.72553045859001,77.24204672808543,0
personal_care,20.66,San Diego,CA,32.7185,-117.1593,1241364,Comptroller,33.678514,-116.787649,12,2,12,33.08418891170431,112.20973863407715,0
misc_pos,69.2,Santa Monica,CA,34.0287,-118.4924,92043,"""Civil engineer, contracting""",34.347612,-117.993978,4,1,12,59.67967145790554,57.95902030010508,0
shopping_pos,9.38,Crownpoint,NM,35.7206,-108.0271,5662,IT consultant,34.98125,-108.184952,14,0,12,31.72347707049966,83.44909546620299,0
shopping_net,1926.02,Westfir,OR,43.7575,-122.481,597,Forensic psychologist,42.855154,-121.490318,12,3,10,58.450376454483234,128.424277492984,1
shopping_pos,15.32,Huslia,AK,65.6899,-156.292,277,"""Engineer, civil (consulting)""",65.559029,-157.157248,11,2,1,53.15537303216975,42.29000199790525,0
gas_transport,157.96,Conway,WA,48.34,-122.3456,85,"""Research officer, political party""",48.580965,-122.753538,2,4,1,34.36002737850787,40.283226877490144,0
gas_transport,128.28,Moab,UT,38.5677,-109.5271,9772,Location manager,38.608315,-109.74579,3,6,1,29.136208076659823,19.53672818342948,0
shopping_pos,1506.68,Carroll,NE,42.277,-97.1926,566,Metallurgist,43.120729,-97.170481,23,5,2,45.073237508555785,93.83579448907048,1
gas_transport,17.58,Redford,MO,37.3272,-91.0243,241,Investment analyst,36.888369,-91.534949,2,6,1,45.22929500342232,66.57014494604825,1
home,156.42,Red Cliff,CO,39.4584,-106.3851,277,Human resources officer,40.117089,-105.813243,19,2,12,35.742642026009584,88.04501965252832,0
shopping_pos,1639.12,Unionville,MO,40.4815,-92.9951,3805,"""Investment banker, corporate""",39.829406,-93.339575,17,1,7,68.81314168377824,78.19630630496383,1
misc_pos,63.38,Meadville,MO,39.7795,-93.3014,964,Tourist information centre manager,39.070715,-93.952482,4,0,12,46.01505817932922,96.63764753575114,0
gas_transport,181.78,Espanola,NM,35.9866,-106.0654,18408,Historic buildings inspector/conservation officer,35.05023,-106.106407,2,6,12,48.4435318275154,104.185713642672,0
grocery_pos,157.8,Laguna Hills,CA,33.615,-117.7114,45303,Sales executive,33.652478,-117.288292,0,1,1,49.06502395619439,39.39251872478506,0
personal_care,52.3,Cascade Locks,OR,45.671,-121.8686,1288,Barrister,45.720061,-122.397295,16,2,12,84.66529774127311,41.422584669285854,0
personal_care,2.8,Ballwin,MO,38.577,-90.5255,92608,"""Engineer, communications""",38.691778,-91.416089,21,1,1,17.43463381245722,78.40151386055912,0
shopping_net,112.78,Blairstown,MO,38.5319,-93.9221,467,Agricultural consultant,37.836436,-93.233901,4,5,1,68.61054072553046,97.97014190719496,0
home,154.12,Newberg,OR,45.3099,-122.9685,28278,Research scientist (physical sciences),45.919749,-123.941869,15,1,12,43.45242984257358,101.6354251118847,0
entertainment,24.42,Oakland,CA,37.7878,-122.1884,381459,Barista,38.149361,-121.361019,16,2,1,45.034907597535934,82.92550282869301,0
kids_pets,25.94,Vancouver,WA,45.6892,-122.6616,299480,Teaching laboratory technician,45.951696,-122.892543,17,1,1,34.03422313483915,34.23786497965618,0
shopping_pos,3.26,Bay City,OR,45.5197,-123.8761,1530,Colour technologist,44.958105,-124.555408,14,3,12,34.10266940451746,82.02732675226076,0
grocery_pos,378.42,Phoenix,AZ,33.5623,-112.0559,1312922,Contractor,33.978941,-111.122073,4,5,1,37.21834360027378,97.96279901071388,0
kids_pets,125.86,Vancouver,WA,45.6892,-122.6616,299480,Teaching laboratory technician,46.34589,-122.098902,20,3,12,35.97535934291581,84.96970272002703,0
grocery_net,100.22,Fort Washakie,WY,43.0048,-108.8964,1645,Freight forwarder,42.825521,-108.252813,9,6,1,42.861054072553046,56.07354290507685,0
shopping_pos,15.24,Lagrange,WY,41.6423,-104.1974,635,Product/process development scientist,40.645442,-103.652206,17,6,1,45.52224503764545,119.87792358241404,0
entertainment,28.64,June Lake,CA,37.7773,-119.0825,633,Health service manager,38.159309,-119.363905,20,5,1,91.36208076659824,49.120723362363485,0
gas_transport,117.74,San Jose,CA,37.3304,-121.7913,973849,Geoscientist,37.905446,-122.692587,11,0,1,21.968514715947983,101.93167695334976,0
shopping_pos,1740.5,Mendon,UT,41.71,-111.9817,2078,"""Scientist, audiological""",42.49956,-111.27521,23,4,2,56.71184120465435,105.37918500050932,1
shopping_net,193.74,Athena,OR,45.8289,-118.4971,1302,Dealer,46.121075,-117.618633,7,6,12,44.19164955509925,75.258664322965,0
travel,3.04,Iliff,CO,40.7692,-103.0968,648,Community arts worker,41.699573,-102.367563,16,1,1,49.29774127310061,120.08605891623615,0
grocery_pos,142.56,Sacramento,CA,38.5662,-121.3286,757530,Magazine features editor,39.376939,-121.535815,2,4,1,39.7015742642026,91.91254257759996,0
shopping_net,566.28,Sun City,CA,33.7467,-117.1721,54287,"""Designer, exhibition/display""",33.574423,-116.309617,13,0,1,46.32991101984942,82.09023157091508,0
shopping_pos,19.04,Colton,WA,46.5901,-117.1692,761,Chief Marketing Officer,46.78751,-116.282515,11,5,1,75.51813826146476,71.10479114870635,0
grocery_pos,564.14,Omaha,NE,41.2064,-95.9953,518429,"""Surveyor, land/geomatics""",41.723245,-95.513773,3,5,9,23.96714579055441,70.09071411762031,1
health_fitness,57.36,Sun City,CA,33.7467,-117.1721,54287,"""Designer, exhibition/display""",33.038379,-117.460837,16,1,12,48.26830937713895,83.19823200777095,0
misc_net,16.68,Llano,NM,36.1486,-105.6648,247,Architectural technologist,35.277543,-106.573738,8,6,12,59.175906913073234,126.94605088373332,0
home,85.24,Indian Wells,CA,33.7163,-116.3381,4677,Learning mentor,32.84874,-116.617382,19,6,12,65.64544832306639,99.9002997121607,0
misc_net,123.02,Lagrange,WY,41.6423,-104.1974,635,Product/process development scientist,42.007878,-105.118153,10,6,12,47.45790554414784,86.44734023234666,0
misc_net,1619.84,Seattle,WA,47.6633,-122.3022,837792,"""Development worker, international aid""",46.667649,-122.918534,22,5,11,62.61190965092403,120.11577706841643,1
gas_transport,84.56,Weeping Water,NE,40.8731,-96.1528,1517,Dealer,41.592299,-96.989958,10,6,12,69.13620807665983,106.2823458398289,0
grocery_net,152.38,Superior,AZ,33.2887,-111.0985,2872,Petroleum engineer,32.575595,-110.453718,11,4,12,33.16084873374401,99.54150133741248,0
personal_care,38.3,Mesa,ID,44.6255,-116.4493,129,Cartographer,45.396024,-116.086201,21,5,1,53.07597535934291,90.3077267272371,0
grocery_pos,71.04,Glendale,CA,34.1556,-118.2322,172817,Advertising account planner,34.183639,-118.706728,7,6,1,36.47638603696099,43.7678627760665,0
shopping_pos,280.34,Fiddletown,CA,38.5234,-120.6763,832,Immigration officer,37.958377,-121.410103,11,1,1,31.64134154688569,89.74536396907061,0
personal_care,3.92,Redford,MO,37.3272,-91.0243,241,Investment analyst,36.625588,-91.298541,12,3,1,44.18617385352498,81.73066704871334,0
entertainment,48.68,Blairstown,MO,38.5319,-93.9221,467,Agricultural consultant,37.760877,-93.849187,15,0,1,68.63518138261465,85.97060438424597,0
misc_pos,15.04,Napa,CA,38.4549,-122.2564,94014,Airline pilot,39.234539,-121.53281,0,6,1,33.39630390143737,106.9686383166008,0
shopping_net,10.84,Oakland,CA,37.7878,-122.1884,381459,Barista,37.047341,-122.262106,13,4,1,45.02121834360028,82.59217981477252,0
home,120.46,Meadville,MO,39.7795,-93.3014,964,Tourist information centre manager,39.250838,-92.505401,12,3,1,44.049281314168375,90.09980971855846,0
home,51.96,Scotts Mills,OR,44.9897,-122.6187,1252,"""Engineer, petroleum""",44.712388,-122.292049,23,0,1,81.91649555099247,40.17343471645206,0
shopping_pos,6.14,Malad City,ID,42.1808,-112.262,4154,Nature conservation officer,41.525322,-112.858146,6,5,12,58.93497604380561,88.03511578288571,0
gas_transport,153.1,Smith River,CA,41.9404,-124.1587,1930,Web designer,42.059888,-123.55774,10,1,12,37.54688569472964,51.40613175552461,0
personal_care,28.28,Kirk,CO,39.6171,-102.4776,207,Network engineer,40.335909,-102.163819,19,5,1,63.12662559890486,84.28117366070884,0
kids_pets,105.48,Dumont,CO,39.7532,-105.6356,565,Mental health nurse,39.388771,-105.245506,16,6,12,42.33538672142368,52.53616057736709,0
health_fitness,25.78,Littleton,CO,39.5994,-105.0044,320420,Water engineer,39.782236,-104.874005,13,1,1,43.422313483915126,23.19072239440534,0
gas_transport,24.66,Parker,CO,39.5102,-104.7216,84861,Materials engineer,39.987488,-103.992964,1,2,10,87.61943874058863,81.83505715997165,1
home,223.42,Centerview,MO,38.7897,-93.8702,2368,Electronics engineer,37.891999,-93.887519,16,3,1,29.464750171115675,99.83122354533953,0
food_dining,116.38,Cascade Locks,OR,45.671,-121.8686,1288,Barrister,46.656576,-121.193402,23,6,1,82.72142368240931,121.30059083070935,0
health_fitness,18.58,High Rolls Mountain Park,NM,32.9396,-105.8189,899,Naval architect,33.123618,-106.471181,18,6,12,53.327857631759066,64.15755239854174,0
kids_pets,162.6,Wheaton,MO,36.7651,-94.0492,760,Production manager,37.386876,-94.269026,20,3,1,33.360711841204655,71.83610040565269,0
shopping_pos,494.32,Lakeport,CA,39.047,-122.9328,11256,Podiatrist,38.088462,-122.132923,15,6,1,46.25598904859685,127.26320180561144,0
home,19.34,High Rolls Mountain Park,NM,32.9396,-105.8189,899,Naval architect,33.84466,-106.201321,13,0,1,51.37577002053388,106.71678745714117,0
shopping_pos,261.78,Jordan Valley,OR,42.8801,-117.281,641,Economist,42.631344,-117.470244,9,4,12,27.08555783709788,31.68322818265689,0
health_fitness,29.94,Superior,AZ,33.2887,-111.0985,2872,Petroleum engineer,33.088277,-110.354913,20,1,12,33.17180013689254,72.69548686722084,0
personal_care,102.86,Cascade Locks,OR,45.671,-121.8686,1288,Barrister,45.632096,-122.305686,22,5,11,84.5201916495551,34.247867527001574,1
shopping_pos,4.76,Napa,CA,38.4549,-122.2564,94014,Airline pilot,38.39407,-121.812337,15,5,1,33.39356605065024,39.27061355322773,0
shopping_net,2141.98,Stayton,OR,44.8021,-122.7624,9587,"""Engineer, biomedical""",45.666729,-123.072503,23,2,11,52.6735112936345,99.16119470615902,1
kids_pets,29.96,Ruidoso,NM,33.3305,-105.6933,8874,Licensed conveyancer,34.312697,-104.730167,21,0,12,20.366872005475702,140.8670750623117,0
gas_transport,156.44,Meridian,ID,43.6498,-116.4306,84106,Intelligence analyst,42.921692,-115.977971,8,0,12,49.87816563997262,88.86542193199499,0
shopping_net,8.6,Crownpoint,NM,35.7206,-108.0271,5662,IT consultant,34.787924,-107.647804,18,1,1,29.73305954825462,109.27770947412726,0
grocery_pos,370.96,Phoenix,AZ,33.5623,-112.0559,1312922,Contractor,33.755655,-111.466241,5,0,1,37.242984257357975,58.65707908817584,0
kids_pets,153.4,Santa Monica,CA,34.0287,-118.4924,92043,"""Civil engineer, contracting""",33.231752,-118.376154,14,4,1,57.69472963723477,89.26771579366577,0
food_dining,3.72,Redford,MO,37.3272,-91.0243,241,Investment analyst,36.552028,-90.072235,23,6,1,44.23271731690623,120.78439013550712,0
gas_transport,145.38,Centerview,MO,38.7897,-93.8702,2368,Electronics engineer,39.323358,-93.490694,10,6,1,29.492128678986997,67.78646181280507,0
shopping_net,1359.54,Weeping Water,NE,40.8731,-96.1528,1517,Dealer,40.068511,-96.45789,6,5,12,69.13347022587268,93.1139061598259,0
misc_net,9.2,Issaquah,WA,47.4974,-122.0107,50489,Osteopath,47.638574,-122.46912,1,3,12,36.837782340862425,37.80591818642109,0
entertainment,200.32,Holstein,NE,40.4542,-98.6538,331,Telecommunications researcher,40.605838,-98.704022,15,4,12,70.35181382614647,17.387410616104287,0
grocery_pos,194.26,Meadville,MO,39.7795,-93.3014,964,Tourist information centre manager,39.379544,-93.019522,6,6,12,46.012320328542096,50.61065953654136,0
misc_pos,12.96,Weeping Water,NE,40.8731,-96.1528,1517,Dealer,40.659594,-95.337449,10,5,12,69.13347022587268,72.65406371116167,0
personal_care,85.72,Newhall,CA,34.3795,-118.523,34882,Health physicist,35.000877,-118.700587,17,1,1,47.70704996577687,70.97603851298845,0
food_dining,290.18,Norwalk,CA,33.9056,-118.0818,105549,Firefighter,33.069252,-117.341469,20,1,1,45.31416837782341,115.59429673125298,0
personal_care,41.02,Cascade Locks,OR,45.671,-121.8686,1288,Barrister,45.14221,-122.579527,18,2,1,82.69130732375086,80.85423432253336,0
kids_pets,115.66,Grenada,CA,41.6125,-122.5258,589,Systems analyst,40.955857,-121.760021,20,2,12,75.02532511978097,97.08400877705672,0
kids_pets,153.2,Arnold,MO,38.4305,-90.387,35439,Land/geomatics surveyor,38.972775,-89.658528,13,0,1,33.80971937029432,87.36097445646472,0
shopping_pos,187.76,Vinton,CA,40.0235,-120.7986,128,Education administrator,39.865774,-121.174421,7,3,12,54.85831622176591,36.52469098632429,0
entertainment,160.34,Ravenna,NE,41.0233,-98.9041,2202,"""Solicitor, Scotland""",41.854271,-98.837646,13,5,12,46.5160848733744,92.56565261920731,0
travel,6.4,Mound City,MO,40.1362,-95.2138,1631,Architect,39.878717,-96.1832,21,0,1,66.00136892539356,87.38737259812385,0
entertainment,78.36,Altonah,UT,40.3207,-110.436,302,"""Sales professional, IT""",41.159566,-110.183781,13,4,12,30.937713894592743,95.667289611352,0
grocery_pos,368.6,Burbank,WA,46.1966,-118.9017,3684,Musician,47.03513,-118.187201,3,1,12,39.082819986310746,108.03528570625356,0
entertainment,16.68,Sacramento,CA,38.5662,-121.3286,757530,Magazine features editor,38.855773,-122.321513,21,1,1,39.67419575633128,91.97155748113852,0
misc_net,18.82,Meredith,CO,39.3199,-106.6596,61,Public relations account executive,39.234361,-105.821303,9,4,1,79.16769336071184,72.7805061782688,0
health_fitness,110.5,Westerville,NE,41.4193,-99.3844,73,Product designer,41.962848,-98.909028,23,6,12,85.87816563997262,72.18699093501444,0
grocery_pos,176.3,Athena,OR,45.8289,-118.4971,1302,Dealer,46.172502,-118.812122,6,2,1,42.24503764544832,45.29718704821232,0
shopping_net,15.84,Sutherland,NE,41.1558,-101.136,1789,Insurance broker,40.552787,-100.706284,21,0,1,36.92265571526352,76.17166076787669,0
food_dining,148.18,Corona,CA,33.8419,-117.6043,233717,Wellsite geologist,33.917816,-117.821826,7,1,1,52.61327857631759,21.783039895843764,0
health_fitness,347.54,Clarksville,MO,39.3465,-90.9362,1146,Exercise physiologist,39.902281,-91.892989,17,3,12,91.71526351813826,102.63615778056987,0
personal_care,37.1,San Diego,CA,33.0067,-117.069,1241364,Chartered public finance accountant,32.611679,-116.922245,17,2,12,61.40451745379877,46.01580643447683,0
gas_transport,153.56,Orient,WA,48.8878,-118.2105,149,Special educational needs teacher,48.407078,-117.461923,7,4,1,40.57768651608488,76.6916056599552,0
shopping_pos,1575.02,Lowell,OR,43.921,-122.7806,1420,Systems analyst,43.674503,-123.424749,23,1,2,53.2539356605065,58.51498734776144,1
shopping_net,53.56,Camden,MO,39.2048,-94.0259,464,Colour technologist,38.443932,-93.89915,5,6,1,59.630390143737166,85.31417394923022,0
shopping_pos,1616.7,Azusa,CA,34.1248,-117.9031,59705,Civil Service fast streamer,33.330811,-118.714314,3,6,9,37.26488706365503,115.8555411108001,1
food_dining,51.52,Espanola,NM,35.9866,-106.0654,18408,Historic buildings inspector/conservation officer,35.210748,-105.19715,19,4,1,46.50239561943874,116.64027738188442,0
misc_net,1765.62,Fort Washakie,WY,43.0048,-108.8964,1645,Freight forwarder,42.046046,-109.034853,23,0,12,43.841204654346335,107.2105865333512,1
health_fitness,63.12,Red River,NM,36.6659,-105.4694,606,"""Surveyor, land/geomatics""",36.180107,-106.062372,12,6,1,30.3709787816564,75.71479381334923,0
grocery_pos,155.34,Louisiana,MO,39.4336,-91.0664,4593,"""Teacher, early years/pre""",39.017886,-90.775538,9,4,1,78.14647501711157,52.5784123989738,0
misc_net,366.06,Issaquah,WA,47.4974,-122.0107,50489,Osteopath,47.064197,-122.781369,6,3,12,36.837782340862425,75.49834112540735,0
kids_pets,341.42,Redford,MO,37.3272,-91.0243,241,Investment analyst,37.483637,-90.093684,20,1,12,46.17385352498289,84.01990198414296,0
travel,12.52,Santa Monica,CA,34.0287,-118.4924,92043,"""Civil engineer, contracting""",34.475671,-117.967435,18,3,12,59.66598220396988,69.26885570944842,0
food_dining,117.72,Fiddletown,CA,38.5234,-120.6763,832,Immigration officer,37.746219,-121.207102,15,5,12,33.607118412046546,98.0985585314983,0
health_fitness,214.82,Meredith,CO,39.3199,-106.6596,61,Public relations account executive,38.417406,-106.386284,12,1,1,79.15947980835044,103.10453498114732,0
travel,8.8,Kent,OR,45.0838,-120.6649,60,Museum education officer,45.871355,-119.820226,21,3,12,78.7460643394935,109.57115186321953,0
misc_net,2.9,San Diego,CA,33.0067,-117.069,1241364,Chartered public finance accountant,32.737089,-116.889152,5,5,12,61.39356605065024,34.36384783870787,0
home,74.7,Fullerton,NE,41.366,-98.0054,1749,"""Surveyor, mining""",41.596272,-97.903886,16,5,12,47.63860369609856,26.965404362466437,0
shopping_pos,7.92,Greenview,CA,41.5403,-122.9366,308,Call centre manager,41.480759,-122.179744,1,6,12,62.26967830253251,63.36737943014137,0
gas_transport,152.18,Loving,NM,32.274,-104.0914,1925,Educational psychologist,32.595711,-105.026152,7,3,12,68.59958932238193,94.73812116511075,0
home,136.82,Superior,AZ,33.2887,-111.0985,2872,Petroleum engineer,33.250006,-111.401035,19,3,12,33.177275838466805,28.45390416110976,0
shopping_pos,18.32,Conway,WA,48.34,-122.3456,85,"""Research officer, political party""",49.09717,-122.667602,15,5,1,34.362765229295,87.44442256998194,0
grocery_net,38.64,Hatch,UT,37.7175,-112.4777,258,Geoscientist,37.392346,-112.174859,4,3,12,59.10198494182067,44.94318641800833,0
home,127.98,Centerview,MO,38.7897,-93.8702,2368,Electronics engineer,39.205708,-94.556385,15,1,12,31.45242984257358,75.2066276584246,0
entertainment,168.7,Helm,CA,36.4992,-120.0936,123,Early years teacher,35.610841,-120.979915,13,5,12,47.88227241615332,126.90775014673326,0
grocery_pos,795.94,Smith River,CA,41.9404,-124.1587,1930,Web designer,41.713509,-125.091116,2,2,5,35.93976728268309,81.27287962452657,1
personal_care,263.22,Superior,AZ,33.2887,-111.0985,2872,Petroleum engineer,32.577034,-111.74796,19,1,1,31.19780971937029,99.67865368845403,0
home,91.54,Utica,MO,39.7417,-93.6289,271,Land/geomatics surveyor,40.293629,-92.654355,14,0,12,48.695414099931554,103.21665018528364,0
travel,12.62,Sacramento,CA,38.5662,-121.3286,757530,Magazine features editor,39.192606,-121.302531,12,4,1,39.7015742642026,69.68971216989254,0
entertainment,405.58,High Rolls Mountain Park,NM,32.9396,-105.8189,899,Naval architect,33.082574,-104.887925,8,1,12,53.333333333333336,88.25145120937876,0
grocery_pos,194.22,Stayton,OR,44.8021,-122.7624,9587,"""Engineer, biomedical""",43.842768,-121.782165,5,2,1,50.8145106091718,132.13306928389494,0
travel,5.34,Littleton,CO,39.5994,-105.0044,320420,Water engineer,39.716436,-105.437451,12,6,1,43.43600273785079,39.28936020263546,0
misc_net,6.9,Freedom,WY,43.0172,-111.0292,471,"""Education officer, museum""",42.606425,-110.452854,5,5,1,51.46611909650924,65.5478578917724,0
food_dining,62.92,Greenview,CA,41.5403,-122.9366,308,Call centre manager,41.289388,-122.849057,22,0,1,60.336755646817245,28.839383330169703,0
travel,8.94,Corona,CA,33.8419,-117.6043,233717,Wellsite geologist,33.925597,-117.091192,14,6,1,52.64613278576318,48.270984993047946,0
personal_care,103.26,Manville,WY,42.73,-104.7024,241,Educational psychologist,41.958155,-104.559511,14,1,1,38.0807665982204,86.62490334125494,0
entertainment,148.96,Fort Washakie,WY,43.0048,-108.8964,1645,Freight forwarder,43.185023,-108.039177,19,4,1,42.87474332648871,72.43106139751087,0
entertainment,3.04,Manville,WY,42.73,-104.7024,241,Educational psychologist,42.384109,-105.526509,15,5,12,40.02737850787132,77.68809453422442,0
grocery_net,62.48,Lake Oswego,OR,45.4093,-122.6847,42817,Planning and development surveyor,46.056597,-122.338667,3,1,1,36.63518138261465,76.82342957569539,0
grocery_net,107.2,Newhall,CA,34.3795,-118.523,34882,Health physicist,33.39244,-118.978439,7,3,1,47.71252566735113,117.53177540057716,0
misc_net,4.6,Phoenix,AZ,33.5623,-112.0559,1312922,Contractor,33.308769,-112.621479,7,6,1,37.22108145106092,59.57402249986003,0
personal_care,47.9,Arvada,CO,39.8422,-105.1097,122111,Hotel manager,40.244496,-105.173078,13,1,1,31.61122518822724,45.05743919298405,0
misc_net,1498.72,Holstein,NE,40.4542,-98.6538,331,Telecommunications researcher,40.38126,-98.282526,22,6,5,69.76317590691308,32.46045148170413,1
grocery_pos,572.8,Los Angeles,CA,34.0443,-118.2509,2383912,"""Journalist, newspaper""",33.388626,-118.131576,1,3,2,60.74743326488706,73.73819381127102,1
health_fitness,51.26,Espanola,NM,35.9866,-106.0654,18408,Historic buildings inspector/conservation officer,36.939705,-106.750281,19,0,12,48.446269678302535,122.4043048844348,0
kids_pets,44.48,Carlotta,CA,40.507,-123.9743,1139,"""Therapist, occupational""",41.02308,-123.201251,13,0,1,67.99726214921287,86.78490787411342,0
personal_care,51.7,Rocky Mount,MO,38.2911,-92.7059,1847,Tax inspector,37.955504,-91.729925,22,0,12,32.172484599589325,93.17223237685444,0
shopping_net,17.86,Westerville,NE,41.4193,-99.3844,73,Product designer,41.050242,-99.034421,1,0,1,83.9069130732375,50.403523133828216,0
health_fitness,13.84,Hatch,UT,37.7175,-112.4777,258,Geoscientist,36.847375,-112.943209,18,1,12,59.096509240246405,105.1539672755205,0
misc_net,8.3,Glendale,CA,34.1556,-118.2322,172817,Advertising account planner,34.075144,-118.110818,10,1,12,38.417522245037645,14.31441009337231,0
gas_transport,108.56,Colton,WA,46.5901,-117.1692,761,Chief Marketing Officer,45.965982,-117.122254,6,2,1,75.50992470910336,69.49247482363515,0
food_dining,161.54,Superior,AZ,33.2887,-111.0985,2872,Petroleum engineer,32.607997,-110.321712,17,1,1,31.17864476386037,104.79803259052754,0
health_fitness,51.02,Cascade Locks,OR,45.671,-121.8686,1288,Barrister,45.630919,-122.104453,15,4,1,82.69678302532512,18.866420561336977,0
kids_pets,207.68,Albuquerque,NM,35.0561,-106.5506,641349,Charity officer,34.748087,-107.405021,21,0,1,51.97262149212868,85.11306225357002,0
travel,15.16,Roseland,NE,40.4591,-98.5551,463,"""Nurse, mental health""",39.892285,-97.890364,23,1,12,72.58042436687201,84.62793175055245,0
kids_pets,39.68,Hatch,UT,37.7175,-112.4777,258,Geoscientist,38.208483,-112.362635,17,4,12,59.08555783709788,55.518899081389215,0
food_dining,79.42,Carlotta,CA,40.507,-123.9743,1139,"""Therapist, occupational""",40.847277,-123.625863,16,5,1,67.9917864476386,47.90645639385217,0
grocery_pos,234.58,Blairsden-Graeagle,CA,39.8127,-120.6405,1725,Chartered legal executive (England and Wales),40.172973,-120.254823,11,0,12,53.59069130732375,51.81040386573087,0
health_fitness,7.44,Iliff,CO,40.7692,-103.0968,648,Community arts worker,41.228865,-102.206335,16,6,1,49.3305954825462,90.5357820323126,0
health_fitness,281.84,Norwalk,CA,33.9056,-118.0818,105549,Firefighter,33.171299,-118.174618,14,6,1,45.30869267624914,82.10246249550633,0
travel,16.56,Rocky Mount,MO,38.2911,-92.7059,1847,Tax inspector,38.223144,-93.192213,16,6,12,32.16974674880219,43.12932390920404,0
kids_pets,88.5,Weeping Water,NE,40.8731,-96.1528,1517,Dealer,41.460684,-96.743478,16,3,1,67.1731690622861,81.93570212450601,0
gas_transport,65.38,Brainard,NE,41.1832,-96.9882,614,Associate Professor,40.678631,-96.08738,0,6,12,53.52224503764545,94.20454825644684,0
kids_pets,88.92,Matthews,MO,36.7154,-89.6287,1019,Aeronautical engineer,37.101146,-89.015733,20,4,1,39.93976728268309,69.35402734082021,0
kids_pets,83.78,Freedom,WY,43.0172,-111.0292,471,"""Education officer, museum""",43.283669,-111.64564,13,0,12,53.4072553045859,58.12643225034229,0
misc_net,3.22,Sixes,OR,42.825,-124.4409,217,Retail merchandiser,42.942871,-124.568586,1,6,1,90.26420260095824,16.733637047387568,0
shopping_pos,7.5,Freedom,WY,43.0172,-111.0292,471,"""Education officer, museum""",43.170749,-111.503808,3,2,1,51.45790554414784,42.15019909866062,0
entertainment,2.66,Jelm,WY,41.0539,-106.0763,100,Public librarian,41.247863,-106.875958,17,5,1,44.72279260780287,70.34110511001795,0
gas_transport,127.08,Gardiner,OR,43.7857,-124.1437,260,"""Engineer, maintenance""",42.996545,-124.851323,5,3,12,64.33127994524298,104.73399420232651,0
personal_care,20.28,Matthews,MO,36.7154,-89.6287,1019,Aeronautical engineer,36.54151,-89.501622,17,1,12,41.92470910335387,22.41569490219572,0
personal_care,39.44,Sun City,CA,33.7467,-117.1721,54287,"""Designer, exhibition/display""",33.060247,-116.941366,16,0,1,46.31074606433949,79.27809786342564,0
shopping_net,1594.1,Aurora,CO,39.7656,-104.7069,389246,Industrial/product designer,39.335248,-104.862568,23,0,3,80.62970568104038,49.679356079356566,1
personal_care,175.7,Stayton,OR,44.8021,-122.7624,9587,"""Engineer, biomedical""",43.829375,-121.821693,17,1,12,52.766598220396986,131.52903638812236,0
gas_transport,109.94,Llano,NM,36.1486,-105.6648,247,Architectural technologist,36.144994,-105.909559,5,5,1,57.19917864476386,21.980766720925395,0
health_fitness,39.16,Orient,WA,48.8878,-118.2105,149,Special educational needs teacher,48.434317,-118.021009,23,3,1,40.55578370978782,52.31029691811969,0
misc_net,6.18,Utica,MO,39.7417,-93.6289,271,Land/geomatics surveyor,40.450449,-92.8482,11,1,12,48.69815195071869,103.0559676091435,0
health_fitness,183.36,Kansas City,MO,38.9621,-94.5959,545147,Counsellor,38.416781,-94.949052,23,0,1,31.156741957563312,67.94316219427894,0
gas_transport,74.84,Orient,WA,48.8878,-118.2105,149,Special educational needs teacher,47.898761,-118.998432,7,2,1,40.57221081451061,124.41410584691629,0
grocery_pos,114.36,Crownpoint,NM,35.7206,-108.0271,5662,IT consultant,34.985488,-108.07856,2,0,1,29.749486652977414,81.87384066088948,0
food_dining,104.76,Superior,AZ,33.2887,-111.0985,2872,Petroleum engineer,33.169245,-110.863969,22,1,1,31.19780971937029,25.540220309308985,0
grocery_pos,128.96,Arnold,MO,38.4305,-90.387,35439,Land/geomatics surveyor,38.181042,-89.637838,0,4,12,35.73716632443532,71.01049561860887,0
shopping_net,1984.28,Omaha,NE,41.2064,-95.9953,518429,"""Surveyor, land/geomatics""",40.336433,-95.99096,22,5,9,23.96714579055441,96.73660708824876,1
health_fitness,56.02,Gardiner,OR,43.7857,-124.1437,260,"""Engineer, maintenance""",43.119717,-124.506651,13,3,1,62.35728952772074,79.63861455743283,0
misc_net,14.02,Phoenix,AZ,33.8155,-112.1202,1312922,Counselling psychologist,32.843788,-111.705021,19,3,1,19.132101300479125,114.72769362334692,0
home,7.38,Llano,NM,36.1486,-105.6648,247,Architectural technologist,36.809619,-105.959965,23,0,1,57.20465434633813,78.09589836912642,0
grocery_pos,582.2,Jordan Valley,OR,42.8801,-117.281,641,Economist,42.247169,-117.409736,18,1,6,26.521560574948666,71.16403038340502,1
shopping_pos,1564.36,Williamsburg,MO,38.8874,-91.7689,710,Glass blower/designer,39.526107,-92.284296,12,5,8,48.92539356605065,83.76112179800828,1
travel,12.24,Espanola,NM,35.9866,-106.0654,18408,Historic buildings inspector/conservation officer,35.312063,-106.461925,12,3,1,46.49965776865161,83.1229544944333,0
grocery_pos,681.34,Lake Oswego,OR,45.4093,-122.6847,42817,Planning and development surveyor,46.125588,-123.173937,1,0,7,38.14647501711157,88.22549318921075,1
shopping_net,11.94,Sun City,CA,33.7467,-117.1721,54287,"""Designer, exhibition/display""",34.602486,-117.425031,19,5,12,48.26009582477755,97.9624368770755,0
shopping_net,3.74,Ruidoso,NM,33.3305,-105.6933,8874,Licensed conveyancer,32.765059,-106.552762,15,6,1,18.409308692676248,101.83346927093922,0
misc_net,417.76,Tekoa,WA,47.2271,-117.0819,895,Clothing/textile technologist,47.876607,-117.343594,23,0,12,21.579739904175224,74.84447353598513,0
shopping_net,2235.98,Brainard,NE,41.1832,-96.9882,614,Associate Professor,40.791739,-96.721002,23,1,6,52.9719370294319,48.9664543500258,1
gas_transport,172.14,Crownpoint,NM,35.7206,-108.0271,5662,IT consultant,36.418812,-108.801573,4,1,12,31.72621492128679,104.27278900141653,0
food_dining,144.42,Dumont,CO,39.7532,-105.6356,565,Mental health nurse,40.120978,-106.316131,22,2,12,42.34360027378508,70.98457421518826,0
gas_transport,162.56,Littleton,CO,39.5994,-105.0044,320420,Water engineer,38.732776,-105.893833,11,2,1,43.44421629021218,123.1478589741813,0
entertainment,199.18,Fullerton,NE,41.366,-98.0054,1749,"""Surveyor, mining""",40.580755,-97.870938,20,6,12,47.6413415468857,88.04192417465967,0
kids_pets,16.7,Nelson,NE,40.201,-98.0684,732,Television/film/video producer,40.7644,-98.811278,20,6,12,64.03832991101984,88.72445751328857,0
entertainment,46.94,Luray,MO,40.4931,-91.8912,519,Town planner,40.41451,-91.743609,23,0,1,52.936344969199176,15.241855245817822,0
entertainment,114.38,Holstein,NE,40.4542,-98.6538,331,Telecommunications researcher,39.561089,-99.215353,23,4,12,70.35181382614647,110.2257363532058,0
home,54.94,Meredith,CO,39.3199,-106.6596,61,Public relations account executive,38.373834,-107.290119,20,4,1,79.18685831622176,118.52396984666436,0
shopping_pos,7.52,Littleton,CO,39.5994,-105.0044,320420,Water engineer,40.5373,-105.619144,21,0,1,43.45790554414784,116.67325165218443,0
grocery_net,144.6,Kansas City,MO,38.9621,-94.5959,545147,Counsellor,39.707092,-94.665007,3,1,1,31.14031485284052,83.05226440430619,0
gas_transport,164.76,Kansas City,MO,38.9621,-94.5959,545147,Counsellor,38.376703,-95.408183,0,0,1,31.17590691307324,95.96890874488818,0
travel,3.14,Hawthorne,CA,33.9143,-118.3493,93193,"""Editor, magazine features""",33.071585,-117.69103,22,3,12,25.683778234086244,111.83354805293573,0
shopping_net,2043.0,Wappapello,MO,36.9766,-90.2848,2601,Research scientist (medical),37.934897,-89.787936,22,0,10,62.25325119780972,115.22990509773788,1
gas_transport,113.2,Blairstown,MO,38.5319,-93.9221,467,Agricultural consultant,37.951745,-93.705913,4,2,1,68.64065708418892,67.21632125654523,0
kids_pets,147.3,San Diego,CA,33.0067,-117.069,1241364,Chartered public finance accountant,33.831325,-116.236937,16,1,1,59.408624229979466,119.8796067310153,0
kids_pets,8.0,Wales,AK,64.7556,-165.6723,145,"""Administrator, education""",64.091257,-166.084984,19,6,1,79.1978097193703,76.48145460237593,0
misc_net,1750.62,Brashear,MO,40.1959,-92.4333,805,Private music teacher,40.700755,-92.43629,23,1,12,49.492128678986994,56.137884827850606,1
gas_transport,92.2,Blairstown,MO,38.5319,-93.9221,467,Agricultural consultant,38.060822,-93.0532,10,3,12,70.59822039698837,92.15954259642707,0
food_dining,4.64,North Loup,NE,41.4972,-98.7858,509,"""Nurse, children's""",40.764189,-98.959051,22,1,12,40.28747433264887,82.78857636959464,0
home,94.6,Issaquah,WA,47.4974,-122.0107,50489,Osteopath,46.776391,-121.039071,15,6,1,34.8911704312115,108.7596074788652,0
shopping_net,213.0,Fiddletown,CA,38.5234,-120.6763,832,Immigration officer,38.126507,-119.832631,7,0,1,31.638603696098563,85.81335006904284,0
grocery_pos,561.28,Alva,WY,44.6873,-104.4414,110,"""Administrator, local government""",45.357955,-104.809791,3,0,2,45.74127310061601,79.99679262108286,1
misc_net,12.38,Hooper,NE,41.6414,-96.5232,1745,"""Engineer, automotive""",41.200243,-95.796853,0,5,12,47.00068446269678,77.93759285737941,0
gas_transport,72.52,Orient,WA,48.8878,-118.2105,149,Special educational needs teacher,49.174915,-118.156142,3,1,12,42.5242984257358,32.170748713954815,0
shopping_pos,187.16,Burlington,WA,48.4786,-122.3345,14871,Public house manager,48.497022,-122.582864,12,3,12,46.81177275838467,18.418114009929457,0
shopping_pos,6.76,Kirk,CO,39.6171,-102.4776,207,Network engineer,39.155066,-102.659289,3,1,12,65.07049965776865,53.69625041230557,0
shopping_net,1885.86,Hubbell,NE,40.0456,-97.4735,121,Set designer,40.562529,-97.87002,22,0,2,22.89390828199863,66.59232412785873,1
grocery_pos,202.52,Gardiner,OR,43.7857,-124.1437,260,"""Engineer, maintenance""",44.743825,-124.561918,4,0,12,64.32306639288159,111.62179789916829,0
home,69.62,Lakeport,CA,39.047,-122.9328,11256,Podiatrist,38.952357,-122.163084,21,3,1,46.209445585215605,67.34223092160343,0
home,5.42,Orient,WA,48.8878,-118.2105,149,Special educational needs teacher,48.956143,-119.005512,16,6,1,40.58316221765914,58.58199234798542,0
entertainment,55.94,Sixes,OR,42.825,-124.4409,217,Retail merchandiser,43.762648,-125.134875,19,0,12,92.24093086926764,118.4262475848337,0
health_fitness,80.22,Gardiner,OR,43.7857,-124.1437,260,"""Engineer, maintenance""",43.542304,-123.35855,19,3,1,62.338124572210816,68.71061981011854,0
health_fitness,164.84,Claremont,CA,34.1092,-117.7183,35705,Wellsite geologist,33.165903,-118.542706,12,6,12,64.61875427789185,129.71641981608755,0
shopping_pos,269.38,Fiddletown,CA,38.5234,-120.6763,832,Immigration officer,38.024205,-121.094802,2,4,1,31.668720054757017,66.45122496600656,0
shopping_net,171.6,Issaquah,WA,47.4974,-122.0107,50489,Osteopath,48.142122,-122.278123,19,4,1,34.86652977412731,74.41827959927838,0
gas_transport,142.88,Mound City,MO,40.1362,-95.2138,1631,Architect,40.003824,-94.918027,10,0,1,65.98220396988364,29.156476186287648,0
shopping_pos,15.1,Spirit Lake,ID,47.9657,-116.868,4161,Production manager,47.223771,-117.366851,0,0,1,61.60985626283368,90.58277855874933,0
shopping_pos,522.46,Independence,MO,39.1412,-94.3515,123373,"""Engineer, production""",38.16714,-94.800098,12,4,12,28.076659822039694,115.1020976750417,0
health_fitness,5.8,Tekoa,WA,47.2271,-117.0819,895,Clothing/textile technologist,47.301058,-117.837318,15,0,12,21.579739904175224,57.59310760438318,0
shopping_net,79.44,Browning,MO,40.029,-93.1607,602,Cytogeneticist,40.789706,-92.94666,3,2,12,66.46406570841889,86.5060706969184,0
misc_net,6.76,Luray,MO,40.4931,-91.8912,519,Town planner,39.999304,-91.510323,11,5,1,52.91170431211499,63.716472963334574,0
shopping_net,3.98,Pueblo,CO,38.2352,-104.66,151815,Further education lecturer,37.651281,-105.453707,13,1,1,31.03080082135524,95.18325386320102,0
gas_transport,118.84,June Lake,CA,37.7773,-119.0825,633,Health service manager,38.61417,-119.998221,6,0,12,93.30321697467488,122.7303208052305,0
shopping_pos,135.36,Browning,MO,40.029,-93.1607,602,Cytogeneticist,40.476568,-92.469512,6,1,1,64.48733744010951,76.92437137795855,0
home,522.06,Lakeport,CA,39.047,-122.9328,11256,Podiatrist,39.873689,-122.26241,23,3,12,48.145106091718,108.45313810831752,1
gas_transport,79.9,Thompson,UT,38.9999,-109.615,46,"""Surveyor, minerals""",39.256614,-109.06873,7,1,12,33.686516084873375,55.09189061541599,0
travel,21.24,Sutherland,NE,41.1558,-101.136,1789,Insurance broker,40.66627,-101.860761,22,5,8,38.48870636550308,81.6833302073054,1
gas_transport,20.68,Helm,CA,36.4992,-120.0936,123,Early years teacher,35.973163,-120.150937,2,2,9,46.59000684462697,58.71825987400371,1
home,26.14,Issaquah,WA,47.4974,-122.0107,50489,Osteopath,47.274981,-121.344304,17,6,12,36.82683093771389,55.93406570801963,0
home,127.98,Centerview,MO,38.7897,-93.8702,2368,Electronics engineer,39.205708,-94.556385,15,1,12,31.45242984257358,75.2066276584246,0
travel,4.34,Glendale,CA,34.1556,-118.2322,172817,Advertising account planner,34.888174,-117.610546,13,5,1,36.45448323066393,99.39299627885651,0
kids_pets,51.04,Meridian,ID,43.6498,-116.4306,84106,Intelligence analyst,43.921542,-116.347392,18,3,1,47.931553730321696,30.945803594474608,0
shopping_pos,2.56,Ballwin,MO,38.577,-90.5255,92608,"""Engineer, communications""",38.572432,-91.285961,17,0,1,17.489390828199863,66.10994257318663,0
entertainment,156.2,Hooper,NE,41.6414,-96.5232,1745,"""Engineer, automotive""",40.702703,-97.086335,12,2,12,47.011635865845314,114.52659997352475,0
entertainment,163.54,Altonah,UT,40.3207,-110.436,302,"""Sales professional, IT""",41.104235,-111.370016,23,0,1,29.010266940451743,117.42145889172733,0
gas_transport,70.08,Centerview,MO,38.7897,-93.8702,2368,Electronics engineer,38.182848,-93.081779,9,4,1,29.505817932922657,96.24120275605988,0
food_dining,57.32,Loving,NM,32.274,-104.0914,1925,Educational psychologist,32.062681,-104.473357,23,3,12,68.59958932238193,42.94951365395195,0
shopping_net,11.46,Rocky Mount,MO,38.2911,-92.7059,1847,Tax inspector,38.19867,-92.53183,17,3,12,32.18069815195072,18.349804534114803,0
grocery_net,167.72,Phoenix,AZ,33.5623,-112.0559,1312922,Contractor,32.654663,-111.969171,6,0,12,39.17864476386037,101.24738205132503,0
misc_pos,51.56,Centerview,MO,38.7897,-93.8702,2368,Electronics engineer,39.178798,-93.813301,16,1,12,31.45242984257358,43.5443374063991,0
gas_transport,121.62,Cascade Locks,OR,45.671,-121.8686,1288,Barrister,45.063252,-122.442694,5,0,1,82.70499657768652,81.10607894950755,0
travel,2.58,Lake Oswego,OR,45.4093,-122.6847,42817,Planning and development surveyor,45.949799,-122.50334,16,6,12,38.5845311430527,61.7301441852303,0
shopping_net,2340.9,Carroll,NE,42.277,-97.1926,566,Metallurgist,42.705451,-96.567359,22,6,2,45.07597535934291,69.9843185994079,1
grocery_net,189.12,Superior,AZ,33.2887,-111.0985,2872,Petroleum engineer,32.889918,-110.220647,8,1,1,31.19780971937029,93.0293392904358,0
food_dining,419.38,Tomales,CA,38.2427,-122.9145,337,Occupational psychologist,37.891424,-122.87176,18,1,12,66.48596851471595,39.23890096873587,0
home,98.78,Newberg,OR,45.3099,-122.9685,28278,Research scientist (physical sciences),44.312734,-123.383756,22,2,1,41.46201232032854,115.61694263959704,0
health_fitness,38.06,Superior,AZ,33.2887,-111.0985,2872,Petroleum engineer,34.072729,-111.081251,17,0,12,33.16906228610541,87.19465518961647,0
personal_care,67.56,Glendale,CA,34.1556,-118.2322,172817,Advertising account planner,34.752621,-118.221602,21,1,1,36.42436687200548,66.39281754463386,0
shopping_net,198.7,Helm,CA,36.4992,-120.0936,123,Early years teacher,35.974465,-120.893446,6,2,12,47.893223819301845,92.46864043781068,0
home,165.88,Athena,OR,45.8289,-118.4971,1302,Dealer,45.273017,-118.185125,16,1,12,44.19712525667351,66.41350547789672,0
shopping_pos,56.14,Vancouver,WA,45.6892,-122.6616,299480,Teaching laboratory technician,45.910736,-122.413247,22,2,12,35.9917864476386,31.264677294294906,0
misc_net,45.8,Sixes,OR,42.825,-124.4409,217,Retail merchandiser,42.368603,-125.304237,9,6,12,92.23819301848047,87.00167706044404,0
shopping_net,22.9,Freedom,WY,43.0172,-111.0292,471,"""Education officer, museum""",42.338418,-110.685535,5,6,1,51.43052703627652,80.53588755941148,0
personal_care,135.34,Huntington Beach,CA,33.6773,-118.0051,190249,"""Therapist, horticultural""",34.126355,-118.607936,19,4,1,42.29705681040383,74.75718036880785,0
shopping_net,14.94,Cascade Locks,OR,45.671,-121.8686,1288,Barrister,45.114112,-121.672587,8,1,12,84.66255989048597,63.78664225985903,0
shopping_net,1776.88,June Lake,CA,37.7773,-119.0825,633,Health service manager,37.392469,-119.493782,22,1,4,91.60027378507873,56.07553606920722,1
shopping_net,176.58,Ravenna,NE,41.0233,-98.9041,2202,"""Solicitor, Scotland""",41.09757,-99.770536,0,2,12,46.52703627652293,73.11209409251555,0
grocery_pos,196.48,Claremont,CA,34.1092,-117.7183,35705,Wellsite geologist,34.894359,-117.654515,4,0,12,64.62149212867898,87.50113185682476,0
entertainment,177.8,Lakeport,CA,39.047,-122.9328,11256,Podiatrist,39.959445,-122.886003,21,1,12,48.19712525667351,101.53866175707942,0
gas_transport,142.98,Shedd,OR,44.453,-123.1065,917,Radio broadcast assistant,45.108363,-123.508966,0,1,12,25.47843942505133,79.49515285687525,0
home,58.52,Port Costa,CA,38.046,-122.1866,198,Armed forces training and education officer,38.522963,-122.645357,21,2,1,59.7782340862423,66.45349005467658,0
misc_pos,1042.32,Howells,NE,41.6964,-96.9858,1063,Research scientist (maths),41.94998,-96.726372,2,0,12,92.73921971252568,35.456720307113635,0
shopping_net,2012.68,Moab,UT,38.5677,-109.5271,9772,Location manager,39.423713,-109.706519,23,4,5,29.475701574264203,96.438866035825,1
entertainment,45.58,Freedom,WY,43.0172,-111.0292,471,"""Education officer, museum""",42.964345,-111.344491,14,0,1,51.43326488706366,26.30904466418765,0
shopping_net,381.38,Tekoa,WA,47.2271,-117.0819,895,Clothing/textile technologist,46.971882,-117.919017,15,1,12,21.582477754962355,69.42856572439776,0
gas_transport,22.04,Fiddletown,CA,38.5234,-120.6763,832,Immigration officer,38.076869,-120.327004,2,1,9,32.35044490075291,58.26124322204601,1
travel,17.58,Vancouver,WA,45.6892,-122.6616,299480,Teaching laboratory technician,44.728507,-121.75975,15,3,12,35.99452429842574,128.0717746971752,0
health_fitness,160.84,Kansas City,MO,38.9621,-94.5959,545147,Counsellor,38.278169,-93.865895,15,3,1,31.145790554414784,99.02294144131722,0
health_fitness,14.16,Sun City,CA,33.7467,-117.1721,54287,"""Designer, exhibition/display""",33.150769,-117.345739,23,3,12,48.27378507871321,68.19465815357148,0
gas_transport,113.0,Wales,AK,64.7556,-165.6723,145,"""Administrator, education""",65.103325,-165.677886,4,1,12,81.13894592744695,38.66615160818765,0
shopping_net,29.08,Phoenix,AZ,33.5623,-112.0559,1312922,Contractor,33.699322,-111.105436,18,5,12,39.17316906228611,89.3062220396867,0
kids_pets,86.32,Thompson,UT,38.9999,-109.615,46,"""Surveyor, minerals""",39.425733,-109.421257,19,6,12,33.68104038329911,50.206355164102256,0
misc_net,1731.76,Eugene,OR,44.0385,-123.0614,191096,"""Scientist, physiological""",44.871443,-123.782105,23,3,4,55.04996577686516,108.85879515987476,1
food_dining,77.56,Iliff,CO,40.7692,-103.0968,648,Community arts worker,40.026475,-102.634412,18,5,12,51.26351813826147,91.39894537790848,0
home,72.64,Burbank,WA,46.1966,-118.9017,3684,Musician,45.608745,-119.50835,15,1,1,37.08966461327858,80.47479424221005,0
health_fitness,186.56,Kansas City,MO,38.9621,-94.5959,545147,Counsellor,38.225381,-94.479831,23,1,12,33.11430527036276,82.53812585819134,0
gas_transport,129.66,Manville,WY,42.73,-104.7024,241,Educational psychologist,42.338277,-104.273897,2,1,1,38.0807665982204,55.94611028208102,0
personal_care,8.04,San Jose,CA,37.3304,-121.7913,973849,Geoscientist,37.528116,-121.609253,18,3,12,23.9315537303217,27.23490295541674,0
misc_net,1417.02,Phoenix,AZ,33.8155,-112.1202,1312922,Counselling psychologist,33.090936,-112.39668,23,2,10,20.87337440109514,84.55226870331572,1
shopping_net,19.96,Kansas City,MO,38.9621,-94.5959,545147,Counsellor,39.456849,-94.015493,20,2,12,33.1170431211499,74.34463842765919,0
grocery_pos,230.6,Tomales,CA,38.2427,-122.9145,337,Occupational psychologist,37.960341,-122.116173,0,0,1,64.50924024640658,76.58580444572407,0
gas_transport,86.74,Cascade Locks,OR,45.671,-121.8686,1288,Barrister,46.431635,-121.839005,5,6,1,82.68309377138947,84.60958103646797,0
misc_pos,50.46,Sun City,CA,33.7467,-117.1721,54287,"""Designer, exhibition/display""",33.322036,-116.902295,8,1,12,48.26830937713895,53.43349508111474,0
shopping_net,6.0,Lakeport,CA,39.047,-122.9328,11256,Podiatrist,39.358327,-122.179069,19,1,1,46.223134839151264,73.59614045050257,0
food_dining,92.52,Burbank,WA,46.1966,-118.9017,3684,Musician,45.480658,-118.160204,15,3,12,39.08829568788501,98.16807113472522,0
food_dining,63.12,Malad City,ID,42.1808,-112.262,4154,Nature conservation officer,42.88998,-113.024676,12,3,12,58.94866529774127,100.6143578086768,0
misc_pos,8.68,Thompson,UT,38.9999,-109.615,46,"""Surveyor, minerals""",39.753388,-108.706739,20,3,12,33.67282683093772,114.5163653202074,0
shopping_pos,14.8,Conway,WA,48.34,-122.3456,85,"""Research officer, political party""",48.276525,-123.328178,16,3,1,34.35728952772074,73.01121099536192,0
health_fitness,37.48,Fiddletown,CA,38.5234,-120.6763,832,Immigration officer,38.739669,-121.391936,22,0,9,32.34770704996578,66.6514592286335,1
gas_transport,121.66,Thompson,UT,38.9999,-109.615,46,"""Surveyor, minerals""",38.42884,-110.461054,10,0,1,31.74811772758385,97.05849711775254,0
gas_transport,148.78,Howells,NE,41.6964,-96.9858,1063,Research scientist (maths),42.327466,-96.586904,3,1,12,92.7419575633128,77.52474236578198,0
grocery_pos,196.52,Jelm,WY,41.0539,-106.0763,100,Public librarian,40.618967,-106.875342,9,1,12,46.70499657768652,82.81040554478486,0
misc_pos,3.92,Altonah,UT,40.3207,-110.436,302,"""Sales professional, IT""",40.749858,-109.677912,15,5,12,30.94045174537988,79.88409434493525,0
gas_transport,99.68,Redford,MO,37.3272,-91.0243,241,Investment analyst,36.432416,-91.023871,5,1,1,44.219028062970565,99.49544855908094,0
entertainment,50.58,Lakeport,CA,39.047,-122.9328,11256,Podiatrist,38.839916,-123.398142,13,2,1,46.24503764544832,46.36636108979909,0
entertainment,2.02,Lowell,OR,43.921,-122.7806,1420,Systems analyst,43.971853,-123.561953,20,1,1,53.177275838466805,62.80925083745519,0
grocery_pos,184.32,Paradise Valley,AZ,33.5494,-111.9565,17047,Building surveyor,33.825352,-111.858381,11,0,12,85.91375770020534,31.99922102630424,0
shopping_net,19.7,Sutherland,NE,41.1558,-101.136,1789,Insurance broker,40.778536,-100.169758,23,3,12,38.88569472963724,91.33061611356392,0
grocery_pos,315.36,Iliff,CO,40.7692,-103.0968,648,Community arts worker,41.666687,-103.879988,7,6,12,51.2662559890486,119.37387173557116,0
grocery_pos,197.68,Santa Monica,CA,34.0287,-118.4924,92043,"""Civil engineer, contracting""",34.606818,-118.763664,5,1,1,57.7056810403833,68.94218054805485,0
home,36.7,San Diego,CA,33.0067,-117.069,1241364,"""Pharmacist, hospital""",33.579108,-117.338328,16,1,1,58.85557837097878,68.3944641609648,0
misc_pos,177.2,Sun City,CA,33.7467,-117.1721,54287,"""Designer, exhibition/display""",32.822709,-117.558289,1,6,12,48.26283367556468,108.83349540593228,0
home,124.32,Indian Wells,CA,33.7163,-116.3381,4677,Learning mentor,34.54038,-115.348326,16,3,1,63.7015742642026,129.213915404485,0
personal_care,7.68,Arnold,MO,38.4305,-90.387,35439,Land/geomatics surveyor,37.866684,-91.323451,17,1,1,33.79329226557152,103.1304651762101,0
travel,19.66,Portland,OR,45.5303,-122.7033,841711,"""Engineer, building services""",45.321389,-122.630261,15,4,12,57.72758384668035,23.91892909950657,0
misc_pos,98.88,Moriarty,NM,34.9889,-106.0609,7268,"""Therapist, art""",35.623282,-106.99695,21,1,12,32.40246406570842,110.41080974375986,0
home,82.22,Freedom,WY,43.0172,-111.0292,471,"""Education officer, museum""",42.984645,-111.622312,13,4,12,53.399041752224505,48.36836553988113,0
shopping_net,93.06,Manville,WY,42.73,-104.7024,241,Educational psychologist,43.45991,-105.542517,17,4,12,40.02464065708419,106.02045559208992,0
kids_pets,2.86,Orient,WA,48.8878,-118.2105,149,Special educational needs teacher,49.34944,-118.5995,21,3,12,42.51060917180013,58.6209323580959,0
misc_net,14.84,Browning,MO,40.029,-93.1607,602,Cytogeneticist,40.940923,-93.636494,11,1,12,66.46132785763176,109.0929279420956,0
home,133.9,Lonetree,WY,41.0552,-110.1603,49,Research scientist (physical sciences),41.818307,-111.114143,16,2,1,37.53319644079398,116.28491854576023,0
gas_transport,98.58,Thompson,UT,38.9999,-109.615,46,"""Surveyor, minerals""",39.933463,-108.7095,0,5,12,33.67830253251198,129.68213454218852,0
home,222.08,Hawthorne,CA,33.9143,-118.3493,93193,"""Editor, magazine features""",34.668298,-119.228665,19,6,12,25.69199178644764,116.42691077730473,0
gas_transport,116.84,Smith River,CA,41.9404,-124.1587,1930,Web designer,42.773736,-123.517307,9,0,12,37.5441478439425,106.60084752528849,0
home,22.54,Arnold,MO,38.4305,-90.387,35439,Land/geomatics surveyor,38.244047,-90.943217,14,0,1,33.80971937029432,52.75672557417646,0
shopping_pos,1534.46,Grenada,CA,41.6125,-122.5258,589,Systems analyst,42.341962,-122.779811,15,1,7,73.52772073921972,83.78606684449495,1
personal_care,9.32,Bay City,OR,45.5197,-123.8761,1530,Colour technologist,45.811261,-123.080707,13,1,1,32.10403832991102,69.79464437245935,0
misc_net,1430.02,Carroll,NE,42.277,-97.1926,566,Metallurgist,42.175045,-97.983932,23,6,2,45.07597535934291,66.13674387300165,1
food_dining,198.42,Burbank,WA,46.1966,-118.9017,3684,Musician,46.904956,-118.073157,15,1,1,37.1088295687885,101.08454390773544,0
food_dining,18.72,Burbank,WA,46.1966,-118.9017,3684,Musician,46.328463,-119.695354,20,1,12,39.082819986310746,62.74910462558204,0
gas_transport,74.48,Mesa,ID,44.6255,-116.4493,129,Cartographer,45.181221,-115.468509,0,1,12,55.03901437371663,98.91992739701716,0
misc_pos,11.48,Fort Washakie,WY,43.0048,-108.8964,1645,Information systems manager,43.001553,-109.126857,23,0,12,34.861054072553046,18.743916218191057,0
health_fitness,57.36,Sun City,CA,33.7467,-117.1721,54287,"""Designer, exhibition/display""",33.038379,-117.460837,16,1,12,48.26830937713895,83.19823200777095,0
kids_pets,38.64,Burbank,WA,46.1966,-118.9017,3684,Musician,47.060508,-119.736173,13,3,4,38.39835728952772,115.27312764164672,1
shopping_pos,11.36,San Diego,CA,33.0067,-117.069,1241364,Chartered public finance accountant,33.390459,-117.729271,10,4,12,61.39082819986311,74.80070332335532,0
shopping_net,1974.32,Williamsburg,MO,38.8874,-91.7689,710,Glass blower/designer,39.67065,-91.80472,16,5,8,48.92539356605065,87.14797847933565,1
shopping_pos,27.32,Espanola,NM,35.9866,-106.0654,18408,Historic buildings inspector/conservation officer,36.199677,-106.78779,13,4,1,46.46406570841889,69.09720341480812,0
shopping_net,1707.6,Alva,WY,44.6873,-104.4414,110,"""Administrator, local government""",44.062324,-103.879906,22,0,2,45.74127310061601,82.58915324237255,1
food_dining,180.1,Indian Wells,CA,33.7163,-116.3381,4677,Learning mentor,33.735179,-117.313224,11,1,1,63.696098562628336,90.20487964835036,0
grocery_net,99.3,Jordan Valley,OR,42.8801,-117.281,641,Economist,42.238479,-116.337428,9,0,12,27.093771389459278,105.17767442491204,0
grocery_pos,118.9,San Diego,CA,32.7185,-117.1593,1241364,Comptroller,32.852962,-116.67341,2,1,1,31.12662559890486,47.81929690408944,0
shopping_pos,12.16,Jelm,WY,41.0539,-106.0763,100,Public librarian,40.055588,-106.106467,18,1,1,44.7501711156742,111.0364807031193,0
personal_care,151.26,Littleton,CO,39.5994,-105.0044,320420,Water engineer,38.833804,-104.520804,19,6,1,43.45516769336072,94.77757183134987,0
entertainment,30.6,Parks,AZ,35.2563,-111.95,759,"""Geologist, engineering""",34.664,-111.360584,17,0,1,61.817932922655714,84.98645896700454,0
misc_pos,12.36,Omaha,NE,41.2064,-95.9953,518429,"""Surveyor, land/geomatics""",40.47539,-95.65078,14,5,1,23.23887748117728,86.29652887645084,0
gas_transport,97.9,Rocky Mount,MO,38.2911,-92.7059,1847,Tax inspector,38.760487,-92.107248,4,3,1,30.187542778918548,73.73021622614088,0
entertainment,15.3,Browning,MO,40.029,-93.1607,602,Cytogeneticist,39.313129,-93.228061,16,0,1,64.48459958932239,79.80972971869521,0
personal_care,6.7,Gardiner,OR,43.7857,-124.1437,260,"""Engineer, maintenance""",44.628766,-123.998683,12,3,12,64.33127994524298,94.45453914920174,0
travel,3.56,Llano,NM,36.1486,-105.6648,247,Architectural technologist,35.656627,-104.778826,12,6,10,58.96509240246407,96.74919385582184,1
gas_transport,117.64,Westfir,OR,43.7575,-122.481,597,Forensic psychologist,44.317255,-122.025763,9,1,12,59.61396303901437,72.09888747768818,0
health_fitness,7.14,June Lake,CA,37.7773,-119.0825,633,Health service manager,38.674545,-118.947507,19,1,12,93.305954825462,100.46349204306615,0
shopping_pos,14.02,Superior,AZ,33.2887,-111.0985,2872,Petroleum engineer,33.008996,-111.293603,17,6,1,31.211498973305957,36.01713314813033,0
home,44.28,Littleton,CO,39.5994,-105.0044,320420,Water engineer,39.645939,-104.104855,13,3,12,45.42094455852156,77.21849987268926,0
shopping_pos,1010.82,Issaquah,WA,47.4974,-122.0107,50489,Osteopath,47.8803,-122.71731,18,0,1,34.85557837097878,67.89800243737471,0
personal_care,70.78,Holstein,NE,40.4542,-98.6538,331,Telecommunications researcher,41.421919,-99.592013,17,1,1,68.40793976728268,133.37614669619464,0
health_fitness,145.22,Fort Washakie,WY,43.0048,-108.8964,1645,Freight forwarder,43.866236,-108.184437,12,1,1,42.847364818617386,111.71252464771725,0
home,117.66,Laguna Hills,CA,33.615,-117.7114,45303,Sales executive,34.516717,-117.133738,22,6,12,51.01437371663244,113.51006075678929,0
gas_transport,153.12,Fullerton,NE,41.366,-98.0054,1749,"""Surveyor, mining""",41.854191,-97.529769,5,2,12,47.64955509924709,67.15965160778124,0
health_fitness,12.76,Paauilo,HI,20.0271,-155.3697,1490,"""Scientist, research (maths)""",20.052374,-155.470192,22,6,12,29.70841889117043,10.867331264170348,0
health_fitness,24.26,Laramie,WY,41.4247,-105.4781,35371,"""Pilot, airline""",41.888756,-105.760742,15,6,12,32.31759069130732,56.692103910722274,0
personal_care,17.98,Phoenix,AZ,33.8155,-112.1202,1312922,Counselling psychologist,34.51609,-111.731664,14,1,12,21.08145106091718,85.71196943538993,0
home,113.22,June Lake,CA,37.7773,-119.0825,633,Health service manager,38.554735,-118.389631,18,4,1,91.32101300479124,105.55575015182087,0
kids_pets,145.72,Utica,MO,39.7417,-93.6289,271,Land/geomatics surveyor,40.621543,-92.788097,22,1,1,46.743326488706366,121.13319001293252,0
gas_transport,22.0,Fort Washakie,WY,43.0048,-108.8964,1645,Freight forwarder,42.146053,-108.104028,2,1,12,43.84394250513347,115.44395980019796,1
food_dining,148.14,Lake Oswego,OR,45.4093,-122.6847,42817,Planning and development surveyor,45.786601,-123.00956,15,1,12,38.59000684462697,48.97892519454061,0
grocery_net,66.26,Norwalk,CA,33.9056,-118.0818,105549,Firefighter,34.533272,-117.807916,5,0,1,45.3305954825462,74.1979679835702,0
grocery_pos,160.06,Wheaton,MO,36.7651,-94.0492,760,Production manager,36.623103,-93.194698,9,5,1,33.36618754277892,77.80620815769564,0
shopping_pos,67.08,Mound City,MO,40.1362,-95.2138,1631,Architect,40.387881,-94.908391,4,4,1,65.95482546201232,38.14137887739408,0
home,20.86,Paauilo,HI,20.0271,-155.3697,1490,"""Scientist, research (maths)""",19.947842,-155.51643,16,0,1,27.73716632443532,17.685254308181996,0
entertainment,116.88,Smith River,CA,41.9404,-124.1587,1930,Web designer,42.926739,-124.915733,17,5,12,37.53867214236824,126.04921231830954,0
misc_pos,390.4,High Rolls Mountain Park,NM,32.9396,-105.8189,899,Naval architect,32.677604,-105.548682,5,3,12,53.3388090349076,38.554755220319606,0
grocery_pos,125.14,Newberg,OR,45.3099,-122.9685,28278,Research scientist (physical sciences),44.708412,-123.57705,1,3,1,41.503080082135526,82.23069782310873,0
misc_pos,14.42,Independence,MO,39.1412,-94.3515,123373,"""Engineer, production""",38.985867,-94.595166,2,1,8,26.72689938398357,27.2195058693188,1
misc_net,2.08,Tomales,CA,38.2427,-122.9145,337,Occupational psychologist,38.177344,-123.770366,10,0,1,64.54757015742642,75.13012492738304,0
gas_transport,38.12,Gardiner,OR,43.7857,-124.1437,260,"""Engineer, maintenance""",43.65284,-123.463528,2,5,2,63.45516769336072,56.62265617008916,1
grocery_pos,258.54,Luray,MO,40.4931,-91.8912,519,Town planner,41.059977,-91.843183,11,6,1,52.93360711841205,63.16338278781841,0
shopping_net,1743.54,Carlotta,CA,40.507,-123.9743,1139,"""Therapist, occupational""",40.237194,-123.676706,23,1,12,69.89733059548254,39.18707178773552,1
gas_transport,119.76,Orient,WA,48.8878,-118.2105,149,Special educational needs teacher,48.80447,-119.085994,11,3,1,40.57494866529774,64.73097183103079,0
personal_care,76.7,Camden,MO,39.2048,-94.0259,464,Colour technologist,39.416339,-93.905283,21,6,12,61.58521560574949,25.70939287965256,0
health_fitness,197.74,Rocky Mount,MO,38.2911,-92.7059,1847,Tax inspector,37.975595,-92.078887,12,1,1,30.220396988364133,65.10178429008279,0
shopping_net,30.8,Los Angeles,CA,34.0443,-118.2509,2383912,"""Journalist, newspaper""",34.914876,-117.553238,8,6,12,61.57973990417522,116.01785323535424,0
entertainment,139.46,Manville,WY,42.73,-104.7024,241,Educational psychologist,43.513475,-104.617801,20,2,1,38.08350444900753,87.38858780087597,0
food_dining,93.98,Meredith,CO,39.3199,-106.6596,61,Public relations account executive,39.582887,-107.295284,22,1,12,81.15263518138262,61.92028161441036,0
misc_pos,903.72,Phoenix,AZ,33.8155,-112.1202,1312922,Counselling psychologist,34.282343,-111.4782,12,4,12,21.07049965776865,78.69687016769694,0
shopping_pos,20.7,Centerview,MO,38.7897,-93.8702,2368,Electronics engineer,39.216773,-93.132665,13,0,12,31.449691991786448,79.47765952182402,0
shopping_pos,3.48,Rocky Mount,MO,38.2911,-92.7059,1847,Tax inspector,37.61803,-92.255447,20,0,12,32.172484599589325,84.62312782850981,0
grocery_pos,193.88,Paauilo,HI,20.0271,-155.3697,1490,"""Scientist, research (maths)""",19.52609,-155.247382,11,0,1,27.77549623545517,57.16108576268515,0
grocery_pos,134.34,Conway,WA,48.34,-122.3456,85,"""Research officer, political party""",48.865398,-122.750248,2,5,1,34.34360027378508,65.56181209886005,0
health_fitness,152.12,Grenada,CA,41.6125,-122.5258,589,Systems analyst,40.672319,-122.755969,17,1,12,75.02258726899385,106.3050867447576,0
personal_care,253.36,Hooper,NE,41.6414,-96.5232,1745,"""Engineer, automotive""",42.003508,-96.800535,22,3,12,46.99520876112252,46.361201236489485,0
home,566.04,Thompson,UT,38.9999,-109.615,46,"""Surveyor, minerals""",39.07947,-109.183117,22,0,12,33.68377823408624,38.335060718224526,0
shopping_net,10.74,Sun City,CA,33.7467,-117.1721,54287,"""Designer, exhibition/display""",34.233526,-117.864486,18,4,1,46.28336755646817,83.69679815624164,0
entertainment,239.22,Sixes,OR,42.825,-124.4409,217,Retail merchandiser,42.337163,-124.150897,19,2,1,90.29158110882958,59.21390213955053,0
misc_net,1640.02,Helm,CA,36.4992,-120.0936,123,Early years teacher,36.286208,-119.458995,22,2,9,46.59000684462697,61.54203677228514,1
food_dining,4.78,Lowell,OR,43.921,-122.7806,1420,Systems analyst,44.6554,-123.780203,14,2,1,53.16084873374401,114.0127733313958,0
home,72.82,Newhall,CA,34.3795,-118.523,34882,Health physicist,33.88653,-119.285845,13,6,1,47.72073921971253,89.07553831033233,0
shopping_pos,1675.94,Fullerton,NE,41.366,-98.0054,1749,"""Surveyor, mining""",41.261585,-98.170919,22,6,12,46.64476386036961,18.052824083753087,1
grocery_pos,395.94,Newhall,CA,34.3795,-118.523,34882,Health physicist,35.031152,-117.565032,8,6,1,47.72073921971253,113.6607890116633,0
grocery_net,183.04,San Diego,CA,33.0067,-117.069,1241364,Chartered public finance accountant,32.328743,-117.525094,5,1,12,61.40177960301163,86.63481738364493,0
food_dining,18.98,Sutherland,NE,41.1558,-101.136,1789,Insurance broker,41.012462,-101.632029,21,0,12,38.87748117727584,44.52397000908417,0
grocery_net,95.86,Superior,AZ,33.2887,-111.0985,2872,Petroleum engineer,33.231717,-111.578939,9,2,1,31.200547570157426,45.11826487059204,0
misc_net,4.0,Lagrange,WY,41.6423,-104.1974,635,Product/process development scientist,41.201751,-104.471405,4,0,12,47.460643394934976,54.05244260725658,0
misc_net,115.0,Norwalk,CA,33.9056,-118.0818,105549,Firefighter,34.34767,-117.286363,8,6,1,45.28952772073922,88.18755810502068,0
shopping_pos,19.86,Carlotta,CA,40.507,-123.9743,1139,"""Therapist, occupational""",40.600006,-124.269163,7,4,12,69.9438740588638,26.9730704896223,0
food_dining,299.6,Tomales,CA,38.2427,-122.9145,337,Occupational psychologist,38.347824,-123.121586,18,6,1,64.50650239561944,21.52303770518036,0
grocery_pos,184.44,Indian Wells,CA,33.7163,-116.3381,4677,Learning mentor,33.08047,-115.344018,5,5,1,63.70704996577687,116.25214921991368,0
personal_care,78.9,Littleton,CO,39.5994,-105.0044,320420,Water engineer,39.649701,-104.499723,21,0,12,45.412731006160165,43.58428305763231,0
shopping_net,18.98,Oakland,CA,37.7878,-122.1884,381459,Barista,37.284654,-122.764249,15,0,1,45.04859685147159,75.55222555542585,0
food_dining,115.98,Dumont,CO,39.7532,-105.6356,565,Mental health nurse,39.156109,-105.206985,18,0,1,40.38329911019849,75.90952769691677,0
food_dining,126.9,Meadville,MO,39.7795,-93.3014,964,Tourist information centre manager,40.616783,-94.101168,19,6,12,46.012320328542096,115.24587698228773,0
health_fitness,203.66,Riverton,WY,43.0351,-108.2024,19408,"""Lecturer, higher education""",43.642137,-107.411679,16,1,1,25.32511978097194,92.98047619998292,0
gas_transport,139.06,Cascade Locks,OR,45.671,-121.8686,1288,Barrister,45.035897,-120.89036,1,3,1,82.71321013004791,104.06704002665847,0
shopping_pos,225.46,Sixes,OR,42.825,-124.4409,217,Retail merchandiser,42.245379,-124.917783,4,6,12,92.23819301848047,75.36985214752607,0
gas_transport,142.44,Laramie,WY,41.4247,-105.4781,35371,"""Pilot, airline""",41.075023,-105.052557,0,5,12,32.31485284052019,52.70157346077354,0
travel,12.98,San Jose,CA,37.3304,-121.7913,973849,Geoscientist,36.691331,-121.14281,22,6,1,21.965776865160848,91.46090421184245,0
shopping_pos,63.42,Lakeport,CA,39.047,-122.9328,11256,Podiatrist,38.06446,-123.418731,19,5,12,48.18891170431211,117.13917608416686,0
misc_pos,347.82,Glendale,CA,34.1556,-118.2322,172817,Advertising account planner,34.712978,-117.948236,21,4,12,38.40657084188912,67.22667511374567,0
personal_care,253.4,Moab,UT,38.5677,-109.5271,9772,Location manager,38.05581,-110.519322,20,4,12,31.08555783709788,103.60528131322668,0
health_fitness,181.62,Utica,MO,39.7417,-93.6289,271,Land/geomatics surveyor,40.380618,-92.774733,22,5,12,48.68993839835729,101.64333032967744,0
entertainment,773.82,Thompson,UT,38.9999,-109.615,46,"""Surveyor, minerals""",39.262556,-109.656927,23,4,1,31.73990417522245,29.429057459969503,1
shopping_pos,10.52,Hatch,UT,37.7175,-112.4777,258,Geoscientist,38.658304,-112.413339,7,0,12,59.09377138945928,104.76374106123176,0
grocery_net,89.3,Sun City,CA,33.7467,-117.1721,54287,"""Designer, exhibition/display""",33.95058,-118.131046,6,2,1,46.29705681040383,91.41274383484314,0
grocery_pos,191.74,Mesa,ID,44.6255,-116.4493,129,Cartographer,44.835671,-117.032846,4,0,1,53.100616016427104,51.68285976142669,0
personal_care,7.1,Meredith,CO,39.3199,-106.6596,61,Public relations account executive,39.436683,-106.761089,18,1,1,79.1978097193703,15.64351272064352,0
grocery_pos,111.86,Hawthorne,CA,33.9143,-118.3493,93193,"""Editor, magazine features""",34.022659,-118.618246,2,0,12,25.69472963723477,27.573760074999736,0
entertainment,49.88,Littleton,CO,39.5994,-105.0044,320420,Water engineer,39.156962,-104.205866,19,0,1,43.45790554414784,84.4449915863738,0
shopping_pos,16.48,North Loup,NE,41.4972,-98.7858,509,"""Nurse, children's""",41.919457,-98.877932,19,0,1,38.34907597535934,47.57163269826266,0
misc_pos,3.02,Eugene,OR,44.0385,-123.0614,191096,"""Scientist, physiological""",44.417284,-123.572941,8,5,12,56.72279260780287,58.61121928463137,0
home,155.02,Alva,WY,44.6873,-104.4414,110,"""Administrator, local government""",45.053785,-104.690758,23,6,1,45.68104038329911,45.24158030382706,0
home,236.2,Lakeport,CA,39.047,-122.9328,11256,Podiatrist,39.543279,-122.148761,21,3,12,48.20260095824778,87.16185731237441,0
shopping_pos,3.46,Conway,WA,48.34,-122.3456,85,"""Research officer, political party""",47.948102,-121.378074,23,1,12,36.32580424366872,83.97677873618365,0
personal_care,167.5,Jordan Valley,OR,42.8801,-117.281,641,Economist,43.783067,-117.728487,16,2,1,25.12525667351129,106.7292389407322,0
home,201.84,Centerview,MO,38.7897,-93.8702,2368,Electronics engineer,38.712639,-93.6291,13,1,12,31.45242984257358,22.595438427306927,0
shopping_net,534.26,Lakeport,CA,39.047,-122.9328,11256,Podiatrist,39.12545,-122.676064,22,5,1,46.21492128678987,23.81391108710404,0
gas_transport,128.64,Gardiner,OR,43.7857,-124.1437,260,"""Engineer, maintenance""",44.219575,-125.032754,0,6,1,62.34633812457221,85.93007346798105,0
entertainment,40.42,Riverton,WY,43.0351,-108.2024,19408,"""Lecturer, higher education""",42.86628,-107.905866,23,1,12,27.299110198494184,30.57529763837669,0
entertainment,366.54,Omaha,NE,41.2064,-95.9953,518429,"""Surveyor, land/geomatics""",41.559967,-95.428548,23,1,12,25.22108145106092,61.49325959880935,0
shopping_pos,115.56,Phoenix,AZ,33.5623,-112.0559,1312922,Contractor,33.58981,-111.21827,22,0,1,37.223819301848046,77.66004594221616,0
health_fitness,24.74,Mendon,UT,41.71,-111.9817,2078,"""Scientist, audiological""",41.941048,-111.924444,13,6,12,57.541409993155376,26.125733643071012,0
misc_net,7.46,High Rolls Mountain Park,NM,32.9396,-105.8189,899,Naval architect,33.022663,-106.194256,3,2,1,51.36208076659822,36.209404487761255,0
entertainment,83.56,Carlotta,CA,40.507,-123.9743,1139,"""Therapist, occupational""",41.034261,-124.124674,23,6,1,67.97535934291581,59.98068509126296,0
gas_transport,32.66,Humboldt,AZ,34.5189,-112.2523,1179,"""Civil engineer, contracting""",34.085224,-112.885194,2,5,9,64.64887063655031,75.53168005803066,1
gas_transport,189.48,Glendale,CA,34.1556,-118.2322,172817,Advertising account planner,33.600791,-118.099781,2,1,1,36.4435318275154,62.89142739056031,0
entertainment,4.24,Redford,MO,37.3272,-91.0243,241,Investment analyst,37.432571,-91.891995,23,3,12,46.16016427104723,77.55812975828817,0
kids_pets,38.46,Fort Washakie,WY,43.0048,-108.8964,1645,Information systems manager,42.995377,-109.128294,23,5,3,33.034907597535934,18.88732696378285,1
misc_pos,133.74,Burbank,WA,46.1966,-118.9017,3684,Musician,46.113919,-119.821778,4,3,12,39.08829568788501,71.46285818178359,0
shopping_pos,13.52,Fields Landing,CA,40.7268,-124.2174,276,"""Scientist, audiological""",41.137626,-124.136321,3,6,12,91.64407939767284,46.1867373597759,0
misc_pos,130.42,Huntington Beach,CA,33.6773,-118.0051,190249,"""Therapist, horticultural""",34.423235,-118.542062,10,3,12,44.28747433264887,96.57624964732372,0
home,177.62,Helm,CA,36.4992,-120.0936,123,Early years teacher,36.949535,-120.989262,13,3,1,45.94113620807666,94.23139127460382,0
shopping_net,326.78,Paauilo,HI,20.0271,-155.3697,1490,"""Scientist, research (maths)""",20.393062,-155.983198,17,0,12,29.711156741957563,75.85637764870411,0
personal_care,167.3,Rocky Mount,MO,38.2911,-92.7059,1847,Tax inspector,38.281533,-92.869853,16,3,12,32.18069815195072,14.349239104757237,0
misc_net,14.52,Omaha,NE,41.2064,-95.9953,518429,"""Surveyor, land/geomatics""",41.266043,-96.779466,17,2,1,23.26899383983573,65.90501174146533,0
misc_net,58.8,High Rolls Mountain Park,NM,32.9396,-105.8189,899,Naval architect,33.673085,-105.321286,8,6,12,53.327857631759066,93.75717287848052,0
misc_pos,39.12,Independence,MO,39.1412,-94.3515,123373,"""Engineer, production""",38.776885,-93.795303,0,1,12,28.087611225188223,62.87933686225645,0
shopping_pos,7.04,Lakeport,CA,39.047,-122.9328,11256,Podiatrist,38.955865,-122.320798,22,1,1,46.24229979466119,53.84693418940769,0
grocery_pos,250.3,Fields Landing,CA,40.7268,-124.2174,276,"""Scientist, audiological""",41.318479,-123.47775,9,1,1,89.69472963723477,90.43570716416178,0
grocery_pos,119.16,Rocky Mount,MO,38.2911,-92.7059,1847,Tax inspector,37.646495,-92.14958,10,1,1,30.220396988364133,86.69320314384585,0
kids_pets,28.36,Indian Wells,CA,33.7163,-116.3381,4677,Learning mentor,33.022123,-115.412972,13,1,1,63.696098562628336,115.49264285240363,0
personal_care,22.7,Conway,WA,48.34,-122.3456,85,"""Research officer, political party""",48.472905,-123.172538,19,3,1,34.338124572210816,62.80427272694206,0
misc_pos,10.84,Riverton,WY,43.0351,-108.2024,19408,"""Lecturer, higher education""",43.678366,-107.893963,16,6,1,25.357973990417523,75.75001327550714,0
shopping_pos,12.4,Eugene,OR,44.0385,-123.0614,191096,"""Scientist, physiological""",44.36349,-122.486309,7,0,1,54.77344284736482,58.37388433409499,0
shopping_pos,5.26,Fields Landing,CA,40.7268,-124.2174,276,"""Scientist, audiological""",40.860883,-123.783113,0,0,1,89.69199178644764,39.48226893336495,0
personal_care,23.34,Fullerton,NE,41.366,-98.0054,1749,"""Surveyor, mining""",40.578837,-97.619215,21,1,1,45.69199178644764,93.34015446792849,0
shopping_net,12.64,Llano,NM,36.1486,-105.6648,247,Architectural technologist,36.867679,-105.042958,3,1,1,57.18822724161533,97.37555718429154,0
personal_care,26.34,Hooper,NE,41.6414,-96.5232,1745,"""Engineer, automotive""",41.076283,-96.84855,15,5,1,45.02669404517454,68.45406744587335,0
shopping_pos,49.92,Orient,WA,48.8878,-118.2105,149,Special educational needs teacher,49.220856,-119.040584,20,3,1,40.57494866529774,70.92494399974474,0
health_fitness,149.1,Meadville,MO,39.7795,-93.3014,964,Tourist information centre manager,39.558054,-92.815427,23,5,12,46.00958247775496,48.33727961713895,0
grocery_pos,247.88,Tomales,CA,38.2427,-122.9145,337,Occupational psychologist,37.668179,-122.907928,2,1,1,64.53114305270363,63.88641891478424,0
gas_transport,115.14,Jelm,WY,41.0539,-106.0763,100,Public librarian,40.786294,-105.512733,7,1,12,46.70499657768652,55.92506922105266,0
misc_pos,30.36,Red River,NM,36.6659,-105.4694,606,"""Surveyor, land/geomatics""",37.604205,-104.80876,13,3,1,30.34360027378508,119.6460321232744,0
personal_care,34.1,Seligman,MO,36.5276,-93.9359,2693,"""Engineer, biomedical""",36.586861,-93.020896,22,6,10,52.662559890485966,81.99186700328859,1
health_fitness,16.42,Luray,MO,40.4931,-91.8912,519,Town planner,40.444283,-91.985369,13,6,12,54.86926762491444,9.639643795949482,0
food_dining,67.78,Carlotta,CA,40.507,-123.9743,1139,"""Therapist, occupational""",39.941232,-124.012756,21,1,1,67.96167008898016,62.9951930172198,0
health_fitness,4.52,Broomfield,CO,39.8854,-105.1139,92337,"""Engineer, electronics""",39.024239,-105.077394,18,0,1,51.26078028747433,95.80801260740206,0
grocery_pos,111.16,Riverton,WY,43.0351,-108.2024,19408,"""Lecturer, higher education""",42.130146,-108.585226,11,0,1,25.322381930184804,105.39435423324996,0
home,9.4,Centerview,MO,38.7897,-93.8702,2368,Electronics engineer,38.73185,-93.565165,22,2,1,29.481177275838466,27.21939735889133,0
health_fitness,31.08,Scotts Mills,OR,44.9897,-122.6187,1252,"""Engineer, petroleum""",45.087087,-121.699075,20,0,12,83.89048596851471,73.0651064365044,0
food_dining,219.06,Dumont,CO,39.7532,-105.6356,565,Mental health nurse,39.557126,-105.756555,23,4,3,41.5441478439425,24.13644845139009,1
shopping_net,2428.78,Fiddletown,CA,38.5234,-120.6763,832,Immigration officer,38.828029,-119.782074,23,0,9,32.34770704996578,84.69524700894699,1
grocery_pos,292.66,Vinton,CA,40.0235,-120.7986,128,Education administrator,39.892043,-121.453696,10,1,1,52.85968514715948,57.7172286664262,0
gas_transport,117.28,Burlington,WA,48.4786,-122.3345,14871,Public house manager,48.538982,-121.744509,7,1,12,46.8062970568104,43.978419936765576,0
shopping_pos,26.94,Wheaton,MO,36.7651,-94.0492,760,Production manager,36.627466,-94.313003,22,4,12,35.318275154004105,28.060846848149637,0
grocery_pos,591.64,Paradise Valley,AZ,33.5494,-111.9565,17047,Building surveyor,33.130158,-111.37532,0,6,10,85.71937029431896,71.32987702784686,1
home,76.88,Issaquah,WA,47.4974,-122.0107,50489,Osteopath,47.894361,-122.358962,22,4,1,34.88569472963724,51.26095632376823,0
gas_transport,87.14,Hooper,NE,41.6414,-96.5232,1745,"""Engineer, automotive""",41.807327,-96.881212,8,6,1,45.02943189596167,34.974215488498835,0
food_dining,2.42,Manville,WY,42.73,-104.7024,241,Educational psychologist,41.818193,-104.674822,16,0,12,40.03285420944559,101.41369757491864,0
grocery_net,106.66,Orient,WA,48.8878,-118.2105,149,Special educational needs teacher,49.637347,-119.137623,1,3,1,40.57494866529774,107.1088529619436,0
grocery_pos,180.46,Mountain Center,CA,33.6401,-116.5567,1661,"""Therapist, music""",34.188815,-117.398162,5,4,12,32.26557152635181,98.75130000251788,0
gas_transport,84.8,Holstein,NE,40.4542,-98.6538,331,Telecommunications researcher,39.699286,-98.806666,9,1,12,70.36276522929501,84.9442351675243,0
kids_pets,115.32,Burlington,WA,48.4786,-122.3345,14871,Public house manager,49.372739,-123.23309,20,0,12,46.80355920602327,119.140907399249,0
health_fitness,45.5,Roseland,NE,40.4591,-98.5551,463,"""Nurse, mental health""",40.259017,-99.449781,22,6,1,70.63928815879535,79.00382905422966,0
gas_transport,118.14,Fields Landing,CA,40.7268,-124.2174,276,"""Scientist, audiological""",40.008932,-123.543386,7,4,12,91.63860369609856,98.14410847067336,0
misc_net,4.0,Weeping Water,NE,40.8731,-96.1528,1517,Dealer,41.21925,-95.683256,0,2,12,69.14442162902122,55.063379718015646,0
shopping_net,2257.32,Kirtland,NM,36.741,-108.351,6910,TEFL teacher,37.46916,-108.8658,23,0,9,64.65434633812457,92.95104728149708,1
shopping_net,12.94,Meredith,CO,39.3199,-106.6596,61,Public relations account executive,39.177745,-105.983542,7,4,1,79.18685831622176,60.32299259363686,0
grocery_net,156.06,Independence,MO,39.1412,-94.3515,123373,"""Engineer, production""",40.107979,-94.736899,1,4,1,26.102669404517453,112.45401807307498,0
kids_pets,194.4,Owensville,MO,38.3511,-91.4867,6703,Naval architect,38.210607,-92.231835,18,1,1,20.618754277891856,66.8896174187554,0
misc_pos,33.86,Kansas City,MO,38.9621,-94.5959,545147,Counsellor,39.772577,-94.007914,5,2,1,31.143052703627653,103.32725309456904,0
personal_care,56.7,Fort Washakie,WY,43.0048,-108.8964,1645,Information systems manager,42.581214,-108.776638,12,6,12,34.85831622176591,48.10364680261374,0
entertainment,29.54,Burbank,WA,46.1966,-118.9017,3684,Musician,45.497685,-119.583515,18,3,12,39.08829568788501,93.96021506271347,0
gas_transport,123.14,Thompson,UT,38.9999,-109.615,46,"""Surveyor, minerals""",38.512875,-109.477106,3,5,12,33.67830253251198,55.45898944610359,0
shopping_pos,10.1,Fields Landing,CA,40.7268,-124.2174,276,"""Scientist, audiological""",40.706996,-123.740741,4,4,1,89.70294318959617,40.23274875509516,0
personal_care,65.7,Santa Monica,CA,34.0287,-118.4924,92043,"""Civil engineer, contracting""",34.630176,-117.518522,23,6,12,59.67419575633128,111.66933581832522,0
grocery_pos,155.32,Norwalk,CA,33.9056,-118.0818,105549,Firefighter,34.732399,-118.468582,5,2,1,45.27857631759069,98.55904705897784,0
grocery_pos,228.54,Conway,WA,48.34,-122.3456,85,"""Research officer, political party""",48.561757,-123.231207,0,2,12,36.328542094455855,69.81381576076123,0
misc_pos,22.0,San Jose,CA,37.3304,-121.7913,973849,Geoscientist,37.839436,-121.094501,16,4,1,21.998631074606436,83.50818973379712,0
gas_transport,105.82,Mountain Center,CA,33.6401,-116.5567,1661,"""Therapist, music""",33.710095,-116.965725,4,1,12,32.276522929500345,38.641403559843816,0
health_fitness,214.82,Meredith,CO,39.3199,-106.6596,61,Public relations account executive,38.417406,-106.386284,12,1,1,79.15947980835044,103.10453498114732,0
health_fitness,150.16,American Fork,UT,40.3928,-111.7941,42384,Futures trader,40.978928,-111.502003,15,0,12,27.99726214921287,69.67273743494482,0
home,3.72,Holstein,NE,40.4542,-98.6538,331,Telecommunications researcher,40.547799,-98.039035,13,1,12,70.36276522929501,53.01122153928326,0
grocery_pos,177.1,Paradise Valley,AZ,33.5494,-111.9565,17047,Building surveyor,32.613998,-112.777839,8,2,1,83.96440793976728,129.12799961322867,0
personal_care,263.22,Superior,AZ,33.2887,-111.0985,2872,Petroleum engineer,32.577034,-111.74796,19,1,1,31.19780971937029,99.67865368845403,0
grocery_pos,396.14,Napa,CA,38.4549,-122.2564,94014,Airline pilot,38.779813,-122.671703,2,3,12,35.36208076659822,51.06024021590965,0
shopping_pos,15.24,Redford,MO,37.3272,-91.0243,241,Investment analyst,38.290179,-91.250965,16,2,1,44.20260095824778,108.91404606422456,0
personal_care,22.5,Powell Butte,OR,44.2415,-121.0113,2016,Local government officer,44.49761,-121.188515,18,4,1,65.06502395619438,31.771473702417744,0
personal_care,34.68,Mountain Center,CA,33.6401,-116.5567,1661,"""Therapist, music""",34.517055,-116.032998,18,4,12,32.26557152635181,108.78901614575976,0
misc_net,1604.2,Loving,NM,32.274,-104.0914,1925,Educational psychologist,31.790515,-104.507956,19,0,8,68.24640657084188,66.57414411428827,1
shopping_net,1763.38,Mesa,ID,44.6255,-116.4493,129,Cartographer,44.47879,-116.439773,11,2,1,53.06776180698152,16.330865142678494,0
shopping_net,16.06,Burbank,WA,46.1966,-118.9017,3684,Musician,46.879915,-119.528207,21,4,12,39.07186858316222,89.82949658424509,0
entertainment,142.58,June Lake,CA,37.7773,-119.0825,633,Health service manager,37.162352,-118.62821,15,4,1,91.35934291581108,79.26564283075338,0
shopping_pos,1742.54,Lamy,NM,35.4311,-105.9409,923,Public relations account executive,34.839465,-106.569735,22,5,2,54.652977412731005,87.16483514834069,1
misc_pos,19.48,Honokaa,HI,20.0827,-155.488,4878,Physiotherapist,20.296703,-154.681452,3,2,1,52.120465434633815,87.47222611764178,0
shopping_net,15.78,Red River,NM,36.6659,-105.4694,606,"""Surveyor, land/geomatics""",36.315491,-105.920903,17,6,1,30.33264887063655,56.10056668743516,0
entertainment,31.18,Colton,WA,46.5901,-117.1692,761,Chief Marketing Officer,46.164647,-116.480335,15,4,12,77.48939082819986,70.9270742031345,0
shopping_net,18.36,Superior,AZ,33.2887,-111.0985,2872,Petroleum engineer,34.19072,-111.794037,18,2,1,31.21971252566735,119.14755557067537,0
home,34.82,Westerville,NE,41.4193,-99.3844,73,Product designer,40.44669,-100.249342,16,5,12,85.8754277891855,130.2890145012187,0
gas_transport,139.0,Tomales,CA,38.2427,-122.9145,337,Occupational psychologist,37.745339,-122.12147,7,4,1,64.5201916495551,88.81284126160804,0
health_fitness,97.34,American Fork,UT,40.3928,-111.7941,42384,Futures trader,39.455437,-111.971504,20,0,1,26.023271731690624,105.32207000351808,0
travel,12.18,Browning,MO,40.029,-93.1607,602,Cytogeneticist,40.069437,-93.23382,20,0,12,66.45859000684463,7.678170196003814,0
kids_pets,86.9,Thompson,UT,38.9999,-109.615,46,"""Surveyor, minerals""",39.857438,-109.593563,16,2,1,31.71526351813826,95.371648260155,0
personal_care,8.52,Rocky Mount,MO,38.2911,-92.7059,1847,Tax inspector,39.059925,-92.453328,22,1,1,30.220396988364133,88.25620746750579,0
home,72.64,Burbank,WA,46.1966,-118.9017,3684,Musician,45.608745,-119.50835,15,1,1,37.08966461327858,80.47479424221005,0
travel,14.48,Wales,AK,64.7556,-165.6723,145,"""Administrator, education""",64.894952,-166.102081,18,5,1,79.19507186858316,25.56077656915595,0
gas_transport,128.54,North Loup,NE,41.4972,-98.7858,509,"""Nurse, children's""",42.374295,-97.888189,2,1,12,40.28747433264887,122.5730574983664,0
home,90.8,Ballwin,MO,38.577,-90.5255,92608,"""Engineer, communications""",38.86177,-90.948805,18,0,12,19.42505133470226,48.49064309940582,0
home,54.16,Sutherland,NE,41.1558,-101.136,1789,Insurance broker,40.909356,-101.170363,23,6,1,36.91991786447639,27.554487289377548,0
health_fitness,205.08,Daly City,CA,37.6787,-122.478,107941,"""Buyer, industrial""",37.049231,-122.916859,15,6,1,27.29637234770705,80.02107757950807,0
gas_transport,189.6,Sun City,CA,33.7467,-117.1721,54287,"""Designer, exhibition/display""",33.667671,-116.909489,3,6,1,46.32717316906229,25.832473931218622,0
misc_net,232.52,Meadville,MO,39.7795,-93.3014,964,Tourist information centre manager,39.35483,-92.620834,7,3,1,44.03011635865845,75.05286124064455,0
gas_transport,153.68,Orient,WA,48.8878,-118.2105,149,Special educational needs teacher,49.217892,-118.350832,10,5,1,40.56125941136208,38.102525973368095,0
shopping_net,17.04,Howells,NE,41.6964,-96.9858,1063,Research scientist (maths),42.304631,-97.371127,0,6,12,92.73648186173854,74.75238198811685,0
kids_pets,46.74,Meridian,ID,43.6498,-116.4306,84106,Intelligence analyst,44.018277,-117.374547,20,1,1,47.90691307323751,86.08883849196923,0
shopping_net,17.38,Norwalk,CA,33.9056,-118.0818,105549,Firefighter,34.862037,-118.179016,20,4,12,47.2580424366872,106.7244356737898,0
kids_pets,562.54,Littleton,CO,39.5994,-105.0044,320420,Water engineer,39.408998,-105.568473,20,3,12,45.40177960301163,52.8232903916184,0
grocery_net,125.84,Jelm,WY,41.0539,-106.0763,100,Public librarian,41.925809,-105.832076,0,3,12,46.71047227926078,99.06280783134288,0
food_dining,49.5,Norwalk,CA,33.9056,-118.0818,105549,Firefighter,33.348026,-117.123368,19,1,12,47.26899383983573,108.25135570303704,0
shopping_net,2.48,Holstein,NE,40.4542,-98.6538,331,Telecommunications researcher,40.952544,-98.217689,7,1,12,70.36276522929501,66.49883405529981,0
shopping_net,1604.84,Phoenix,AZ,33.8155,-112.1202,1312922,Counselling psychologist,33.019659,-113.034338,23,3,10,20.876112251882272,122.59332471026327,1
food_dining,180.04,Red River,NM,36.6659,-105.4694,606,"""Surveyor, land/geomatics""",36.861816,-105.286448,16,5,1,30.349075975359344,27.206235952697572,0
health_fitness,140.6,Fiddletown,CA,38.5234,-120.6763,832,Immigration officer,37.845496,-120.581366,18,5,1,31.652292950034223,75.83476567127367,0
home,120.64,Newberg,OR,45.3099,-122.9685,28278,Research scientist (physical sciences),45.137427,-122.341799,21,3,12,43.45790554414784,52.69622111425086,0
personal_care,21.94,Fullerton,NE,41.366,-98.0054,1749,"""Surveyor, mining""",41.872435,-97.367699,23,4,12,47.63586584531143,77.33776697614317,0
food_dining,180.04,Red River,NM,36.6659,-105.4694,606,"""Surveyor, land/geomatics""",36.861816,-105.286448,16,5,1,30.349075975359344,27.206235952697572,0
kids_pets,238.08,Oakland,CA,37.7878,-122.1884,381459,Barista,36.820736,-121.361438,23,1,12,46.98699520876112,130.04902654012602,0
