category,amt,city,state,lat,long,city_pop,job,merch_lat,merch_long,trans_hour,trans_dayofweek,trans_month,customer_age,merchant_distance_km,is_fraud
shopping_net,1019.96,Red Cliff,CO,39.4584,-106.3851,277,Human resources officer,40.353567,-106.503599,22,6,5,34.12457221081451,100.0498751725523,1
gas_transport,49.22,Kent,OR,45.0838,-120.6649,60,Museum education officer,45.980259,-120.421807,10,1,12,78.74058863791923,101.46405685849491,0
kids_pets,7.42,Orient,WA,48.8878,-118.2105,149,Special educational needs teacher,49.433534,-118.452232,13,2,1,40.57221081451061,63.17725111689556,0
misc_pos,117.98,Phoenix,AZ,33.8155,-112.1202,1312922,Counselling psychologist,33.20561,-111.523894,21,5,12,21.073237508555785,87.49550706357076,0
misc_pos,2.72,Phoenix,AZ,33.5623,-112.0559,1312922,Contractor,33.102424,-113.031541,9,1,1,37.18822724161533,104.06886829686808,0
personal_care,194.34,Centerview,MO,38.7897,-93.8702,2368,Electronics engineer,39.330067,-93.730946,15,1,1,29.45927446954141,61.27719479959014,0
entertainment,3.18,Sutherland,NE,41.1558,-101.136,1789,Insurance broker,41.252088,-100.153658,14,4,1,36.93360711841205,82.87645437219612,0
shopping_net,17.86,Laramie,WY,41.4247,-105.4781,35371,"""Pilot, airline""",40.80032,-105.808459,15,1,1,30.32991101984942,74.74077822280063,0
shopping_net,7.13,Ashford,WA,46.7531,-121.9898,759,Video editor,46.138433,-121.331034,9,2,12,64.29295003422314,84.96385095916719,0
entertainment,22.52,Azusa,CA,34.1248,-117.9031,59705,Civil Service fast streamer,33.537002,-117.606979,15,0,12,37.51676933607119,70.85245038287098,0
food_dining,24.23,Newhall,CA,34.3795,-118.523,34882,Health physicist,35.285769,-118.132313,17,5,1,47.73716632443532,106.89512205248111,0
grocery_net,42.95,Orient,WA,48.8878,-118.2105,149,Special educational needs teacher,48.490931,-117.365075,9,1,12,42.5242984257358,76.14791469347567,0
grocery_pos,173.21,Superior,AZ,33.2887,-111.0985,2872,Petroleum engineer,33.663795,-110.596847,6,1,12,33.17180013689254,62.4855355738095,0
grocery_pos,70.51,Conway,WA,48.34,-122.3456,85,"""Research officer, political party""",48.447811,-122.070021,7,0,1,34.36824093086927,23.616037936411846,0
personal_care,79.77,Westerville,NE,41.4193,-99.3844,73,Product designer,40.937063,-100.089126,20,2,1,83.89322381930185,79.71165234814045,0
misc_net,6.68,Lagrange,WY,41.6423,-104.1974,635,Product/process development scientist,41.814931,-103.788432,13,1,12,47.46338124572211,38.99081032919772,0
gas_transport,61.96,Weeping Water,NE,40.8731,-96.1528,1517,Dealer,41.528845,-95.922284,4,1,12,69.14168377823408,75.42280797241163,0
misc_pos,5.86,Meridian,ID,43.6498,-116.4306,84106,Intelligence analyst,43.630982,-115.777683,7,1,1,47.90691307323751,52.581849582255096,0
gas_transport,63.56,Scotts Mills,OR,44.9897,-122.6187,1252,"""Engineer, petroleum""",45.109147,-122.247194,2,1,12,83.89322381930185,32.06516694425837,0
health_fitness,105.48,Mendon,UT,41.71,-111.9817,2078,"""Scientist, audiological""",40.775051,-111.992641,13,2,1,55.57563312799452,103.96560977572794,0
misc_net,11.58,Tomales,CA,38.2427,-122.9145,337,Occupational psychologist,38.242267,-123.272313,4,0,12,66.48323066392882,31.248645868389488,0
health_fitness,9.29,High Rolls Mountain Park,NM,32.9396,-105.8189,899,Naval architect,33.123618,-106.471181,18,6,12,53.327857631759066,64.15755239854174,0
home,7.82,Howells,NE,41.6964,-96.9858,1063,Research scientist (maths),41.153446,-97.550493,19,2,12,92.74469541409994,76.56143538277865,0
shopping_pos,3.86,Honokaa,HI,20.0827,-155.488,4878,Physiotherapist,19.167279,-156.23115,3,6,12,54.06707734428473,128.1375769613791,0
gas_transport,23.89,Fields Landing,CA,40.7268,-124.2174,276,"""Scientist, audiological""",40.067654,-123.277889,8,1,12,91.6495550992471,108.17359909336528,0
food_dining,2.29,Espanola,NM,35.9866,-106.0654,18408,Historic buildings inspector/conservation officer,36.398113,-106.022986,12,1,1,46.49418206707735,45.91618251742449,0
misc_pos,18.48,Thompson,UT,38.9999,-109.615,46,"""Surveyor, minerals""",38.754067,-109.331323,15,3,12,33.69199178644764,36.74558293100496,0
gas_transport,64.24,High Rolls Mountain Park,NM,32.9396,-105.8189,899,Naval architect,33.551994,-105.991041,0,4,12,53.3223819301848,69.95143547085698,0
shopping_pos,8.1,Laguna Hills,CA,33.615,-117.7114,45303,Sales executive,34.192726,-116.937502,0,6,12,51.01437371663244,96.06151930422683,0
gas_transport,39.37,Greenview,CA,41.5403,-122.9366,308,Call centre manager,41.589356,-122.35608,2,0,12,62.27241615331965,48.60428773022808,0
grocery_pos,176.73,Sun City,CA,33.7467,-117.1721,54287,"""Designer, exhibition/display""",34.627165,-117.392905,11,3,12,48.27378507871321,99.98759641167278,0
entertainment,44.8,Thompson,UT,38.9999,-109.615,46,"""Surveyor, minerals""",39.008475,-109.970265,16,2,1,31.734428473648187,30.71308195973597,0
misc_net,931.63,Santa Monica,CA,34.0287,-118.4924,92043,"""Civil engineer, contracting""",33.979953,-118.458896,23,4,7,59.2662559890486,6.238522593351528,1
shopping_pos,6.52,Conway,WA,48.34,-122.3456,85,"""Research officer, political party""",47.965024,-123.020813,23,1,1,34.35181382614648,65.17237638345864,0
entertainment,19.99,Blairstown,MO,38.5319,-93.9221,467,Agricultural consultant,39.06789,-93.753276,23,6,12,70.58726899383984,61.36870775262828,0
health_fitness,11.67,Manville,WY,42.73,-104.7024,241,Educational psychologist,42.808984,-105.325869,23,2,1,38.04517453798768,51.64419851307129,0
home,44.64,Claremont,CA,34.1092,-117.7183,35705,Wellsite geologist,33.265127,-116.887234,14,0,12,64.62149212867898,121.33121546575008,0
gas_transport,59.4,Utica,MO,39.7417,-93.6289,271,Land/geomatics surveyor,40.2437,-93.130816,1,3,1,46.71047227926078,70.11593338348283,0
shopping_pos,3.64,Conway,WA,48.34,-122.3456,85,"""Research officer, political party""",49.089932,-122.822418,12,2,12,36.328542094455855,90.42878413955414,0
gas_transport,64.05,Orient,WA,48.8878,-118.2105,149,Special educational needs teacher,47.963255,-117.593938,10,5,1,40.54209445585216,112.42052861305876,0
grocery_net,45.53,Newhall,CA,34.3795,-118.523,34882,Health physicist,33.731445,-118.449284,0,1,12,49.68104038329911,72.37971073658716,0
personal_care,24.76,Burbank,WA,46.1966,-118.9017,3684,Musician,45.975733,-119.198767,13,6,1,37.12251882272416,33.586355913402734,0
entertainment,202.79,Meridian,ID,43.6498,-116.4306,84106,Intelligence analyst,43.537979,-115.615423,13,4,1,47.93429158110883,66.81500888241621,0
grocery_pos,106.46,Eugene,OR,44.0385,-123.0614,191096,"""Scientist, physiological""",43.151656,-123.945317,4,6,1,54.770704996577685,121.61812826446668,0
misc_net,6.86,Wendel,CA,40.3406,-120.2824,104,"""Teacher, adult education""",40.116216,-120.957782,11,4,1,29.404517453798768,62.52955079098173,0
shopping_pos,6.49,Red River,NM,36.6659,-105.4694,606,"""Surveyor, land/geomatics""",37.311043,-105.471246,20,1,1,30.31895961670089,71.73681592087173,0
personal_care,76.68,Pueblo,CO,38.2352,-104.66,151815,Further education lecturer,38.418867,-105.12348,18,2,12,32.988364134154686,45.29504924814208,0
grocery_pos,84.09,Moab,UT,38.5677,-109.5271,9772,Location manager,39.177815,-110.18484,10,1,12,31.096509240246405,88.5697937314226,0
food_dining,10.53,Paauilo,HI,20.0271,-155.3697,1490,"""Scientist, research (maths)""",20.742103,-155.794912,17,4,1,27.74811772758385,91.0234217375912,0
misc_pos,90.93,Tekoa,WA,47.2271,-117.0819,895,Clothing/textile technologist,47.052649,-116.99706,22,6,12,21.57700205338809,20.43189118900184,0
food_dining,27.99,Tomales,CA,38.2427,-122.9145,337,Occupational psychologist,38.235261,-123.270006,14,2,1,64.53388090349075,31.059646099797224,0
grocery_pos,62.14,Espanola,NM,35.9866,-106.0654,18408,Historic buildings inspector/conservation officer,35.091408,-105.254186,9,0,1,46.51060917180013,123.67541670978326,0
food_dining,74.6,Rocky Mount,MO,38.2911,-92.7059,1847,Tax inspector,37.440548,-92.325734,19,2,12,32.17796030116359,100.29186025979742,0
misc_pos,31.69,Meadville,MO,39.7795,-93.3014,964,Tourist information centre manager,39.070715,-93.952482,4,0,12,46.01505817932922,96.63764753575114,0
kids_pets,25.86,Saint Louis,MO,38.6171,-90.4504,927396,Occupational hygienist,39.42189,-89.824536,20,1,12,60.799452429842574,104.55380908502656,0
grocery_net,53.6,Newhall,CA,34.3795,-118.523,34882,Health physicist,33.39244,-118.978439,7,3,1,47.71252566735113,117.53177540057716,0
health_fitness,5.73,Browning,MO,40.029,-93.1607,602,Cytogeneticist,40.447866,-93.601459,19,1,12,66.46132785763176,59.74092792950834,0
misc_net,837.54,Monitor,WA,47.4852,-120.4158,584,Medical technical officer,48.293419,-119.587485,22,6,9,50.450376454483234,109.04496330938092,1
gas_transport,61.97,San Jose,CA,37.3304,-121.7913,973849,Geoscientist,37.906626,-121.624567,0,6,1,21.984941820670773,65.73472525694973,0
grocery_pos,129.27,Lowell,OR,43.921,-122.7806,1420,Systems analyst,44.033275,-122.852122,2,6,12,55.12662559890486,13.733664084821484,0
home,6.49,Sun City,CA,33.7467,-117.1721,54287,"""Designer, exhibition/display""",33.533979,-117.524934,14,2,1,46.29705681040383,40.328096391993846,0
shopping_pos,3.6,Fort Washakie,WY,43.0048,-108.8964,1645,Information systems manager,43.446422,-107.953431,21,6,1,32.92265571526352,90.82191713873978,0
gas_transport,47.74,Red River,NM,36.6659,-105.4694,606,"""Surveyor, land/geomatics""",36.519812,-104.70648,0,0,12,32.309377138945926,70.02165920916116,0
shopping_net,11.23,Carlotta,CA,40.507,-123.9743,1139,"""Therapist, occupational""",41.146019,-123.966556,5,1,12,69.95482546201232,71.05865818708678,0
personal_care,14.14,Kirk,CO,39.6171,-102.4776,207,Network engineer,40.335909,-102.163819,19,5,1,63.12662559890486,84.28117366070884,0
personal_care,38.78,North Loup,NE,41.4972,-98.7858,509,"""Nurse, children's""",41.892707,-98.523486,12,3,1,38.338124572210816,49.07589242510637,0
personal_care,5.27,Vinton,CA,40.0235,-120.7986,128,Education administrator,39.321197,-120.115932,22,1,1,52.89801505817933,97.53008211499818,0
kids_pets,41.04,North Loup,NE,41.4972,-98.7858,509,"""Nurse, children's""",41.100123,-98.551715,18,6,12,40.28199863107461,48.28953911072886,0
entertainment,8.95,Meredith,CO,39.3199,-106.6596,61,Public relations account executive,39.320942,-105.824186,4,4,12,81.14168377823408,71.86381933528794,0
shopping_pos,15.01,Shedd,OR,44.453,-123.1065,917,Radio broadcast assistant,43.505534,-123.487013,13,6,12,25.472963723477072,109.66431245800467,0
health_fitness,75.14,Fort Washakie,WY,43.0048,-108.8964,1645,Freight forwarder,43.009487,-107.907173,17,3,12,44.82683093771389,80.43860026773652,0
kids_pets,14.54,Cascade Locks,OR,45.671,-121.8686,1288,Barrister,45.672881,-121.531571,23,3,1,82.69404517453799,26.187699814329587,0
home,79.98,Dumont,CO,39.7532,-105.6356,565,Mental health nurse,39.991242,-105.346327,17,0,1,40.38329911019849,36.19428456617592,0
grocery_net,44.27,Fort Washakie,WY,43.0048,-108.8964,1645,Information systems manager,43.014302,-109.025973,5,3,12,34.86926762491444,10.588449989589597,0
gas_transport,76.99,Santa Monica,CA,34.0287,-118.4924,92043,"""Civil engineer, contracting""",34.807169,-117.656128,0,0,12,59.676933607118414,115.65962567626651,0
health_fitness,74.42,Dumont,CO,39.7532,-105.6356,565,Mental health nurse,39.401155,-105.139936,19,0,1,40.36413415468857,57.76676687077949,0
grocery_pos,147.56,Westerville,NE,41.4193,-99.3844,73,Product designer,42.363575,-100.274863,3,1,12,85.88364134154689,128.2851690602831,0
grocery_net,40.65,Wheaton,MO,36.7651,-94.0492,760,Production manager,36.963174,-94.137645,3,6,12,35.32375085557837,23.38809239191711,0
food_dining,16.86,Meredith,CO,39.3199,-106.6596,61,Public relations account executive,38.923168,-106.213875,17,1,1,79.1978097193703,58.519661966861406,0
grocery_pos,63.78,Moriarty,NM,34.9889,-106.0609,7268,"""Therapist, art""",35.965188,-105.144009,3,6,1,30.42299794661191,136.66639052167764,0
home,97.56,Lonetree,WY,41.0552,-110.1603,49,Research scientist (physical sciences),41.942588,-110.321814,16,4,12,39.47433264887064,99.58559237442226,0
travel,3178.51,Wales,AK,64.7556,-165.6723,145,"""Administrator, education""",64.396477,-165.209648,18,1,1,79.14579055441479,45.63304755197348,0
home,12.32,Laramie,WY,41.4247,-105.4781,35371,"""Pilot, airline""",40.511475,-105.206512,12,2,1,30.3709787816564,104.07455292097887,0
kids_pets,7.67,Sutherland,NE,41.1558,-101.136,1789,Insurance broker,40.353118,-101.271832,16,2,12,38.8829568788501,89.98446566202637,0
gas_transport,73.81,Alva,WY,44.6873,-104.4414,110,"""Administrator, local government""",44.97787,-104.220594,9,3,12,47.62765229295003,36.702884380851366,0
misc_net,6.0,Manville,WY,42.73,-104.7024,241,Educational psychologist,42.770247,-103.945514,4,1,1,38.04243668720055,61.96345304966916,0
misc_pos,50.83,Ashford,WA,46.7531,-121.9898,759,Video editor,46.94172,-121.085235,23,0,3,63.50171115674196,71.9188112083147,1
misc_net,23.05,Tekoa,WA,47.2271,-117.0819,895,Clothing/textile technologist,46.45797,-117.056097,14,1,1,19.627652292950035,85.54586671375232,0
gas_transport,24.63,Altonah,UT,40.3207,-110.436,302,"""Sales professional, IT""",40.27752,-110.569137,8,2,12,30.951403148528406,12.269303284508988,0
home,85.24,Ballwin,MO,38.577,-90.5255,92608,"""Engineer, communications""",37.878985,-90.149377,18,0,1,17.470225872689937,84.28262990712818,0
entertainment,11.42,Kirtland Afb,NM,35.0203,-106.5503,310,"""Surveyor, land/geomatics""",35.041538,-105.85198,20,0,1,40.27104722792608,63.626528870555575,0
gas_transport,79.43,Hooper,NE,41.6414,-96.5232,1745,"""Engineer, automotive""",40.737658,-96.981499,7,0,1,45.0321697467488,107.55990846434726,0
health_fitness,76.43,Fiddletown,CA,38.5234,-120.6763,832,Immigration officer,37.948881,-119.971455,15,3,1,31.66598220396988,88.71738055856103,0
travel,7.23,High Rolls Mountain Park,NM,32.9396,-105.8189,899,Naval architect,32.060874,-105.678957,16,0,12,53.3305954825462,98.5872687725102,0
gas_transport,54.58,San Jose,CA,37.3304,-121.7913,973849,Science writer,38.049289,-122.731869,1,6,12,65.54414784394251,115.06189260826967,0
food_dining,3.9,Centerview,MO,38.7897,-93.8702,2368,Electronics engineer,37.858012,-94.090416,20,6,12,31.44695414099932,105.36491424687028,0
misc_net,846.07,Claremont,CA,34.1092,-117.7183,35705,Wellsite geologist,35.018202,-118.661908,22,0,9,63.29911019849418,132.9729401624899,1
entertainment,76.18,Kissee Mills,MO,36.6704,-93.0377,1201,"""Engineer, agricultural""",36.643785,-93.936738,22,3,1,38.8145106091718,80.25128993014619,0
gas_transport,58.09,Roseland,NE,40.4591,-98.5551,463,"""Nurse, mental health""",40.289607,-97.840338,3,4,12,72.56947296372347,63.4136863877554,0
food_dining,72.42,Blairstown,MO,38.5319,-93.9221,467,Agricultural consultant,38.81981,-94.370451,21,6,1,68.65160848733744,50.39578939446182,0
misc_net,45.86,Kansas City,MO,38.9621,-94.5959,545147,Counsellor,38.623572,-93.989193,10,5,12,33.106091718001366,64.66646512902346,0
shopping_net,6.76,Valentine,NE,42.8062,-100.6215,4005,Network engineer,43.222286,-100.798748,0,6,1,73.83162217659138,48.45901015953703,0
misc_net,708.51,Phoenix,AZ,33.8155,-112.1202,1312922,Counselling psychologist,33.090936,-112.39668,23,2,10,20.87337440109514,84.55226870331572,1
grocery_pos,68.96,Fullerton,NE,41.366,-98.0054,1749,"""Surveyor, mining""",41.182138,-98.751918,3,1,1,45.65366187542779,65.65071837080777,0
misc_pos,26.17,Riverton,WY,43.0351,-108.2024,19408,"""Lecturer, higher education""",42.575547,-108.502896,14,1,12,27.299110198494184,56.67586067032932,0
grocery_pos,98.03,Helm,CA,36.4992,-120.0936,123,Early years teacher,35.707662,-119.167404,4,3,12,47.89596167008898,121.1205426715522,0
kids_pets,49.5,Carroll,NE,42.277,-97.1926,566,Metallurgist,41.279539,-97.003924,17,0,12,45.921971252566735,112.01052725166836,0
shopping_net,5.11,Tomales,CA,38.2427,-122.9145,337,Occupational psychologist,37.989602,-122.896187,4,4,1,64.5201916495551,28.188777091867276,0
food_dining,98.07,Palmdale,CA,34.5715,-118.0231,171170,Chemical engineer,34.849598,-117.476043,15,1,1,55.578370978781656,58.793542808154825,0
shopping_pos,2.15,Carlotta,CA,40.507,-123.9743,1139,"""Therapist, occupational""",41.302169,-123.883081,1,1,1,68.0,88.75045796011683,0
shopping_pos,8.23,Jelm,WY,41.0539,-106.0763,100,Public librarian,41.565856,-105.496722,21,0,1,44.74743326488706,74.72628871798577,0
shopping_pos,518.45,Superior,AZ,33.2887,-111.0985,2872,Petroleum engineer,32.746147,-111.652678,16,1,12,33.17180013689254,79.43147969719332,0
shopping_pos,474.63,Aurora,CO,39.6662,-104.835,389246,"""Scientist, marine""",40.553962,-105.81415,8,0,12,51.044490075290895,129.1429678089054,0
home,81.56,Kent,OR,45.0838,-120.6649,60,Museum education officer,45.583704,-120.184451,22,0,1,76.78302532511978,67.08398017081444,0
entertainment,11.27,San Diego,CA,33.0067,-117.069,1241364,Chartered public finance accountant,33.628639,-116.566535,11,1,1,59.44695414099932,83.44081327830412,0
home,2.04,Port Costa,CA,38.046,-122.1866,198,Armed forces training and education officer,38.044436,-122.309599,20,6,12,61.74401095140315,10.772270935863595,0
kids_pets,31.23,Huslia,AK,65.6899,-156.292,277,"""Engineer, civil (consulting)""",65.264269,-156.763088,12,6,12,55.14031485284052,52.082715075537706,0
home,85.65,Dumont,CO,39.7532,-105.6356,565,Mental health nurse,38.780218,-106.016143,15,1,1,40.34770704996578,113.0414542083019,0
kids_pets,56.59,Dumont,CO,39.7532,-105.6356,565,Mental health nurse,40.641525,-105.305417,21,5,12,42.33264887063656,102.68074623558402,0
home,8.86,Burbank,WA,46.1966,-118.9017,3684,Musician,45.984517,-119.354633,13,0,1,37.106091718001366,42.14401991249946,0
home,21.93,Daly City,CA,37.6787,-122.478,107941,"""Buyer, industrial""",37.129246,-122.237875,22,0,1,27.299110198494184,64.67339889917967,0
shopping_net,852.22,Conway,WA,48.34,-122.3456,85,"""Research officer, political party""",48.341379,-122.371485,0,1,6,34.75427789185489,1.919328003540825,1
shopping_net,876.1,Altonah,UT,40.3207,-110.436,302,"""Sales professional, IT""",40.638516,-109.952976,3,5,6,30.42299794661191,54.0174729896335,1
gas_transport,71.22,Laramie,WY,41.4247,-105.4781,35371,"""Pilot, airline""",41.075023,-105.052557,0,5,12,32.31485284052019,52.70157346077354,0
shopping_net,952.33,Llano,NM,36.1486,-105.6648,247,Architectural technologist,36.869406,-105.825118,20,6,10,58.96509240246407,81.42058388570409,1
shopping_net,2.65,Lakeport,CA,39.047,-122.9328,11256,Podiatrist,39.918854,-122.461342,19,2,12,48.19986310746064,105.04998990838251,0
food_dining,6.6,North Loup,NE,41.4972,-98.7858,509,"""Nurse, children's""",41.484733,-98.853677,21,5,1,38.34360027378508,5.821066614310211,0
misc_pos,5.64,Redford,MO,37.3272,-91.0243,241,Investment analyst,38.310628,-91.16231,17,1,12,46.17385352498289,110.02205420692144,0
shopping_pos,1009.65,Laguna Hills,CA,33.615,-117.7114,45303,Sales executive,33.210236,-117.473344,23,6,1,50.05612594113621,50.13890473798621,1
grocery_pos,143.71,Gardiner,OR,43.7857,-124.1437,260,"""Engineer, maintenance""",43.253105,-123.238427,7,4,1,62.34086242299794,93.99551913789816,0
travel,6.48,Llano,NM,36.1486,-105.6648,247,Architectural technologist,35.906759,-104.71956,17,2,1,57.19096509240247,89.15441386990175,0
food_dining,193.24,Westerville,NE,41.4193,-99.3844,73,Product designer,42.168041,-99.549066,19,0,12,85.88090349075975,84.36786429593627,0
food_dining,15.43,Ashford,WA,46.7531,-121.9898,759,Video editor,46.79021,-121.481355,19,1,1,62.33538672142368,38.94146128041296,0
home,100.92,Centerview,MO,38.7897,-93.8702,2368,Electronics engineer,38.712639,-93.6291,13,1,12,31.45242984257358,22.595438427306927,0
grocery_pos,196.19,Burbank,WA,46.1966,-118.9017,3684,Musician,45.696318,-118.15968,11,5,12,39.07460643394935,79.91166965934505,0
health_fitness,46.55,Llano,NM,36.1486,-105.6648,247,Architectural technologist,36.113599,-105.469136,12,5,1,57.23750855578371,17.998179885387206,0
misc_net,733.72,Saint Louis,MO,38.6171,-90.4504,927396,Occupational hygienist,38.564132,-90.515652,23,1,3,58.978781656399725,8.176311476485756,1
home,30.15,Carlotta,CA,40.507,-123.9743,1139,"""Therapist, occupational""",40.606858,-123.433699,20,1,1,67.98083504449008,47.0011062673962,0
food_dining,55.93,Centerview,MO,38.7897,-93.8702,2368,Electronics engineer,39.743843,-93.946347,19,1,1,29.47843942505133,106.2981710509076,0
shopping_net,6.19,Newhall,CA,34.3795,-118.523,34882,Health physicist,34.641338,-117.797295,23,5,1,47.69883641341547,72.58886187108979,0
grocery_net,46.67,Thompson,UT,38.9999,-109.615,46,"""Surveyor, minerals""",38.06691,-110.491858,10,0,12,33.68377823408624,128.76160799330898,0
personal_care,77.03,Meredith,CO,39.3199,-106.6596,61,Public relations account executive,39.734667,-107.239888,22,1,12,81.15263518138262,67.85295619403118,0
shopping_net,30.36,Daly City,CA,37.6787,-122.478,107941,"""Buyer, industrial""",38.082322,-123.080613,18,1,12,29.23750855578371,69.36451552292569,0
home,260.23,Bay City,OR,45.5197,-123.8761,1530,Colour technologist,44.565672,-124.092732,23,1,3,33.31143052703628,107.43967697965404,1
gas_transport,58.53,Arnold,MO,38.4305,-90.387,35439,Land/geomatics surveyor,37.498406,-90.52101,3,6,1,33.80698151950719,104.30777435869072,0
misc_net,3.53,Wheaton,MO,36.7651,-94.0492,760,Production manager,36.217189,-93.090289,1,0,1,33.35249828884326,105.16595167260172,0
misc_pos,747.9,North Loup,NE,41.4972,-98.7858,509,"""Nurse, children's""",41.006696,-99.648324,1,2,4,39.58110882956879,90.40929163108343,1
food_dining,73.47,Broomfield,CO,39.8854,-105.1139,92337,"""Engineer, electronics""",40.819008,-105.999796,23,0,1,51.26078028747433,128.10980365383156,0
grocery_pos,146.33,Vinton,CA,40.0235,-120.7986,128,Education administrator,39.892043,-121.453696,10,1,1,52.85968514715948,57.7172286664262,0
gas_transport,71.21,Wheaton,MO,36.7651,-94.0492,760,Production manager,37.523352,-93.078805,6,1,12,35.32922655715264,120.44260470381406,0
home,2.01,Wheaton,MO,36.7651,-94.0492,760,Production manager,37.539077,-95.001102,16,5,1,33.36618754277892,120.51378465817574,0
shopping_net,108.34,Independence,MO,39.1412,-94.3515,123373,"""Engineer, production""",39.704381,-93.890142,16,5,12,28.079397672826836,74.10818747292652,0
gas_transport,22.57,Campbell,NE,40.2967,-98.737,493,"""Surveyor, minerals""",40.465727,-99.673822,1,3,5,78.6694045174538,81.54650133656435,1
personal_care,29.85,Holstein,NE,40.4542,-98.6538,331,Telecommunications researcher,40.188596,-98.401092,20,0,1,68.40520191649556,36.48608542170485,0
home,14.89,Daly City,CA,37.6787,-122.478,107941,"""Buyer, industrial""",37.524622,-121.484231,16,6,12,29.232032854209447,89.20786459877928,0
kids_pets,56.85,Malad City,ID,42.1808,-112.262,4154,Nature conservation officer,42.406618,-112.800423,13,0,1,56.96646132785763,50.90916712466557,0
grocery_pos,186.06,Burbank,WA,46.1966,-118.9017,3684,Musician,46.17091,-118.67571,11,3,12,39.08829568788501,17.63091545091363,0
grocery_pos,101.79,Luray,MO,40.4931,-91.8912,519,Town planner,39.885102,-92.003535,11,2,1,52.92265571526352,68.27635910564801,0
grocery_net,91.52,San Diego,CA,33.0067,-117.069,1241364,Chartered public finance accountant,32.328743,-117.525094,5,1,12,61.40177960301163,86.63481738364493,0
kids_pets,19.85,Rock Springs,WY,41.606,-109.23,27971,Music therapist,42.176084,-108.557866,22,0,8,35.00889801505818,84.34227378841055,1
misc_pos,78.88,Mountain Center,CA,33.6401,-116.5567,1661,"""Therapist, music""",34.154625,-115.877564,14,0,12,32.27378507871321,84.86564373266826,0
grocery_pos,206.38,Superior,AZ,33.2887,-111.0985,2872,Petroleum engineer,32.642667,-111.742112,11,4,12,33.16084873374401,93.624417956923,0
food_dining,66.83,Owensville,MO,38.3511,-91.4867,6703,Naval architect,38.634572,-91.348251,22,0,12,22.60917180013689,33.745168097384735,0
home,50.63,Cardwell,MO,36.0434,-90.2907,1120,Television floor manager,36.036015,-90.7505,18,3,1,61.73305954825462,41.35023699356595,0
shopping_net,22.54,Manley,NE,40.9207,-96.168,206,Human resources officer,40.34178,-95.824401,0,0,1,51.29911019849418,70.6016612363574,0
grocery_pos,298.01,Parker Dam,CA,34.298,-114.156,126,Marketing executive,34.068192,-113.412581,4,6,1,26.305270362765228,73.00201893309055,1
gas_transport,58.48,Valentine,NE,42.8062,-100.6215,4005,Network engineer,43.528932,-100.862011,10,6,12,75.78644763860369,82.69730214309989,0
home,7.79,Lagrange,WY,41.6423,-104.1974,635,Product/process development scientist,40.827472,-104.49978,13,5,1,45.51950718685831,94.06655241305968,0
food_dining,5.69,Lagrange,WY,41.6423,-104.1974,635,Product/process development scientist,42.237464,-104.454369,14,5,1,45.48117727583847,69.50844892003633,0
personal_care,1.64,Los Angeles,CA,34.0443,-118.2509,2383912,"""Journalist, newspaper""",34.261994,-118.995601,14,0,1,59.62765229295003,72.67559475416732,0
gas_transport,43.72,Cascade Locks,OR,45.671,-121.8686,1288,Barrister,46.451939,-121.425437,11,3,1,82.71321013004791,93.32550026739898,0
food_dining,23.58,San Jose,CA,37.3304,-121.7913,973849,Science writer,38.163515,-121.690319,9,5,1,63.58658453114305,93.06264574566065,0
entertainment,1.79,Eugene,OR,44.0385,-123.0614,191096,"""Scientist, physiological""",44.015729,-122.095409,5,0,1,54.75427789185489,77.27239240044179,0
home,79.7,Superior,AZ,33.2887,-111.0985,2872,Petroleum engineer,34.272394,-110.262169,18,4,12,33.16084873374401,133.93508427939415,0
personal_care,10.12,Orient,WA,48.8878,-118.2105,149,Special educational needs teacher,49.44264,-117.84017,20,0,12,42.521560574948666,67.3149419078186,0
misc_pos,1.5,Palmdale,CA,34.5715,-118.0231,171170,Chemical engineer,33.990108,-118.470717,9,4,12,57.5605749486653,76.6204972859176,0
gas_transport,57.38,High Rolls Mountain Park,NM,32.9396,-105.8189,899,Naval architect,32.739042,-106.424375,9,0,12,53.3305954825462,60.80390772708149,0
entertainment,27.06,Laramie,WY,41.4247,-105.4781,35371,"""Pilot, airline""",42.301951,-105.674328,20,0,1,30.36550308008213,98.89001764528544,0
misc_pos,49.52,Owensville,MO,38.3511,-91.4867,6703,Naval architect,38.668212,-92.255738,12,6,1,20.63244353182752,75.6360975821636,0
grocery_pos,109.77,Red Cliff,CO,39.4584,-106.3851,277,Human resources officer,39.353511,-106.22455,5,0,1,33.76317590691308,18.063796336152244,0
grocery_net,14.37,Wales,AK,64.7556,-165.6723,145,"""Administrator, education""",65.654142,-164.722603,0,4,1,79.15400410677618,109.2855516118244,1
health_fitness,39.81,Blairsden-Graeagle,CA,39.8127,-120.6405,1725,Chartered legal executive (England and Wales),40.565382,-120.152633,17,0,12,53.59069130732375,93.39197126730296,0
home,2.04,Port Costa,CA,38.046,-122.1866,198,Armed forces training and education officer,38.044436,-122.309599,20,6,12,61.74401095140315,10.772270935863595,0
kids_pets,10.38,Independence,MO,39.1412,-94.3515,123373,"""Engineer, production""",38.166075,-94.336402,12,4,1,26.12183436002738,108.43687818667853,0
home,57.2,Roseland,NE,40.4591,-98.5551,463,"""Nurse, mental health""",39.522648,-98.766902,21,0,1,70.64202600958248,105.680381834881,0
grocery_net,12.6,Mendon,UT,41.71,-111.9817,2078,"""Scientist, audiological""",42.319998,-111.552248,2,4,2,56.71184120465435,76.54699274857916,1
food_dining,44.92,Daly City,CA,37.6787,-122.478,107941,"""Buyer, industrial""",36.989266,-122.434829,23,1,12,29.23750855578371,76.75651895166318,0
personal_care,41.2,Hooper,NE,41.6414,-96.5232,1745,"""Engineer, automotive""",41.362821,-96.703659,16,6,1,45.04859685147159,34.429517664689335,0
grocery_net,43.05,Norwalk,CA,33.9056,-118.0818,105549,Firefighter,33.628133,-118.632582,11,3,1,45.31964407939768,59.5313532522257,0
shopping_net,6.32,Llano,NM,36.1486,-105.6648,247,Architectural technologist,36.867679,-105.042958,3,1,1,57.18822724161533,97.37555718429154,0
shopping_net,107.76,Albuquerque,NM,35.0561,-106.5506,641349,Charity officer,34.563141,-106.709418,1,4,1,51.94524298425736,56.69981495907487,0
kids_pets,25.47,American Fork,UT,40.3928,-111.7941,42384,Futures trader,40.803909,-111.955832,19,3,12,27.98631074606434,47.70905170124264,0
personal_care,219.34,Conway,WA,48.34,-122.3456,85,"""Research officer, political party""",49.169689,-122.433407,20,6,1,34.38466803559206,92.4814799159474,0
grocery_net,49.75,Red River,NM,36.6659,-105.4694,606,"""Surveyor, land/geomatics""",36.697702,-104.890116,2,4,12,32.30116358658453,51.77816857685646,0
grocery_pos,114.8,Monitor,WA,47.4852,-120.4158,584,Medical technical officer,46.707189,-119.868531,7,3,1,49.7905544147844,95.917789458851,0
gas_transport,20.01,Monitor,WA,47.4852,-120.4158,584,Medical technical officer,47.8791,-120.672876,0,6,9,50.450376454483234,47.84115069541,1
health_fitness,30.23,Browning,MO,40.029,-93.1607,602,Cytogeneticist,40.121819,-94.146525,17,6,1,64.50102669404518,84.5121487720395,0
misc_pos,120.71,Mound City,MO,40.1362,-95.2138,1631,Architect,40.854026,-94.714772,0,4,1,65.95482546201232,90.28600672202404,0
personal_care,16.14,Phoenix,AZ,33.5623,-112.0559,1312922,Contractor,33.351328,-112.406605,23,4,1,37.19644079397673,40.11039733534764,0
misc_pos,3.86,Arnold,MO,38.4305,-90.387,35439,Land/geomatics surveyor,38.894179,-90.166478,19,2,1,33.79603011635866,54.999133206215085,0
home,85.85,Rocky Mount,MO,38.2911,-92.7059,1847,Tax inspector,37.680558,-92.039708,16,1,1,30.220396988364133,89.5412128260019,0
gas_transport,80.88,Sutherland,NE,41.1558,-101.136,1789,Insurance broker,40.857339,-100.871576,2,6,1,36.93908281998631,39.921336586506136,0
misc_net,16.65,Burlington,WA,48.4786,-122.3345,14871,Public house manager,49.073601,-122.924793,2,1,1,44.81314168377824,79.04572387982769,0
kids_pets,19.89,Azusa,CA,34.1248,-117.9031,59705,Civil Service fast streamer,34.889895,-118.500866,23,6,9,37.26488706365503,101.1817022354084,1
home,82.08,Centerview,MO,38.7897,-93.8702,2368,Electronics engineer,39.421224,-93.319827,20,5,12,31.444216290212182,84.7722179342794,0
personal_care,59.95,Camden,MO,39.2048,-94.0259,464,Colour technologist,40.128123,-94.120041,14,5,1,59.60848733744011,102.98454345049788,0
kids_pets,112.13,Fullerton,NE,41.366,-98.0054,1749,"""Surveyor, mining""",41.633443,-98.091361,21,5,1,45.66461327857632,30.587838534642955,0
travel,3.32,Independence,MO,39.1412,-94.3515,123373,"""Engineer, production""",39.539167,-94.481533,19,2,1,26.13552361396304,45.64295422568844,0
misc_net,1.46,Tomales,CA,38.2427,-122.9145,337,Occupational psychologist,38.922125,-123.67423,4,0,1,64.50924024640658,100.34130887897706,0
food_dining,24.95,Hooper,NE,41.6414,-96.5232,1745,"""Engineer, automotive""",41.171477,-97.16909,22,1,1,45.054072553045856,75.04672927995446,0
shopping_pos,701.48,Pueblo,CO,38.2352,-104.66,151815,Further education lecturer,38.269411,-103.709945,16,0,5,31.353867214236825,83.04607146901981,1
grocery_net,50.41,Hooper,NE,41.6414,-96.5232,1745,"""Engineer, automotive""",42.035462,-96.417532,6,0,12,47.00616016427104,44.68355523408365,0
gas_transport,9.81,Conway,WA,48.34,-122.3456,85,"""Research officer, political party""",47.755565,-122.168272,1,0,6,34.75154004106776,66.3095503866941,1
grocery_pos,214.54,Phoenix,AZ,33.5623,-112.0559,1312922,Contractor,33.581777,-112.768251,2,4,1,37.215605749486656,66.03231837444392,0
home,75.51,Fiddletown,CA,38.5234,-120.6763,832,Immigration officer,39.289367,-120.498986,21,6,12,33.609856262833674,86.54247333288335,0
shopping_net,931.13,Hawthorne,CA,33.9143,-118.3493,93193,"""Editor, magazine features""",34.844533,-118.528868,21,2,9,24.37782340862423,104.74158570604264,1
travel,6.71,Scotts Mills,OR,44.9897,-122.6187,1252,"""Engineer, petroleum""",44.475967,-123.271069,17,6,12,83.88774811772758,76.93305884969537,0
gas_transport,55.01,June Lake,CA,37.7773,-119.0825,633,Health service manager,38.580258,-118.918543,11,1,12,93.305954825462,90.42765829715384,0
health_fitness,48.42,Mound City,MO,40.1362,-95.2138,1631,Architect,40.107721,-95.767825,23,3,12,67.92607802874743,47.21383474439301,0
home,13.76,Lowell,OR,43.921,-122.7806,1420,Systems analyst,43.297018,-122.78044,18,4,12,55.1211498973306,69.38363391332943,0
shopping_pos,116.45,Meadville,MO,39.7795,-93.3014,964,Tourist information centre manager,39.348793,-94.207321,1,4,12,46.00684462696783,91.23674037599362,0
shopping_pos,1.83,Red River,NM,36.6659,-105.4694,606,"""Surveyor, land/geomatics""",37.366926,-104.510633,22,4,12,32.30116358658453,115.42142048968844,0
food_dining,62.05,Helm,CA,36.4992,-120.0936,123,Early years teacher,37.204975,-120.007924,16,1,1,45.9356605065024,78.84796277652292,0
home,247.02,Fullerton,NE,41.366,-98.0054,1749,"""Surveyor, mining""",41.252701,-97.16995,22,6,12,46.64476386036961,70.90860888735509,1
shopping_pos,9.29,Laguna Hills,CA,33.615,-117.7114,45303,Sales executive,33.947938,-117.402263,8,1,12,51.01984941820671,46.76368281718116,0
home,74.91,Fort Washakie,WY,43.0048,-108.8964,1645,Freight forwarder,42.452838,-108.173885,17,1,12,44.84052019164955,85.14495769911876,0
travel,7.34,Sixes,OR,42.825,-124.4409,217,Retail merchandiser,41.835063,-125.149845,21,0,1,90.26694045174538,124.55016236227472,0
grocery_pos,125.24,Sixes,OR,42.825,-124.4409,217,Retail merchandiser,42.015625,-125.326846,5,6,12,92.23819301848047,115.70690400259063,0
misc_pos,686.71,Rocky Mount,MO,38.2911,-92.7059,1847,Tax inspector,37.487529,-93.141844,2,1,12,31.159479808350444,97.19788919832442,1
kids_pets,197.7,Lake Oswego,OR,45.4093,-122.6847,42817,Planning and development surveyor,44.84209,-122.089726,13,1,1,36.5968514715948,78.46463027041813,0
kids_pets,15.86,Littleton,CO,39.5994,-105.0044,320420,Water engineer,39.634852,-105.542991,14,0,12,45.412731006160165,46.30158347668768,0
entertainment,38.56,Unionville,MO,40.4815,-92.9951,3805,"""Investment banker, corporate""",41.206008,-92.840618,0,6,1,68.34770704996578,81.60288581614023,0
misc_net,734.75,June Lake,CA,37.7773,-119.0825,633,Health service manager,38.64621,-118.323755,22,1,4,91.60027378507873,117.17224445535258,1
misc_net,57.63,Sun City,CA,33.7467,-117.1721,54287,"""Designer, exhibition/display""",34.208589,-116.416912,8,0,12,48.26557152635181,86.5262405673487,0
home,51.51,Orient,WA,48.8878,-118.2105,149,Special educational needs teacher,48.741169,-118.794633,22,0,12,42.521560574948666,45.77343147951319,0
gas_transport,86.68,Kirtland Afb,NM,35.0203,-106.5503,310,"""Surveyor, land/geomatics""",35.758974,-106.285752,5,4,1,40.30116358658453,85.56595035446018,0
shopping_net,6.72,Sutherland,NE,41.1558,-101.136,1789,Insurance broker,41.498774,-100.50282,15,2,12,38.8829568788501,65.19050308399402,0
kids_pets,111.59,San Diego,CA,33.0067,-117.069,1241364,Chartered public finance accountant,32.010158,-117.351313,20,0,12,61.399041752224505,113.92862630249194,0
gas_transport,29.17,Llano,NM,36.1486,-105.6648,247,Architectural technologist,35.455537,-105.392573,6,0,12,59.17864476386037,80.88099034943339,0
home,117.11,Fort Washakie,WY,43.0048,-108.8964,1645,Information systems manager,43.332599,-108.318444,13,4,1,32.878850102669404,59.37595185859197,0
shopping_pos,2.86,Phoenix,AZ,33.8155,-112.1202,1312922,Counselling psychologist,33.818536,-111.54979,17,5,12,21.073237508555785,52.69713259990662,0
entertainment,3.02,Rocky Mount,MO,38.2911,-92.7059,1847,Tax inspector,37.460322,-92.40691,21,4,12,32.16427104722793,96.03329511769348,0
health_fitness,220.47,Sprague,NE,40.6267,-96.7456,142,Chiropodist,40.046736,-97.272968,18,6,1,51.408624229979466,78.46517171869435,0
food_dining,24.99,Broomfield,CO,39.8854,-105.1139,92337,"""Engineer, electronics""",39.463674,-104.45123,21,1,12,53.19917864476386,73.59012906285206,0
gas_transport,97.35,Parks,AZ,35.2563,-111.95,759,"""Geologist, engineering""",36.200217,-111.465281,10,5,1,61.81245722108145,113.71314279352494,0
food_dining,35.12,Kent,OR,45.0838,-120.6649,60,Museum education officer,45.38473,-121.637729,19,3,12,78.7460643394935,83.20155914739286,0
food_dining,25.76,Espanola,NM,35.9866,-106.0654,18408,Historic buildings inspector/conservation officer,35.210748,-105.19715,19,4,1,46.50239561943874,116.64027738188442,0
personal_care,7.19,High Rolls Mountain Park,NM,32.9396,-105.8189,899,Naval architect,32.695151,-105.771916,23,1,12,53.333333333333336,27.533806063091884,0
shopping_net,155.81,Rock Springs,WY,41.606,-109.23,27971,Music therapist,42.009777,-109.851301,17,1,1,34.417522245037645,68.31938820808375,0
misc_net,6.75,Smith River,CA,41.9404,-124.1587,1930,Web designer,42.668304,-124.116401,11,6,12,37.541409993155376,81.01394392473205,0
home,36.03,Hatch,UT,37.7175,-112.4777,258,Geoscientist,36.887852,-112.647897,16,3,1,57.14715947980835,93.4727669503638,0
home,118.1,Lakeport,CA,39.047,-122.9328,11256,Podiatrist,39.543279,-122.148761,21,3,12,48.20260095824778,87.16185731237441,0
entertainment,1.35,Honokaa,HI,20.0827,-155.488,4878,Physiotherapist,20.352606,-156.272592,6,6,1,52.11225188227242,87.194960029217,0
food_dining,78.22,Westerville,NE,41.4193,-99.3844,73,Product designer,41.275529,-99.965163,12,0,12,85.88090349075975,51.047497166688224,0
grocery_net,54.09,June Lake,CA,37.7773,-119.0825,633,Health service manager,38.020646,-118.33196,0,1,1,91.33196440793976,71.1969678956028,0
health_fitness,88.58,Tomales,CA,38.2427,-122.9145,337,Occupational psychologist,38.059417,-122.926481,21,4,1,64.5201916495551,20.40704898583705,0
shopping_pos,1.79,Newberg,OR,45.3099,-122.9685,28278,Research scientist (physical sciences),46.008545,-123.312031,14,6,1,41.492128678986994,82.14519966318238,0
shopping_net,6.79,Sacramento,CA,38.5662,-121.3286,757530,Magazine features editor,38.256262,-121.242734,15,3,1,39.67967145790554,35.26622461936017,0
shopping_pos,9.69,Burlington,WA,48.4786,-122.3345,14871,Public house manager,48.918807,-123.324373,20,2,1,44.85420944558521,87.59818366151887,0
food_dining,66.9,Unionville,MO,40.4815,-92.9951,3805,"""Investment banker, corporate""",39.562154,-93.416254,8,0,12,70.2861054072553,108.33426550114328,0
grocery_pos,304.08,La Grande,OR,45.3304,-118.0852,16955,"""Engineer, site""",44.559052,-117.642777,6,3,2,57.64544832306639,92.5679881785223,1
food_dining,40.17,Cascade Locks,OR,45.671,-121.8686,1288,Barrister,45.434286,-122.578714,15,1,1,82.6694045174538,61.23781093971488,0
kids_pets,107.79,Espanola,NM,35.9866,-106.0654,18408,Historic buildings inspector/conservation officer,36.133754,-106.519649,16,1,12,48.44900752908966,43.988855545221774,0
food_dining,50.23,Claremont,CA,34.1092,-117.7183,35705,Wellsite geologist,35.089998,-117.586417,14,5,12,64.61601642710473,109.7257260956102,0
food_dining,8.91,Centerview,MO,38.7897,-93.8702,2368,Electronics engineer,39.124233,-94.306533,15,6,1,29.472963723477072,52.98248868806296,0
kids_pets,7.71,Parks,AZ,35.2563,-111.95,759,"""Geologist, engineering""",35.303189,-111.060858,23,1,12,63.75633127994524,80.87810252299464,0
grocery_net,29.04,Burlington,WA,48.4786,-122.3345,14871,Public house manager,48.657182,-122.673293,7,6,1,44.865160848733744,31.870976645101464,0
misc_net,840.76,Syracuse,MO,38.6547,-92.8929,628,"""Radiographer, diagnostic""",38.668922,-91.924921,3,6,1,57.05133470225873,84.06044546011378,0
misc_net,7.48,Weeping Water,NE,40.8731,-96.1528,1517,Dealer,41.464139,-96.529517,4,0,12,69.13894592744695,72.89369322373872,0
entertainment,19.98,High Rolls Mountain Park,NM,32.9396,-105.8189,899,Naval architect,33.062511,-105.017484,22,4,1,51.36755646817249,75.9750608254018,0
home,181.02,Luray,MO,40.4931,-91.8912,519,Town planner,41.214911,-91.971039,19,1,12,54.87474332648871,80.54211201219103,0
home,33.44,Lake Oswego,OR,45.4093,-122.6847,42817,Planning and development surveyor,45.72843,-123.405328,20,1,1,36.616016427104725,66.37659845892496,0
grocery_pos,221.79,Sun City,CA,33.7467,-117.1721,54287,"""Designer, exhibition/display""",34.343949,-117.528515,0,0,1,46.31074606433949,74.08624153144613,0
kids_pets,110.84,Moriarty,NM,34.9889,-106.0609,7268,"""Therapist, art""",35.420654,-105.672445,14,1,1,30.428473648186174,59.58599418868682,0
food_dining,47.33,Sutherland,NE,41.1558,-101.136,1789,Insurance broker,42.155397,-101.537459,23,5,1,36.91718001368925,116.04602134037522,0
entertainment,16.08,Spirit Lake,ID,47.9657,-116.868,4161,Production manager,47.084201,-117.419239,5,4,12,63.53730321697468,106.39826618432522,0
grocery_pos,49.45,Norwalk,CA,33.9056,-118.0818,105549,Firefighter,33.131848,-117.466428,1,5,1,45.28678986995209,103.23124629726875,0
food_dining,123.58,Paradise Valley,AZ,33.5494,-111.9565,17047,Building surveyor,32.634061,-112.091336,5,0,1,83.93976728268309,102.55319568332968,0
home,3.92,June Lake,CA,37.7773,-119.0825,633,Health service manager,37.226628,-119.123214,15,2,12,93.30869267624914,61.33717188035584,0
food_dining,21.6,Napa,CA,38.4549,-122.2564,94014,Airline pilot,38.035239,-121.809723,21,5,1,33.39356605065024,60.82057108200426,0
grocery_net,88.87,Howells,NE,41.6964,-96.9858,1063,Research scientist (maths),42.684972,-96.834006,6,1,1,90.78713210130049,110.63320602796348,0
grocery_pos,108.76,Iliff,CO,40.7692,-103.0968,648,Community arts worker,41.311946,-103.672335,4,1,12,51.27173169062286,77.2789362140296,0
shopping_pos,1.84,Fort Washakie,WY,43.0048,-108.8964,1645,Information systems manager,42.222055,-109.309681,19,3,1,32.91444216290212,93.3766836986191,0
grocery_pos,48.68,Moriarty,NM,34.9889,-106.0609,7268,"""Therapist, art""",34.030991,-105.611583,7,1,1,30.4476386036961,114.1938096150862,0
personal_care,20.41,Fort Washakie,WY,43.0048,-108.8964,1645,Information systems manager,42.132393,-109.69482,23,5,3,33.034907597535934,116.98342957838403,1
personal_care,5.98,Littleton,CO,39.5994,-105.0044,320420,Water engineer,38.679234,-104.980632,23,2,1,43.44421629021218,102.3383210755088,0
home,66.1,Orient,WA,48.8878,-118.2105,149,Special educational needs teacher,49.549749,-117.599917,23,5,12,42.5160848733744,85.93151875164729,0
shopping_net,2.81,Wheaton,MO,36.7651,-94.0492,760,Production manager,36.802693,-94.731396,12,3,12,35.3347022587269,60.8971421263746,0
grocery_pos,128.15,Llano,NM,36.1486,-105.6648,247,Architectural technologist,36.233425,-105.231913,6,3,1,57.1937029431896,39.9759812891735,0
gas_transport,23.27,Loving,NM,32.274,-104.0914,1925,Educational psychologist,32.212844,-103.681711,1,0,8,68.24640657084188,39.12566949164431,1
home,9.96,Kent,OR,45.0838,-120.6649,60,Museum education officer,44.999107,-121.196903,19,5,12,78.73237508555783,42.84701662941351,0
home,298.13,Fullerton,NE,41.366,-98.0054,1749,"""Surveyor, mining""",41.401828,-98.226903,23,5,12,46.64202600958248,18.90435776856198,1
personal_care,38.78,North Loup,NE,41.4972,-98.7858,509,"""Nurse, children's""",41.892707,-98.523486,12,3,1,38.338124572210816,49.07589242510637,0
home,7.3,Littleton,CO,39.5994,-105.0044,320420,Water engineer,39.600074,-105.464721,18,0,12,45.412731006160165,39.43917545818796,0
health_fitness,15.54,Scotts Mills,OR,44.9897,-122.6187,1252,"""Engineer, petroleum""",45.087087,-121.699075,20,0,12,83.89048596851471,73.0651064365044,0
travel,6.79,Espanola,NM,35.9866,-106.0654,18408,Historic buildings inspector/conservation officer,35.157999,-106.108726,13,4,12,48.43805612594114,92.21951504140569,0
entertainment,147.85,Superior,AZ,33.2887,-111.0985,2872,Petroleum engineer,34.135476,-111.50854,14,5,1,31.227926078028748,101.5085123327653,0
misc_pos,404.93,Rock Springs,WY,41.606,-109.23,27971,Music therapist,40.709453,-109.157306,3,5,12,36.40246406570842,99.87705364191169,0
travel,2.94,Nelson,NE,40.201,-98.0684,732,Television/film/video producer,40.953266,-97.279412,17,2,12,64.04654346338124,106.94378423336391,0
shopping_pos,9.05,Espanola,NM,35.9866,-106.0654,18408,Historic buildings inspector/conservation officer,36.754829,-105.199574,21,0,12,48.446269678302535,115.3529426963264,0
grocery_pos,208.05,Napa,CA,38.4549,-122.2564,94014,Airline pilot,38.856065,-121.432459,0,0,1,33.41820670773443,84.31231008888008,0
shopping_net,963.01,Westfir,OR,43.7575,-122.481,597,Forensic psychologist,42.855154,-121.490318,12,3,10,58.450376454483234,128.424277492984,1
grocery_pos,221.29,Superior,AZ,33.2887,-111.0985,2872,Petroleum engineer,32.821983,-111.622185,5,6,12,33.16632443531827,71.24079232428264,0
shopping_net,8.25,Manville,WY,42.73,-104.7024,241,Educational psychologist,42.411762,-104.050458,14,4,12,40.02464065708419,64.04908372787854,0
grocery_pos,101.49,Redford,MO,37.3272,-91.0243,241,Investment analyst,37.894793,-91.691718,4,2,1,44.18343600273785,86.25234702960175,0
grocery_pos,17.95,Moab,UT,38.5677,-109.5271,9772,Location manager,37.631074,-110.325756,10,2,1,29.12525667351129,125.42115358172514,0
personal_care,19.25,Port Costa,CA,38.046,-122.1866,198,Armed forces training and education officer,38.500711,-123.023225,19,1,12,61.74948665297741,88.82692630102717,0
grocery_pos,338.44,High Rolls Mountain Park,NM,32.9396,-105.8189,899,Naval architect,32.852176,-105.095767,23,6,2,52.48459958932238,68.21199268854616,1
shopping_net,648.72,Llano,NM,36.1486,-105.6648,247,Architectural technologist,36.378846,-106.610246,7,6,1,57.20191649555099,88.54720183142973,0
shopping_pos,35.02,Phoenix,AZ,33.5623,-112.0559,1312922,Contractor,32.566659,-112.518772,14,0,1,37.20465434633813,118.81576139003762,0
grocery_pos,83.44,Eugene,OR,44.0385,-123.0614,191096,"""Scientist, physiological""",44.428212,-123.489699,9,1,12,56.73100616016427,55.15627829640697,0
entertainment,584.94,Sixes,OR,42.825,-124.4409,217,Retail merchandiser,42.261503,-124.046173,22,1,2,91.36208076659824,70.51053270775608,1
misc_pos,1.51,Eugene,OR,44.0385,-123.0614,191096,"""Scientist, physiological""",44.417284,-123.572941,8,5,12,56.72279260780287,58.61121928463137,0
grocery_net,58.63,Fort Washakie,WY,43.0048,-108.8964,1645,Freight forwarder,43.089969,-108.622691,4,4,1,42.89390828199864,24.173877934154294,0
kids_pets,50.01,Superior,AZ,33.2887,-111.0985,2872,Petroleum engineer,32.657394,-111.462079,17,6,1,31.211498973305957,77.96182953943365,0
shopping_pos,3.91,Redford,MO,37.3272,-91.0243,241,Investment analyst,37.484376,-91.335236,19,4,12,46.16290212183436,32.55366813678163,0
travel,9.71,Mound City,MO,40.1362,-95.2138,1631,Architect,41.07079,-95.383756,18,3,12,67.94524298425736,104.90742270307072,0
misc_pos,816.56,Bay City,OR,45.5197,-123.8761,1530,Colour technologist,44.921484,-122.961069,1,0,3,33.308692676249144,97.77948356374372,1
entertainment,90.88,Hooper,NE,41.6414,-96.5232,1745,"""Engineer, automotive""",41.498675,-96.188884,12,4,12,46.99794661190965,32.02118613295091,0
misc_net,108.65,Port Costa,CA,38.046,-122.1866,198,Armed forces training and education officer,38.805963,-122.273368,2,3,12,61.75496235455168,84.84137745639799,0
home,69.68,Williamsburg,MO,38.8874,-91.7689,710,Glass blower/designer,39.348822,-90.879083,13,3,1,48.26830937713895,92.33185504997162,0
misc_net,8.03,Norwalk,CA,33.9056,-118.0818,105549,Firefighter,33.256222,-118.712967,11,6,12,47.26351813826147,92.91132432744946,0
gas_transport,110.64,Santa Monica,CA,34.0287,-118.4924,92043,"""Civil engineer, contracting""",33.531751,-119.45691,11,0,1,57.72210814510609,104.8793787474221,0
grocery_net,58.83,Kansas City,MO,38.9621,-94.5959,545147,Counsellor,38.282436,-93.833007,1,5,12,33.106091718001366,100.5181522898136,0
entertainment,13.41,Port Costa,CA,38.046,-122.1866,198,Armed forces training and education officer,38.643404,-121.456994,22,5,1,59.76728268309377,91.9846388238513,0
home,138.74,Thompson,UT,38.9999,-109.615,46,"""Surveyor, minerals""",39.846771,-110.144229,21,0,12,33.68377823408624,104.56530274832164,0
personal_care,163.27,Spirit Lake,ID,47.9657,-116.868,4161,Production manager,48.520286,-117.456612,14,0,12,63.54551676933607,75.51624648109407,0
grocery_pos,290.92,Syracuse,MO,38.6547,-92.8929,628,"""Radiographer, diagnostic""",38.541135,-92.984968,21,0,6,57.49486652977413,14.949223251165796,1
shopping_pos,4.52,Smith River,CA,41.9404,-124.1587,1930,Web designer,40.981262,-124.698497,17,5,12,37.53867214236824,115.7482941509554,0
personal_care,13.45,Eugene,OR,44.0385,-123.0614,191096,"""Scientist, physiological""",44.902775,-122.666901,13,6,12,56.72553045859001,101.07232285386765,0
personal_care,2.72,Colton,WA,46.5901,-117.1692,761,Chief Marketing Officer,46.94612,-118.016157,17,4,12,77.48939082819986,75.68510585317352,0
health_fitness,43.01,Luray,MO,40.4931,-91.8912,519,Town planner,41.048674,-92.155282,23,3,1,52.92539356605065,65.65775555617068,0
misc_pos,8.29,Aurora,CO,39.6662,-104.835,389246,"""Scientist, marine""",39.097913,-105.696361,4,4,1,49.06228610540725,97.33148371385252,0
shopping_pos,1.47,Red River,NM,36.6659,-105.4694,606,"""Surveyor, land/geomatics""",36.973062,-105.777026,18,4,12,32.30116358658453,43.77657927519567,0
gas_transport,9.67,Sacramento,CA,38.5662,-121.3286,757530,Magazine features editor,39.042818,-121.254935,0,5,8,40.336755646817245,53.38053081026987,1
kids_pets,40.25,Albuquerque,NM,35.0561,-106.5506,641349,Charity officer,34.694125,-106.947996,18,5,12,53.921971252566735,54.16875597848985,0
entertainment,3.52,Honokaa,HI,20.0827,-155.488,4878,Physiotherapist,20.137288,-154.912787,1,2,1,52.101300479123886,60.3672599206712,0
entertainment,52.27,Holstein,NE,40.4542,-98.6538,331,Telecommunications researcher,40.585576,-97.828338,19,3,1,68.39425051334702,71.28736250037538,0
home,31.96,Sacramento,CA,38.5662,-121.3286,757530,Magazine features editor,38.979859,-120.497303,17,6,1,39.72621492128679,85.49345982587874,0
grocery_net,26.08,Sacramento,CA,38.5662,-121.3286,757530,Magazine features editor,39.439143,-121.509226,5,1,12,41.667351129363446,98.31363244356696,0
health_fitness,102.54,Daly City,CA,37.6787,-122.478,107941,"""Buyer, industrial""",37.049231,-122.916859,15,6,1,27.29637234770705,80.02107757950807,0
shopping_net,3.49,Phoenix,AZ,33.5623,-112.0559,1312922,Contractor,33.866541,-112.505892,14,1,1,37.18822724161533,53.63578746730687,0
shopping_pos,134.35,Helm,CA,36.4992,-120.0936,123,Early years teacher,36.503516,-119.440498,5,3,12,47.89596167008898,58.37823166039199,0
misc_pos,5.01,Espanola,NM,35.9866,-106.0654,18408,Historic buildings inspector/conservation officer,36.019163,-106.072795,15,4,1,46.46406570841889,3.6814402121013,0
shopping_pos,791.6,San Jose,CA,37.3304,-121.7913,973849,Geoscientist,38.032623,-122.391723,23,5,6,22.403832991101982,94.2806708683939,1
travel,28.87,Unionville,MO,40.4815,-92.9951,3805,"""Investment banker, corporate""",39.71404,-93.975043,20,4,1,68.30390143737166,119.2883171178653,0
kids_pets,46.65,Kansas City,MO,38.9621,-94.5959,545147,Counsellor,38.376619,-95.444943,15,0,1,31.156741957563312,98.34396235162396,0
health_fitness,5.64,Cascade Locks,OR,45.671,-121.8686,1288,Barrister,45.485645,-121.67746,22,3,12,84.66803559206024,25.41841898131093,0
home,33.16,Tekoa,WA,47.2271,-117.0819,895,Clothing/textile technologist,46.272067,-116.591358,17,2,1,19.630390143737166,112.57894944688697,0
grocery_pos,86.64,Fiddletown,CA,38.5234,-120.6763,832,Immigration officer,39.306486,-119.924663,4,5,12,33.607118412046546,108.67766378965786,0
gas_transport,47.76,Camden,MO,39.2048,-94.0259,464,Colour technologist,38.91306,-93.563038,11,6,1,59.611225188227245,51.47349694134008,0
personal_care,72.73,Laramie,WY,41.4247,-105.4781,35371,"""Pilot, airline""",40.612397,-104.524796,15,1,12,32.323066392881586,120.6423985087,0
misc_net,79.85,Orient,WA,48.8878,-118.2105,149,Special educational needs teacher,48.810339,-117.691086,9,6,1,40.544832306639286,38.969868993708246,0
gas_transport,76.97,Eugene,OR,44.0385,-123.0614,191096,"""Scientist, physiological""",43.466111,-123.521729,0,0,1,54.79260780287474,73.60649317058876,0
shopping_pos,8.62,Hawthorne,CA,33.9143,-118.3493,93193,"""Editor, magazine features""",34.827012,-118.931478,12,1,12,25.697467488021903,114.6948136313261,0
kids_pets,9.63,Orient,WA,48.8878,-118.2105,149,Special educational needs teacher,48.864671,-117.542143,14,3,1,40.55578370978782,48.94543284206133,0
gas_transport,122.15,Colorado Springs,CO,38.8881,-104.6556,525713,Museum/gallery exhibitions officer,39.184042,-104.745413,1,5,12,28.63244353182752,33.809182915909055,0
home,246.57,Phoenix,AZ,33.8155,-112.1202,1312922,Counselling psychologist,34.173534,-111.765068,19,4,12,21.07049965776865,51.54464845458098,0
shopping_pos,4.46,Altonah,UT,40.3207,-110.436,302,"""Sales professional, IT""",40.912375,-109.518316,19,5,12,30.94045174537988,101.62698445571353,0
misc_pos,30.08,Laguna Hills,CA,33.615,-117.7114,45303,Sales executive,34.362843,-117.920866,10,4,12,51.00889801505818,85.36932963601677,0
entertainment,68.69,Parks,AZ,35.2563,-111.95,759,"""Geologist, engineering""",35.032507,-112.310587,11,0,1,61.77960301163586,41.16036853362374,0
personal_care,87.29,Roseland,NE,40.4591,-98.5551,463,"""Nurse, mental health""",41.012213,-99.281249,15,4,1,70.59548254620123,86.75134315259304,0
gas_transport,83.77,Valentine,NE,42.8062,-100.6215,4005,Network engineer,42.584911,-100.703297,10,1,1,73.83709787816564,25.498088397494367,0
shopping_pos,3.6,Norwalk,CA,33.9056,-118.0818,105549,Firefighter,33.938891,-118.081363,18,1,12,47.26899383983573,3.702009896904981,0
misc_pos,27.62,Fiddletown,CA,38.5234,-120.6763,832,Immigration officer,38.213434,-121.163771,7,6,1,31.655030800821358,54.71765865988782,0
misc_net,733.72,Saint Louis,MO,38.6171,-90.4504,927396,Occupational hygienist,38.564132,-90.515652,23,1,3,58.978781656399725,8.176311476485756,1
shopping_pos,4.1,High Rolls Mountain Park,NM,32.9396,-105.8189,899,Naval architect,32.34748,-106.011391,6,1,1,51.37850787132101,68.26293793302035,0
shopping_pos,192.64,Meridian,ID,43.6498,-116.4306,84106,Intelligence analyst,42.774091,-115.947483,20,3,12,49.86721423682409,104.95041560206612,0
kids_pets,91.43,Westerville,NE,41.4193,-99.3844,73,Product designer,40.846843,-99.424571,12,1,12,85.88364134154689,63.74315738600399,0
shopping_net,1087.53,Clarksville,MO,39.3465,-90.9362,1146,Exercise physiologist,38.962887,-90.364971,22,6,3,90.91854893908284,65.15740089274856,1
entertainment,35.78,Aurora,CO,39.6662,-104.835,389246,"""Scientist, marine""",39.710832,-105.728886,2,2,12,51.04996577686516,76.64816049163878,0
gas_transport,49.3,June Lake,CA,37.7773,-119.0825,633,Health service manager,37.606059,-119.965307,11,6,12,93.30047912388775,79.97747760568747,0
personal_care,36.3,Altonah,UT,40.3207,-110.436,302,"""Sales professional, IT""",40.217885,-110.802646,22,1,1,28.974674880219027,33.141752032693056,0
shopping_net,797.76,Stayton,OR,44.8021,-122.7624,9587,"""Engineer, biomedical""",45.002462,-122.696088,22,3,11,52.67624914442163,22.88321951315227,1
shopping_net,160.01,Syracuse,MO,38.6547,-92.8929,628,"""Radiographer, diagnostic""",38.940745,-92.075703,9,6,12,59.02532511978097,77.63359196163614,0
grocery_pos,251.36,Ruidoso,NM,33.3305,-105.6933,8874,Licensed conveyancer,32.791126,-104.919269,2,4,9,20.109514031485283,93.80918212561744,1
gas_transport,83.6,Oakland,CA,37.7878,-122.1884,381459,Barista,38.03305,-121.343113,0,3,12,46.992470910335385,79.0117163126493,0
gas_transport,66.23,Wendel,CA,40.3406,-120.2824,104,"""Teacher, adult education""",40.830744,-119.691647,0,6,1,29.39082819986311,73.88502898061726,0
shopping_net,4.47,Espanola,NM,35.9866,-106.0654,18408,Historic buildings inspector/conservation officer,35.425279,-105.939024,21,6,1,46.46954140999316,63.45051423507561,0
misc_net,5.45,Espanola,NM,35.9866,-106.0654,18408,Historic buildings inspector/conservation officer,36.704095,-105.516115,1,4,12,48.43805612594114,93.72969321710572,0
grocery_pos,225.92,Huntington Beach,CA,33.6773,-118.0051,190249,"""Therapist, horticultural""",33.305925,-118.873269,2,5,1,42.31895961670089,90.48034308383784,0
shopping_net,2.31,Grenada,CA,41.6125,-122.5258,589,Systems analyst,41.476098,-122.906868,3,1,1,73.0485968514716,35.15390346042924,0
home,231.12,Utica,MO,39.7417,-93.6289,271,Land/geomatics surveyor,39.816994,-93.070212,23,0,3,46.93223819301848,48.47107000850156,1
kids_pets,7.42,Orient,WA,48.8878,-118.2105,149,Special educational needs teacher,49.433534,-118.452232,13,2,1,40.57221081451061,63.17725111689556,0
kids_pets,6.04,Mendon,UT,41.71,-111.9817,2078,"""Scientist, audiological""",41.572625,-112.594691,13,4,1,55.58110882956879,53.17934011833413,0
shopping_pos,860.1,Unionville,MO,40.4815,-92.9951,3805,"""Investment banker, corporate""",40.401677,-93.966246,21,1,7,68.81314168377824,82.66251300057417,1
food_dining,6.89,Espanola,NM,35.9866,-106.0654,18408,Historic buildings inspector/conservation officer,35.727865,-106.45249,22,0,12,48.446269678302535,45.2180323234045,0
kids_pets,5.54,Freedom,WY,43.0172,-111.0292,471,"""Education officer, museum""",42.363946,-111.638825,15,3,12,53.4154688569473,88.08414951741695,0
misc_pos,9.63,Athena,OR,45.8289,-118.4971,1302,Dealer,46.710578,-118.401049,22,4,3,43.40041067761807,98.3156989712965,1
kids_pets,48.82,Conway,WA,48.34,-122.3456,85,"""Research officer, political party""",48.524597,-122.50277,23,4,1,34.379192334017795,23.57514700405196,0
grocery_pos,225.48,Kansas City,MO,38.9621,-94.5959,545147,Counsellor,37.986766,-93.847242,0,0,1,31.137577002053387,126.52692073981493,0
home,74.34,Williamsburg,MO,38.8874,-91.7689,710,Glass blower/designer,39.827075,-92.402502,22,3,1,48.3066392881588,117.834063890318,0
home,99.96,Parker Dam,CA,34.298,-114.156,126,Marketing executive,34.933406,-114.686919,20,0,1,26.269678302532512,85.74626757233949,0
food_dining,25.29,Phoenix,AZ,33.8155,-112.1202,1312922,Counselling psychologist,33.64718,-112.739699,19,0,1,19.1047227926078,60.26808903373191,0
entertainment,72.97,Lonetree,WY,41.0552,-110.1603,49,Research scientist (physical sciences),40.775539,-110.923086,18,4,12,39.47433264887064,71.23999245104802,0
shopping_pos,8.71,Redford,MO,37.3272,-91.0243,241,Investment analyst,38.176307,-90.444765,13,5,1,44.19164955509925,107.28657603409172,0
entertainment,75.46,Mesa,ID,44.6255,-116.4493,129,Cartographer,43.921224,-116.858597,13,3,12,55.044490075290895,84.82115678255376,0
misc_net,78.65,Freedom,WY,43.0172,-111.0292,471,"""Education officer, museum""",42.630158,-111.375559,0,0,12,53.4072553045859,51.47918827130274,0
food_dining,70.68,Pueblo,CO,38.2352,-104.66,151815,Further education lecturer,37.597512,-105.379019,21,4,1,31.019849418206707,94.90059514213578,0
shopping_pos,778.43,Arnold,MO,38.4305,-90.387,35439,Land/geomatics surveyor,38.091935,-90.845828,23,0,3,33.94387405886379,54.97340681695732,1
food_dining,130.22,Blairstown,MO,38.5319,-93.9221,467,Agricultural consultant,37.830131,-93.977754,13,3,1,68.6050650239562,78.1846236810443,0
grocery_pos,111.13,Meadville,MO,39.7795,-93.3014,964,Tourist information centre manager,38.949084,-92.398145,9,4,1,44.05201916495551,120.64671925149554,0
shopping_pos,2.98,Issaquah,WA,47.4974,-122.0107,50489,Osteopath,47.753729,-122.698789,19,2,1,34.88021902806297,58.91952661953282,0
entertainment,30.95,Omaha,NE,41.2064,-95.9953,518429,"""Surveyor, land/geomatics""",40.728624,-96.978415,14,1,1,23.247091033538677,98.16127538677662,0
shopping_pos,81.72,Meridian,ID,43.6498,-116.4306,84106,Intelligence analyst,43.609846,-115.597639,14,1,1,47.92607802874743,67.18705215720499,0
kids_pets,37.64,Sacramento,CA,38.5662,-121.3286,757530,Magazine features editor,39.191018,-122.300972,23,3,12,41.67282683093772,109.13987857551533,0
shopping_pos,130.89,Jordan Valley,OR,42.8801,-117.281,641,Economist,42.631344,-117.470244,9,4,12,27.08555783709788,31.68322818265689,0
health_fitness,95.89,Burbank,WA,46.1966,-118.9017,3684,Musician,46.204394,-117.985404,23,4,1,37.1170431211499,70.52500999923257,0
home,11.06,Utica,MO,39.7417,-93.6289,271,Land/geomatics surveyor,40.004795,-93.726656,17,3,1,46.71047227926078,30.4210275116256,0
kids_pets,10.47,Freedom,WY,43.0172,-111.0292,471,"""Education officer, museum""",43.572916,-110.813633,16,6,1,51.46885694729637,64.2083140161817,0
shopping_net,5.92,Jelm,WY,41.0539,-106.0763,100,Public librarian,41.176678,-105.455598,20,0,12,46.70225872689939,53.76024592176795,0
shopping_pos,6.41,Phoenix,AZ,33.5623,-112.0559,1312922,Contractor,33.284636,-111.194669,17,6,1,37.20191649555099,85.68283155717998,0
gas_transport,44.4,Sutherland,NE,41.1558,-101.136,1789,Insurance broker,40.93317,-100.748244,8,0,12,38.87748117727584,40.86894376019786,0
personal_care,7.54,Rocky Mount,MO,38.2911,-92.7059,1847,Tax inspector,38.230077,-93.039229,20,0,1,30.217659137577,29.883666609827674,0
kids_pets,28.55,Altonah,UT,40.3207,-110.436,302,"""Sales professional, IT""",40.420796,-109.995353,23,6,12,30.94318959616701,38.95373821720808,0
kids_pets,59.34,High Rolls Mountain Park,NM,32.9396,-105.8189,899,Naval architect,32.253781,-106.132871,13,3,1,51.36481861738535,81.73501680951017,0
travel,5.86,Westerville,NE,41.4193,-99.3844,73,Product designer,40.973687,-99.014111,12,2,12,85.88637919233402,58.438400836527954,0
entertainment,7.46,Holstein,NE,40.4542,-98.6538,331,Telecommunications researcher,41.145296,-99.001771,20,0,12,70.36002737850787,82.2389625812076,0
shopping_pos,891.32,Louisiana,MO,39.4336,-91.0664,4593,"""Teacher, early years/pre""",38.615908,-90.324844,23,3,4,79.46611909650925,111.22204081525062,1
grocery_pos,125.62,Colton,WA,46.5901,-117.1692,761,Chief Marketing Officer,47.517485,-116.563894,7,5,12,77.492128678987,112.85604937862944,0
misc_net,26.05,Arnold,MO,38.4305,-90.387,35439,Land/geomatics surveyor,39.246843,-90.286699,8,6,1,33.78781656399726,91.18792495104462,0
shopping_pos,4.59,Conway,WA,48.34,-122.3456,85,"""Research officer, political party""",48.893843,-121.809474,21,1,1,34.3709787816564,73.11485306976085,0
gas_transport,51.95,Sutherland,NE,41.1558,-101.136,1789,Insurance broker,41.846072,-102.080691,7,0,1,36.941820670773446,109.91081958665733,0
gas_transport,60.78,Utica,MO,39.7417,-93.6289,271,Land/geomatics surveyor,39.842351,-93.34929,11,1,12,48.69815195071869,26.38128158058375,0
grocery_pos,120.69,Westfir,OR,43.7575,-122.481,597,Forensic psychologist,44.642041,-122.647369,10,1,1,57.620807665982205,99.24653585782154,0
personal_care,17.34,Mountain Center,CA,33.6401,-116.5567,1661,"""Therapist, music""",34.517055,-116.032998,18,4,12,32.26557152635181,108.78901614575976,0
misc_net,753.77,Independence,MO,39.1412,-94.3515,123373,"""Engineer, production""",39.514535,-94.444112,2,0,8,26.72416153319644,42.27031229100304,1
kids_pets,65.52,Corona,CA,33.8419,-117.6043,233717,Wellsite geologist,34.000428,-117.013522,19,1,1,52.65160848733744,57.29040413563701,0
shopping_net,3.67,Campbell,NE,40.2967,-98.737,493,"""Surveyor, minerals""",40.310944,-99.485579,7,4,1,78.32717316906229,63.49910437679733,0
entertainment,41.99,Carlotta,CA,40.507,-123.9743,1139,"""Therapist, occupational""",39.749717,-123.608072,17,6,12,69.94934976043805,89.77807103724578,0
kids_pets,56.26,Meadville,MO,39.7795,-93.3014,964,Tourist information centre manager,39.702846,-92.976527,17,6,1,44.05749486652977,29.055673148020844,0
shopping_net,510.44,Sacramento,CA,38.5662,-121.3286,757530,Magazine features editor,39.502205,-121.970343,21,3,12,41.65366187542779,117.91785532064216,0
home,55.49,Red River,NM,36.6659,-105.4694,606,"""Surveyor, land/geomatics""",36.242253,-105.19215,16,1,1,30.357289527720734,53.23506140893987,0
health_fitness,101.77,Littleton,CO,39.5994,-105.0044,320420,Water engineer,39.028845,-105.56595,15,1,1,43.422313483915126,79.74197338036653,0
shopping_net,9.3,Cardwell,MO,36.0434,-90.2907,1120,Television floor manager,36.930573,-89.496439,9,1,1,61.70841889117043,121.54555687381055,0
grocery_pos,56.32,Crownpoint,NM,35.7206,-108.0271,5662,IT consultant,36.120093,-108.110947,6,3,1,29.75770020533881,45.05869014894575,0
grocery_pos,347.42,Nelson,NE,40.201,-98.0684,732,Television/film/video producer,39.741521,-97.072282,1,5,10,62.82819986310746,99.07412579196256,1
travel,6.46,Thompson,UT,38.9999,-109.615,46,"""Surveyor, minerals""",39.735613,-110.281537,13,2,1,31.71526351813826,99.87686590810787,0
grocery_pos,379.57,Mountain Center,CA,33.6401,-116.5567,1661,"""Therapist, music""",33.806317,-116.992593,5,6,10,32.06023271731691,44.34803647728951,1
gas_transport,83.51,Monitor,WA,47.4852,-120.4158,584,Medical technical officer,46.901372,-121.342636,1,1,12,51.7782340862423,95.49152763641878,0
kids_pets,20.7,Iliff,CO,40.7692,-103.0968,648,Community arts worker,40.319349,-103.995389,21,5,12,51.26351813826147,90.92362546712896,0
shopping_net,6.1,Burbank,WA,46.1966,-118.9017,3684,Musician,46.163634,-118.406791,14,4,1,37.1170431211499,38.279221711380615,0
entertainment,9.8,Sacramento,CA,38.6865,-121.3494,757530,Soil scientist,37.717176,-120.988621,5,6,1,52.31759069130732,112.2993531905196,0
grocery_pos,277.62,Palmdale,CA,34.5715,-118.0231,171170,Chemical engineer,35.431109,-117.100512,8,2,9,57.28678986995209,127.26946010476708,1
shopping_net,3.34,San Diego,CA,33.0067,-117.069,1241364,Chartered public finance accountant,32.765116,-117.733664,10,6,12,61.39630390143737,67.62777336321764,0
home,20.38,Westfir,OR,43.7575,-122.481,597,Forensic psychologist,42.969125,-122.642941,22,5,1,57.65092402464066,88.63536538160855,0
shopping_net,997.0,Omaha,NE,41.2064,-95.9953,518429,"""Surveyor, land/geomatics""",40.499096,-96.052214,22,5,9,23.96714579055441,78.79414982206494,1
personal_care,11.07,Vancouver,WA,45.6892,-122.6616,299480,Teaching laboratory technician,45.893296,-123.27349,17,2,12,35.9917864476386,52.59041369558707,0
personal_care,25.19,Redford,MO,37.3272,-91.0243,241,Investment analyst,37.11555,-90.101085,20,3,12,46.16016427104723,85.06594388236678,0
gas_transport,55.13,Port Costa,CA,38.046,-122.1866,198,Armed forces training and education officer,38.271194,-122.532174,2,4,12,61.738535249828885,39.24204865365304,0
travel,9.48,Meridian,ID,43.6498,-116.4306,84106,Intelligence analyst,43.361274,-116.63381,20,4,1,47.93429158110883,36.02626858713529,0
misc_net,771.43,Scotts Mills,OR,44.9897,-122.6187,1252,"""Engineer, petroleum""",45.856467,-123.240336,23,0,7,82.43394934976044,107.90099876150606,1
shopping_pos,106.55,Lonetree,WY,41.0552,-110.1603,49,Research scientist (physical sciences),41.32431,-110.284096,11,5,1,37.541409993155376,31.665969180523746,0
misc_net,8.5,Wheaton,MO,36.7651,-94.0492,760,Production manager,37.575528,-94.249506,15,4,12,35.318275154004105,91.84650523375788,0
shopping_net,927.82,Lonetree,WY,41.0552,-110.1603,49,Research scientist (physical sciences),40.523849,-110.92838,22,4,3,37.69199178644764,87.58989214566282,1
grocery_net,58.05,Sacramento,CA,38.6865,-121.3494,757530,Soil scientist,38.406686,-122.304488,9,1,12,54.27789185489391,88.69568825867168,0
misc_net,3.34,Norwalk,CA,33.9056,-118.0818,105549,Firefighter,33.295438,-117.090732,5,2,12,47.27173169062286,114.14088240572794,0
misc_pos,22.3,June Lake,CA,37.7773,-119.0825,633,Health service manager,38.367509,-119.640037,3,0,1,91.32922655715264,81.78567441828099,0
personal_care,35.63,Sutherland,NE,41.1558,-101.136,1789,Insurance broker,40.834599,-102.047844,18,0,12,38.87748117727584,84.45098027033895,0
gas_transport,52.55,North Loup,NE,41.4972,-98.7858,509,"""Nurse, children's""",41.155479,-98.217217,11,0,12,40.284736481861735,60.811087926947486,0
shopping_net,876.9,Brashear,MO,40.1959,-92.4333,805,Private music teacher,40.045324,-92.382561,22,1,12,49.492128678986994,17.290198610598512,1
shopping_pos,8.09,Centerview,MO,38.7897,-93.8702,2368,Electronics engineer,38.739184,-93.822831,13,1,12,31.45242984257358,6.9583958871039,0
grocery_pos,150.43,Tomales,CA,38.2427,-122.9145,337,Occupational psychologist,37.732925,-123.225461,6,6,12,66.48049281314168,62.89488506052427,0
home,14.9,Brashear,MO,40.1959,-92.4333,805,Private music teacher,41.186898,-91.749299,21,3,12,50.51334702258727,124.37105719290642,0
entertainment,75.15,Newhall,CA,34.3795,-118.523,34882,Health physicist,34.642587,-118.387262,18,3,12,49.686516084873375,31.787988766281167,0
entertainment,78.19,Carroll,NE,42.277,-97.1926,566,Metallurgist,42.726735,-96.339081,12,3,1,43.95619438740589,86.00343605225947,0
grocery_pos,87.02,Hawthorne,CA,33.9143,-118.3493,93193,"""Editor, magazine features""",33.432393,-117.518315,9,2,12,25.700205338809035,93.72582296492054,0
misc_pos,5.0,Camden,MO,39.2048,-94.0259,464,Colour technologist,40.166711,-93.982654,7,4,12,61.57973990417522,107.02361629262084,0
grocery_pos,63.43,Pueblo,CO,38.2352,-104.66,151815,Further education lecturer,38.994192,-105.02271,0,6,1,31.04449007529089,90.08745003588068,0
gas_transport,68.74,Hatch,UT,37.7175,-112.4777,258,Geoscientist,37.871064,-111.792738,6,4,1,57.13073237508556,62.56147182355164,0
misc_pos,121.52,Lakeport,CA,39.047,-122.9328,11256,Podiatrist,38.804433,-123.708137,11,3,12,48.20260095824778,72.29069576784411,0
gas_transport,110.17,San Diego,CA,33.0067,-117.069,1241364,"""Pharmacist, hospital""",32.295982,-117.434344,11,3,1,58.88021902806297,86.1125716683272,0
shopping_pos,6.08,Jelm,WY,41.0539,-106.0763,100,Public librarian,40.055588,-106.106467,18,1,1,44.7501711156742,111.0364807031193,0
entertainment,6.8,San Diego,CA,33.0067,-117.069,1241364,"""Pharmacist, hospital""",32.97625,-116.450577,11,1,1,58.83641341546885,57.77638568856258,0
grocery_pos,297.95,Eugene,OR,44.0385,-123.0614,191096,"""Scientist, physiological""",44.338684,-123.745909,1,4,4,55.05270362765229,63.975056419553,1
health_fitness,89.51,Campbell,NE,40.2967,-98.737,493,"""Surveyor, minerals""",39.418484,-98.175512,13,6,1,78.31348391512662,108.77968148763506,0
shopping_net,9.73,Hooper,NE,41.6414,-96.5232,1745,"""Engineer, automotive""",41.529997,-95.840955,20,3,12,47.01437371663244,58.07841308219544,0
shopping_pos,9.37,Oakland,CA,37.7878,-122.1884,381459,Barista,37.255843,-122.589613,18,1,1,45.0321697467488,68.92597490123445,0
personal_care,2.92,Orient,WA,48.8878,-118.2105,149,Special educational needs teacher,47.999681,-118.671144,18,1,1,40.55030800821356,104.43562474855088,0
health_fitness,27.82,Norwalk,CA,33.9056,-118.0818,105549,Firefighter,33.492222,-117.512289,17,0,12,47.2662559890486,69.91829788312295,0
shopping_net,1050.47,Conway,WA,48.34,-122.3456,85,"""Research officer, political party""",48.50046,-122.644168,2,0,6,34.75154004106776,28.35143092636352,1
food_dining,24.99,Broomfield,CO,39.8854,-105.1139,92337,"""Engineer, electronics""",39.463674,-104.45123,21,1,12,53.19917864476386,73.59012906285206,0
shopping_net,469.93,Monitor,WA,47.4852,-120.4158,584,Medical technical officer,48.165893,-120.30248,11,3,1,49.828884325804246,76.16090336257209,0
grocery_pos,86.6,Red River,NM,36.6659,-105.4694,606,"""Surveyor, land/geomatics""",36.963634,-105.700302,4,1,1,30.338124572210816,38.96848638813992,0
kids_pets,17.65,Burbank,WA,46.1966,-118.9017,3684,Musician,45.60726,-118.807557,20,1,12,39.082819986310746,65.9352569656914,0
shopping_net,6.54,High Rolls Mountain Park,NM,32.9396,-105.8189,899,Naval architect,32.871332,-104.881391,3,3,1,51.38398357289528,87.85009847222024,0
gas_transport,43.88,Kent,OR,45.0838,-120.6649,60,Museum education officer,44.363322,-119.808787,5,5,12,78.73237508555783,104.84607389973326,0
entertainment,37.07,Pueblo,CO,38.2352,-104.66,151815,Further education lecturer,38.499,-105.32515,19,3,12,32.99110198494182,64.98593909435225,0
entertainment,7.08,Norwalk,CA,33.9056,-118.0818,105549,Firefighter,33.230261,-117.798824,16,3,1,45.28131416837783,79.53939424036066,0
misc_net,1.98,Colton,WA,46.5901,-117.1692,761,Chief Marketing Officer,46.43526,-117.98747,7,0,12,77.49760438056126,64.94064458165232,0
health_fitness,89.33,Tomales,CA,38.2427,-122.9145,337,Occupational psychologist,37.968177,-122.851484,23,5,12,66.47775496235455,31.019521613220416,0
travel,454.65,Helm,CA,36.4992,-120.0936,123,Early years teacher,37.210339,-120.549261,21,2,12,47.893223819301845,88.86191190268812,0
gas_transport,80.62,Port Costa,CA,38.046,-122.1866,198,Armed forces training and education officer,37.985585,-122.091754,1,6,12,61.74401095140315,10.68489067323141,0
entertainment,202.79,High Rolls Mountain Park,NM,32.9396,-105.8189,899,Naval architect,33.082574,-104.887925,8,1,12,53.333333333333336,88.25145120937876,0
entertainment,70.93,Athena,OR,45.8289,-118.4971,1302,Dealer,45.791233,-118.439514,22,1,1,42.24229979466119,6.120770915348989,0
grocery_pos,87.61,Sutherland,NE,41.1558,-101.136,1789,Insurance broker,40.403898,-101.022827,4,2,12,38.8829568788501,84.14894703164266,0
home,260.45,Bay City,OR,45.5197,-123.8761,1530,Colour technologist,44.864116,-123.145669,22,0,3,33.308692676249144,92.68313002386272,1
misc_net,31.08,Kent,OR,45.0838,-120.6649,60,Museum education officer,45.662873,-119.911031,4,3,12,78.7460643394935,87.25578303934975,0
health_fitness,195.01,Espanola,NM,35.9866,-106.0654,18408,Historic buildings inspector/conservation officer,35.570024,-106.241512,23,4,12,48.43805612594114,48.96986966910242,0
food_dining,4.52,Red River,NM,36.6659,-105.4694,606,"""Surveyor, land/geomatics""",36.40153,-106.245451,20,3,1,30.362765229295004,75.3108519396565,0
personal_care,13.12,Superior,AZ,33.2887,-111.0985,2872,Petroleum engineer,33.652735,-110.590149,20,0,12,33.16906228610541,62.14375512934753,0
travel,4.42,North Loup,NE,41.4972,-98.7858,509,"""Nurse, children's""",41.311616,-99.63649,14,3,12,40.29295003422313,73.88973015341102,0
grocery_pos,144.07,Port Costa,CA,38.046,-122.1866,198,Armed forces training and education officer,38.275555,-121.24688,4,1,12,61.74948665297741,86.03333047173977,0
misc_net,2.82,Huslia,AK,65.6899,-156.292,277,"""Engineer, civil (consulting)""",65.567273,-155.99401,5,6,12,55.14031485284052,19.310111049517356,0
entertainment,14.12,Centerview,MO,38.7897,-93.8702,2368,Electronics engineer,39.114499,-92.996116,17,2,12,31.45516769336071,83.76956089979544,0
personal_care,153.5,Campbell,NE,40.2967,-98.737,493,"""Surveyor, minerals""",40.12001,-98.695155,22,6,12,80.28747433264887,19.965794593430545,0
food_dining,8.7,Moriarty,NM,34.9889,-106.0609,7268,"""Therapist, art""",34.926698,-106.662835,17,5,1,30.458590006844627,55.29007437271508,0
home,66.65,Phoenix,AZ,33.8155,-112.1202,1312922,Counselling psychologist,34.08687,-111.434155,18,3,1,19.132101300479125,70.10532143814088,0
grocery_pos,336.02,Arvada,CO,39.8422,-105.1097,122111,Hotel manager,38.856506,-104.612951,2,4,8,32.27104722792608,117.63244075026522,1
health_fitness,180.15,Indian Wells,CA,33.7163,-116.3381,4677,Learning mentor,33.651415,-115.611995,12,6,1,63.67145790554415,67.57006923654625,0
misc_net,1.25,Thompson,UT,38.9999,-109.615,46,"""Surveyor, minerals""",38.00616,-109.695053,6,6,1,31.707049965776864,110.71819113760267,0
gas_transport,78.41,Rocky Mount,MO,38.2911,-92.7059,1847,Tax inspector,38.183973,-92.22876,8,5,1,30.21218343600274,43.341579434688455,0
shopping_pos,114.94,Alva,WY,44.6873,-104.4414,110,"""Administrator, local government""",44.178854,-104.472095,0,0,12,47.61943874058864,56.58912212162898,0
travel,8.94,Sutherland,NE,41.1558,-101.136,1789,Insurance broker,42.079499,-101.253269,12,5,12,38.87200547570158,103.17218917961732,0
health_fitness,122.54,Phoenix,AZ,33.5623,-112.0559,1312922,Contractor,32.947132,-112.757523,17,1,12,39.181382614647504,94.52681465031992,0
personal_care,68.74,Helm,CA,36.4992,-120.0936,123,Early years teacher,35.525566,-120.675214,13,2,1,45.93839835728953,120.238841711444,0
travel,9.52,North Loup,NE,41.4972,-98.7858,509,"""Nurse, children's""",42.057389,-99.085598,19,1,1,38.33264887063656,67.06763985621217,0
gas_transport,80.62,Port Costa,CA,38.046,-122.1866,198,Armed forces training and education officer,37.985585,-122.091754,1,6,12,61.74401095140315,10.68489067323141,0
kids_pets,56.71,Valentine,NE,42.8062,-100.6215,4005,Network engineer,43.291233,-100.111819,14,5,1,73.82888432580424,68.00013719917557,0
grocery_pos,141.17,Mesa,ID,44.6255,-116.4493,129,Cartographer,44.763139,-117.03874,9,6,1,53.059548254620125,49.041469866040615,0
shopping_pos,2.77,Moab,UT,38.5677,-109.5271,9772,Location manager,39.456235,-110.050132,14,6,12,31.091033538672143,108.64421072828956,0
personal_care,2.31,Matthews,MO,36.7154,-89.6287,1019,Aeronautical engineer,36.563433,-89.820825,17,0,1,39.96714579055441,24.07055309435153,0
grocery_pos,86.39,Indian Wells,CA,33.7163,-116.3381,4677,Learning mentor,33.201371,-117.018208,10,2,1,63.66050650239562,85.19960401442384,0
misc_pos,25.12,Gardiner,OR,43.7857,-124.1437,260,"""Engineer, maintenance""",42.884749,-123.615248,2,6,12,64.32032854209446,108.9166311032603,0
gas_transport,51.29,North Loup,NE,41.4972,-98.7858,509,"""Nurse, children's""",40.779723,-98.77379,7,6,12,40.28199863107461,79.78614148537017,0
food_dining,21.17,Kirk,CO,39.6171,-102.4776,207,Network engineer,38.871202,-102.803762,21,0,1,63.1129363449692,87.56676820276387,0
shopping_pos,3.53,Meridian,ID,43.6498,-116.4306,84106,Intelligence analyst,44.464692,-117.158559,18,4,1,47.9151266255989,107.67606286895337,0
personal_care,111.78,Burlington,WA,48.4786,-122.3345,14871,Public house manager,48.23992,-123.187399,16,2,12,46.809034907597535,68.37619217799244,0
home,41.0,Wales,AK,64.7556,-165.6723,145,"""Administrator, education""",64.842781,-166.288628,16,2,1,79.14852840520192,30.748568741008363,0
shopping_net,4.08,Sixes,OR,42.825,-124.4409,217,Retail merchandiser,43.578601,-124.802318,1,0,12,92.24093086926764,88.76942770264014,0
travel,43.11,Rocky Mount,MO,38.2911,-92.7059,1847,Tax inspector,38.710958,-93.642323,17,5,1,30.19301848049281,93.91372749020536,0
misc_pos,2.97,Centerview,MO,38.7897,-93.8702,2368,Electronics engineer,37.932685,-94.734017,14,4,12,31.44147843942505,121.46354858479036,0
gas_transport,56.53,Ballwin,MO,38.577,-90.5255,92608,"""Engineer, communications""",39.459363,-90.170693,11,0,1,17.489390828199863,102.79077146335187,0
kids_pets,18.06,Sun City,CA,33.7467,-117.1721,54287,"""Designer, exhibition/display""",34.498558,-116.311879,22,3,8,46.93223819301848,115.14938022497424,1
shopping_pos,867.54,Indian Wells,CA,33.7163,-116.3381,4677,Learning mentor,32.883123,-117.3329,22,0,5,64.99657768651609,130.88370124040415,1
personal_care,73.91,Helm,CA,36.4992,-120.0936,123,Early years teacher,36.535536,-119.477675,18,4,12,47.879534565366185,55.18998194935816,0
grocery_pos,60.06,Hawthorne,CA,33.9143,-118.3493,93193,"""Editor, magazine features""",32.989346,-117.680936,2,6,12,25.69199178644764,120.09545854407502,0
misc_net,40.62,Mesa,ID,44.6255,-116.4493,129,Cartographer,45.344326,-117.303248,7,0,12,55.0362765229295,104.39859063228144,0
entertainment,1.01,Lowell,OR,43.921,-122.7806,1420,Systems analyst,43.971853,-123.561953,20,1,1,53.177275838466805,62.80925083745519,0
shopping_pos,9.41,Lakeport,CA,39.047,-122.9328,11256,Podiatrist,39.793748,-123.084593,15,3,1,46.247775496235455,84.05205239693716,0
shopping_pos,43.39,Sun City,CA,33.7467,-117.1721,54287,"""Designer, exhibition/display""",33.79066,-117.982445,16,2,12,48.27104722792608,75.06341543764294,0
misc_net,9.47,Camden,MO,39.2048,-94.0259,464,Colour technologist,38.978418,-93.830221,9,4,1,59.6249144421629,30.312487680235417,0
shopping_pos,7.48,Manville,WY,42.73,-104.7024,241,Educational psychologist,42.112399,-104.615171,20,2,12,40.03832991101985,69.04634680664739,0
shopping_net,6.32,Llano,NM,36.1486,-105.6648,247,Architectural technologist,36.867679,-105.042958,3,1,1,57.18822724161533,97.37555718429154,0
health_fitness,62.05,Corona,CA,33.8419,-117.6043,233717,Wellsite geologist,33.017108,-118.514709,16,1,12,54.60643394934976,124.69425801336158,0
misc_pos,68.7,Sun City,CA,33.7467,-117.1721,54287,"""Designer, exhibition/display""",33.932468,-116.294259,11,1,1,46.27515400410677,83.66580114577572,0
personal_care,65.71,Laguna Hills,CA,33.615,-117.7114,45303,Sales executive,33.775845,-117.54871,21,2,1,49.02943189596167,23.375496707164388,0
misc_pos,26.36,Meadville,MO,39.7795,-93.3014,964,Tourist information centre manager,40.460736,-92.523254,3,6,12,46.012320328542096,100.57734027634496,0
misc_net,758.05,Utica,MO,39.7417,-93.6289,271,Land/geomatics surveyor,39.150604,-93.533641,0,1,3,46.93497604380561,66.23387858548621,1
gas_transport,71.49,Shedd,OR,44.453,-123.1065,917,Radio broadcast assistant,45.108363,-123.508966,0,1,12,25.47843942505133,79.49515285687525,0
health_fitness,5.56,Malad City,ID,42.1808,-112.262,4154,Nature conservation officer,41.858092,-112.841341,17,5,12,58.93497604380561,59.81672394789789,0
shopping_net,909.8,Matthews,MO,36.7154,-89.6287,1019,Aeronautical engineer,36.706384,-89.228278,0,2,9,40.62422997946612,35.70796745563462,1
health_fitness,3.13,High Rolls Mountain Park,NM,32.9396,-105.8189,899,Naval architect,33.436645,-105.565402,12,3,1,51.34565366187543,60.09253581235556,0
personal_care,36.18,Howells,NE,41.6964,-96.9858,1063,Research scientist (maths),42.355431,-96.730313,12,4,12,92.73100616016428,76.25891904416727,0
grocery_pos,83.07,Conway,WA,48.34,-122.3456,85,"""Research officer, political party""",48.682111,-122.719904,0,1,1,34.332648870636554,46.98254499094524,0
entertainment,71.17,Campbell,NE,40.2967,-98.737,493,"""Surveyor, minerals""",39.746138,-99.649774,17,3,1,78.34360027378509,98.93924442438048,0
shopping_pos,4.0,Altonah,UT,40.3207,-110.436,302,"""Sales professional, IT""",39.506904,-110.986347,17,0,1,28.971937029431896,101.93858527908267,0
health_fitness,46.03,Thompson,UT,38.9999,-109.615,46,"""Surveyor, minerals""",39.81926,-109.971188,21,1,12,33.686516084873375,96.11012976599449,0
personal_care,25.01,American Fork,UT,40.3928,-111.7941,42384,Futures trader,39.575024,-111.874632,23,5,8,26.5927446954141,91.1910243477665,1
gas_transport,72.26,Eugene,OR,44.0385,-123.0614,191096,"""Scientist, physiological""",44.311762,-122.920321,9,5,12,56.72279260780287,32.40148184571462,0
grocery_pos,87.61,Sutherland,NE,41.1558,-101.136,1789,Insurance broker,40.403898,-101.022827,4,2,12,38.8829568788501,84.14894703164266,0
gas_transport,70.91,Wheaton,MO,36.7651,-94.0492,760,Production manager,37.505512,-94.086189,4,0,1,33.35249828884326,82.39532386111443,0
grocery_net,52.71,Hawthorne,CA,33.9143,-118.3493,93193,"""Editor, magazine features""",34.665138,-118.201926,10,1,1,23.742642026009584,84.58000740810967,0
grocery_pos,302.59,Blairsden-Graeagle,CA,39.8127,-120.6405,1725,Chartered legal executive (England and Wales),40.045071,-121.421907,3,1,4,51.92607802874743,71.46396947379252,1
shopping_pos,3.46,Greenview,CA,41.5403,-122.9366,308,Call centre manager,42.27795,-122.905938,2,6,1,60.29568788501027,82.0621720022501,0
shopping_net,6.57,Newhall,CA,34.3795,-118.523,34882,Health physicist,35.274696,-118.249192,13,2,12,49.68377823408624,102.6306803787522,0
entertainment,2.77,Kirtland Afb,NM,35.0203,-106.5503,310,"""Surveyor, land/geomatics""",34.111887,-105.794916,14,4,1,40.26283367556468,122.4217115299242,0
shopping_pos,1.32,Red River,NM,36.6659,-105.4694,606,"""Surveyor, land/geomatics""",36.006612,-104.773246,15,1,1,30.357289527720734,96.24207318610186,0
kids_pets,169.97,Palmdale,CA,34.5715,-118.0231,171170,Chemical engineer,34.413796,-117.398411,14,5,12,57.56331279945243,59.87599768139155,0
grocery_net,51.17,Ravenna,NE,41.0233,-98.9041,2202,"""Solicitor, Scotland""",40.058134,-98.353383,6,2,1,44.55304585900068,116.9760985459715,0
entertainment,127.61,Littleton,CO,39.5994,-105.0044,320420,Water engineer,39.240103,-104.005319,21,6,1,43.45516769336072,94.66371950910327,0
travel,1.85,Cascade Locks,OR,45.671,-121.8686,1288,Barrister,46.086817,-121.101384,14,0,1,82.70499657768652,75.26661292941228,0
grocery_pos,98.83,Athena,OR,45.8289,-118.4971,1302,Dealer,44.837098,-118.083329,0,0,12,44.19438740588638,114.92793824562456,0
travel,6.76,Browning,MO,40.029,-93.1607,602,Cytogeneticist,40.854222,-92.26564,18,0,12,66.45859000684463,118.98359449069066,0
food_dining,7.98,Kirk,CO,39.6171,-102.4776,207,Network engineer,40.246635,-102.067581,18,1,12,65.07049965776865,78.24537901433109,0
entertainment,10.71,Howells,NE,41.6964,-96.9858,1063,Research scientist (maths),41.129319,-97.910994,23,0,12,92.73921971252568,99.64245305856342,0
shopping_net,38.88,Kansas City,MO,38.9621,-94.5959,545147,Counsellor,39.924677,-95.006234,21,6,1,31.173169062286107,112.68392356207713,0
shopping_pos,5.21,Riverton,WY,43.0351,-108.2024,19408,"""Lecturer, higher education""",42.983814,-107.647893,23,3,1,25.349760438056126,45.44626387579189,0
personal_care,42.86,Newhall,CA,34.3795,-118.523,34882,Health physicist,35.000877,-118.700587,17,1,1,47.70704996577687,70.97603851298845,0
grocery_pos,93.97,Norwalk,CA,33.9056,-118.0818,105549,Firefighter,34.488321,-118.176704,3,1,1,45.295003422313485,65.3808460451998,0
misc_pos,32.19,Campbell,NE,40.2967,-98.737,493,"""Surveyor, minerals""",39.841562,-99.594646,4,4,1,78.34633812457221,88.81046017507214,0
kids_pets,57.5,Vancouver,WA,45.6892,-122.6616,299480,Teaching laboratory technician,45.370503,-122.053249,21,1,1,34.03422313483915,59.17285583278424,0
entertainment,84.35,Helm,CA,36.4992,-120.0936,123,Early years teacher,35.610841,-120.979915,13,5,12,47.88227241615332,126.90775014673326,0
shopping_pos,1.79,Thompson,UT,38.9999,-109.615,46,"""Surveyor, minerals""",38.921991,-110.337921,14,1,1,31.71252566735113,63.10276836489701,0
grocery_net,61.39,Littleton,CO,39.5994,-105.0044,320420,Water engineer,39.178441,-105.284528,3,0,1,43.47707049965777,52.63614633081133,0
kids_pets,48.19,Indian Wells,CA,33.7163,-116.3381,4677,Learning mentor,33.053779,-116.903538,16,4,12,65.63997262149213,90.46103162082689,0
home,20.65,Rocky Mount,MO,38.2911,-92.7059,1847,Tax inspector,39.289666,-92.394139,22,1,1,30.18206707734429,114.27563757988035,0
grocery_pos,92.39,Lonetree,WY,41.0552,-110.1603,49,Research scientist (physical sciences),41.749898,-109.925648,1,1,12,39.48528405201917,79.68750881296346,0
health_fitness,21.45,Crownpoint,NM,35.7206,-108.0271,5662,IT consultant,35.581144,-107.356356,22,1,1,29.73305954825462,62.55742130014176,0
home,144.21,Laramie,WY,41.4247,-105.4781,35371,"""Pilot, airline""",41.081761,-105.905642,21,0,12,32.32032854209446,52.26414385409403,0
gas_transport,53.44,Tekoa,WA,47.2271,-117.0819,895,Clothing/textile technologist,47.089792,-117.550915,5,2,12,21.58521560574949,38.60905589774705,0
shopping_net,7.92,Sutherland,NE,41.1558,-101.136,1789,Insurance broker,40.552787,-100.706284,21,0,1,36.92265571526352,76.17166076787669,0
grocery_pos,292.73,Hawthorne,CA,33.9143,-118.3493,93193,"""Editor, magazine features""",33.794068,-118.674993,3,1,9,24.3750855578371,32.91294513112901,1
food_dining,79.93,Burlington,WA,48.4786,-122.3345,14871,Public house manager,48.361297,-122.476104,19,6,1,44.84599589322382,16.713226649996518,0
shopping_pos,827.78,Tomales,CA,38.2427,-122.9145,337,Occupational psychologist,37.90017,-123.522281,15,5,5,64.86789869952088,65.43125664815797,1
travel,6.71,Scotts Mills,OR,44.9897,-122.6187,1252,"""Engineer, petroleum""",44.475967,-123.271069,17,6,12,83.88774811772758,76.93305884969537,0
kids_pets,37.52,Matthews,MO,36.7154,-89.6287,1019,Aeronautical engineer,37.566224,-89.049923,12,3,12,41.93018480492813,107.62132647985815,0
personal_care,22.74,Napa,CA,38.4549,-122.2564,94014,Airline pilot,37.826583,-122.096521,20,4,1,33.39082819986311,71.25099864794171,0
shopping_pos,1154.81,Kaktovik,AK,66.6933,-153.994,239,Careers information officer,67.441518,-153.653849,18,4,3,22.97056810403833,84.49294978766348,1
shopping_pos,3.08,Roseland,NE,40.4591,-98.5551,463,"""Nurse, mental health""",40.677487,-99.076534,6,3,12,72.58590006844626,50.29467391558478,0
travel,5.23,Fields Landing,CA,40.7268,-124.2174,276,"""Scientist, audiological""",40.085624,-124.181849,13,0,12,91.64681724845995,71.35903337613036,0
food_dining,43.8,Littleton,CO,39.5994,-105.0044,320420,Water engineer,40.440936,-104.154946,14,1,12,45.4154688569473,118.27197938376068,0
misc_pos,7.67,Phoenix,AZ,33.8155,-112.1202,1312922,Counselling psychologist,33.234271,-112.290021,20,0,12,21.078713210130047,66.51919763435784,0
personal_care,75.63,Littleton,CO,39.5994,-105.0044,320420,Water engineer,38.833804,-104.520804,19,6,1,43.45516769336072,94.77757183134987,0
shopping_net,906.07,Hawthorne,CA,33.9143,-118.3493,93193,"""Editor, magazine features""",34.756703,-118.793402,22,2,9,24.37782340862423,102.1613319649277,1
personal_care,21.87,Mountain Center,CA,33.6401,-116.5567,1661,"""Therapist, music""",33.191719,-116.946022,23,5,10,32.05749486652977,61.574935663307336,1
grocery_pos,248.41,Napa,CA,38.4549,-122.2564,94014,Airline pilot,37.655801,-122.867192,3,4,1,33.37166324435318,103.70725324644796,0
kids_pets,46.61,Williamsburg,MO,38.8874,-91.7689,710,Glass blower/designer,39.789688,-91.820402,15,5,1,48.29295003422313,100.42755897707696,0
gas_transport,80.43,Norwalk,CA,33.9056,-118.0818,105549,Firefighter,34.515383,-118.050574,1,1,12,47.26899383983573,67.8655468363644,0
entertainment,99.09,Lakeport,CA,39.047,-122.9328,11256,Podiatrist,38.180137,-122.34785,21,1,1,46.223134839151264,108.96799918618083,0
food_dining,8.43,Arvada,CO,39.8422,-105.1097,122111,Hotel manager,39.949173,-104.607488,13,0,1,31.64681724845996,44.46430741078783,0
kids_pets,15.83,Fields Landing,CA,40.7268,-124.2174,276,"""Scientist, audiological""",40.207219,-124.512417,21,0,1,89.71115674195757,62.93455216002156,0
shopping_pos,138.33,Meadville,MO,39.7795,-93.3014,964,Tourist information centre manager,38.956205,-92.652696,5,5,12,46.00958247775496,107.19266393646252,0
grocery_pos,87.16,Utica,MO,39.7417,-93.6289,271,Land/geomatics surveyor,39.851697,-94.548976,0,1,1,46.72416153319645,79.5506793323367,0
misc_net,1.45,San Diego,CA,33.0067,-117.069,1241364,Chartered public finance accountant,32.737089,-116.889152,5,5,12,61.39356605065024,34.36384783870787,0
shopping_net,134.15,Centerview,MO,38.7897,-93.8702,2368,Electronics engineer,38.245009,-94.617957,21,0,12,31.449691991786448,88.88459399213139,0
kids_pets,38.89,Mountain Center,CA,33.6401,-116.5567,1661,"""Therapist, music""",33.825675,-115.694288,23,6,1,30.297056810403834,82.37643476302993,0
misc_net,818.45,Iliff,CO,40.7692,-103.0968,648,Community arts worker,40.917992,-102.872123,22,1,3,50.5242984257358,25.11823832781749,1
shopping_pos,771.42,Rocky Mount,MO,38.2911,-92.7059,1847,Tax inspector,38.56928,-93.254275,22,2,12,31.16221765913758,56.90748307290147,1
grocery_pos,201.09,Superior,AZ,33.2887,-111.0985,2872,Petroleum engineer,32.798838,-111.639321,10,0,12,33.16906228610541,74.21656512772478,0
misc_net,14.74,Kansas City,MO,38.9621,-94.5959,545147,Counsellor,39.83462,-94.28881,0,2,12,33.1170431211499,100.54389832670614,0
kids_pets,34.28,Phoenix,AZ,33.8155,-112.1202,1312922,Counselling psychologist,34.696055,-111.969245,12,3,1,19.132101300479125,98.89122833898692,0
shopping_pos,23.81,Phoenix,AZ,33.5623,-112.0559,1312922,Contractor,33.284846,-112.827296,17,3,1,37.1937029431896,77.95436137617865,0
shopping_pos,1.67,Hooper,NE,41.6414,-96.5232,1745,"""Engineer, automotive""",41.862667,-97.363459,17,4,1,45.06228610540725,73.91826323211133,0
shopping_net,75.42,June Lake,CA,37.7773,-119.0825,633,Health service manager,36.824212,-119.84093,1,3,12,93.31143052703628,125.42514493459534,0
misc_pos,8.29,Aurora,CO,39.6662,-104.835,389246,"""Scientist, marine""",39.097913,-105.696361,4,4,1,49.06228610540725,97.33148371385252,0
shopping_pos,3.11,Daly City,CA,37.6787,-122.478,107941,"""Buyer, industrial""",37.74377,-122.072367,15,5,1,27.274469541409992,36.40836131503878,0
grocery_net,53.04,Sutherland,NE,41.1558,-101.136,1789,Insurance broker,41.308696,-101.992067,8,2,12,38.8829568788501,73.57807809868505,0
gas_transport,49.22,Kent,OR,45.0838,-120.6649,60,Museum education officer,45.980259,-120.421807,10,1,12,78.74058863791923,101.46405685849491,0
shopping_pos,120.38,Fiddletown,CA,38.5234,-120.6763,832,Immigration officer,38.136976,-121.063441,0,4,1,31.630390143737166,54.649969487247255,0
grocery_pos,376.23,Matthews,MO,36.7154,-89.6287,1019,Aeronautical engineer,36.378288,-90.041597,2,2,9,40.62422997946612,52.58879021445719,1
entertainment,43.23,Oakland,CA,37.7878,-122.1884,381459,Barista,38.240594,-122.411941,17,6,1,45.04585900068447,54.022850649759576,0
shopping_pos,6.27,Grenada,CA,41.6125,-122.5258,589,Systems analyst,41.575684,-121.808459,1,1,1,73.0485968514716,59.79346427475626,0
gas_transport,14.01,Eugene,OR,44.0385,-123.0614,191096,"""Scientist, physiological""",44.544897,-122.406761,5,3,4,55.04996577686516,76.71681705061832,1
misc_net,36.33,Howells,NE,41.6964,-96.9858,1063,Research scientist (maths),42.303784,-97.02709,3,0,12,92.73921971252568,67.62414571903496,0
personal_care,114.52,Jelm,WY,41.0539,-106.0763,100,Public librarian,41.242489,-105.097557,20,5,1,44.7419575633128,84.5909542997916,0
kids_pets,15.99,Port Costa,CA,38.046,-122.1866,198,Armed forces training and education officer,38.991891,-122.493481,20,6,12,61.74401095140315,108.51371838610368,0
shopping_pos,9.36,Phoenix,AZ,33.8155,-112.1202,1312922,Counselling psychologist,34.043224,-111.301576,21,0,12,21.078713210130047,79.65881002298853,0
misc_pos,2.99,Jelm,WY,41.0539,-106.0763,100,Public librarian,41.488043,-105.844083,17,0,12,46.70225872689939,52.02945204716617,0
misc_pos,118.86,Tekoa,WA,47.2271,-117.0819,895,Clothing/textile technologist,46.862624,-116.08687,15,0,12,21.579739904175224,85.5959952208582,0
home,45.18,Palmdale,CA,34.5715,-118.0231,171170,Chemical engineer,34.664212,-117.745697,14,0,1,55.6331279945243,27.398307164182444,0
shopping_net,1436.06,Orient,WA,48.8878,-118.2105,149,Special educational needs teacher,49.073891,-118.652067,14,0,1,40.54757015742642,38.29635174882229,0
shopping_pos,4.33,Azusa,CA,34.1248,-117.9031,59705,Civil Service fast streamer,33.874086,-117.183472,13,1,12,37.51950718685831,71.95861105696821,0
misc_net,801.83,Albuquerque,NM,35.0561,-106.5506,641349,Charity officer,34.487789,-105.783679,22,2,2,52.054757015742645,94.34093289429607,1
entertainment,113.07,Tekoa,WA,47.2271,-117.0819,895,Clothing/textile technologist,46.811999,-117.797963,19,5,12,21.57426420260096,71.25308448174067,0
grocery_pos,199.55,Littleton,CO,39.5994,-105.0044,320420,Water engineer,38.619691,-105.498059,6,1,1,43.422313483915126,116.96872943761456,0
misc_pos,18.1,Unionville,MO,40.4815,-92.9951,3805,"""Investment banker, corporate""",39.521426,-92.653091,3,0,12,70.2861054072553,110.65850530251942,0
gas_transport,43.16,Carlotta,CA,40.507,-123.9743,1139,"""Therapist, occupational""",40.162634,-123.8759,2,6,1,67.97535934291581,39.18955817178684,0
personal_care,126.13,Blairsden-Graeagle,CA,39.8127,-120.6405,1725,Chartered legal executive (England and Wales),39.598944,-121.524534,19,2,1,51.62217659137577,79.27244604539194,0
home,47.3,Issaquah,WA,47.4974,-122.0107,50489,Osteopath,46.776391,-121.039071,15,6,1,34.8911704312115,108.7596074788652,0
shopping_net,23.89,Centerview,MO,38.7897,-93.8702,2368,Electronics engineer,39.520415,-94.061394,17,0,1,29.51403148528405,82.90731201912938,0
home,100.24,Hatch,UT,37.7175,-112.4777,258,Geoscientist,37.178363,-112.077684,23,4,1,57.11156741957564,69.576444039744,0
gas_transport,9.79,Glendale,CA,34.1556,-118.2322,172817,Advertising account planner,34.698064,-118.151516,2,4,12,38.34907597535934,60.771490710070616,1
shopping_pos,1.18,Cascade Locks,OR,45.671,-121.8686,1288,Barrister,44.838106,-122.565595,5,1,12,84.66255989048597,107.48796984869736,0
shopping_net,77.24,Dumont,CO,39.7532,-105.6356,565,Mental health nurse,39.247226,-106.333028,3,5,12,42.33264887063656,82.13451910621743,0
home,121.8,Vancouver,WA,45.6892,-122.6616,299480,Teaching laboratory technician,45.102834,-122.686082,16,0,1,34.012320328542096,65.22893970408383,0
home,61.98,Laguna Hills,CA,33.615,-117.7114,45303,Sales executive,33.317919,-118.333795,23,4,12,51.00889801505818,66.51568746788834,0
grocery_pos,115.8,Parks,AZ,35.2563,-111.95,759,"""Geologist, engineering""",34.761071,-112.015091,7,0,1,61.77960301163586,55.38512879675941,0
home,7.82,Howells,NE,41.6964,-96.9858,1063,Research scientist (maths),41.153446,-97.550493,19,2,12,92.74469541409994,76.56143538277865,0
grocery_pos,98.24,Carlotta,CA,40.507,-123.9743,1139,"""Therapist, occupational""",41.13367,-124.815593,1,0,1,67.99726214921287,99.33350990737668,0
shopping_net,75.42,June Lake,CA,37.7773,-119.0825,633,Health service manager,36.824212,-119.84093,1,3,12,93.31143052703628,125.42514493459534,0
shopping_pos,6.82,Hooper,NE,41.6414,-96.5232,1745,"""Engineer, automotive""",41.084222,-97.443924,12,0,1,45.05133470225873,98.7049659561572,0
shopping_pos,7.77,High Rolls Mountain Park,NM,32.9396,-105.8189,899,Naval architect,32.863258,-106.520205,0,1,1,51.34017796030116,66.02168481006179,0
shopping_net,8.11,Red River,NM,36.6659,-105.4694,606,"""Surveyor, land/geomatics""",37.184733,-105.218084,23,1,1,30.31895961670089,61.86581145936953,0
kids_pets,17.19,Luray,MO,40.4931,-91.8912,519,Town planner,40.225175,-91.484259,14,6,1,52.91444216290212,45.56799866005094,0
grocery_net,15.98,Tekoa,WA,47.2271,-117.0819,895,Clothing/textile technologist,46.428897,-117.998208,7,4,1,19.616700889801507,112.8579837795996,0
home,2.52,Spirit Lake,ID,47.9657,-116.868,4161,Production manager,47.565828,-116.29468,22,0,1,61.60985626283368,61.75073727070803,0
shopping_net,6.67,Hawthorne,CA,33.9143,-118.3493,93193,"""Editor, magazine features""",34.873945,-118.685514,23,3,1,23.72895277207392,111.07721222375748,0
personal_care,21.31,Rocky Mount,MO,38.2911,-92.7059,1847,Tax inspector,38.418895,-93.119524,15,3,1,30.206707734428477,38.76513390347937,0
misc_pos,4.43,Jelm,WY,41.0539,-106.0763,100,Public librarian,40.595408,-106.575025,20,1,1,44.73100616016427,66.03114517855236,0
food_dining,58.86,Fiddletown,CA,38.5234,-120.6763,832,Immigration officer,37.746219,-121.207102,15,5,12,33.607118412046546,98.0985585314983,0
home,30.04,Newhall,CA,34.3795,-118.523,34882,Health physicist,34.068369,-118.271496,17,5,12,49.67282683093772,41.61239017712929,0
grocery_pos,21.45,Arnold,MO,38.4305,-90.387,35439,Land/geomatics surveyor,37.485174,-90.367442,4,5,1,33.78507871321013,105.12943914167266,0
misc_net,438.39,Hatch,UT,37.7175,-112.4777,258,Geoscientist,36.968869,-111.626978,7,5,1,57.15263518138261,112.18353327329538,0
grocery_pos,90.23,Athena,OR,45.8289,-118.4971,1302,Dealer,45.848917,-118.415707,10,6,12,44.19164955509925,6.686602439486428,0
shopping_pos,23.64,Daly City,CA,37.6787,-122.478,107941,"""Buyer, industrial""",38.022038,-122.180784,18,3,12,29.24298425735797,46.24401897117174,0
gas_transport,79.4,Superior,AZ,33.2887,-111.0985,2872,Petroleum engineer,32.988807,-111.963005,2,2,1,31.1813826146475,87.12677825922049,0
grocery_net,88.28,Lake Oswego,OR,45.4093,-122.6847,42817,Planning and development surveyor,46.265772,-123.245567,1,0,12,38.58726899383984,104.67807880087877,0
shopping_pos,3.54,Redford,MO,37.3272,-91.0243,241,Investment analyst,36.648628,-90.775699,18,0,1,44.23545516769336,78.61803598046494,0
shopping_pos,130.99,Hooper,NE,41.6414,-96.5232,1745,"""Engineer, automotive""",41.753806,-96.222776,19,5,12,47.00068446269678,27.89925826688415,0
personal_care,72.5,Rock Springs,WY,41.606,-109.23,27971,Music therapist,42.374003,-109.580692,15,5,12,36.40246406570842,90.1822058153805,0
grocery_pos,138.14,Colton,WA,46.5901,-117.1692,761,Chief Marketing Officer,47.181888,-116.338456,1,1,1,75.52635181382615,91.19099235644158,0
gas_transport,55.24,Hooper,NE,41.6414,-96.5232,1745,"""Engineer, automotive""",40.950278,-95.616305,5,4,12,46.99794661190965,107.9152210889697,0
food_dining,34.58,Moab,UT,38.5677,-109.5271,9772,Location manager,39.419454,-110.275483,19,6,1,29.155373032169745,114.68654379381488,0
travel,8.64,Moriarty,NM,34.9889,-106.0609,7268,"""Therapist, art""",34.478914,-106.537265,22,5,1,30.420260095824776,71.48888011969453,0
gas_transport,70.68,Paradise Valley,AZ,33.5494,-111.9565,17047,Building surveyor,33.551395,-111.30237,10,3,12,85.92197125256673,60.61843659466516,0
personal_care,55.89,Burlington,WA,48.4786,-122.3345,14871,Public house manager,48.077872,-122.455861,15,1,12,46.8062970568104,45.454954637973074,0
entertainment,68.79,Kissee Mills,MO,36.6704,-93.0377,1201,"""Engineer, agricultural""",36.428712,-93.505421,15,2,12,40.78576317590692,49.67723145080603,0
grocery_net,58.02,Issaquah,WA,47.4974,-122.0107,50489,Osteopath,48.368495,-122.491956,6,4,1,34.88569472963724,103.28358391538238,0
shopping_pos,1.37,Altonah,UT,40.3207,-110.436,302,"""Sales professional, IT""",40.098047,-110.075551,21,4,1,29.00205338809035,39.36808053280978,0
gas_transport,20.3,Mesa,ID,44.6255,-116.4493,129,Cartographer,43.846744,-117.39462,10,0,4,53.36892539356605,114.76029018018583,1
travel,4.4,Kent,OR,45.0838,-120.6649,60,Museum education officer,45.871355,-119.820226,21,3,12,78.7460643394935,109.57115186321953,0
grocery_pos,81.82,Jelm,WY,41.0539,-106.0763,100,Public librarian,41.771897,-106.388392,2,5,1,44.72279260780287,83.97241888308746,0
grocery_pos,107.02,Orient,WA,48.8878,-118.2105,149,Special educational needs teacher,48.434788,-118.672007,6,0,12,42.521560574948666,60.71469839069906,0
misc_net,1043.38,Parker Dam,CA,34.298,-114.156,126,Marketing executive,34.351802,-114.176826,22,6,1,26.305270362765228,6.280759922783648,1
misc_pos,7.27,Centerview,MO,38.7897,-93.8702,2368,Electronics engineer,39.235482,-93.225222,21,1,1,29.45927446954141,74.58112768062368,0
gas_transport,10.14,Louisiana,MO,39.4336,-91.0664,4593,"""Teacher, early years/pre""",38.922426,-91.590025,1,4,5,79.46885694729637,72.58021294778025,1
health_fitness,41.21,Littleton,CO,39.5994,-105.0044,320420,Water engineer,40.077487,-105.273825,23,3,1,43.44695414099932,57.92447929589963,0
shopping_pos,88.33,Meredith,CO,39.3199,-106.6596,61,Public relations account executive,38.398466,-105.970567,4,1,12,81.15263518138262,118.56214488187273,0
food_dining,46.59,Port Costa,CA,38.046,-122.1866,198,Armed forces training and education officer,37.871335,-122.817661,23,1,12,61.74948665297741,58.63625009038839,0
gas_transport,101.49,San Diego,CA,33.0067,-117.069,1241364,Chartered public finance accountant,32.830827,-116.184826,3,6,12,61.39630390143737,84.81533636915229,0
shopping_pos,654.62,Freedom,WY,43.0172,-111.0292,471,"""Education officer, museum""",43.973646,-111.336588,23,0,6,52.851471594798085,109.2038572122513,1
shopping_net,902.1,Laguna Hills,CA,33.615,-117.7114,45303,Sales executive,33.370471,-116.71858,22,0,1,50.05886379192334,95.99657063703356,1
home,73.24,Lonetree,WY,41.0552,-110.1603,49,Research scientist (physical sciences),41.321547,-111.094656,12,6,1,37.5441478439425,83.60723606966866,0
kids_pets,12.0,Ashford,WA,46.7531,-121.9898,759,Video editor,47.137348,-121.832324,20,2,1,62.338124572210816,44.36724837735847,0
kids_pets,50.01,Pueblo,CO,38.2352,-104.66,151815,Further education lecturer,38.839754,-105.333396,12,5,1,31.041752224503764,89.15879779001556,0
shopping_pos,70.21,Owensville,MO,38.3511,-91.4867,6703,Naval architect,37.843931,-92.128228,20,0,1,20.673511293634498,79.57209198491884,0
entertainment,92.34,Tekoa,WA,47.2271,-117.0819,895,Clothing/textile technologist,47.459463,-117.853276,23,3,12,21.587953456536617,63.60418572691858,0
home,49.49,Utica,MO,39.7417,-93.6289,271,Land/geomatics surveyor,38.949393,-93.066976,23,6,1,46.718685831622174,100.48108448634778,0
entertainment,110.2,Blairstown,MO,38.5319,-93.9221,467,Agricultural consultant,39.434762,-93.929902,17,4,12,70.58179329226557,100.39593862809744,0
home,73.16,Sacramento,CA,38.5662,-121.3286,757530,Magazine features editor,39.202901,-120.954739,23,6,12,41.661875427789184,77.84256268908406,0
gas_transport,59.29,Portland,OR,45.5303,-122.7033,841711,"""Engineer, building services""",45.374922,-121.997539,5,0,1,55.80013689253936,57.69879306065966,0
shopping_net,30.13,Browning,MO,40.029,-93.1607,602,Cytogeneticist,39.304041,-92.252914,5,0,1,64.48459958932239,111.96215458124878,0
grocery_pos,295.16,Coulee Dam,WA,48.0379,-118.9419,1439,"""Pilot, airline""",47.584587,-119.288769,1,6,3,19.482546201232037,56.67193487252767,1
home,41.11,Freedom,WY,43.0172,-111.0292,471,"""Education officer, museum""",42.984645,-111.622312,13,4,12,53.399041752224505,48.36836553988113,0
gas_transport,66.2,Mountain Center,CA,33.6401,-116.5567,1661,"""Therapist, music""",34.004189,-115.94043,6,1,12,32.276522929500345,69.85658632887093,0
health_fitness,39.33,Lowell,OR,43.921,-122.7806,1420,Systems analyst,44.429051,-123.726911,22,5,12,55.12388774811773,94.26966463023876,0
personal_care,3.07,Rocky Mount,MO,38.2911,-92.7059,1847,Tax inspector,38.992936,-91.785378,23,4,12,32.16427104722793,111.72133562237694,0
personal_care,179.91,Hooper,NE,41.6414,-96.5232,1745,"""Engineer, automotive""",41.990961,-96.008308,12,3,1,45.02121834360028,57.71963104164419,0
misc_net,4.37,Monitor,WA,47.4852,-120.4158,584,Medical technical officer,47.976217,-120.9291,0,0,12,51.775496235455165,66.74419882779483,0
kids_pets,21.09,Mountain Center,CA,33.6401,-116.5567,1661,"""Therapist, music""",34.347223,-116.15864,16,5,10,32.05749486652977,86.7705392635991,1
shopping_pos,16.67,Colorado Springs,CO,38.8881,-104.6556,525713,Museum/gallery exhibitions officer,37.920191,-104.007111,16,1,12,28.640657084188916,121.55815564555913,0
shopping_pos,185.88,Tekoa,WA,47.2271,-117.0819,895,Clothing/textile technologist,46.231364,-117.583581,21,6,1,19.64134154688569,117.13672983081858,0
health_fitness,88.94,Burlington,WA,48.4786,-122.3345,14871,Public house manager,48.755426,-122.531732,17,1,12,46.8062970568104,34.02518881915232,0
home,44.14,Orient,WA,48.8878,-118.2105,149,Special educational needs teacher,49.634328,-117.239713,18,0,12,42.521560574948666,108.87191741201228,0
home,42.76,Humboldt,AZ,34.5189,-112.2523,1179,"""Civil engineer, contracting""",33.627009,-111.860933,21,1,12,65.94113620807666,105.52137437342928,0
shopping_pos,112.73,Meadville,MO,39.7795,-93.3014,964,Tourist information centre manager,39.230442,-93.487074,13,6,12,46.012320328542096,63.09640845336688,0
kids_pets,160.84,Superior,AZ,33.2887,-111.0985,2872,Petroleum engineer,34.111589,-111.88915,12,6,12,33.16632443531827,117.14087918996717,0
personal_care,20.72,Phoenix,AZ,33.5623,-112.0559,1312922,Contractor,34.448792,-112.913092,21,3,12,39.16769336071184,126.33186241585634,0
entertainment,76.73,Kissee Mills,MO,36.6704,-93.0377,1201,"""Engineer, agricultural""",36.654126,-92.655606,17,1,12,40.78302532511978,34.129673152188616,0
grocery_pos,50.93,Omaha,NE,41.2064,-95.9953,518429,"""Surveyor, land/geomatics""",40.30952,-95.160403,14,6,12,25.21560574948665,122.0265187371991,0
shopping_pos,1.44,Meredith,CO,39.3199,-106.6596,61,Public relations account executive,38.550552,-107.494308,9,0,1,79.19507186858316,111.93986098802164,0
grocery_pos,85.54,Orient,WA,48.8878,-118.2105,149,Special educational needs teacher,49.804189,-117.554564,0,1,1,40.56947296372348,112.4314076198728,0
health_fitness,19.1,Colorado Springs,CO,38.8881,-104.6556,525713,Museum/gallery exhibitions officer,38.175746,-104.668339,23,0,9,27.37303216974675,79.21790067095712,1
home,151.37,Conway,WA,48.34,-122.3456,85,"""Research officer, political party""",48.70293,-121.486723,13,4,1,34.36002737850787,75.03148681085817,0
entertainment,61.95,Vinton,CA,40.0235,-120.7986,128,Education administrator,40.126692,-121.277077,22,3,1,52.88432580424367,42.297975013827305,0
shopping_pos,3.21,Smith River,CA,41.9404,-124.1587,1930,Web designer,41.661267,-124.920007,14,1,1,35.553730321697465,70.32582923614123,0
food_dining,19.1,Paauilo,HI,20.0271,-155.3697,1490,"""Scientist, research (maths)""",20.83682,-154.985527,17,6,12,29.70841889117043,98.53439242117118,0
entertainment,87.5,Riverton,WY,43.0351,-108.2024,19408,"""Lecturer, higher education""",43.593025,-108.514498,20,2,1,25.347022587268995,66.98013942643915,0
gas_transport,56.58,Lakeport,CA,39.047,-122.9328,11256,Podiatrist,38.622406,-122.828934,5,0,12,48.19438740588638,48.062193653930514,0
personal_care,60.89,Weeping Water,NE,40.8731,-96.1528,1517,Dealer,41.394399,-95.598098,17,5,1,67.1978097193703,74.28413048492183,0
personal_care,103.11,Sun City,CA,33.7467,-117.1721,54287,"""Designer, exhibition/display""",34.43395,-117.480344,20,0,1,46.32991101984942,81.52001639814958,0
kids_pets,5.08,Burlington,WA,48.4786,-122.3345,14871,Public house manager,48.614754,-122.789486,21,0,12,46.80355920602327,36.75525901050011,0
home,44.17,Howells,NE,41.6964,-96.9858,1063,Research scientist (maths),42.291568,-96.006504,20,2,12,92.74469541409994,104.5430893215208,0
gas_transport,92.19,Moab,UT,38.5677,-109.5271,9772,Location manager,39.293005,-110.149973,5,5,12,31.08829568788501,96.99076242897053,0
personal_care,65.92,Indian Wells,CA,33.7163,-116.3381,4677,Learning mentor,33.927717,-115.569694,17,4,1,63.70431211498973,74.77471622245385,0
grocery_pos,93.33,Williamsburg,MO,38.8874,-91.7689,710,Glass blower/designer,39.078215,-91.32029,3,5,1,48.27378507871321,44.20128088532319,0
personal_care,31.97,June Lake,CA,37.7773,-119.0825,633,Health service manager,37.356128,-119.188234,18,0,12,93.30321697467488,47.75039316242109,0
entertainment,30.22,Manville,WY,42.73,-104.7024,241,Educational psychologist,42.963347,-104.914279,18,1,1,38.04243668720055,31.17082454127465,0
gas_transport,37.94,Wheaton,MO,36.7651,-94.0492,760,Production manager,36.166432,-94.268556,3,4,1,33.36344969199179,69.39870038370584,0
shopping_pos,23.64,Daly City,CA,37.6787,-122.478,107941,"""Buyer, industrial""",38.022038,-122.180784,18,3,12,29.24298425735797,46.24401897117174,0
grocery_pos,84.93,Claremont,CA,34.1092,-117.7183,35705,Wellsite geologist,33.562114,-116.745451,2,0,12,64.62149212867898,108.5098798767586,0
shopping_pos,3.19,Mound City,MO,40.1362,-95.2138,1631,Architect,39.299707,-95.975808,3,1,1,65.94661190965093,113.5743490864747,0
home,63.66,Newhall,CA,34.3795,-118.523,34882,Health physicist,34.116464,-118.235066,16,4,1,47.696098562628336,39.44457959438109,0
grocery_pos,132.47,Greenview,CA,41.5403,-122.9366,308,Call centre manager,40.89214,-122.73903,7,0,1,60.31759069130732,73.94235537843882,0
home,47.87,North Loup,NE,41.4972,-98.7858,509,"""Nurse, children's""",41.849355,-99.25726,20,0,12,40.284736481861735,55.37748018500204,0
gas_transport,80.73,Sutherland,NE,41.1558,-101.136,1789,Insurance broker,41.224661,-100.479119,7,6,12,38.87474332648871,55.49659134491428,0
shopping_net,4.1,Napa,CA,38.4549,-122.2564,94014,Airline pilot,37.661961,-122.451258,13,6,12,35.351129363449694,89.80608292444073,0
health_fitness,43.67,Meridian,ID,43.6498,-116.4306,84106,Intelligence analyst,43.374456,-116.509838,21,5,1,47.937029431895965,31.2765450951173,0
shopping_pos,5.06,Fullerton,NE,41.366,-98.0054,1749,"""Surveyor, mining""",40.989272,-98.048594,12,1,12,47.64681724845996,42.045937050142726,0
shopping_net,101.2,Newhall,CA,34.3795,-118.523,34882,Health physicist,33.53078,-118.300224,15,0,1,47.70431211498973,96.584200267121,0
food_dining,52.19,American Fork,UT,40.3928,-111.7941,42384,Futures trader,39.859663,-112.096634,20,6,12,27.99452429842573,64.62188449103121,0
personal_care,15.33,Kansas City,MO,38.9621,-94.5959,545147,Counsellor,39.889082,-94.268715,16,4,12,33.10335386721424,106.83777522088462,0
kids_pets,104.84,Kirtland Afb,NM,35.0203,-106.5503,310,"""Surveyor, land/geomatics""",35.929763,-107.51582,12,1,12,42.247775496235455,133.68089621022108,0
grocery_pos,83.93,Rocky Mount,MO,38.2911,-92.7059,1847,Tax inspector,39.158861,-92.458612,4,6,12,32.16974674880219,98.84638462145944,0
food_dining,105.9,Huntington Beach,CA,33.6773,-118.0051,190249,"""Therapist, horticultural""",34.094516,-118.491201,23,4,12,43.27446954140999,64.5418189052558,1
personal_care,75.97,Athena,OR,45.8289,-118.4971,1302,Dealer,44.87183,-117.749455,13,1,12,44.19712525667351,121.402421480313,0
entertainment,29.08,Santa Monica,CA,34.0287,-118.4924,92043,"""Civil engineer, contracting""",33.794324,-117.95572,11,1,1,57.7056810403833,55.96364638899764,0
kids_pets,4.3,Sun City,CA,33.7467,-117.1721,54287,"""Designer, exhibition/display""",33.149717,-116.522206,13,1,12,48.26830937713895,89.67779772253466,0
health_fitness,9.46,Hatch,UT,37.7175,-112.4777,258,Geoscientist,37.622883,-113.188746,17,1,1,57.12251882272416,63.46101990102541,0
grocery_pos,312.74,Newberg,OR,45.3099,-122.9685,28278,Research scientist (physical sciences),44.886755,-122.3418,0,2,8,43.11019849418207,68.0699670799164,1
misc_pos,37.69,Athena,OR,45.8289,-118.4971,1302,Dealer,45.491092,-117.588614,8,3,12,44.20260095824778,79.97320318801367,0
grocery_net,49.58,Helm,CA,36.4992,-120.0936,123,Early years teacher,36.511609,-120.378489,1,6,12,47.885010266940455,25.50031891781543,0
grocery_pos,338.99,Cardwell,MO,36.0434,-90.2907,1120,Television floor manager,37.010298,-89.990603,23,5,7,62.27515400410677,110.80740540176376,1
home,53.03,Arnold,MO,38.4305,-90.387,35439,Land/geomatics surveyor,38.045601,-90.974799,20,2,1,33.776865160848736,66.83700397363597,0
travel,4.42,North Loup,NE,41.4972,-98.7858,509,"""Nurse, children's""",41.311616,-99.63649,14,3,12,40.29295003422313,73.88973015341102,0
food_dining,34.62,Wheaton,MO,36.7651,-94.0492,760,Production manager,36.3642,-93.323277,20,6,12,35.32375085557837,78.67883934710257,0
gas_transport,86.08,Iliff,CO,40.7692,-103.0968,648,Community arts worker,41.555254,-102.524557,11,3,12,51.27720739219713,99.67123367227074,0
shopping_pos,9.96,Conway,WA,48.34,-122.3456,85,"""Research officer, political party""",48.773811,-121.727097,16,6,12,36.32032854209446,66.32409609443049,0
home,22.62,Orient,WA,48.8878,-118.2105,149,Special educational needs teacher,48.973699,-118.139697,20,6,1,40.544832306639286,10.86205843229676,0
shopping_net,18.16,Lake Oswego,OR,45.4093,-122.6847,42817,Planning and development surveyor,46.113087,-122.472679,22,4,12,38.57905544147844,79.96718972744561,0
shopping_pos,3.19,Mound City,MO,40.1362,-95.2138,1631,Architect,39.299707,-95.975808,3,1,1,65.94661190965093,113.5743490864747,0
home,8.61,Santa Monica,CA,34.0287,-118.4924,92043,"""Civil engineer, contracting""",34.064312,-119.336548,21,6,12,59.67419575633128,77.87548031373042,0
grocery_pos,296.14,Wappapello,MO,36.9766,-90.2848,2601,Research scientist (medical),37.206167,-89.631373,23,0,10,62.25325119780972,63.3295349205016,1
personal_care,97.08,Fields Landing,CA,40.7268,-124.2174,276,"""Scientist, audiological""",41.578832,-124.836181,14,6,12,91.64407939767284,107.9806222039543,0
grocery_pos,214.61,Newhall,CA,34.3795,-118.523,34882,Health physicist,33.628663,-118.516811,6,1,12,49.68104038329911,83.49121425081441,0
grocery_pos,103.16,Rocky Mount,MO,38.2911,-92.7059,1847,Tax inspector,37.523394,-92.449633,4,6,1,30.2340862422998,88.27603351747224,0
food_dining,58.73,Helm,CA,36.4992,-120.0936,123,Early years teacher,37.062085,-120.048822,23,6,12,47.885010266940455,62.71686994868916,0
shopping_net,4.93,Hooper,NE,41.6414,-96.5232,1745,"""Engineer, automotive""",41.639432,-96.607675,15,3,1,45.02121834360028,7.023219525184929,0
personal_care,21.23,Manley,NE,40.9207,-96.168,206,Human resources officer,40.987902,-96.858906,16,3,1,51.26899383983573,58.49998200906287,0
kids_pets,145.34,Nelson,NE,40.201,-98.0684,732,Television/film/video producer,41.087212,-98.006027,17,3,12,64.04928131416838,98.6826870075368,0
grocery_pos,72.81,Fort Washakie,WY,43.0048,-108.8964,1645,Information systems manager,43.276726,-109.182729,10,1,1,32.90896646132786,38.130954251315146,0
personal_care,171.71,Laguna Hills,CA,33.615,-117.7114,45303,Sales executive,33.544797,-116.796852,17,3,12,51.02532511978097,85.08066239837771,0
gas_transport,13.17,Fort Washakie,WY,43.0048,-108.8964,1645,Information systems manager,43.432352,-108.982476,1,4,3,33.0321697467488,48.05054273921807,1
misc_net,760.8,Luray,MO,40.4931,-91.8912,519,Town planner,40.540347,-90.962663,23,5,8,54.521560574948666,78.6665330719909,1
shopping_pos,1.75,Campbell,NE,40.2967,-98.737,493,"""Surveyor, minerals""",40.818484,-97.922406,5,0,12,80.290212183436,90.01105674293377,0
personal_care,28.35,Fort Washakie,WY,43.0048,-108.8964,1645,Information systems manager,42.581214,-108.776638,12,6,12,34.85831622176591,48.10364680261374,0
health_fitness,126.68,Norwalk,CA,33.9056,-118.0818,105549,Firefighter,33.66002,-118.990995,19,0,12,47.2662559890486,88.35302746336752,0
gas_transport,52.52,Sutherland,NE,41.1558,-101.136,1789,Insurance broker,42.109945,-100.899529,7,3,12,38.88569472963724,107.90080467420674,0
entertainment,9.78,Redford,MO,37.3272,-91.0243,241,Investment analyst,37.625677,-90.992373,21,0,1,44.23545516769336,33.308495208070866,0
home,82.12,Fort Washakie,WY,43.0048,-108.8964,1645,Freight forwarder,43.537145,-108.474239,13,5,12,44.83230663928816,68.35308554210846,0
shopping_net,966.33,Parks,AZ,35.2563,-111.95,759,"""Geologist, engineering""",35.970915,-112.022555,23,1,11,62.66392881587954,79.73177563200976,1
grocery_pos,97.11,Stayton,OR,44.8021,-122.7624,9587,"""Engineer, biomedical""",43.842768,-121.782165,5,2,1,50.8145106091718,132.13306928389494,0
food_dining,5.76,Wendel,CA,40.3406,-120.2824,104,"""Teacher, adult education""",39.515447,-119.910909,17,6,1,29.409993155373037,97.0667823960819,0
entertainment,126.38,Burbank,WA,46.1966,-118.9017,3684,Musician,45.64255,-118.314828,16,0,1,37.106091718001366,76.52665017669099,0
grocery_net,69.99,Meridian,ID,43.6498,-116.4306,84106,Intelligence analyst,44.384853,-117.092878,8,0,12,49.87816563997262,97.39031980750616,0
shopping_pos,113.51,Blairstown,MO,38.5319,-93.9221,467,Agricultural consultant,38.874286,-94.124708,2,4,12,70.58179329226557,41.93511024744645,0
grocery_pos,228.37,Meridian,ID,43.6498,-116.4306,84106,Intelligence analyst,44.134346,-116.349613,4,6,12,49.87542778918549,54.2684779069525,0
entertainment,171.37,Albuquerque,NM,35.0561,-106.5506,641349,Charity officer,35.785827,-107.101501,10,1,1,51.95619438740589,95.26747419448228,0
gas_transport,63.37,Kirk,CO,39.6171,-102.4776,207,Network engineer,40.500091,-101.54874,3,4,1,63.08555783709788,126.05154243269628,0
misc_net,61.51,Lagrange,WY,41.6423,-104.1974,635,Product/process development scientist,42.007878,-105.118153,10,6,12,47.45790554414784,86.44734023234666,0
misc_net,2.3,Phoenix,AZ,33.5623,-112.0559,1312922,Contractor,33.308769,-112.621479,7,6,1,37.22108145106092,59.57402249986003,0
home,42.22,Blairstown,MO,38.5319,-93.9221,467,Agricultural consultant,38.185092,-93.012724,20,1,12,70.5927446954141,88.17075692532687,0
shopping_net,3154.76,Red River,NM,36.6659,-105.4694,606,"""Surveyor, land/geomatics""",36.956953,-106.250277,12,6,12,32.3066392881588,76.68071165306702,0
kids_pets,47.33,Kissee Mills,MO,36.6704,-93.0377,1201,"""Engineer, agricultural""",37.401535,-93.724177,16,0,12,40.780287474332646,101.59797821991596,0
personal_care,12.79,Sutherland,NE,41.1558,-101.136,1789,Insurance broker,40.907799,-101.445631,18,4,1,36.8952772073922,37.88117562686684,0
kids_pets,27.77,American Fork,UT,40.3928,-111.7941,42384,Futures trader,39.596512,-112.156917,22,0,1,26.023271731690624,93.78222386341425,0
home,138.74,Thompson,UT,38.9999,-109.615,46,"""Surveyor, minerals""",39.846771,-110.144229,21,0,12,33.68377823408624,104.56530274832164,0
entertainment,445.83,Meridian,ID,43.6498,-116.4306,84106,Intelligence analyst,43.024916,-116.776412,18,0,1,47.9233401779603,74.90105913682093,0
gas_transport,91.22,Littleton,CO,39.5994,-105.0044,320420,Water engineer,40.062868,-105.199294,7,1,1,43.422313483915126,54.15571065454503,0
shopping_pos,49.33,High Rolls Mountain Park,NM,32.9396,-105.8189,899,Naval architect,32.333241,-106.814461,4,4,12,53.3223819301848,115.04878870923775,0
travel,7.45,Unionville,MO,40.4815,-92.9951,3805,"""Investment banker, corporate""",41.464372,-93.984866,12,3,12,70.2943189596167,137.2900676172062,0
personal_care,18.92,Redford,MO,37.3272,-91.0243,241,Investment analyst,38.021479,-91.40154,12,1,12,46.17385352498289,84.03665316553986,0
home,26.84,Kansas City,MO,38.9621,-94.5959,545147,Counsellor,38.154543,-93.954063,19,0,12,33.11156741957564,105.7251911819378,0
gas_transport,59.67,San Jose,CA,37.3304,-121.7913,973849,Geoscientist,36.932734,-121.954822,0,2,12,23.94798083504449,46.53396930924959,0
health_fitness,71.58,Browning,MO,40.029,-93.1607,602,Cytogeneticist,40.22555,-93.013649,18,3,1,64.49281314168378,25.178720359819145,0
personal_care,30.26,Superior,AZ,33.2887,-111.0985,2872,Petroleum engineer,34.126411,-110.893099,17,0,1,31.23340177960301,95.0670954812367,0
gas_transport,7.85,Omaha,NE,41.2064,-95.9953,518429,"""Surveyor, land/geomatics""",40.354551,-96.493376,1,4,9,23.964407939767284,103.58936684674312,1
personal_care,47.76,Paauilo,HI,20.0271,-155.3697,1490,"""Scientist, research (maths)""",19.486714,-154.483376,13,1,12,29.71389459274469,110.5154406131622,0
gas_transport,37.9,Sutherland,NE,41.1558,-101.136,1789,Insurance broker,40.297496,-101.751405,3,3,12,38.88569472963724,108.6173249270131,0
grocery_pos,111.41,Freedom,WY,43.0172,-111.0292,471,"""Education officer, museum""",42.629995,-110.433873,1,4,12,53.399041752224505,64.89260650009648,0
misc_pos,54.31,Tekoa,WA,47.2271,-117.0819,895,Clothing/textile technologist,47.829752,-117.830261,22,0,1,19.644079397672822,87.45015844591363,0
misc_pos,162.51,Superior,AZ,33.2887,-111.0985,2872,Petroleum engineer,33.931699,-111.909543,0,0,12,33.16906228610541,103.69627430710908,0
home,26.43,Superior,AZ,33.2887,-111.0985,2872,Petroleum engineer,33.024403,-110.137985,22,6,1,31.211498973305957,94.11978962801956,0
personal_care,17.02,Rocky Mount,MO,38.2911,-92.7059,1847,Tax inspector,37.812274,-91.758393,18,1,12,32.17522245037645,98.57881020272576,0
shopping_pos,4.61,Napa,CA,38.4549,-122.2564,94014,Airline pilot,38.439037,-122.620807,21,0,12,35.35386721423682,31.783741528527813,0
health_fitness,43.04,Independence,MO,39.1412,-94.3515,123373,"""Engineer, production""",38.474632,-93.478697,23,1,12,28.087611225188223,105.89090410040184,0
grocery_pos,77.34,Broomfield,CO,39.8854,-105.1139,92337,"""Engineer, electronics""",40.332728,-105.173678,5,5,12,53.19096509240247,49.99971935962576,0
grocery_pos,76.41,Stayton,OR,44.8021,-122.7624,9587,"""Engineer, biomedical""",45.454569,-122.484424,8,5,12,52.75838466803559,75.75764600472704,0
kids_pets,78.41,San Jose,CA,37.3304,-121.7913,973849,Science writer,37.746296,-121.72152,22,5,1,63.56741957563313,46.65300366810813,0
misc_net,814.58,Seattle,WA,47.6633,-122.3022,837792,"""Development worker, international aid""",47.033553,-123.068564,14,5,11,62.61190965092403,90.75699382144832,1
gas_transport,126.63,Gardiner,OR,43.7857,-124.1437,260,"""Engineer, maintenance""",43.587081,-124.667202,2,3,1,62.338124572210816,47.535884172121456,0
grocery_pos,73.73,Thompson,UT,38.9999,-109.615,46,"""Surveyor, minerals""",39.055376,-110.045083,5,6,12,33.68104038329911,37.659575933090046,0
travel,7.45,Unionville,MO,40.4815,-92.9951,3805,"""Investment banker, corporate""",41.464372,-93.984866,12,3,12,70.2943189596167,137.2900676172062,0
gas_transport,74.15,Colton,WA,46.5901,-117.1692,761,Chief Marketing Officer,46.902305,-116.41671,10,1,1,75.50718685831622,67.02582698670682,0
grocery_pos,244.58,Napa,CA,38.4549,-122.2564,94014,Airline pilot,39.365288,-121.919584,10,1,1,33.38261464750171,105.3416749465821,0
gas_transport,57.45,Scotts Mills,OR,44.9897,-122.6187,1252,"""Engineer, petroleum""",44.381407,-122.913304,2,1,12,83.89322381930185,71.53652613738119,0
gas_transport,6.84,Riverton,WY,43.0351,-108.2024,19408,"""Lecturer, higher education""",43.707644,-107.326056,1,2,5,25.711156741957563,103.0040775088438,1
shopping_net,300.26,Lamy,NM,35.4311,-105.9409,923,Public relations account executive,35.208163,-106.880058,7,1,1,54.56536618754278,88.74054970095116,0
gas_transport,73.49,Fiddletown,CA,38.5234,-120.6763,832,Immigration officer,38.306244,-121.580182,7,3,1,31.66598220396988,82.36896331477159,0
kids_pets,27.7,Riverton,WY,43.0351,-108.2024,19408,"""Lecturer, higher education""",42.939571,-107.989348,15,3,1,25.349760438056126,20.326026820915686,0
kids_pets,18.01,Williamsburg,MO,38.8874,-91.7689,710,Glass blower/designer,37.981604,-91.848587,22,5,8,48.92539356605065,100.95877587755344,1
shopping_net,1051.78,Parks,AZ,35.2563,-111.95,759,"""Geologist, engineering""",35.775198,-112.144736,22,2,11,62.66666666666666,60.33070353738868,1
home,74.91,Fort Washakie,WY,43.0048,-108.8964,1645,Freight forwarder,42.452838,-108.173885,17,1,12,44.84052019164955,85.14495769911876,0
shopping_net,4.95,North Loup,NE,41.4972,-98.7858,509,"""Nurse, children's""",41.463728,-98.221341,17,0,12,40.284736481861735,47.16934981557759,0
health_fitness,26.92,Burbank,WA,46.1966,-118.9017,3684,Musician,45.957896,-119.398283,21,0,1,37.106091718001366,46.601230237326014,0
kids_pets,36.99,Conway,WA,48.34,-122.3456,85,"""Research officer, political party""",48.478324,-122.023621,13,0,12,36.32306639288159,28.30880333585361,0
shopping_net,1001.36,Espanola,NM,35.9866,-106.0654,18408,Historic buildings inspector/conservation officer,36.327189,-105.718466,23,2,5,47.80013689253936,49.03496818168455,1
home,95.57,Burlington,WA,48.4786,-122.3345,14871,Public house manager,47.544244,-122.083566,21,0,12,46.80355920602327,105.55899352868668,0
grocery_net,52.78,Sun City,CA,33.7467,-117.1721,54287,"""Designer, exhibition/display""",33.296026,-117.929882,2,0,1,46.32991101984942,86.28938665073987,0
gas_transport,86.1,Ruidoso,NM,33.3305,-105.6933,8874,Licensed conveyancer,32.982254,-106.644192,5,3,12,20.3750855578371,96.6175670715414,0
kids_pets,47.05,Meadville,MO,39.7795,-93.3014,964,Tourist information centre manager,40.248695,-92.796378,14,5,1,44.03559206023272,67.61410416275007,0
shopping_net,18.13,Hooper,NE,41.6414,-96.5232,1745,"""Engineer, automotive""",40.922435,-97.316619,21,5,12,47.00068446269678,103.85784187738098,0
health_fitness,42.18,Cascade Locks,OR,45.671,-121.8686,1288,Barrister,46.211999,-121.206025,14,6,1,82.68309377138947,79.01589431408694,0
shopping_net,4.86,Newhall,CA,34.3795,-118.523,34882,Health physicist,33.705082,-118.716742,18,6,1,47.72073921971253,77.08718676219628,0
shopping_net,901.46,Carlotta,CA,40.507,-123.9743,1139,"""Therapist, occupational""",40.850867,-123.284864,22,1,12,69.89733059548254,69.5846606081706,1
shopping_pos,1.93,Redford,MO,37.3272,-91.0243,241,Investment analyst,37.597258,-90.374758,12,1,1,44.19986310746064,64.7177803460202,0
shopping_net,1128.66,Kirtland,NM,36.741,-108.351,6910,TEFL teacher,37.46916,-108.8658,23,0,9,64.65434633812457,92.95104728149708,1
kids_pets,15.86,Littleton,CO,39.5994,-105.0044,320420,Water engineer,39.634852,-105.542991,14,0,12,45.412731006160165,46.30158347668768,0
food_dining,29.36,Smith River,CA,41.9404,-124.1587,1930,Web designer,41.664661,-124.248871,19,3,1,35.59753593429158,31.558636466331016,0
grocery_pos,367.28,American Fork,UT,40.3928,-111.7941,42384,Futures trader,39.571072,-110.913889,8,4,8,26.590006844626966,118.20726931597385,1
shopping_net,229.06,Superior,AZ,33.2887,-111.0985,2872,Petroleum engineer,33.977657,-111.885569,19,1,1,31.17864476386037,105.72785738382773,0
shopping_pos,7.93,Kirtland Afb,NM,35.0203,-106.5503,310,"""Surveyor, land/geomatics""",34.17584,-106.221827,21,2,1,40.276522929500345,98.59530145944808,0
gas_transport,46.47,Daly City,CA,37.6787,-122.478,107941,"""Buyer, industrial""",37.484558,-122.124541,8,5,1,27.255304585900067,37.896596338671536,0
grocery_net,12.95,Westerville,NE,41.4193,-99.3844,73,Product designer,40.701366,-98.890275,8,0,1,83.92607802874743,89.9400110496455,1
gas_transport,68.63,Mound City,MO,40.1362,-95.2138,1631,Architect,39.668116,-95.082632,9,0,1,65.98220396988364,53.23760809072393,0
food_dining,44.34,Westerville,NE,41.4193,-99.3844,73,Product designer,41.218304,-100.131134,23,4,12,85.87268993839835,66.24546452836935,0
grocery_pos,73.73,Thompson,UT,38.9999,-109.615,46,"""Surveyor, minerals""",39.055376,-110.045083,5,6,12,33.68104038329911,37.659575933090046,0
entertainment,68.59,Tekoa,WA,47.2271,-117.0819,895,Clothing/textile technologist,48.132712,-117.291117,22,6,1,19.62217659137577,101.91017707099346,0
food_dining,8.77,Altonah,UT,40.3207,-110.436,302,"""Sales professional, IT""",40.7736,-109.817509,23,0,12,30.94592744695414,72.57451489226719,0
home,36.03,Hatch,UT,37.7175,-112.4777,258,Geoscientist,36.887852,-112.647897,16,3,1,57.14715947980835,93.4727669503638,0
home,65.23,Howells,NE,41.6964,-96.9858,1063,Research scientist (maths),41.796106,-97.490248,12,3,1,90.7542778918549,43.293894544078064,0
gas_transport,73.27,Thompson,UT,38.9999,-109.615,46,"""Surveyor, minerals""",39.777196,-110.560314,8,0,1,31.709787816564,118.61583720738648,0
shopping_net,3.83,Hooper,NE,41.6414,-96.5232,1745,"""Engineer, automotive""",42.550362,-96.010387,22,6,1,45.04859685147159,109.5705212568915,0
home,68.75,Phoenix,AZ,33.5623,-112.0559,1312922,Contractor,32.597443,-111.568223,21,5,1,37.19917864476386,116.51180265126186,0
shopping_net,7.88,Sixes,OR,42.825,-124.4409,217,Retail merchandiser,43.532193,-125.128056,1,2,1,90.29158110882958,96.37470030836695,0
gas_transport,50.64,Ruidoso,NM,33.3305,-105.6933,8874,Licensed conveyancer,32.817198,-105.897448,4,0,12,20.366872005475702,60.16285246393497,0
shopping_net,1045.91,Roseland,NE,40.4591,-98.5551,463,"""Nurse, mental health""",40.32476,-97.717831,22,3,3,70.8227241615332,72.46383766138987,1
shopping_net,9.37,Hatch,UT,37.7175,-112.4777,258,Geoscientist,37.188634,-113.369791,10,2,12,59.09924709103354,98.28121289442068,0
entertainment,528.98,Thompson,UT,38.9999,-109.615,46,"""Surveyor, minerals""",39.164469,-109.933543,22,4,1,31.73990417522245,33.027615350670075,1
gas_transport,65.92,Red Cliff,CO,39.4584,-106.3851,277,Human resources officer,39.818608,-106.97875,8,4,12,35.728952772073924,64.71725476101344,0
entertainment,81.77,Altonah,UT,40.3207,-110.436,302,"""Sales professional, IT""",41.104235,-111.370016,23,0,1,29.010266940451743,117.42145889172733,0
kids_pets,25.19,Phoenix,AZ,33.5623,-112.0559,1312922,Contractor,33.841815,-111.05691,23,2,1,37.19096509240247,97.49944976106922,0
home,90.79,Ashford,WA,46.7531,-121.9898,759,Video editor,47.081113,-122.238995,17,1,1,62.33538672142368,41.09175150167196,0
gas_transport,68.78,Paauilo,HI,20.0271,-155.3697,1490,"""Scientist, research (maths)""",19.278867,-154.550039,9,0,12,29.711156741957563,119.53789193601476,0
home,4.71,Jelm,WY,41.0539,-106.0763,100,Public librarian,41.821853,-106.430532,13,6,12,46.69952087611225,90.35362461116796,0
grocery_net,23.68,Tekoa,WA,47.2271,-117.0819,895,Clothing/textile technologist,47.43777,-116.402536,7,1,12,21.582477754962355,56.30235205579814,0
misc_pos,6.36,Manville,WY,42.73,-104.7024,241,Educational psychologist,43.426548,-105.656545,20,1,12,40.03559206023272,109.56287434585172,0
grocery_pos,114.89,Cascade Locks,OR,45.671,-121.8686,1288,Barrister,45.544139,-121.922779,0,0,1,82.6858316221766,14.722421747339752,0
grocery_pos,104.87,Huslia,AK,65.6899,-156.292,277,"""Engineer, civil (consulting)""",65.990771,-156.38382,5,3,1,53.177275838466805,33.71528010813002,0
shopping_net,92.2,Lonetree,WY,41.0552,-110.1603,49,Research scientist (physical sciences),40.378449,-109.742677,4,0,1,37.50855578370979,83.07548304712061,0
misc_net,1.21,High Rolls Mountain Park,NM,32.9396,-105.8189,899,Naval architect,32.830271,-106.217339,0,1,1,51.37850787132101,39.14091315833853,0
gas_transport,83.5,Ballwin,MO,38.577,-90.5255,92608,"""Engineer, communications""",37.805416,-90.7225,1,0,1,17.451060917180012,87.50651664946503,0
kids_pets,22.98,Los Angeles,CA,34.0443,-118.2509,2383912,"""Journalist, newspaper""",33.671186,-119.119105,16,3,2,60.74743326488706,90.26779060297224,1
kids_pets,246.56,Tomales,CA,38.2427,-122.9145,337,Occupational psychologist,37.447868,-123.754507,18,0,1,64.50924024640658,115.11440848990743,0
kids_pets,114.22,Weeping Water,NE,40.8731,-96.1528,1517,Dealer,39.891367,-97.087053,19,1,1,67.14852840520192,134.82638752604905,0
gas_transport,81.29,Port Costa,CA,38.046,-122.1866,198,Armed forces training and education officer,37.853515,-122.442119,5,2,12,61.75222450376455,30.98497992574417,0
health_fitness,1.56,High Rolls Mountain Park,NM,32.9396,-105.8189,899,Naval architect,32.591766,-106.76607,15,5,12,53.32511978097194,96.6397786741594,0
grocery_net,29.18,Sun City,CA,33.7467,-117.1721,54287,"""Designer, exhibition/display""",34.29975,-116.650686,8,5,1,46.30527036276523,78.04404091696804,0
food_dining,33.96,Redford,MO,37.3272,-91.0243,241,Investment analyst,38.106398,-91.300497,13,2,1,44.2217659137577,89.98429816592869,0
grocery_pos,94.47,Altonah,UT,40.3207,-110.436,302,"""Sales professional, IT""",39.594473,-110.226372,6,4,12,30.937713894592743,82.70570254566402,0
home,158.4,Yellowstone National Park,WY,44.7957,-110.6137,369,Materials engineer,45.036343,-110.687889,20,3,12,79.12388774811772,27.38853345439206,0
shopping_pos,7.36,Sutherland,NE,41.1558,-101.136,1789,Insurance broker,41.705594,-100.994293,12,1,1,36.92539356605065,62.2653179864798,0
grocery_net,31.54,Arnold,MO,38.4305,-90.387,35439,Land/geomatics surveyor,39.261701,-89.599356,7,4,12,35.73716632443532,114.8695980731252,0
entertainment,69.28,Lonetree,WY,41.0552,-110.1603,49,Research scientist (physical sciences),41.063915,-110.086888,20,2,12,39.488021902806295,6.230973042696863,0
gas_transport,60.92,Gardiner,OR,43.7857,-124.1437,260,"""Engineer, maintenance""",44.46796,-124.263821,1,6,1,62.34633812457221,76.46725281760921,0
shopping_net,5.92,Jelm,WY,41.0539,-106.0763,100,Public librarian,41.176678,-105.455598,20,0,12,46.70225872689939,53.76024592176795,0
health_fitness,21.81,Mound City,MO,40.1362,-95.2138,1631,Architect,40.91425,-95.864534,13,1,12,67.93976728268309,102.51746319152608,0
kids_pets,80.14,Newhall,CA,34.3795,-118.523,34882,Health physicist,35.290871,-119.462635,21,3,1,47.71252566735113,132.75529648128273,0
health_fitness,21.99,Ruidoso,NM,33.3305,-105.6933,8874,Licensed conveyancer,33.363813,-105.01448,13,0,12,20.366872005475702,63.16233086725709,0
misc_pos,2.43,Kent,OR,45.0838,-120.6649,60,Museum education officer,44.415858,-120.456069,0,0,12,78.7378507871321,76.0805022291477,0
shopping_pos,3.4,Glendale,CA,34.1556,-118.2322,172817,Advertising account planner,33.973069,-118.861272,19,5,12,38.40930869267625,61.39849248570342,0
kids_pets,106.27,Laguna Hills,CA,33.615,-117.7114,45303,Sales executive,34.52689,-118.433322,14,1,12,51.01984941820671,121.25490132600926,0
gas_transport,47.29,Grenada,CA,41.6125,-122.5258,589,Systems analyst,42.124373,-122.016666,3,1,1,73.0485968514716,70.83026187034014,0
grocery_net,17.35,Moab,UT,38.5677,-109.5271,9772,Location manager,38.806776,-108.532063,3,2,1,29.144421629021217,90.3629004309986,0
shopping_net,966.11,Wales,AK,64.7556,-165.6723,145,"""Administrator, education""",65.468863,-165.473127,15,4,1,79.15400410677618,79.85689576539214,1
shopping_net,92.81,Fiddletown,CA,38.5234,-120.6763,832,Immigration officer,39.122207,-121.039054,6,4,1,31.630390143737166,73.62751868765726,0
shopping_net,1058.87,Meredith,CO,39.3199,-106.6596,61,Public relations account executive,39.77714,-106.404072,22,5,12,80.09034907597535,55.362361774109246,1
grocery_pos,195.32,Meridian,ID,43.6498,-116.4306,84106,Intelligence analyst,44.052244,-115.75654,2,0,12,49.87816563997262,70.17127851103716,0
misc_pos,175.17,Phoenix,AZ,33.5623,-112.0559,1312922,Contractor,33.970023,-113.027818,1,6,12,39.175906913073234,100.63226579853388,0
shopping_net,9.05,Kirtland Afb,NM,35.0203,-106.5503,310,"""Surveyor, land/geomatics""",34.801342,-105.727551,15,4,1,40.26283367556468,78.87362491808203,0
kids_pets,7.52,Carlotta,CA,40.507,-123.9743,1139,"""Therapist, occupational""",39.816507,-124.387767,22,2,1,67.96440793976728,84.43653737088154,0
personal_care,33.35,Parker,CO,39.5102,-104.7216,84861,Materials engineer,39.10646,-104.296645,13,3,12,88.8104038329911,57.89820942632688,0
kids_pets,3.84,Matthews,MO,36.7154,-89.6287,1019,Aeronautical engineer,37.452205,-89.586038,19,1,12,41.92470910335387,82.0163304721697,0
home,29.38,Rock Springs,WY,41.606,-109.23,27971,Music therapist,41.251792,-108.336332,22,5,1,34.42847364818618,84.27551389245208,0
gas_transport,76.59,Tekoa,WA,47.2271,-117.0819,895,Clothing/textile technologist,46.912303,-117.142866,2,4,1,19.616700889801507,35.30704392181237,0
shopping_net,957.37,Llano,NM,36.1486,-105.6648,247,Architectural technologist,36.526666,-104.864936,15,6,10,58.96509240246407,83.06776315780321,1
gas_transport,84.74,Browning,MO,40.029,-93.1607,602,Cytogeneticist,39.323273,-93.980087,1,3,1,64.47364818617385,105.23980427515905,0
gas_transport,52.34,Burbank,WA,46.1966,-118.9017,3684,Musician,46.073508,-119.082843,6,6,12,39.07734428473648,19.548857392584363,0
shopping_pos,945.07,Eugene,OR,44.0385,-123.0614,191096,"""Scientist, physiological""",43.874128,-122.496196,22,4,4,55.05270362765229,48.79452014851861,1
health_fitness,30.1,San Jose,CA,37.3304,-121.7913,973849,Geoscientist,37.553677,-120.83954,13,3,1,21.976728268309376,87.61704899682817,0
entertainment,39.03,Carlotta,CA,40.507,-123.9743,1139,"""Therapist, occupational""",40.579457,-124.908058,20,3,12,69.96030116358658,79.31131221945923,0
shopping_net,56.39,Blairstown,MO,38.5319,-93.9221,467,Agricultural consultant,37.836436,-93.233901,4,5,1,68.61054072553046,97.97014190719496,0
gas_transport,68.84,Ballwin,MO,38.577,-90.5255,92608,"""Engineer, communications""",37.737237,-90.461814,6,3,12,19.43326488706365,93.54325850031664,0
food_dining,13.57,Utica,MO,39.7417,-93.6289,271,Land/geomatics surveyor,39.50311,-92.882174,20,4,12,48.68720054757016,69.24055208459015,0
personal_care,84.97,Burlington,WA,48.4786,-122.3345,14871,Public house manager,48.251607,-121.462466,22,3,1,44.837782340862425,69.1898691130859,0
shopping_net,942.0,La Grande,OR,45.3304,-118.0852,16955,"""Engineer, site""",44.4009,-118.984081,22,3,2,57.64544832306639,125.3013822717759,1
personal_care,77.82,Lakeport,CA,39.047,-122.9328,11256,Podiatrist,39.623748,-123.478607,20,4,12,48.18617385352498,79.47498072702342,0
shopping_pos,5.17,Colton,WA,46.5901,-117.1692,761,Chief Marketing Officer,46.275032,-116.372354,6,2,12,77.50308008213553,70.40267177481947,0
entertainment,146.17,Laramie,WY,41.4247,-105.4781,35371,"""Pilot, airline""",42.059802,-105.588952,20,2,12,32.32580424366872,71.21647257995951,0
misc_net,802.85,Jelm,WY,41.0539,-106.0763,100,Public librarian,40.280703,-105.530636,0,3,7,45.215605749486656,97.51797023846,1
grocery_pos,312.03,Ruidoso,NM,33.3305,-105.6933,8874,Licensed conveyancer,32.984482,-105.124276,1,4,9,20.109514031485283,65.4686713510156,1
gas_transport,62.3,Paauilo,HI,20.0271,-155.3697,1490,"""Scientist, research (maths)""",20.257195,-155.165437,1,0,12,29.711156741957563,33.30646627149458,0
kids_pets,107.01,Honokaa,HI,20.0827,-155.488,4878,Physiotherapist,19.346318,-155.729082,23,1,12,54.072553045859,85.68247154312057,0
entertainment,509.77,Laramie,WY,41.4247,-105.4781,35371,"""Pilot, airline""",40.48441,-105.536704,5,2,9,32.0766598220397,104.6712309538113,1
personal_care,101.32,Sutherland,NE,41.1558,-101.136,1789,Insurance broker,40.44773,-101.398867,20,3,12,38.86652977412731,81.78354643809243,0
grocery_net,72.8,Napa,CA,38.4549,-122.2564,94014,Airline pilot,39.42347,-122.865121,3,4,1,33.39082819986311,119.87856880491276,0
entertainment,68.55,Red Cliff,CO,39.4584,-106.3851,277,Human resources officer,40.264311,-107.377639,15,5,1,33.75770020533881,123.3163146313928,0
food_dining,97.29,Fields Landing,CA,40.7268,-124.2174,276,"""Scientist, audiological""",41.399248,-125.022811,14,2,1,89.65913757700206,100.74938038300516,0
gas_transport,78.53,Iliff,CO,40.7692,-103.0968,648,Community arts worker,40.634976,-102.869322,11,1,12,51.27173169062286,24.29964674296785,0
food_dining,66.9,Unionville,MO,40.4815,-92.9951,3805,"""Investment banker, corporate""",39.562154,-93.416254,8,0,12,70.2861054072553,108.33426550114328,0
gas_transport,70.6,Rocky Mount,MO,38.2911,-92.7059,1847,Tax inspector,39.227804,-93.695361,5,5,12,32.167008898015055,134.9394899692524,0
personal_care,83.54,Freedom,WY,43.0172,-111.0292,471,"""Education officer, museum""",42.496706,-110.610974,23,0,12,53.4072553045859,67.19786334729628,0
food_dining,5.69,Conway,WA,48.34,-122.3456,85,"""Research officer, political party""",47.453278,-121.44884,13,4,1,34.340862422997944,119.1260809902286,0
travel,8.7,Altonah,UT,40.3207,-110.436,302,"""Sales professional, IT""",39.69092,-110.97387,12,4,12,30.937713894592743,83.68175563014964,0
personal_care,80.97,Saint Louis,MO,38.6171,-90.4504,927396,Occupational hygienist,38.177701,-91.201201,17,3,12,60.80492813141684,81.65839132474476,0
personal_care,20.25,Albuquerque,NM,35.0561,-106.5506,641349,Charity officer,35.003639,-107.484173,22,2,2,52.054757015742645,85.20356632837776,1
misc_pos,5.77,Roseland,NE,40.4591,-98.5551,463,"""Nurse, mental health""",39.668536,-98.149232,5,2,1,70.59000684462697,94.4484634901744,0
shopping_net,984.28,Craig,AK,55.4732,-133.1171,1920,Commissioning editor,54.605711,-133.23598,22,2,12,23.460643394934976,96.75727501949096,1
misc_net,719.82,Meadville,MO,39.7795,-93.3014,964,Tourist information centre manager,39.951004,-92.359492,23,3,2,44.12594113620808,82.62062716389401,1
health_fitness,80.92,Rock Springs,WY,41.606,-109.23,27971,Music therapist,40.883011,-108.979887,14,0,1,34.47227926078029,83.06777188124167,0
shopping_pos,4.29,Corona,CA,33.8419,-117.6043,233717,Wellsite geologist,33.499519,-116.661924,0,0,1,52.66803559206024,95.1553523697514,0
personal_care,41.25,Centerview,MO,38.7897,-93.8702,2368,Electronics engineer,37.932945,-93.419292,19,0,12,31.449691991786448,103.05968550657292,0
misc_pos,3.1,Conway,WA,48.34,-122.3456,85,"""Research officer, political party""",47.867538,-122.674121,21,0,12,36.32306639288159,57.92252202405408,0
misc_net,870.55,Phoenix,AZ,33.8155,-112.1202,1312922,Counselling psychologist,32.975568,-112.378563,0,3,10,20.876112251882272,96.42673874337744,1
home,18.35,Utica,MO,39.7417,-93.6289,271,Land/geomatics surveyor,40.447644,-93.834688,21,6,12,48.69267624914442,80.42539616041849,0
gas_transport,54.58,San Jose,CA,37.3304,-121.7913,973849,Science writer,38.049289,-122.731869,1,6,12,65.54414784394251,115.06189260826967,0
grocery_net,28.54,Phoenix,AZ,33.5623,-112.0559,1312922,Contractor,34.176843,-112.187647,5,2,12,39.18412046543463,69.40818486476192,0
shopping_net,1136.04,Kaktovik,AK,66.6933,-153.994,239,Careers information officer,66.180186,-154.53907,22,5,3,22.973305954825463,61.986543617928994,1
food_dining,45.97,Grenada,CA,41.6125,-122.5258,589,Systems analyst,41.987944,-122.011831,18,5,12,75.01437371663245,59.64859776070976,0
grocery_pos,50.56,Moab,UT,38.5677,-109.5271,9772,Location manager,39.296167,-109.80512,7,1,12,31.096509240246405,84.4960660159045,0
shopping_pos,824.08,Ashford,WA,46.7531,-121.9898,759,Video editor,46.700461,-121.08599,23,6,3,63.49897330595483,69.13774540773504,1
shopping_pos,7.5,Santa Monica,CA,34.0287,-118.4924,92043,"""Civil engineer, contracting""",33.487653,-119.453043,3,4,12,59.66872005475702,107.26644315635023,0
grocery_pos,326.86,Mendon,UT,41.71,-111.9817,2078,"""Scientist, audiological""",41.878944,-111.493524,10,6,3,56.71731690622861,44.61737833259371,1
grocery_pos,289.41,Aurora,CO,39.7656,-104.7069,389246,Industrial/product designer,40.373788,-104.313727,3,1,3,80.63244353182752,75.45039382003324,1
personal_care,46.42,Iliff,CO,40.7692,-103.0968,648,Community arts worker,41.021687,-103.676033,14,1,12,51.27173169062286,56.20093427305504,0
health_fitness,98.68,Luray,MO,40.4931,-91.8912,519,Town planner,39.897194,-91.392631,19,4,1,52.90896646132786,78.63711944040503,0
grocery_pos,289.58,Pueblo,CO,38.2352,-104.66,151815,Further education lecturer,37.509739,-104.29836,1,0,5,31.353867214236825,86.68814051960823,1
grocery_net,54.88,Napa,CA,38.4549,-122.2564,94014,Airline pilot,38.837386,-122.907577,3,6,1,33.39630390143737,70.75930863932753,0
shopping_net,83.58,Fiddletown,CA,38.5234,-120.6763,832,Immigration officer,37.606341,-119.765989,10,0,1,31.67693360711841,129.4177421851203,0
food_dining,45.58,Espanola,NM,35.9866,-106.0654,18408,Historic buildings inspector/conservation officer,35.272787,-106.300539,22,6,1,46.46954140999316,82.16807898445664,0
shopping_pos,758.19,Brainard,NE,41.1832,-96.9882,614,Associate Professor,40.26184,-96.842227,22,1,6,52.9719370294319,103.18639551754654,1
personal_care,79.83,Meadville,MO,39.7795,-93.3014,964,Tourist information centre manager,39.857083,-92.475115,12,5,1,44.054757015742645,71.09518461065561,0
grocery_pos,210.38,Lakeport,CA,39.047,-122.9328,11256,Podiatrist,38.648978,-122.430581,7,6,12,48.19164955509925,62.05091442547169,0
entertainment,101.92,Sun City,CA,33.7467,-117.1721,54287,"""Designer, exhibition/display""",33.562184,-116.915481,18,2,12,48.27104722792608,31.386642694629785,0
shopping_net,6.17,High Rolls Mountain Park,NM,32.9396,-105.8189,899,Naval architect,33.390371,-105.941148,3,3,1,51.36481861738535,51.39883054714451,0
health_fitness,78.39,Red Cliff,CO,39.4584,-106.3851,277,Human resources officer,39.581253,-106.988659,12,2,12,35.742642026009584,53.54287563810794,0
shopping_pos,7.8,Tomales,CA,38.2427,-122.9145,337,Occupational psychologist,37.334308,-122.794864,4,3,1,64.5366187542779,101.55417419577849,0
health_fitness,22.61,Blairsden-Graeagle,CA,39.8127,-120.6405,1725,Chartered legal executive (England and Wales),39.90203,-121.563964,23,2,12,53.596167008898014,79.44798380831588,0
food_dining,56.42,Grenada,CA,41.6125,-122.5258,589,Systems analyst,41.519101,-122.576165,22,1,1,73.06776180698152,11.198916746800515,0
