category,amt,city,state,lat,long,city_pop,job,merch_lat,merch_long,trans_hour,trans_dayofweek,trans_month,customer_age,merchant_distance_km,is_fraud
personal_care,1.89,Red River,NM,36.6659,-105.4694,606,"""Surveyor, land/geomatics""",36.07168,-105.494087,14,0,1,30.37371663244353,66.11120986325375,0
gas_transport,73.18,Luray,MO,40.4931,-91.8912,519,Town planner,39.665299,-91.151055,1,6,12,54.86926762491444,111.52580170409396,0
shopping_pos,6.83,Red River,NM,36.6659,-105.4694,606,"""Surveyor, land/geomatics""",35.887445,-105.83067,12,4,12,32.30116358658453,92.41978806358308,0
misc_net,7.27,Fort Washakie,WY,43.0048,-108.8964,1645,Information systems manager,43.974711,-109.741904,12,1,1,32.87063655030801,127.6062390956251,0
gas_transport,79.39,Port Costa,CA,38.046,-122.1866,198,Armed forces training and education officer,38.500345,-121.238141,8,2,1,59.7782340862423,96.99170657199056,0
grocery_pos,218.64,Sun City,CA,33.7467,-117.1721,54287,"""Designer, exhibition/display""",34.152619,-117.320321,2,4,12,48.257357973990416,47.16128802923396,0
entertainment,8.77,Eugene,OR,44.0385,-123.0614,191096,"""Scientist, physiological""",44.42574,-124.028817,3,3,1,54.743326488706366,88.28845406043312,0
personal_care,56.34,Aurora,CO,39.6662,-104.835,389246,"""Scientist, marine""",39.583131,-104.769807,14,4,1,49.06228610540725,10.793311124278915,0
personal_care,39.8,Carlotta,CA,40.507,-123.9743,1139,"""Therapist, occupational""",41.047965,-123.919703,21,0,12,69.95208761122518,60.32797609106848,0
home,12.7,Saint Louis,MO,38.6171,-90.4504,927396,Occupational hygienist,37.810161,-89.633634,20,0,1,58.84188911704312,114.64191231116084,0
grocery_pos,76.68,Iliff,CO,40.7692,-103.0968,648,Community arts worker,41.308944,-102.167765,8,5,1,49.28952772073922,98.3517547679253,0
misc_net,90.0,Lakeport,CA,39.047,-122.9328,11256,Podiatrist,38.875895,-122.346085,2,1,12,48.19712525667351,54.178831690138495,0
home,125.36,Redford,MO,37.3272,-91.0243,241,Investment analyst,36.909725,-90.31745,19,2,12,46.17659137577002,77.99230318001602,0
home,19.81,Centerview,MO,38.7897,-93.8702,2368,Electronics engineer,39.138714,-93.686796,23,1,1,29.49760438056126,41.92305471712015,0
grocery_net,20.08,Arnold,MO,38.4305,-90.387,35439,Land/geomatics surveyor,37.599783,-91.070391,2,4,1,33.80150581793292,110.07502984740422,0
entertainment,7.84,Issaquah,WA,47.4974,-122.0107,50489,Osteopath,47.088189,-121.674107,21,0,1,34.874743326488705,52.10418229899631,0
shopping_pos,4.9,Red River,NM,36.6659,-105.4694,606,"""Surveyor, land/geomatics""",37.645348,-105.871262,18,6,1,30.35181382614648,114.584348691608,0
health_fitness,17.38,Albuquerque,NM,35.1506,-106.569,641349,Civil Service administrator,34.611238,-106.078988,17,6,5,43.082819986310746,74.79824990915567,1
entertainment,12.21,Oakland,CA,37.7878,-122.1884,381459,Barista,38.149361,-121.361019,16,2,1,45.034907597535934,82.92550282869301,0
shopping_net,6.36,Luray,MO,40.4931,-91.8912,519,Town planner,41.225666,-91.560351,3,6,1,52.8952772073922,86.07834670059877,0
home,21.26,Conway,WA,48.34,-122.3456,85,"""Research officer, political party""",48.265479,-121.485072,14,6,1,34.38466803559206,64.18681346527471,0
personal_care,8.02,Roseland,NE,40.4591,-98.5551,463,"""Nurse, mental health""",40.179548,-97.93895,21,6,1,70.6009582477755,60.78648732238746,0
gas_transport,69.21,Athena,OR,45.8289,-118.4971,1302,Dealer,45.24676,-118.806819,5,5,1,42.21492128678987,69.07951063835765,0
shopping_net,933.01,Humboldt,AZ,34.5189,-112.2523,1179,"""Civil engineer, contracting""",35.047879,-113.050898,23,4,9,64.64613278576317,93.69544329719928,1
shopping_net,2.79,Newhall,CA,34.3795,-118.523,34882,Health physicist,35.290729,-118.851515,19,1,1,47.72621492128679,105.66694369107212,0
shopping_pos,3.76,Littleton,CO,39.5994,-105.0044,320420,Water engineer,40.5373,-105.619144,21,0,1,43.45790554414784,116.67325165218443,0
grocery_pos,295.85,Alva,WY,44.6873,-104.4414,110,"""Administrator, local government""",44.020015,-105.392134,0,1,2,45.74401095140315,105.92081408882946,1
home,77.16,Centerview,MO,38.7897,-93.8702,2368,Electronics engineer,38.943776,-92.914516,17,2,12,31.45516769336071,84.49514711469787,0
misc_pos,87.93,Rock Springs,WY,41.606,-109.23,27971,Music therapist,41.578961,-108.74171,3,2,1,34.4394250513347,40.71780500827594,0
misc_pos,9.27,Rock Springs,WY,41.606,-109.23,27971,Music therapist,40.962339,-109.804767,10,5,1,34.42847364818618,86.19117765646672,0
gas_transport,92.76,Mendon,UT,41.71,-111.9817,2078,"""Scientist, audiological""",42.599951,-112.758179,7,1,1,55.553730321697465,117.85277924526947,0
home,62.62,Fort Washakie,WY,43.0048,-108.8964,1645,Information systems manager,42.868056,-108.365301,19,3,1,32.91444216290212,45.83084507585156,0
misc_pos,9.43,Hawthorne,CA,33.9143,-118.3493,93193,"""Editor, magazine features""",33.535337,-119.19662,12,1,12,25.697467488021903,88.97310567657084,0
misc_pos,37.03,Alva,WY,44.6873,-104.4414,110,"""Administrator, local government""",43.89411,-105.151487,1,4,1,45.65639972621492,104.75282384029396,0
health_fitness,1.8,Manley,NE,40.9207,-96.168,206,Human resources officer,40.420497,-96.159977,22,1,1,51.24435318275154,55.62415148943011,0
home,15.92,Mendon,UT,41.71,-111.9817,2078,"""Scientist, audiological""",42.159467,-112.779644,12,0,12,57.5441478439425,82.79116097653446,0
shopping_pos,5.03,Unionville,MO,40.4815,-92.9951,3805,"""Investment banker, corporate""",41.384988,-93.797581,5,3,1,68.30116358658454,120.9832481379439,0
health_fitness,102.46,Paradise Valley,AZ,33.5494,-111.9565,17047,Building surveyor,33.982948,-111.993147,15,0,12,85.91375770020534,48.32721114760035,0
grocery_pos,147.22,Tomales,CA,38.2427,-122.9145,337,Occupational psychologist,37.423654,-123.229625,5,4,12,66.47501711156742,95.18554796032394,0
personal_care,36.96,Littleton,CO,39.5994,-105.0044,320420,Water engineer,39.97508,-104.182606,23,0,1,43.45790554414784,81.70408155288956,0
health_fitness,35.06,Mound City,MO,40.1362,-95.2138,1631,Architect,39.277869,-94.990089,17,6,12,67.93429158110882,97.34166256041968,0
kids_pets,48.81,Fort Washakie,WY,43.0048,-108.8964,1645,Freight forwarder,42.182211,-109.730944,18,1,1,42.847364818617386,114.16185974260142,0
gas_transport,67.81,Matthews,MO,36.7154,-89.6287,1019,Aeronautical engineer,37.105409,-90.386083,1,1,12,41.92470910335387,80.09388746631998,0
gas_transport,64.0,Ashford,WA,46.7531,-121.9898,759,Video editor,46.897445,-122.506291,10,2,1,62.299794661190965,42.44729849711591,0
shopping_net,9.39,Napa,CA,38.4549,-122.2564,94014,Airline pilot,37.938052,-122.582306,14,0,12,35.35386721423682,64.14048803270242,0
gas_transport,87.49,Indian Wells,CA,33.7163,-116.3381,4677,Learning mentor,33.910183,-116.31082,4,2,1,63.66050650239562,21.7056235622992,0
grocery_pos,79.33,Red River,NM,36.6659,-105.4694,606,"""Surveyor, land/geomatics""",37.44535,-104.900897,0,0,1,30.37371663244353,100.28349901957844,0
travel,9.89,Hubbell,NE,40.0456,-97.4735,121,Set designer,39.236317,-98.195775,23,0,2,22.89390828199863,109.19049875141584,1
kids_pets,82.24,Lowell,OR,43.921,-122.7806,1420,Systems analyst,44.413158,-122.070619,22,3,12,55.11841204654346,78.75043199824876,0
misc_net,15.52,Gardiner,OR,43.7857,-124.1437,260,"""Engineer, maintenance""",44.568379,-124.270806,0,6,1,62.38466803559206,87.61820909875794,0
food_dining,9.77,Jelm,WY,41.0539,-106.0763,100,Public librarian,40.212289,-105.760965,21,1,1,44.73100616016427,97.29226868483738,0
health_fitness,77.64,Fort Washakie,WY,43.0048,-108.8964,1645,Freight forwarder,43.231727,-109.865211,20,4,12,44.82956878850103,82.58339737355718,0
entertainment,15.61,Westfir,OR,43.7575,-122.481,597,Forensic psychologist,43.922589,-122.550714,21,4,1,57.64818617385352,19.189666244553894,0
entertainment,33.22,Lake Oswego,OR,45.4093,-122.6847,42817,Planning and development surveyor,45.185888,-122.826564,12,2,1,36.63791923340178,27.20779575006981,0
grocery_pos,95.51,Saint Louis,MO,38.6171,-90.4504,927396,Occupational hygienist,39.143971,-91.165592,7,0,12,60.79671457905544,85.23299097309214,0
home,3.21,Sutherland,NE,41.1558,-101.136,1789,Insurance broker,41.815518,-100.866348,21,6,12,38.87474332648871,76.71895202587088,0
shopping_pos,2.32,Wheaton,MO,36.7651,-94.0492,760,Production manager,36.512279,-94.356872,15,0,1,33.37166324435318,39.29260236636008,0
shopping_pos,2.74,Altonah,UT,40.3207,-110.436,302,"""Sales professional, IT""",40.469118,-111.367562,17,4,1,28.9637234770705,80.59717993759281,0
grocery_pos,44.96,Ruidoso,NM,33.3305,-105.6933,8874,Licensed conveyancer,34.17789,-104.711411,8,0,1,18.431211498973305,130.83716143789036,0
grocery_pos,144.8,Humboldt,AZ,34.5189,-112.2523,1179,"""Civil engineer, contracting""",33.876752,-111.876017,6,1,12,65.94113620807666,79.34770106117418,0
misc_pos,7.19,Daly City,CA,37.6787,-122.478,107941,"""Buyer, industrial""",37.229158,-122.294453,10,4,3,27.444216290212182,52.546910130338105,1
personal_care,7.49,Luray,MO,40.4931,-91.8912,519,Town planner,41.462107,-92.720582,13,1,1,52.88158795345654,128.28499665465228,0
home,10.27,Cascade Locks,OR,45.671,-121.8686,1288,Barrister,44.866655,-122.300323,14,6,12,84.65708418891171,95.60710189672685,0
grocery_pos,97.11,Orient,WA,48.8878,-118.2105,149,Special educational needs teacher,49.676804,-118.023333,5,5,12,42.5160848733744,88.77738701788424,0
shopping_net,136.94,Kirk,CO,39.6171,-102.4776,207,Network engineer,39.994365,-103.09345,11,1,1,63.096509240246405,67.28502767496907,0
health_fitness,14.58,Norwalk,CA,33.9056,-118.0818,105549,Firefighter,33.553751,-118.891364,12,4,1,45.28405201916495,84.47214054835494,0
shopping_pos,4.76,Superior,AZ,33.2887,-111.0985,2872,Petroleum engineer,33.618453,-111.575189,13,4,1,31.20602327173169,57.44751796312729,0
entertainment,9.73,Westfir,OR,43.7575,-122.481,597,Forensic psychologist,44.171361,-122.920128,21,2,12,59.61670088980151,57.90472745807882,0
travel,6.87,Utica,MO,39.7417,-93.6289,271,Land/geomatics surveyor,39.559136,-93.010276,13,2,1,46.7460643394935,56.72032563160245,0
shopping_pos,23.52,Albuquerque,NM,35.1506,-106.569,641349,Civil Service administrator,35.902105,-106.421243,19,5,12,44.709103353867214,84.62655199584638,0
gas_transport,9.79,Thompson,UT,38.9999,-109.615,46,"""Surveyor, minerals""",39.157345,-109.126592,8,3,1,31.73716632443532,45.64915392632874,1
grocery_pos,354.03,Bay City,OR,45.5197,-123.8761,1530,Colour technologist,45.902121,-124.866313,2,1,3,33.31143052703628,87.86006780376852,1
gas_transport,11.68,Aurora,CO,39.6662,-104.835,389246,"""Scientist, marine""",39.099754,-105.575511,3,0,10,49.83709787816564,89.54085579682884,1
home,71.99,Alva,WY,44.6873,-104.4414,110,"""Administrator, local government""",44.361502,-104.304095,17,4,12,47.611225188227245,37.827044770752494,0
personal_care,66.26,Saint Louis,MO,38.6171,-90.4504,927396,Occupational hygienist,38.123199,-90.844945,16,6,12,60.79397672826831,64.8011155101741,0
kids_pets,24.52,Paradise Valley,AZ,33.5494,-111.9565,17047,Building surveyor,33.204885,-112.255266,12,0,1,83.93976728268309,47.298411944691054,0
entertainment,29.62,Wales,AK,64.7556,-165.6723,145,"""Administrator, education""",64.475811,-164.838168,16,2,12,81.14168377823408,50.48559020441255,0
travel,8.05,Fields Landing,CA,40.7268,-124.2174,276,"""Scientist, audiological""",41.32769,-123.584479,23,0,12,91.64681724845995,85.34110397292638,0
grocery_pos,293.71,Espanola,NM,35.9866,-106.0654,18408,Historic buildings inspector/conservation officer,35.655151,-106.276084,0,3,5,47.80287474332649,41.46277079640943,1
entertainment,520.02,Issaquah,WA,47.4974,-122.0107,50489,Osteopath,46.780492,-122.916246,3,1,6,36.33401779603012,105.0985244985684,1
shopping_pos,8.77,Omaha,NE,41.2064,-95.9953,518429,"""Surveyor, land/geomatics""",40.758303,-95.832876,13,6,1,23.260780287474333,51.65782804311687,0
entertainment,24.99,Wendel,CA,40.3406,-120.2824,104,"""Teacher, adult education""",39.343022,-120.633428,23,0,12,31.367556468172484,114.90261032555902,0
home,7.39,Phoenix,AZ,33.5623,-112.0559,1312922,Contractor,33.562841,-111.783435,16,4,1,37.215605749486656,25.24579802513164,0
gas_transport,72.23,Iliff,CO,40.7692,-103.0968,648,Community arts worker,41.321265,-102.535048,3,2,12,51.27446954140999,77.37965589752474,0
kids_pets,120.2,Lagrange,WY,41.6423,-104.1974,635,Product/process development scientist,41.705703,-104.341783,16,5,1,45.50034223134839,13.9107346138711,0
misc_net,845.41,Mendon,UT,41.71,-111.9817,2078,"""Scientist, audiological""",42.439136,-112.951268,16,6,3,56.71731690622861,113.91677056641548,1
grocery_pos,117.48,Tomales,CA,38.2427,-122.9145,337,Occupational psychologist,37.256145,-122.52474,4,1,12,66.48596851471595,114.92736385137084,0
misc_pos,105.67,Meridian,ID,43.6498,-116.4306,84106,Intelligence analyst,43.6419,-117.12155,4,3,12,49.88637919233402,55.6025833545959,0
personal_care,8.62,Orient,WA,48.8878,-118.2105,149,Special educational needs teacher,48.587552,-118.36499,12,5,12,42.5160848733744,35.255940962344106,0
shopping_pos,7.81,Claremont,CA,34.1092,-117.7183,35705,Wellsite geologist,34.378234,-116.894219,11,4,12,64.6132785763176,81.44191421564976,0
gas_transport,66.16,Glendale,CA,34.1556,-118.2322,172817,Advertising account planner,34.917214,-117.798289,11,1,1,36.42436687200548,93.55025056895026,0
grocery_pos,50.93,Omaha,NE,41.2064,-95.9953,518429,"""Surveyor, land/geomatics""",40.30952,-95.160403,14,6,12,25.21560574948665,122.0265187371991,0
misc_pos,19.65,Redford,MO,37.3272,-91.0243,241,Investment analyst,37.041233,-90.540835,23,4,12,46.16290212183436,53.34293387514801,0
kids_pets,1.11,Hooper,NE,41.6414,-96.5232,1745,"""Engineer, automotive""",42.538253,-97.139383,18,1,1,45.054072553045856,111.93867385258412,0
shopping_net,7.12,Thompson,UT,38.9999,-109.615,46,"""Surveyor, minerals""",38.137421,-110.081134,14,4,1,31.7015742642026,104.11360427210435,0
kids_pets,21.23,Hooper,NE,41.6414,-96.5232,1745,"""Engineer, automotive""",41.436458,-96.83658,23,2,1,45.01848049281314,34.63547179193067,0
shopping_net,1087.53,Clarksville,MO,39.3465,-90.9362,1146,Exercise physiologist,38.962887,-90.364971,22,6,3,90.91854893908284,65.15740089274856,1
gas_transport,64.26,Malad City,ID,42.1808,-112.262,4154,Nature conservation officer,41.785311,-113.050652,5,4,1,56.95824777549623,78.632995789774,0
grocery_pos,104.02,Carlotta,CA,40.507,-123.9743,1139,"""Therapist, occupational""",41.430212,-123.893381,3,6,12,69.94934976043805,102.88104541718114,0
health_fitness,39.83,Sun City,CA,33.7467,-117.1721,54287,"""Designer, exhibition/display""",33.270684,-118.011883,23,1,12,48.26830937713895,94.14737344528952,0
home,51.93,Moriarty,NM,34.9889,-106.0609,7268,"""Therapist, art""",34.853893,-106.868627,19,3,12,32.407939767282684,75.15716042863512,0
misc_net,1.89,Orient,WA,48.8878,-118.2105,149,Special educational needs teacher,48.628821,-118.810014,2,4,1,40.57768651608488,52.54100627777258,0
kids_pets,25.52,Meridian,ID,43.6498,-116.4306,84106,Intelligence analyst,43.921542,-116.347392,18,3,1,47.931553730321696,30.945803594474608,0
shopping_net,5.76,Sixes,OR,42.825,-124.4409,217,Retail merchandiser,42.945251,-124.688131,2,2,12,92.24640657084188,24.177142428945107,0
home,8.04,Thompson,UT,38.9999,-109.615,46,"""Surveyor, minerals""",39.719807,-108.858218,22,3,12,33.67282683093772,103.1553626608978,0
home,21.02,Greenview,CA,41.5403,-122.9366,308,Call centre manager,42.177142,-122.891285,22,4,1,60.328542094455855,70.91297008841889,0
kids_pets,5.23,High Rolls Mountain Park,NM,32.9396,-105.8189,899,Naval architect,33.731212,-106.75299,12,1,12,53.333333333333336,123.60409638429893,0
gas_transport,40.32,Paauilo,HI,20.0271,-155.3697,1490,"""Scientist, research (maths)""",19.63397,-154.88991,5,5,12,29.7056810403833,66.55519323914842,0
personal_care,3.65,Red River,NM,36.6659,-105.4694,606,"""Surveyor, land/geomatics""",36.849101,-104.807088,12,1,1,30.31895961670089,62.420583071094256,0
home,39.88,Wales,AK,64.7556,-165.6723,145,"""Administrator, education""",64.547193,-166.342613,23,3,12,81.14442162902122,39.43698532900037,0
shopping_net,2.73,Phoenix,AZ,33.8155,-112.1202,1312922,Counselling psychologist,34.21906,-111.367731,22,6,1,19.1211498973306,82.6032743457507,0
shopping_pos,2.44,Conway,WA,48.34,-122.3456,85,"""Research officer, political party""",48.118052,-123.285832,19,0,1,34.36824093086927,73.88862859509007,0
kids_pets,151.85,Lowell,OR,43.921,-122.7806,1420,Systems analyst,43.580525,-121.818728,12,3,1,53.14442162902122,86.03623129555042,0
shopping_pos,6.83,Red River,NM,36.6659,-105.4694,606,"""Surveyor, land/geomatics""",35.887445,-105.83067,12,4,12,32.30116358658453,92.41978806358308,0
grocery_net,47.43,Carroll,NE,42.277,-97.1926,566,Metallurgist,41.907616,-96.206084,8,5,1,43.98083504449008,91.17602766486812,0
kids_pets,53.44,Matthews,MO,36.7154,-89.6287,1019,Aeronautical engineer,36.63211,-88.795852,14,6,12,41.9192334017796,74.85148165971009,0
home,83.95,Espanola,NM,35.9866,-106.0654,18408,Historic buildings inspector/conservation officer,35.036041,-105.911135,12,0,12,48.446269678302535,106.61557088463454,0
personal_care,35.74,North Loup,NE,41.4972,-98.7858,509,"""Nurse, children's""",40.682591,-98.476893,23,0,12,40.284736481861735,94.20700616502268,0
health_fitness,25.88,High Rolls Mountain Park,NM,32.9396,-105.8189,899,Naval architect,33.583424,-105.705251,20,1,1,51.35934291581109,72.36559780892576,0
entertainment,33.87,Conway,WA,48.34,-122.3456,85,"""Research officer, political party""",48.969274,-122.528354,22,6,12,36.32032854209446,71.24809698025464,0
misc_net,65.04,Issaquah,WA,47.4974,-122.0107,50489,Osteopath,48.095053,-122.594448,9,0,12,36.82956878850103,79.48367348457603,0
shopping_net,2.42,Daly City,CA,37.6787,-122.478,107941,"""Buyer, industrial""",38.033099,-122.384556,16,6,1,27.2580424366872,40.25225503589416,0
misc_net,57.93,Phoenix,AZ,33.5623,-112.0559,1312922,Contractor,33.17522,-112.583263,9,2,1,37.21013004791239,65.19892104347608,0
home,33.52,Moriarty,NM,34.9889,-106.0609,7268,"""Therapist, art""",35.807778,-105.545934,23,3,12,32.388774811772755,102.32117986447754,0
gas_transport,11.68,Aurora,CO,39.6662,-104.835,389246,"""Scientist, marine""",39.099754,-105.575511,3,0,10,49.83709787816564,89.54085579682884,1
health_fitness,40.94,San Jose,CA,37.3304,-121.7913,973849,Geoscientist,37.570798,-121.696095,18,3,12,23.95071868583162,28.021051952722445,0
grocery_pos,132.45,Campbell,NE,40.2967,-98.737,493,"""Surveyor, minerals""",41.217197,-98.974541,1,2,12,80.29568788501027,104.2916346707433,0
gas_transport,47.55,Sixes,OR,42.825,-124.4409,217,Retail merchandiser,42.36427,-125.371606,11,1,12,92.24366872005476,91.80739339201848,0
home,21.1,Redford,MO,37.3272,-91.0243,241,Investment analyst,37.079186,-91.230002,21,5,12,46.16563997262149,33.052146945068785,0
shopping_net,1050.47,Conway,WA,48.34,-122.3456,85,"""Research officer, political party""",48.50046,-122.644168,2,0,6,34.75154004106776,28.35143092636352,1
home,51.93,Moriarty,NM,34.9889,-106.0609,7268,"""Therapist, art""",34.853893,-106.868627,19,3,12,32.407939767282684,75.15716042863512,0
entertainment,49.08,Burlington,WA,48.4786,-122.3345,14871,Public house manager,49.053154,-122.369565,21,0,1,44.84873374401095,63.93915891767587,0
home,286.87,Matthews,MO,36.7154,-89.6287,1019,Aeronautical engineer,36.588699,-88.720514,22,2,9,40.62422997946612,82.23381621503445,1
food_dining,10.39,Laramie,WY,41.4247,-105.4781,35371,"""Pilot, airline""",41.839781,-106.353548,23,6,12,32.31759069130732,86.16218843006571,0
travel,2.2,Albuquerque,NM,35.0561,-106.5506,641349,Charity officer,35.346129,-105.825105,15,3,1,51.94250513347023,73.38498998302899,0
personal_care,174.19,Burlington,WA,48.4786,-122.3345,14871,Public house manager,48.222912,-122.790267,19,3,1,44.818617385352496,44.07539955559788,0
grocery_pos,114.91,Holstein,NE,40.4542,-98.6538,331,Telecommunications researcher,39.582557,-99.244723,10,0,12,70.36002737850787,109.20628336652548,0
grocery_pos,117.39,Sixes,OR,42.825,-124.4409,217,Retail merchandiser,43.709182,-124.276563,4,0,12,92.24093086926764,99.212822398717,0
travel,8.58,Red River,NM,36.6659,-105.4694,606,"""Surveyor, land/geomatics""",37.027132,-105.77168,22,6,3,31.482546201232037,48.34136331688795,1
entertainment,95.16,Superior,AZ,33.2887,-111.0985,2872,Petroleum engineer,32.458738,-110.520026,21,1,12,33.17180013689254,106.93632960427416,0
shopping_pos,3.22,Holstein,NE,40.4542,-98.6538,331,Telecommunications researcher,41.279347,-98.569758,10,1,1,68.40793976728268,92.02390456341516,0
kids_pets,34.41,Scotts Mills,OR,44.9897,-122.6187,1252,"""Engineer, petroleum""",45.919794,-123.40412,20,0,1,81.95482546201232,120.2032848683602,0
entertainment,82.16,Meadville,MO,39.7795,-93.3014,964,Tourist information centre manager,39.310831,-93.386062,14,3,1,44.049281314168375,52.61678429265843,0
entertainment,166.97,Centerview,MO,38.7897,-93.8702,2368,Electronics engineer,39.032512,-94.602594,20,2,1,29.50034223134839,68.8808149464564,0
shopping_net,875.71,Fiddletown,CA,38.5234,-120.6763,832,Immigration officer,39.146871,-120.651459,22,0,9,32.34770704996578,69.36019184223393,1
home,123.41,Thompson,UT,38.9999,-109.615,46,"""Surveyor, minerals""",38.510464,-109.346827,13,6,1,31.72621492128679,59.18261918254578,0
misc_pos,32.67,Athena,OR,45.8289,-118.4971,1302,Dealer,45.09507,-117.693133,6,3,12,44.20260095824778,102.90524085716916,0
misc_pos,4.88,San Diego,CA,32.7185,-117.1593,1241364,Comptroller,32.990592,-117.82799,15,6,12,33.07597535934291,69.403456483107,0
misc_pos,5.86,Meridian,ID,43.6498,-116.4306,84106,Intelligence analyst,43.630982,-115.777683,7,1,1,47.90691307323751,52.581849582255096,0
health_fitness,21.73,Utica,MO,39.7417,-93.6289,271,Land/geomatics surveyor,39.607589,-94.002906,20,0,1,46.75975359342916,35.312436656323165,0
gas_transport,55.26,Rocky Mount,MO,38.2911,-92.7059,1847,Tax inspector,37.626033,-92.096431,6,5,1,30.19301848049281,91.2356932441891,0
grocery_pos,191.24,Lake Oswego,OR,45.4093,-122.6847,42817,Planning and development surveyor,45.904654,-122.315201,3,1,1,36.616016427104725,62.1173850758918,0
misc_net,23.87,Campbell,NE,40.2967,-98.737,493,"""Surveyor, minerals""",40.218381,-98.033279,9,1,1,78.33812457221082,60.34794190075665,0
grocery_net,50.34,Matthews,MO,36.7154,-89.6287,1019,Aeronautical engineer,36.035866,-90.576731,7,2,12,41.927446954141,113.6353398926952,0
misc_net,195.82,Napa,CA,38.4549,-122.2564,94014,Airline pilot,39.32761,-122.468746,4,0,1,33.41820670773443,98.76574222497143,0
gas_transport,69.59,High Rolls Mountain Park,NM,32.9396,-105.8189,899,Naval architect,33.257784,-106.496869,11,2,12,53.33607118412046,72.38882038955113,0
entertainment,99.15,Nelson,NE,40.201,-98.0684,732,Television/film/video producer,40.877659,-98.236331,18,5,1,62.09993155373032,76.56752749759468,0
health_fitness,49.66,Meredith,CO,39.3199,-106.6596,61,Public relations account executive,38.664546,-105.768916,16,1,12,81.15263518138262,105.99763373664476,0
grocery_pos,218.64,Sun City,CA,33.7467,-117.1721,54287,"""Designer, exhibition/display""",34.152619,-117.320321,2,4,12,48.257357973990416,47.16128802923396,0
shopping_net,15.2,Freedom,WY,43.0172,-111.0292,471,"""Education officer, museum""",43.936495,-111.473778,3,0,12,53.4072553045859,108.3321354002896,0
entertainment,33.25,Parks,AZ,35.2563,-111.95,759,"""Geologist, engineering""",35.138684,-110.956705,12,0,1,61.817932922655714,91.1981275687565,0
food_dining,5.23,Phoenix,AZ,33.8155,-112.1202,1312922,Counselling psychologist,34.40071,-112.66993,21,1,12,21.08145106091718,82.43752621280191,0
shopping_pos,18.82,Freedom,WY,43.0172,-111.0292,471,"""Education officer, museum""",43.591662,-110.618789,6,2,1,51.45790554414784,71.99422516327841,0
travel,479.26,Meadville,MO,39.7795,-93.3014,964,Tourist information centre manager,40.715935,-92.784729,18,0,12,46.01505817932922,112.98267783140577,0
kids_pets,2.28,Norwalk,CA,33.9056,-118.0818,105549,Firefighter,33.670103,-117.781204,14,6,12,47.26351813826147,38.17593185955592,0
gas_transport,76.19,Kent,OR,45.0838,-120.6649,60,Museum education officer,45.69276,-119.926571,3,0,1,76.8021902806297,88.9344514733626,0
misc_net,735.87,Independence,MO,39.1412,-94.3515,123373,"""Engineer, production""",39.890976,-94.263609,3,1,8,26.72689938398357,83.71147551074516,1
entertainment,161.88,Albuquerque,NM,35.1506,-106.569,641349,Civil Service administrator,34.581933,-105.853173,18,1,1,42.76249144421629,90.90331682669331,0
shopping_net,110.02,Burbank,WA,46.1966,-118.9017,3684,Musician,46.083705,-118.188613,14,1,12,39.082819986310746,56.356611968482326,0
home,51.51,Orient,WA,48.8878,-118.2105,149,Special educational needs teacher,48.741169,-118.794633,22,0,12,42.521560574948666,45.77343147951319,0
grocery_pos,139.42,Howells,NE,41.6964,-96.9858,1063,Research scientist (maths),41.397886,-97.880623,3,4,12,92.73100616016428,81.52902767907283,0
kids_pets,4.35,Hooper,NE,41.6414,-96.5232,1745,"""Engineer, automotive""",41.937388,-96.731737,16,6,12,47.00342231348392,37.17708946600817,0
entertainment,461.13,Omaha,NE,41.2064,-95.9953,518429,"""Surveyor, land/geomatics""",41.850865,-95.760883,23,5,9,23.96714579055441,74.27045998710531,1
travel,7.69,Red River,NM,36.6659,-105.4694,606,"""Surveyor, land/geomatics""",37.005072,-105.321187,16,0,12,32.309377138945926,39.9542938634365,0
entertainment,88.01,Helm,CA,36.4992,-120.0936,123,Early years teacher,35.549628,-119.949996,14,6,12,47.885010266940455,106.37439101842476,0
shopping_pos,5.46,Laguna Hills,CA,33.615,-117.7114,45303,Sales executive,33.031567,-117.291122,2,6,12,51.01437371663244,75.72016849145088,0
grocery_pos,159.58,Newhall,CA,34.3795,-118.523,34882,Health physicist,34.64627,-119.401014,2,0,12,49.67830253251198,85.74185554579158,0
personal_care,102.0,Centerview,MO,38.7897,-93.8702,2368,Electronics engineer,39.390753,-94.331307,14,6,12,31.44695414099932,77.78450394585623,0
kids_pets,54.27,Mendon,UT,41.71,-111.9817,2078,"""Scientist, audiological""",40.909894,-112.388019,16,5,1,55.58384668035592,95.22047703890796,0
health_fitness,91.68,Kansas City,MO,38.9621,-94.5959,545147,Counsellor,38.416781,-94.949052,23,0,1,31.156741957563312,67.94316219427894,0
home,39.36,Parks,AZ,35.2563,-111.95,759,"""Geologist, engineering""",34.573567,-112.827521,17,3,1,61.80698151950719,110.2954117587412,0
shopping_pos,4.04,Vinton,CA,40.0235,-120.7986,128,Education administrator,39.382102,-120.806893,9,6,1,52.91170431211499,71.32373209679064,0
food_dining,18.96,Arnold,MO,38.4305,-90.387,35439,Land/geomatics surveyor,38.184292,-91.209137,22,3,1,33.79876796714579,76.7811893052647,0
home,147.17,Issaquah,WA,47.4974,-122.0107,50489,Osteopath,46.578503,-122.50029,12,3,12,36.837782340862425,108.70356220621304,0
shopping_net,6.9,Shedd,OR,44.453,-123.1065,917,Radio broadcast assistant,44.06447,-122.179653,16,3,12,25.4839151266256,85.52471131422905,0
shopping_pos,5.45,Espanola,NM,35.9866,-106.0654,18408,Historic buildings inspector/conservation officer,36.1734,-105.51764,15,0,1,46.51060917180013,53.42844548347522,0
food_dining,3.59,San Diego,CA,32.7185,-117.1593,1241364,Comptroller,33.67218,-116.217979,20,1,1,31.12662559890486,137.5382344611574,0
shopping_pos,5.72,Moab,UT,38.5677,-109.5271,9772,Location manager,37.727137,-110.086562,15,0,1,29.138945927446954,105.49540003317728,0
gas_transport,55.04,Rocky Mount,MO,38.2911,-92.7059,1847,Tax inspector,37.413274,-93.513959,6,2,1,30.203969883641346,120.66823196280704,0
home,72.18,Athena,OR,45.8289,-118.4971,1302,Dealer,45.123879,-118.653309,22,6,12,44.19164955509925,79.33520234263898,0
food_dining,114.36,San Diego,CA,33.0067,-117.069,1241364,"""Pharmacist, hospital""",32.641173,-116.296495,23,4,6,60.26283367556468,82.8400502569713,1
misc_net,324.05,Howells,NE,41.6964,-96.9858,1063,Research scientist (maths),41.812652,-96.499548,3,6,12,92.73648186173854,42.356205808263134,0
gas_transport,42.28,Weeping Water,NE,40.8731,-96.1528,1517,Dealer,41.592299,-96.989958,10,6,12,69.13620807665983,106.2823458398289,0
shopping_net,52.41,Glendale,CA,34.1556,-118.2322,172817,Advertising account planner,34.60708,-118.297407,16,5,1,36.473648186173854,50.55765981030533,0
gas_transport,55.14,Thompson,UT,38.9999,-109.615,46,"""Surveyor, minerals""",39.28655,-109.854904,4,2,1,31.71526351813826,37.99991536092088,0
shopping_pos,4.43,Issaquah,WA,47.4974,-122.0107,50489,Osteopath,48.076539,-122.582352,21,2,1,34.861054072553046,77.27192056018403,0
food_dining,8.67,Hawthorne,CA,33.9143,-118.3493,93193,"""Editor, magazine features""",34.01072,-117.951206,20,2,12,25.700205338809035,38.24778396200508,0
home,38.46,Red River,NM,36.6659,-105.4694,606,"""Surveyor, land/geomatics""",37.554113,-105.044443,15,0,1,30.33538672142368,105.7091928257036,0
shopping_net,8.52,Howells,NE,41.6964,-96.9858,1063,Research scientist (maths),42.304631,-97.371127,0,6,12,92.73648186173854,74.75238198811685,0
home,81.56,Kent,OR,45.0838,-120.6649,60,Museum education officer,45.583704,-120.184451,22,0,1,76.78302532511978,67.08398017081444,0
grocery_net,85.16,Indian Wells,CA,33.7163,-116.3381,4677,Learning mentor,34.567104,-117.309781,8,2,1,63.66050650239562,130.17854120040465,0
health_fitness,9.18,Greenview,CA,41.5403,-122.9366,308,Call centre manager,40.879629,-121.959682,23,5,1,60.31211498973306,109.88575471496716,0
shopping_pos,9.37,Stayton,OR,44.8021,-122.7624,9587,"""Engineer, biomedical""",45.035968,-123.469304,7,3,1,50.79808350444901,61.43497651010133,0
health_fitness,43.01,Luray,MO,40.4931,-91.8912,519,Town planner,41.048674,-92.155282,23,3,1,52.92539356605065,65.65775555617068,0
entertainment,72.24,Fiddletown,CA,38.5234,-120.6763,832,Immigration officer,38.549019,-121.430135,19,4,1,31.64955509924709,65.6289516385701,0
personal_care,168.52,Daly City,CA,37.6787,-122.478,107941,"""Buyer, industrial""",37.383756,-121.928606,20,6,12,29.232032854209447,58.50252242878728,0
entertainment,17.59,Centerview,MO,38.7897,-93.8702,2368,Electronics engineer,38.965474,-94.833477,12,0,1,29.51403148528405,85.64467061320609,0
grocery_pos,108.5,June Lake,CA,37.7773,-119.0825,633,Health service manager,38.733766,-118.876821,7,2,1,91.31553730321696,107.85972278419814,0
shopping_pos,112.73,Sixes,OR,42.825,-124.4409,217,Retail merchandiser,42.245379,-124.917783,4,6,12,92.23819301848047,75.36985214752607,0
shopping_pos,963.64,Valentine,NE,42.8062,-100.6215,4005,Network engineer,42.261439,-99.734046,22,5,9,74.48049281314168,94.63950906410344,1
kids_pets,21.41,Espanola,NM,35.9866,-106.0654,18408,Historic buildings inspector/conservation officer,35.641054,-106.902492,21,5,1,46.48596851471595,84.69725396754545,0
misc_pos,66.87,Burbank,WA,46.1966,-118.9017,3684,Musician,46.113919,-119.821778,4,3,12,39.08829568788501,71.46285818178359,0
travel,8.7,Altonah,UT,40.3207,-110.436,302,"""Sales professional, IT""",39.69092,-110.97387,12,4,12,30.937713894592743,83.68175563014964,0
shopping_net,9.49,Cascade Locks,OR,45.671,-121.8686,1288,Barrister,45.33744,-121.966647,6,5,1,82.68035592060232,37.86905306541125,0
food_dining,66.9,Unionville,MO,40.4815,-92.9951,3805,"""Investment banker, corporate""",39.562154,-93.416254,8,0,12,70.2861054072553,108.33426550114328,0
health_fitness,83.14,Huslia,AK,65.6899,-156.292,277,"""Engineer, civil (consulting)""",64.919966,-156.973707,14,5,1,53.163586584531146,91.28118352644984,0
personal_care,79.77,Westerville,NE,41.4193,-99.3844,73,Product designer,40.937063,-100.089126,20,2,1,83.89322381930185,79.71165234814045,0
travel,9.2,Espanola,NM,35.9866,-106.0654,18408,Historic buildings inspector/conservation officer,36.734967,-105.159152,23,5,12,48.440793976728266,116.23137849846503,0
gas_transport,51.85,Tekoa,WA,47.2271,-117.0819,895,Clothing/textile technologist,47.959967,-117.117553,8,6,1,19.603011635865844,81.5349347409316,0
entertainment,62.69,Parker Dam,CA,34.298,-114.156,126,Marketing executive,33.763231,-113.276347,12,5,12,28.21902806297057,100.53214679096844,0
shopping_net,8.25,Manville,WY,42.73,-104.7024,241,Educational psychologist,42.411762,-104.050458,14,4,12,40.02464065708419,64.04908372787854,0
entertainment,13.34,Owensville,MO,38.3511,-91.4867,6703,Naval architect,38.508629,-91.709923,15,3,12,22.61738535249829,26.170635229948463,0
misc_net,6.36,Campbell,NE,40.2967,-98.737,493,"""Surveyor, minerals""",39.910384,-99.66143,11,5,1,78.3107460643395,89.59241089465006,0
shopping_pos,10.39,Sutherland,NE,41.1558,-101.136,1789,Insurance broker,40.356475,-101.124344,15,2,1,36.92813141683778,88.88630667478957,0
grocery_pos,309.32,Scotts Mills,OR,44.9897,-122.6187,1252,"""Engineer, petroleum""",44.322504,-122.818812,1,0,7,82.43394934976044,75.85844282413261,1
grocery_pos,225.48,Kansas City,MO,38.9621,-94.5959,545147,Counsellor,37.986766,-93.847242,0,0,1,31.137577002053387,126.52692073981493,0
kids_pets,28.05,Camden,MO,39.2048,-94.0259,464,Colour technologist,39.057709,-93.226474,17,4,1,59.605749486652975,70.86678624383919,0
gas_transport,76.5,Red Cliff,CO,39.4584,-106.3851,277,Human resources officer,38.804377,-105.52235,6,3,12,35.74537987679671,104.04927167407416,0
personal_care,17.05,Seligman,MO,36.5276,-93.9359,2693,"""Engineer, biomedical""",36.586861,-93.020896,22,6,10,52.662559890485966,81.99186700328859,1
home,90.79,Ashford,WA,46.7531,-121.9898,759,Video editor,47.081113,-122.238995,17,1,1,62.33538672142368,41.09175150167196,0
shopping_net,910.76,Daly City,CA,37.6787,-122.478,107941,"""Buyer, industrial""",37.307984,-121.509379,2,5,3,27.44695414099932,94.87824208415468,1
misc_net,27.36,Tomales,CA,38.2427,-122.9145,337,Occupational psychologist,38.205078,-123.713215,0,0,12,66.48323066392882,69.89652848681865,0
home,3.76,Powell Butte,OR,44.2415,-121.0113,2016,Local government officer,45.116326,-120.154806,13,5,12,67.00342231348391,118.52516936820788,0
food_dining,24.11,Burbank,WA,46.1966,-118.9017,3684,Musician,47.129941,-118.014296,13,6,1,37.12251882272416,123.92030157557194,0
grocery_pos,99.65,Meredith,CO,39.3199,-106.6596,61,Public relations account executive,40.108346,-105.820753,7,6,1,79.21149897330595,113.28823407074158,0
shopping_net,987.16,Williamsburg,MO,38.8874,-91.7689,710,Glass blower/designer,39.67065,-91.80472,16,5,8,48.92539356605065,87.14797847933565,1
home,70.85,Kissee Mills,MO,36.6704,-93.0377,1201,"""Engineer, agricultural""",36.149749,-93.534411,22,6,12,40.77754962354552,72.9893269198252,0
misc_pos,7.73,Hatch,UT,37.7175,-112.4777,258,Geoscientist,37.961534,-111.636365,8,5,12,59.08829568788501,78.70637144620987,0
misc_pos,2.71,Issaquah,WA,47.4974,-122.0107,50489,Osteopath,47.291983,-122.177011,0,4,1,34.847364818617386,26.046938199122955,0
gas_transport,32.44,Manville,WY,42.73,-104.7024,241,Educational psychologist,42.509261,-104.187152,3,1,12,40.03559206023272,48.78425192148646,0
personal_care,53.11,Blairstown,MO,38.5319,-93.9221,467,Agricultural consultant,37.566138,-93.744861,13,4,1,68.60780287474333,108.5034317333976,0
personal_care,108.33,Huntington Beach,CA,33.6773,-118.0051,190249,"""Therapist, horticultural""",33.207376,-117.133189,19,1,12,44.28199863107461,96.30787046230256,0
grocery_net,10.54,Hubbell,NE,40.0456,-97.4735,121,Set designer,40.078922,-98.097347,0,1,2,22.89664613278576,53.21998937622031,1
shopping_pos,261.23,Independence,MO,39.1412,-94.3515,123373,"""Engineer, production""",38.16714,-94.800098,12,4,12,28.076659822039694,115.1020976750417,0
kids_pets,50.75,Eugene,OR,44.0385,-123.0614,191096,"""Scientist, physiological""",44.869758,-122.343659,18,0,12,56.72826830937714,108.5762537882812,0
entertainment,67.65,Jelm,WY,41.0539,-106.0763,100,Public librarian,40.289405,-105.264884,20,0,12,46.70225872689939,109.1285502296259,0
misc_pos,4.81,Altonah,UT,40.3207,-110.436,302,"""Sales professional, IT""",40.431302,-110.181685,23,3,1,28.960985626283367,24.806136884785296,0
misc_pos,5.0,Camden,MO,39.2048,-94.0259,464,Colour technologist,40.166711,-93.982654,7,4,12,61.57973990417522,107.02361629262084,0
grocery_pos,45.17,Pueblo,CO,38.2352,-104.66,151815,Further education lecturer,38.371984,-105.10131,10,6,12,32.98015058179329,41.40302851012397,0
food_dining,2.34,Thompson,UT,38.9999,-109.615,46,"""Surveyor, minerals""",38.159237,-109.958691,18,6,12,33.68104038329911,98.13532139626946,0
misc_net,648.73,Sacramento,CA,38.6865,-121.3494,757530,Soil scientist,39.543841,-120.372066,22,1,3,53.530458590006845,127.26864259269772,1
shopping_pos,4.9,Red River,NM,36.6659,-105.4694,606,"""Surveyor, land/geomatics""",37.645348,-105.871262,18,6,1,30.35181382614648,114.584348691608,0
misc_net,23.8,Fields Landing,CA,40.7268,-124.2174,276,"""Scientist, audiological""",40.110823,-124.429537,1,1,1,89.65639972621491,70.80863040901848,0
kids_pets,32.93,Freedom,WY,43.0172,-111.0292,471,"""Education officer, museum""",43.168883,-111.395239,20,6,12,53.40451745379877,34.174276574997954,0
kids_pets,75.18,Cascade Locks,OR,45.671,-121.8686,1288,Barrister,45.312039,-122.103297,20,5,12,84.65434633812457,43.90741817174064,0
grocery_pos,319.27,Camden,MO,39.2048,-94.0259,464,Colour technologist,39.375428,-93.819125,23,2,10,61.38261464750171,26.01213624366629,1
personal_care,62.84,Oakland,CA,37.7878,-122.1884,381459,Barista,37.852787,-122.187548,19,0,12,46.98425735797399,7.226612206838563,0
grocery_pos,118.66,Carlotta,CA,40.507,-123.9743,1139,"""Therapist, occupational""",40.3689,-124.674437,7,0,12,69.95208761122518,61.21089157070756,0
kids_pets,8.47,Ruidoso,NM,33.3305,-105.6933,8874,Licensed conveyancer,33.637386,-106.621125,18,0,1,18.412046543463383,92.56639619461788,0
shopping_net,6.9,Shedd,OR,44.453,-123.1065,917,Radio broadcast assistant,44.06447,-122.179653,16,3,12,25.4839151266256,85.52471131422905,0
shopping_net,1006.58,Scotts Mills,OR,44.9897,-122.6187,1252,"""Engineer, petroleum""",44.69061,-123.429961,23,0,7,82.43394934976044,72.09320300008211,1
entertainment,126.38,Burbank,WA,46.1966,-118.9017,3684,Musician,45.64255,-118.314828,16,0,1,37.106091718001366,76.52665017669099,0
grocery_pos,103.95,Cardwell,MO,36.0434,-90.2907,1120,Television floor manager,36.899807,-89.561588,11,6,1,61.76043805612594,115.40627406447076,0
grocery_pos,51.73,Crownpoint,NM,35.7206,-108.0271,5662,IT consultant,36.399467,-108.022581,0,1,1,29.77138945927447,75.48765919552632,0
grocery_pos,153.8,Westerville,NE,41.4193,-99.3844,73,Product designer,41.292285,-100.188977,10,6,12,85.87816563997262,68.62304798581529,0
misc_pos,141.09,Phoenix,AZ,33.5623,-112.0559,1312922,Contractor,34.310164,-112.96499,2,0,1,37.242984257357975,118.1049444108984,0
shopping_pos,2.72,Oakland,CA,37.7878,-122.1884,381459,Barista,37.341178,-123.109163,16,5,12,46.978781656399725,95.14502834949434,0
personal_care,20.28,Manville,WY,42.73,-104.7024,241,Educational psychologist,42.639424,-104.04065,22,3,8,39.657768651608485,55.02022331159672,1
entertainment,2.46,Valentine,NE,42.8062,-100.6215,4005,Network engineer,43.315234,-100.387415,10,6,12,75.78644763860369,59.71136927735899,0
shopping_pos,3.46,Greenview,CA,41.5403,-122.9366,308,Call centre manager,42.27795,-122.905938,2,6,1,60.29568788501027,82.0621720022501,0
shopping_pos,851.59,Matthews,MO,36.7154,-89.6287,1019,Aeronautical engineer,37.191913,-88.872009,0,2,9,40.62422997946612,85.60602309176164,1
shopping_net,130.74,Littleton,CO,39.5994,-105.0044,320420,Water engineer,38.800932,-105.036334,16,5,1,43.43326488706366,88.8282209428329,0
shopping_net,3.99,Issaquah,WA,47.4974,-122.0107,50489,Osteopath,47.072964,-122.296734,17,1,12,36.83230663928816,51.89279815361596,0
gas_transport,69.58,Freedom,WY,43.0172,-111.0292,471,"""Education officer, museum""",42.202713,-110.12607,10,4,1,51.44421629021218,116.89569242008866,0
shopping_net,1096.03,La Grande,OR,45.3304,-118.0852,16955,"""Engineer, site""",46.306316,-118.697593,23,3,2,57.64544832306639,118.43953986542148,1
shopping_pos,16.26,Phoenix,AZ,33.5623,-112.0559,1312922,Contractor,33.472303,-112.336309,13,1,12,39.181382614647504,27.855069301511865,0
home,64.89,Spirit Lake,ID,47.9657,-116.868,4161,Production manager,48.112657,-116.511324,22,5,1,61.60438056125941,31.148386218700704,0
home,20.65,Rocky Mount,MO,38.2911,-92.7059,1847,Tax inspector,39.289666,-92.394139,22,1,1,30.18206707734429,114.27563757988035,0
shopping_net,41.62,Wales,AK,64.7556,-165.6723,145,"""Administrator, education""",64.48242,-166.382335,10,0,12,81.13620807665983,45.47456505191478,0
home,40.85,Newhall,CA,34.3795,-118.523,34882,Health physicist,34.668197,-118.198091,14,0,12,49.67830253251198,43.77792985806101,0
grocery_pos,148.1,Lowell,OR,43.921,-122.7806,1420,Systems analyst,44.611543,-123.481226,9,1,1,53.13894592744696,94.91125286738928,0
food_dining,74.07,Lake Oswego,OR,45.4093,-122.6847,42817,Planning and development surveyor,45.786601,-123.00956,15,1,12,38.59000684462697,48.97892519454061,0
shopping_pos,5.24,North Loup,NE,41.4972,-98.7858,509,"""Nurse, children's""",42.146007,-98.839966,12,0,12,40.284736481861735,72.28353319496868,0
home,6.76,Orient,WA,48.8878,-118.2105,149,Special educational needs teacher,48.665217,-119.137183,15,6,1,40.544832306639286,72.27404881552442,0
health_fitness,109.1,Littleton,CO,39.5994,-105.0044,320420,Water engineer,39.601111,-105.908498,14,0,1,43.45790554414784,77.46017352724635,0
misc_pos,37.4,Scotts Mills,OR,44.9897,-122.6187,1252,"""Engineer, petroleum""",44.019594,-122.372541,7,1,1,81.91923340177961,109.62284404928934,0
grocery_pos,67.67,Phoenix,AZ,33.8155,-112.1202,1312922,Counselling psychologist,33.299279,-111.212649,8,3,12,21.086926762491444,101.81769032635349,0
entertainment,38.56,Unionville,MO,40.4815,-92.9951,3805,"""Investment banker, corporate""",41.206008,-92.840618,0,6,1,68.34770704996578,81.60288581614023,0
shopping_net,1021.5,Wappapello,MO,36.9766,-90.2848,2601,Research scientist (medical),37.934897,-89.787936,22,0,10,62.25325119780972,115.22990509773788,1
entertainment,33.48,Sun City,CA,33.7467,-117.1721,54287,"""Designer, exhibition/display""",32.866982,-117.78754,22,3,12,48.25462012320329,113.31226188744844,0
grocery_pos,139.2,Westerville,NE,41.4193,-99.3844,73,Product designer,42.168611,-100.104368,2,5,1,83.92060232717317,102.49089324506576,0
grocery_pos,324.87,Westerville,NE,41.4193,-99.3844,73,Product designer,41.603137,-99.129649,0,0,1,83.92607802874743,29.45865635905314,1
travel,8.28,Rocky Mount,MO,38.2911,-92.7059,1847,Tax inspector,38.223144,-93.192213,16,6,12,32.16974674880219,43.12932390920404,0
shopping_net,11.76,Lakeport,CA,39.047,-122.9328,11256,Podiatrist,38.705209,-123.363692,16,6,12,48.19164955509925,53.25153336013345,0
home,9.28,Phoenix,AZ,33.5623,-112.0559,1312922,Contractor,32.640302,-112.842131,19,4,12,39.17043121149897,125.9918183616441,0
shopping_pos,1027.85,Seattle,WA,47.6633,-122.3022,837792,"""Development worker, international aid""",46.91998,-121.784475,22,5,11,62.61190965092403,91.41188062604536,1
food_dining,80.82,Superior,AZ,33.2887,-111.0985,2872,Petroleum engineer,32.606797,-110.876258,18,5,12,33.163586584531146,78.60878241916633,0
home,26.55,Rocky Mount,MO,38.2911,-92.7059,1847,Tax inspector,37.585128,-92.807122,21,3,1,30.206707734428477,79.00078867985904,0
entertainment,72.97,Helm,CA,36.4992,-120.0936,123,Early years teacher,37.325125,-120.727312,18,5,12,47.88227241615332,107.74282990677196,0
food_dining,58.98,Jordan Valley,OR,42.8801,-117.281,641,Economist,43.408894,-116.45694,18,5,12,27.08829568788501,89.03405718154208,0
gas_transport,64.17,Port Costa,CA,38.046,-122.1866,198,Armed forces training and education officer,37.87265,-122.400794,1,2,12,61.75222450376455,26.91074732730818,0
personal_care,20.68,Bay City,OR,45.5197,-123.8761,1530,Colour technologist,44.727767,-123.795622,23,1,3,33.31143052703628,88.28499307927397,1
entertainment,26.1,Parker,CO,39.5102,-104.7216,84861,Materials engineer,39.520305,-105.210315,2,2,1,86.8145106091718,41.937908403614905,0
shopping_net,1.0,Freedom,WY,43.0172,-111.0292,471,"""Education officer, museum""",42.398985,-110.409886,11,0,12,53.4072553045859,85.35851379910501,0
misc_net,49.85,Rock Springs,WY,41.606,-109.23,27971,Music therapist,40.913003,-108.506301,2,5,1,34.46680355920602,97.96494612428089,0
health_fitness,20.22,Phoenix,AZ,33.8155,-112.1202,1312922,Counselling psychologist,33.955387,-111.239712,21,4,1,19.134839151266256,82.75163782851882,0
kids_pets,17.65,Burbank,WA,46.1966,-118.9017,3684,Musician,45.60726,-118.807557,20,1,12,39.082819986310746,65.9352569656914,0
grocery_net,59.39,Oakland,CA,37.7878,-122.1884,381459,Barista,36.952632,-122.538258,1,0,12,46.98425735797399,97.8774036455181,0
grocery_pos,343.12,Gardiner,OR,43.7857,-124.1437,260,"""Engineer, maintenance""",43.967171,-123.490457,1,4,2,63.45242984257358,56.11312867599317,1
home,121.49,Vancouver,WA,45.6892,-122.6616,299480,Teaching laboratory technician,45.342957,-121.679932,23,1,12,35.98904859685147,85.62939672687075,0
personal_care,39.89,Santa Monica,CA,34.0287,-118.4924,92043,"""Civil engineer, contracting""",34.115601,-118.027999,18,6,1,57.738535249828885,43.852134351806,0
gas_transport,72.88,Paauilo,HI,20.0271,-155.3697,1490,"""Scientist, research (maths)""",20.91444,-155.57738,11,3,12,29.71937029431896,101.01168929066073,0
health_fitness,8.79,Lowell,OR,43.921,-122.7806,1420,Systems analyst,43.915681,-122.366071,22,4,1,53.1854893908282,33.207738244379726,0
misc_pos,18.36,Centerview,MO,38.7897,-93.8702,2368,Electronics engineer,38.096202,-94.786713,21,0,12,31.449691991786448,110.98394763011332,0
home,40.85,Weeping Water,NE,40.8731,-96.1528,1517,Dealer,41.480093,-96.200274,23,5,1,67.17864476386038,67.61138950417164,0
health_fitness,95.79,Howells,NE,41.6964,-96.9858,1063,Research scientist (maths),40.857899,-97.163879,18,1,12,92.7419575633128,94.41710837038302,0
gas_transport,72.11,Clarksville,MO,39.3465,-90.9362,1146,Exercise physiologist,39.227777,-91.804001,9,3,1,89.77960301163587,75.84292490908581,0
grocery_pos,306.85,Honokaa,HI,20.0827,-155.488,4878,Physiotherapist,19.161782,-155.890773,22,1,7,53.63175906913073,110.75019984763884,1
kids_pets,4.55,Port Costa,CA,38.046,-122.1866,198,Armed forces training and education officer,38.632211,-121.251981,23,3,12,61.73579739904175,104.37045806270316,0
kids_pets,20.21,Centerview,MO,38.7897,-93.8702,2368,Electronics engineer,38.527335,-94.342242,23,3,1,29.541409993155373,50.309698993719785,1
misc_pos,32.64,Santa Monica,CA,34.0287,-118.4924,92043,"""Civil engineer, contracting""",34.703193,-119.153898,9,3,12,59.68514715947981,96.49538177332212,0
food_dining,70.86,Greenview,CA,41.5403,-122.9366,308,Call centre manager,42.265055,-121.99059,23,0,12,62.27241615331965,112.35609301638294,0
travel,7.14,Howells,NE,41.6964,-96.9858,1063,Research scientist (maths),42.034008,-97.117602,14,5,1,90.77891854893907,39.0947044565513,0
misc_pos,139.53,Red River,NM,36.6659,-105.4694,606,"""Surveyor, land/geomatics""",36.509419,-104.948301,23,3,1,30.34360027378508,49.67266741510082,0
travel,8.28,Phoenix,AZ,33.5623,-112.0559,1312922,Contractor,33.478283,-112.047913,16,0,12,39.17864476386037,9.371558519040477,0
misc_net,697.52,Fields Landing,CA,40.7268,-124.2174,276,"""Scientist, audiological""",40.566166,-123.975972,23,1,4,89.92470910335386,27.09114922618734,1
kids_pets,6.77,Lowell,OR,43.921,-122.7806,1420,Systems analyst,44.457337,-122.916947,23,0,1,53.15537303216975,60.62065650553703,0
grocery_pos,89.15,North Loup,NE,41.4972,-98.7858,509,"""Nurse, children's""",40.593283,-97.944552,1,4,1,38.3025325119781,122.7975387450468,0
shopping_net,26.0,Lake Oswego,OR,45.4093,-122.6847,42817,Planning and development surveyor,46.174934,-122.121669,13,6,1,36.629705681040384,95.67321190041856,0
shopping_net,70.56,Llano,NM,36.1486,-105.6648,247,Architectural technologist,36.220785,-105.05312,1,6,1,57.20191649555099,55.48030519628514,0
kids_pets,23.84,Altonah,UT,40.3207,-110.436,302,"""Sales professional, IT""",40.267869,-111.303847,22,5,6,30.42299794661191,73.83761796377176,1
grocery_net,33.68,Colorado Springs,CO,38.8881,-104.6556,525713,Museum/gallery exhibitions officer,38.534844,-105.603659,2,5,12,28.63244353182752,91.15593264616068,0
grocery_pos,105.31,Redford,MO,37.3272,-91.0243,241,Investment analyst,37.702671,-91.460011,8,6,12,46.16837782340863,56.74417101722611,0
grocery_pos,188.91,Burlington,WA,48.4786,-122.3345,14871,Public house manager,48.551815,-121.431103,2,4,12,46.79534565366188,67.03806779174597,0
travel,479.26,Meadville,MO,39.7795,-93.3014,964,Tourist information centre manager,40.715935,-92.784729,18,0,12,46.01505817932922,112.98267783140577,0
kids_pets,5.36,Sun City,CA,33.7467,-117.1721,54287,"""Designer, exhibition/display""",32.888733,-118.118582,18,3,12,48.25462012320329,129.75186390921806,0
home,44.74,Phoenix,AZ,33.5623,-112.0559,1312922,Contractor,33.317892,-111.120553,14,2,12,39.18412046543463,90.9441206470182,0
shopping_pos,123.04,Meadville,MO,39.7795,-93.3014,964,Tourist information centre manager,39.92228,-92.730836,5,6,1,44.03832991101985,51.22886322029343,0
misc_net,6.69,Burlington,WA,48.4786,-122.3345,14871,Public house manager,47.901919,-122.869408,1,6,12,46.80082135523614,75.39310214041396,0
home,21.94,Sutherland,NE,41.1558,-101.136,1789,Insurance broker,41.196125,-101.4117,16,0,1,36.92265571526352,23.50644767272659,0
kids_pets,37.8,Holstein,NE,40.4542,-98.6538,331,Telecommunications researcher,39.764784,-98.567225,17,3,12,70.34907597535934,77.0123030718788,0
shopping_pos,7.5,Owensville,MO,38.3511,-91.4867,6703,Naval architect,37.807608,-92.363824,20,1,12,22.611909650924023,97.7042020210453,0
personal_care,75.61,Fort Washakie,WY,43.0048,-108.8964,1645,Freight forwarder,42.771321,-109.218413,14,6,1,42.899383983572896,36.908836691391386,0
gas_transport,66.78,Mesa,ID,44.6255,-116.4493,129,Cartographer,43.628311,-115.888331,4,4,1,53.09240246406571,119.58016884474657,0
entertainment,35.27,Utica,MO,39.7417,-93.6289,271,Land/geomatics surveyor,38.908875,-93.320801,23,1,1,46.72416153319645,96.32312410798733,0
health_fitness,60.06,Laramie,WY,41.4247,-105.4781,35371,"""Pilot, airline""",40.846077,-104.776746,21,3,12,32.309377138945926,87.11766090025624,0
shopping_net,1042.19,Kirk,CO,39.6171,-102.4776,207,Network engineer,39.312693,-103.16589,22,4,5,64.40793976728268,68.09397042365077,1
food_dining,56.99,Moriarty,NM,34.9889,-106.0609,7268,"""Therapist, art""",35.227596,-105.742116,22,0,12,32.39972621492129,39.31100879843956,0
personal_care,88.89,Jelm,WY,41.0539,-106.0763,100,Public librarian,40.971644,-105.616407,15,1,12,46.70499657768652,39.65583766473714,0
grocery_pos,93.58,Mountain Center,CA,33.6401,-116.5567,1661,"""Therapist, music""",33.513046,-116.114282,0,4,1,30.310746064339494,43.35289254334214,0
personal_care,50.99,Indian Wells,CA,33.7163,-116.3381,4677,Learning mentor,34.144606,-115.864554,18,6,1,63.67145790554415,64.62914672539362,0
gas_transport,49.53,Freedom,WY,43.0172,-111.0292,471,"""Education officer, museum""",43.038723,-111.821595,2,1,1,51.41683778234086,64.45467004059995,0
gas_transport,9.61,Conway,WA,48.34,-122.3456,85,"""Research officer, political party""",48.161534,-122.80632,3,0,6,34.75154004106776,39.46459461085214,1
health_fitness,36.04,Moriarty,NM,34.9889,-106.0609,7268,"""Therapist, art""",34.697954,-106.717925,18,4,1,30.417522245037645,68.13058285140475,0
home,56.94,Stayton,OR,44.8021,-122.7624,9587,"""Engineer, biomedical""",44.326983,-123.217201,23,6,1,50.8062970568104,63.94699350012489,0
entertainment,68.58,Kissee Mills,MO,36.6704,-93.0377,1201,"""Engineer, agricultural""",37.415939,-92.949237,13,1,1,38.789869952087614,83.2711121262055,0
misc_pos,22.3,June Lake,CA,37.7773,-119.0825,633,Health service manager,38.367509,-119.640037,3,0,1,91.32922655715264,81.78567441828099,0
health_fitness,26.13,Utica,MO,39.7417,-93.6289,271,Land/geomatics surveyor,40.322873,-93.662674,22,0,3,46.93223819301848,64.68743094228094,1
food_dining,60.56,Superior,AZ,33.2887,-111.0985,2872,Petroleum engineer,34.248497,-111.656256,12,6,1,31.211498973305957,118.52437151563086,0
misc_net,7.17,Newberg,OR,45.3099,-122.9685,28278,Research scientist (physical sciences),44.363062,-123.158208,0,4,12,43.441478439425055,106.34083250009895,0
personal_care,117.19,Superior,AZ,33.2887,-111.0985,2872,Petroleum engineer,34.256076,-111.902607,19,1,12,33.17180013689254,130.74599320481568,0
grocery_pos,37.67,Hawthorne,CA,33.9143,-118.3493,93193,"""Editor, magazine features""",33.933339,-117.863354,5,2,1,23.745379876796715,44.88686603210494,0
grocery_net,70.36,Moab,UT,38.5677,-109.5271,9772,Location manager,39.552087,-110.329545,9,4,1,29.111567419575632,129.54215183233944,0
misc_net,682.36,Holstein,NE,40.4542,-98.6538,331,Telecommunications researcher,39.762093,-98.910036,22,6,5,69.76317590691308,79.98444918967384,1
home,40.09,Holstein,NE,40.4542,-98.6538,331,Telecommunications researcher,40.041444,-98.749903,18,4,12,70.35181382614647,46.615461422063646,0
shopping_pos,36.76,Altonah,UT,40.3207,-110.436,302,"""Sales professional, IT""",39.357243,-110.198133,18,0,1,29.010266940451743,109.03944776213405,0
misc_pos,6.59,Laguna Hills,CA,33.615,-117.7114,45303,Sales executive,33.92122,-117.15192,9,0,1,49.08145106091718,61.91868742540828,0
gas_transport,84.22,Paradise Valley,AZ,33.5494,-111.9565,17047,Building surveyor,34.372719,-111.106025,0,5,1,83.93429158110882,120.55389457922864,0
entertainment,12.97,Weeping Water,NE,40.8731,-96.1528,1517,Dealer,40.509155,-96.468314,1,1,1,67.18685831622176,48.42894834495677,0
shopping_net,1058.01,San Diego,CA,32.7185,-117.1593,1241364,Comptroller,33.259031,-117.083503,23,0,1,31.16221765913758,60.51861945530887,1
home,47.97,Hatch,UT,37.7175,-112.4777,258,Geoscientist,38.521596,-113.36444,23,0,1,57.11978097193703,118.36999791612428,0
gas_transport,66.4,Rocky Mount,MO,38.2911,-92.7059,1847,Tax inspector,38.515773,-93.436614,9,5,1,30.21218343600274,68.3987546933329,0
home,74.91,Fort Washakie,WY,43.0048,-108.8964,1645,Freight forwarder,42.452838,-108.173885,17,1,12,44.84052019164955,85.14495769911876,0
home,39.88,Wales,AK,64.7556,-165.6723,145,"""Administrator, education""",64.547193,-166.342613,23,3,12,81.14442162902122,39.43698532900037,0
shopping_net,2.78,Kansas City,MO,38.9621,-94.5959,545147,Counsellor,38.483554,-94.588364,19,4,1,31.148528405201915,53.21590324206036,0
misc_net,770.45,Downey,CA,33.9581,-118.1174,111772,Fine artist,33.396117,-118.127135,22,0,5,56.18617385352498,62.49615082844664,1
health_fitness,278.25,Utica,MO,39.7417,-93.6289,271,Land/geomatics surveyor,39.495252,-93.914447,12,0,1,46.72142368240931,36.73109052751008,0
home,158.17,Huslia,AK,65.6899,-156.292,277,"""Engineer, civil (consulting)""",66.650388,-156.083025,15,1,12,55.14579055441479,107.2130715271752,0
entertainment,50.99,Ballwin,MO,38.577,-90.5255,92608,"""Engineer, communications""",38.855458,-90.363671,19,6,12,19.42231348391513,33.99770479217039,0
misc_net,199.91,Laramie,WY,41.4247,-105.4781,35371,"""Pilot, airline""",40.476974,-105.541846,6,1,1,30.32991101984942,105.51820848052871,0
shopping_pos,582.08,Conway,WA,48.34,-122.3456,85,"""Research officer, political party""",49.250866,-122.639994,12,3,1,34.37645448323067,103.55361529234864,0
grocery_pos,112.14,High Rolls Mountain Park,NM,32.9396,-105.8189,899,Naval architect,33.630931,-104.935428,0,5,12,53.32511978097194,112.48603159449866,0
misc_pos,7.22,Kirk,CO,39.6171,-102.4776,207,Network engineer,39.707159,-102.599137,0,3,12,65.07597535934292,14.440119392163304,0
shopping_pos,17.75,Superior,AZ,33.2887,-111.0985,2872,Petroleum engineer,32.919648,-111.714082,14,6,12,33.16632443531827,70.51037092353167,0
home,37.68,Sun City,CA,33.7467,-117.1721,54287,"""Designer, exhibition/display""",33.820904,-116.930624,14,1,12,48.26830937713895,23.793376721104384,0
misc_net,26.08,Napa,CA,38.4549,-122.2564,94014,Airline pilot,38.743472,-122.563086,4,3,12,35.36208076659822,41.71245589068484,0
home,12.85,Phoenix,AZ,33.5623,-112.0559,1312922,Contractor,33.192198,-111.720255,20,4,12,39.17043121149897,51.62307006531286,0
gas_transport,18.19,Wales,AK,64.7556,-165.6723,145,"""Administrator, education""",63.917785,-165.827621,3,5,1,79.15674195756331,93.46048716277448,1
shopping_pos,4.87,Manville,WY,42.73,-104.7024,241,Educational psychologist,42.86117,-104.429749,18,1,1,38.0807665982204,26.601409870945083,0
grocery_net,6.42,Paauilo,HI,20.0271,-155.3697,1490,"""Scientist, research (maths)""",19.608886,-155.733203,0,6,12,28.692676249144423,60.07085068150607,1
shopping_net,980.43,Angwin,CA,38.5769,-122.4477,3661,Human resources officer,37.784536,-122.502367,23,6,5,50.33264887063656,88.23632378954625,1
gas_transport,59.79,Fields Landing,CA,40.7268,-124.2174,276,"""Scientist, audiological""",39.904903,-124.273507,3,4,12,91.63860369609856,91.51449147993928,0
gas_transport,69.98,Newhall,CA,34.3795,-118.523,34882,Health physicist,35.356544,-118.448443,3,1,12,49.68104038329911,108.85504861431296,0
grocery_pos,205.64,Kansas City,MO,38.9621,-94.5959,545147,Counsellor,39.869991,-94.12916,4,1,1,31.159479808350444,108.62312589561412,0
health_fitness,1.8,Manley,NE,40.9207,-96.168,206,Human resources officer,40.420497,-96.159977,22,1,1,51.24435318275154,55.62415148943011,0
home,64.45,Westerville,NE,41.4193,-99.3844,73,Product designer,42.202908,-99.938214,21,6,1,83.94250513347022,98.48268520960283,0
misc_pos,36.9,Cascade Locks,OR,45.671,-121.8686,1288,Barrister,45.18844,-121.361909,2,1,1,82.70773442847364,66.65234905270316,0
entertainment,87.5,Riverton,WY,43.0351,-108.2024,19408,"""Lecturer, higher education""",43.593025,-108.514498,20,2,1,25.347022587268995,66.98013942643915,0
shopping_pos,2.48,Westerville,NE,41.4193,-99.3844,73,Product designer,41.904669,-100.290293,8,6,12,85.87816563997262,92.60559197713306,0
home,201.97,North Loup,NE,41.4972,-98.7858,509,"""Nurse, children's""",41.196401,-99.532453,23,1,4,39.578370978781656,70.73523466573658,1
entertainment,47.49,Campbell,NE,40.2967,-98.737,493,"""Surveyor, minerals""",40.490108,-99.728907,16,5,1,78.34907597535934,86.71082877569235,0
kids_pets,23.85,Greenview,CA,41.5403,-122.9366,308,Call centre manager,42.441398,-122.897097,19,0,12,62.27241615331965,100.2506962937167,0
shopping_net,85.63,Camden,MO,39.2048,-94.0259,464,Colour technologist,39.927623,-94.323673,4,3,1,59.62217659137577,84.32975753231968,0
food_dining,69.02,Paradise Valley,AZ,33.5494,-111.9565,17047,Building surveyor,32.787795,-111.200549,13,4,1,83.95071868583162,110.1019011213224,0
shopping_net,89.6,Fiddletown,CA,38.5234,-120.6763,832,Immigration officer,39.516811,-120.231514,9,4,12,33.60438056125941,116.95421579732177,0
misc_net,714.34,Shedd,OR,44.453,-123.1065,917,Radio broadcast assistant,45.226968,-123.222397,2,0,2,24.61327857631759,86.54506418988085,1
food_dining,8.46,Paauilo,HI,20.0271,-155.3697,1490,"""Scientist, research (maths)""",20.823214,-155.472268,23,3,1,27.72621492128679,89.16670037852548,0
misc_net,816.89,San Jose,CA,37.3304,-121.7913,973849,Science writer,37.301768,-122.469759,23,6,1,63.58932238193019,60.08291728208669,1
gas_transport,44.22,Wales,AK,64.7556,-165.6723,145,"""Administrator, education""",63.836637,-165.141429,2,1,1,79.16495550992471,105.34166499428537,0
grocery_pos,116.15,Roseland,NE,40.4591,-98.5551,463,"""Nurse, mental health""",41.355195,-99.101622,3,0,1,70.62286105407256,109.71628297990688,0
misc_net,6.37,Hawthorne,CA,33.9143,-118.3493,93193,"""Editor, magazine features""",34.108257,-117.549012,2,1,1,23.704312114989733,76.8525132577143,0
food_dining,35.72,Meridian,ID,43.6498,-116.4306,84106,Intelligence analyst,43.922128,-116.612231,19,5,1,47.91786447638604,33.608863090232184,0
food_dining,35.24,Hawthorne,CA,33.9143,-118.3493,93193,"""Editor, magazine features""",34.779214,-119.328929,12,6,1,23.718001368925396,131.67233609853167,0
misc_pos,18.48,Thompson,UT,38.9999,-109.615,46,"""Surveyor, minerals""",38.754067,-109.331323,15,3,12,33.69199178644764,36.74558293100496,0
kids_pets,90.7,Manville,WY,42.73,-104.7024,241,Educational psychologist,42.800543,-105.359729,20,0,1,38.07802874743327,54.22976509631112,0
shopping_net,18.16,Lake Oswego,OR,45.4093,-122.6847,42817,Planning and development surveyor,46.113087,-122.472679,22,4,12,38.57905544147844,79.96718972744561,0
food_dining,9.97,Oakland,CA,37.7878,-122.1884,381459,Barista,37.000004,-122.361888,13,1,12,46.98699520876112,88.92949653980105,0
shopping_net,5.49,Kirtland Afb,NM,35.0203,-106.5503,310,"""Surveyor, land/geomatics""",35.266682,-107.360749,21,0,1,40.290212183436005,78.6180962922194,0
gas_transport,75.52,Norwalk,CA,33.9056,-118.0818,105549,Firefighter,33.208097,-117.712514,1,3,1,45.31964407939768,84.77193130791943,0
misc_net,27.36,Tomales,CA,38.2427,-122.9145,337,Occupational psychologist,38.205078,-123.713215,0,0,12,66.48323066392882,69.89652848681865,0
misc_pos,6.62,Lowell,OR,43.921,-122.7806,1420,Systems analyst,43.000715,-122.890785,11,4,12,55.1211498973306,102.71669012463003,0
travel,8.94,Sutherland,NE,41.1558,-101.136,1789,Insurance broker,42.079499,-101.253269,12,5,12,38.87200547570158,103.17218917961732,0
misc_net,25.19,Port Costa,CA,38.046,-122.1866,198,Armed forces training and education officer,38.385483,-123.039156,6,0,12,61.74674880219028,83.50215338135305,0
shopping_pos,38.32,Shedd,OR,44.453,-123.1065,917,Radio broadcast assistant,43.50008,-122.276112,22,0,12,25.475701574264203,125.06878621586772,0
shopping_net,80.94,Blairsden-Graeagle,CA,39.8127,-120.6405,1725,Chartered legal executive (England and Wales),39.595713,-120.16454,4,1,12,53.59342915811088,47.329234949476565,0
travel,9.25,Santa Monica,CA,34.0287,-118.4924,92043,"""Civil engineer, contracting""",33.880463,-119.473564,22,3,7,59.26351813826147,91.98520390406276,1
grocery_pos,313.19,Greenview,CA,41.5403,-122.9366,308,Call centre manager,42.501469,-122.691798,1,3,11,61.18822724161533,108.77328113883274,1
kids_pets,36.63,Gardiner,OR,43.7857,-124.1437,260,"""Engineer, maintenance""",44.438543,-124.907821,20,4,1,62.3791923340178,94.8210744865242,0
kids_pets,46.49,Moriarty,NM,34.9889,-106.0609,7268,"""Therapist, art""",35.731246,-106.006554,20,1,1,30.428473648186174,82.69209071407622,0
shopping_net,254.95,Camden,MO,39.2048,-94.0259,464,Colour technologist,39.709895,-94.914155,3,6,12,61.58521560574949,94.70888580446751,0
grocery_pos,139.6,High Rolls Mountain Park,NM,32.9396,-105.8189,899,Naval architect,33.326978,-105.884867,8,0,12,53.3305954825462,43.51022667452012,0
misc_net,16.31,Grenada,CA,41.6125,-122.5258,589,Systems analyst,40.688789,-122.384084,7,3,1,73.07323750855578,103.39502789661698,0
grocery_pos,190.74,Ashford,WA,46.7531,-121.9898,759,Video editor,47.739419,-121.166074,8,5,12,64.2819986310746,126.07149425151964,0
misc_pos,31.99,Meadville,MO,39.7795,-93.3014,964,Tourist information centre manager,40.462235,-92.934009,5,2,12,46.02053388090349,82.09249535182202,0
home,62.26,Iliff,CO,40.7692,-103.0968,648,Community arts worker,41.731473,-102.926098,20,0,12,51.26899383983573,107.94726336642424,0
kids_pets,17.48,Rocky Mount,MO,38.2911,-92.7059,1847,Tax inspector,38.067646,-92.167934,22,1,12,31.159479808350444,53.1834354594145,1
misc_net,786.4,Port Costa,CA,38.046,-122.1866,198,Armed forces training and education officer,38.679519,-121.762099,23,4,2,59.86036960985626,79.57486683142831,1
gas_transport,76.41,Mound City,MO,40.1362,-95.2138,1631,Architect,39.637536,-95.697442,4,3,1,65.97125256673512,69.11828883074936,0
misc_net,90.59,Blairstown,MO,38.5319,-93.9221,467,Agricultural consultant,39.304915,-94.202586,1,5,12,70.5845311430527,89.31480956067593,0
food_dining,66.83,Owensville,MO,38.3511,-91.4867,6703,Naval architect,38.634572,-91.348251,22,0,12,22.60917180013689,33.745168097384735,0
home,144.94,Arnold,MO,38.4305,-90.387,35439,Land/geomatics surveyor,39.04423,-89.498053,21,4,1,33.76317590691308,102.96487854526517,0
shopping_net,191.03,Laguna Hills,CA,33.615,-117.7114,45303,Sales executive,32.659209,-118.110958,1,2,12,51.02258726899384,112.60216590620364,0
health_fitness,53.89,Fort Washakie,WY,43.0048,-108.8964,1645,Information systems manager,43.293413,-108.881284,23,4,1,32.917180013689254,32.115721672722714,0
grocery_pos,88.36,Helm,CA,36.4992,-120.0936,123,Early years teacher,36.170108,-119.51295,6,3,1,45.921971252566735,63.59468717733986,0
gas_transport,80.26,Westerville,NE,41.4193,-99.3844,73,Product designer,41.509904,-100.144494,9,1,12,85.88364134154689,64.13133429361962,0
misc_net,7.9,Jelm,WY,41.0539,-106.0763,100,Public librarian,41.406197,-106.519846,6,5,12,46.69678302532512,53.94794979672962,0
grocery_pos,111.24,Fiddletown,CA,38.5234,-120.6763,832,Immigration officer,38.239106,-120.456469,5,5,1,31.633127994524298,36.9660372309724,0
gas_transport,68.78,Paauilo,HI,20.0271,-155.3697,1490,"""Scientist, research (maths)""",19.278867,-154.550039,9,0,12,29.711156741957563,119.53789193601476,0
shopping_net,134.11,Burbank,WA,46.1966,-118.9017,3684,Musician,47.038054,-118.833583,21,5,12,39.07460643394935,93.70993068405436,0
grocery_pos,74.83,Utica,MO,39.7417,-93.6289,271,Land/geomatics surveyor,39.786635,-94.263234,1,5,12,48.68993839835729,54.44851572176663,0
home,33.5,Carlotta,CA,40.507,-123.9743,1139,"""Therapist, occupational""",40.654315,-123.90736,22,1,12,69.95482546201232,17.328737798967165,0
home,113.64,Carlotta,CA,40.507,-123.9743,1139,"""Therapist, occupational""",40.325267,-124.256179,21,3,12,69.94113620807666,31.270152944494782,0
health_fitness,58.14,Centerview,MO,38.7897,-93.8702,2368,Electronics engineer,37.945852,-93.625837,20,3,12,31.457905544147845,96.21957501196016,0
food_dining,119.78,San Jose,CA,37.3304,-121.7913,973849,Geoscientist,37.575227,-120.896326,21,6,12,23.939767282683093,83.56022043561995,0
travel,1.78,Llano,NM,36.1486,-105.6648,247,Architectural technologist,35.656627,-104.778826,12,6,10,58.96509240246407,96.74919385582184,1
personal_care,56.97,Saint Louis,MO,38.6171,-90.4504,927396,Occupational hygienist,39.451418,-90.157628,15,6,12,60.79397672826831,96.15641761404738,0
shopping_pos,119.41,Nelson,NE,40.201,-98.0684,732,Television/film/video producer,40.383369,-98.656721,3,4,12,64.03285420944559,53.86127467282412,0
personal_care,22.16,Azusa,CA,34.1248,-117.9031,59705,Civil Service fast streamer,33.845292,-118.698142,23,6,9,37.26488706365503,79.61993258214478,1
misc_net,36.72,Moab,UT,38.5677,-109.5271,9772,Location manager,39.12602,-109.022832,7,0,1,29.15811088295688,75.90300443292705,0
gas_transport,14.06,Corona,CA,33.8419,-117.6043,233717,Wellsite geologist,34.328038,-117.780184,2,3,5,53.99863107460644,56.43064618441184,1
home,20.65,Ruidoso,NM,33.3305,-105.6933,8874,Licensed conveyancer,32.759179,-105.347391,15,0,1,18.412046543463383,71.24121140730152,0
shopping_pos,153.75,Tekoa,WA,47.2271,-117.0819,895,Clothing/textile technologist,46.858122,-117.970325,15,0,1,19.6249144421629,78.8363224894159,0
kids_pets,1.96,Lamy,NM,35.4311,-105.9409,923,Public relations account executive,35.143194,-106.440505,18,1,1,54.54620123203286,55.50827916943886,0
personal_care,51.0,Phoenix,AZ,33.5623,-112.0559,1312922,Contractor,33.067068,-112.630359,22,2,1,37.19096509240247,76.69265133627633,0
home,7.66,Owensville,MO,38.3511,-91.4867,6703,Naval architect,37.574292,-91.401081,19,1,12,22.611909650924023,86.70260862797893,0
kids_pets,120.49,Howells,NE,41.6964,-96.9858,1063,Research scientist (maths),40.863483,-97.220097,14,1,12,92.7419575633128,94.66278372501586,0
shopping_net,152.84,Rock Springs,WY,41.606,-109.23,27971,Music therapist,42.118826,-108.623103,12,3,1,34.44216290212184,76.0102169284377,0
food_dining,65.37,Lonetree,WY,41.0552,-110.1603,49,Research scientist (physical sciences),41.038788,-110.574443,13,0,1,37.50855578370979,34.77791846894535,0
personal_care,10.19,Powell Butte,OR,44.2415,-121.0113,2016,Local government officer,45.095758,-121.718816,17,6,1,65.07049965776865,110.24129874855063,0
shopping_pos,737.77,Brashear,MO,40.1959,-92.4333,805,Private music teacher,40.932816,-91.672178,22,1,12,49.492128678986994,104.15295105611138,1
misc_net,743.26,Colorado Springs,CO,38.8881,-104.6556,525713,Museum/gallery exhibitions officer,38.881953,-105.4688,2,1,9,27.37577002053388,70.38955896275263,1
grocery_pos,191.69,Phoenix,AZ,33.5623,-112.0559,1312922,Contractor,32.681746,-111.073144,1,0,12,39.17864476386037,134.02466603623884,0
misc_pos,17.21,High Rolls Mountain Park,NM,32.9396,-105.8189,899,Naval architect,32.280246,-106.808789,9,1,1,51.34017796030116,118.20277141756802,0
misc_pos,39.44,Meadville,MO,39.7795,-93.3014,964,Tourist information centre manager,39.734647,-93.425262,6,0,1,44.06023271731691,11.703884817721317,0
home,279.58,Hooper,NE,41.6414,-96.5232,1745,"""Engineer, automotive""",41.279237,-97.31847,13,6,8,46.63928815879535,77.54647537325936,1
food_dining,77.6,Rocky Mount,MO,38.2911,-92.7059,1847,Tax inspector,37.673936,-92.438673,21,4,1,30.190280629705683,72.51190637283541,0
food_dining,9.77,Jelm,WY,41.0539,-106.0763,100,Public librarian,40.212289,-105.760965,21,1,1,44.73100616016427,97.29226868483738,0
entertainment,540.67,Centerview,MO,38.7897,-93.8702,2368,Electronics engineer,39.287665,-94.091537,23,2,1,29.53867214236824,58.57810099408222,1
home,48.55,Rock Springs,WY,41.606,-109.23,27971,Music therapist,41.449231,-109.161097,19,4,12,36.39972621492129,18.35132343609329,0
home,17.26,Broomfield,CO,39.8854,-105.1139,92337,"""Engineer, electronics""",40.640854,-105.903281,17,3,12,53.20465434633813,107.43608570437532,0
personal_care,61.14,Albuquerque,NM,35.0561,-106.5506,641349,Charity officer,35.611187,-105.583282,20,1,1,51.95619438740589,107.28094320582902,0
food_dining,30.27,Paauilo,HI,20.0271,-155.3697,1490,"""Scientist, research (maths)""",19.975169,-156.317396,23,0,1,27.77549623545517,99.1912303869304,0
entertainment,24.76,Kent,OR,45.0838,-120.6649,60,Museum education officer,45.203999,-120.628088,15,6,1,76.76112251882273,13.673792023465674,0
grocery_net,66.75,Rock Springs,WY,41.606,-109.23,27971,Music therapist,42.599274,-110.037853,10,1,1,34.455852156057496,128.9966052859944,0
personal_care,66.51,Fort Washakie,WY,43.0048,-108.8964,1645,Freight forwarder,42.297063,-109.730027,15,5,12,44.83230663928816,104.12016023715744,0
kids_pets,54.27,Mendon,UT,41.71,-111.9817,2078,"""Scientist, audiological""",40.909894,-112.388019,16,5,1,55.58384668035592,95.22047703890796,0
entertainment,2.25,Orient,WA,48.8878,-118.2105,149,Special educational needs teacher,48.453427,-118.860844,22,3,1,40.57494866529774,67.92238972906631,0
home,28.31,Westerville,NE,41.4193,-99.3844,73,Product designer,41.144624,-98.964569,15,4,12,85.87268993839835,46.51361947996383,0
shopping_pos,5.68,Burlington,WA,48.4786,-122.3345,14871,Public house manager,47.538876,-122.494977,16,4,12,46.79534565366188,105.17221236818426,0
shopping_net,990.11,Mound City,MO,40.1362,-95.2138,1631,Architect,40.80746,-95.912738,20,0,9,67.6495550992471,95.21836699724317,1
shopping_pos,1.57,North Loup,NE,41.4972,-98.7858,509,"""Nurse, children's""",41.167991,-98.343787,22,3,12,40.27378507871321,51.98128977103018,0
personal_care,4.34,Norwalk,CA,33.9056,-118.0818,105549,Firefighter,34.872726,-118.508102,12,2,1,45.31690622861054,114.43269859997768,0
grocery_pos,90.51,Ravenna,NE,41.0233,-98.9041,2202,"""Solicitor, Scotland""",41.88112,-98.204977,3,1,12,46.5242984257358,111.7722438783499,0
grocery_net,23.66,Browning,MO,40.029,-93.1607,602,Cytogeneticist,41.027079,-92.673069,0,1,1,64.50650239561944,118.38610613155556,0
entertainment,123.33,San Jose,CA,37.3304,-121.7913,973849,Science writer,36.966817,-122.217067,6,3,12,65.55509924709104,55.30326950282453,0
shopping_net,1067.73,Vancouver,WA,45.6892,-122.6616,299480,Teaching laboratory technician,45.240503,-122.320118,22,5,1,34.00684462696783,56.55512698586592,0
gas_transport,82.2,Campbell,NE,40.2967,-98.737,493,"""Surveyor, minerals""",39.879546,-98.548457,11,5,12,80.28473648186174,49.08018610513037,0
kids_pets,8.63,Weeping Water,NE,40.8731,-96.1528,1517,Dealer,41.295158,-96.117765,16,2,1,67.15126625598904,47.02247938612846,0
misc_net,179.53,Freedom,WY,43.0172,-111.0292,471,"""Education officer, museum""",42.832241,-110.178341,11,6,1,51.43052703627652,72.26687403835238,0
health_fitness,184.25,Stayton,OR,44.8021,-122.7624,9587,"""Engineer, biomedical""",45.073995,-122.406566,22,1,1,50.81177275838467,41.21300730630121,0
personal_care,56.31,Wheaton,MO,36.7651,-94.0492,760,Production manager,36.688611,-94.991422,13,5,1,33.36618754277892,84.40219389122454,0
kids_pets,71.56,Orient,WA,48.8878,-118.2105,149,Special educational needs teacher,48.372912,-118.170622,20,4,12,42.51334702258727,57.32788843731174,0
entertainment,95.45,Meredith,CO,39.3199,-106.6596,61,Public relations account executive,39.94366,-105.66002,17,5,12,81.14442162902122,110.17280332507018,0
misc_pos,3.1,Conway,WA,48.34,-122.3456,85,"""Research officer, political party""",47.867538,-122.674121,21,0,12,36.32306639288159,57.92252202405408,0
food_dining,108.4,Lake Oswego,OR,45.4093,-122.6847,42817,Planning and development surveyor,44.505584,-121.971632,20,1,1,36.63518138261465,115.09027092238868,0
grocery_pos,89.15,North Loup,NE,41.4972,-98.7858,509,"""Nurse, children's""",40.593283,-97.944552,1,4,1,38.3025325119781,122.7975387450468,0
grocery_pos,97.38,North Loup,NE,41.4972,-98.7858,509,"""Nurse, children's""",40.827085,-97.906268,4,6,1,38.30800821355236,104.75270379553596,0
shopping_pos,6.28,Lowell,OR,43.921,-122.7806,1420,Systems analyst,44.282598,-122.331691,4,2,12,55.134839151266256,53.86585673067476,0
entertainment,60.82,Portland,OR,45.5303,-122.7033,841711,"""Engineer, building services""",46.279389,-123.629969,8,5,12,57.73032169746749,109.90331837544603,0
travel,9.83,Portland,OR,45.5303,-122.7033,841711,"""Engineer, building services""",45.321389,-122.630261,15,4,12,57.72758384668035,23.91892909950657,0
grocery_pos,295.85,Alva,WY,44.6873,-104.4414,110,"""Administrator, local government""",44.020015,-105.392134,0,1,2,45.74401095140315,105.92081408882946,1
home,76.67,Luray,MO,40.4931,-91.8912,519,Town planner,40.295719,-91.397225,20,6,1,52.93360711841205,47.24070462804463,0
home,85.4,Dumont,CO,39.7532,-105.6356,565,Mental health nurse,40.300169,-105.746434,21,4,1,40.35592060232717,61.54796698895861,0
health_fitness,109.1,Littleton,CO,39.5994,-105.0044,320420,Water engineer,39.601111,-105.908498,14,0,1,43.45790554414784,77.46017352724635,0
shopping_pos,1.21,Smith River,CA,41.9404,-124.1587,1930,Web designer,41.826572,-123.989964,21,2,1,35.57563312799452,18.850192715739773,0
kids_pets,118.22,Mound City,MO,40.1362,-95.2138,1631,Architect,40.420747,-94.556826,19,5,1,65.99589322381931,64.08712266206652,0
travel,3.15,Altonah,UT,40.3207,-110.436,302,"""Sales professional, IT""",40.234259,-109.945268,16,2,1,28.95824777549624,42.725460495625455,0
gas_transport,19.6,Freedom,WY,43.0172,-111.0292,471,"""Education officer, museum""",43.151239,-111.944629,0,6,6,52.84873374401095,75.8220425012771,1
shopping_net,4.38,Red River,NM,36.6659,-105.4694,606,"""Surveyor, land/geomatics""",36.615946,-104.672991,13,1,12,32.31211498973306,71.2736554516122,0
shopping_pos,142.37,Tekoa,WA,47.2271,-117.0819,895,Clothing/textile technologist,46.355899,-117.998477,23,0,1,19.60574948665298,119.38622104911668,0
gas_transport,63.54,Gardiner,OR,43.7857,-124.1437,260,"""Engineer, maintenance""",42.996545,-124.851323,5,3,12,64.33127994524298,104.73399420232651,0
grocery_net,29.04,Burlington,WA,48.4786,-122.3345,14871,Public house manager,48.657182,-122.673293,7,6,1,44.865160848733744,31.870976645101464,0
kids_pets,47.54,Burbank,WA,46.1966,-118.9017,3684,Musician,45.201928,-119.697687,23,4,12,39.07186858316222,126.70384310122508,0
misc_net,172.19,Howells,NE,41.6964,-96.9858,1063,Research scientist (maths),41.560926,-97.836261,5,2,12,92.74469541409994,72.27257826429495,0
shopping_pos,102.71,Tomales,CA,38.2427,-122.9145,337,Occupational psychologist,37.355522,-123.53152,8,5,12,66.47775496235455,112.56381670177376,0
gas_transport,68.93,Blairstown,MO,38.5319,-93.9221,467,Agricultural consultant,38.467221,-94.276747,6,4,1,68.62696783025325,31.689187335030617,0
gas_transport,69.59,High Rolls Mountain Park,NM,32.9396,-105.8189,899,Naval architect,33.257784,-106.496869,11,2,12,53.33607118412046,72.38882038955113,0
gas_transport,66.5,Superior,AZ,33.2887,-111.0985,2872,Petroleum engineer,34.105503,-112.033169,6,4,12,33.16084873374401,125.40127614599945,0
entertainment,1.92,Honokaa,HI,20.0827,-155.488,4878,Physiotherapist,19.27023,-154.970972,2,0,12,54.06981519507187,105.31945563681764,0
gas_transport,33.62,Sixes,OR,42.825,-124.4409,217,Retail merchandiser,42.34136,-124.834713,3,2,12,92.24640657084188,62.702915183769925,0
food_dining,70.27,Kirtland Afb,NM,35.0203,-106.5503,310,"""Surveyor, land/geomatics""",35.798867,-106.858152,12,0,1,40.27104722792608,90.95713436940062,0
grocery_net,44.65,Sun City,CA,33.7467,-117.1721,54287,"""Designer, exhibition/display""",33.95058,-118.131046,6,2,1,46.29705681040383,91.41274383484314,0
gas_transport,46.74,Loving,NM,32.274,-104.0914,1925,Educational psychologist,31.902277,-104.263139,3,5,1,66.61190965092402,44.38737630127744,0
shopping_net,6.36,Luray,MO,40.4931,-91.8912,519,Town planner,41.225666,-91.560351,3,6,1,52.8952772073922,86.07834670059877,0
health_fitness,11.07,Sixes,OR,42.825,-124.4409,217,Retail merchandiser,42.563473,-124.028766,15,0,12,92.24093086926764,44.49894582854903,0
misc_pos,7.31,June Lake,CA,37.7773,-119.0825,633,Health service manager,38.62976,-119.843672,11,0,12,93.30321697467488,115.79458340634405,0
health_fitness,28.07,Thompson,UT,38.9999,-109.615,46,"""Surveyor, minerals""",38.980809,-109.596716,19,0,1,31.74811772758385,2.6464078878359945,0
misc_pos,148.94,Freedom,WY,43.0172,-111.0292,471,"""Education officer, museum""",43.453551,-110.460707,8,0,12,53.4072553045859,66.89629042788201,0
shopping_pos,725.52,Saint Louis,MO,38.6171,-90.4504,927396,Occupational hygienist,39.106587,-90.9344,9,6,1,58.83915126625599,68.69175415141196,0
grocery_net,43.59,Rocky Mount,MO,38.2911,-92.7059,1847,Tax inspector,37.837272,-92.709694,7,1,12,32.17522245037645,50.46446424529253,0
home,84.62,Helm,CA,36.4992,-120.0936,123,Early years teacher,35.995208,-120.265487,13,3,12,47.89596167008898,58.12248804024717,0
grocery_pos,278.34,Palmdale,CA,34.5715,-118.0231,171170,Chemical engineer,33.763984,-118.288594,22,2,9,57.28678986995209,93.0545817835246,1
gas_transport,9.92,Kissee Mills,MO,36.6704,-93.0377,1201,"""Engineer, agricultural""",37.44224,-93.2076,3,6,11,39.64681724845996,87.13881962105305,1
home,9.25,Fullerton,NE,41.366,-98.0054,1749,"""Surveyor, mining""",41.557859,-97.792109,18,0,12,47.644079397672826,27.76722628506136,0
home,85.12,Riverton,WY,43.0351,-108.2024,19408,"""Lecturer, higher education""",42.819566,-107.930606,19,6,12,27.29363449691992,32.62025367308037,0
gas_transport,43.92,Rocky Mount,MO,38.2911,-92.7059,1847,Tax inspector,37.490475,-92.579171,2,6,12,32.16974674880219,89.71731502183974,0
travel,9.24,Unionville,MO,40.4815,-92.9951,3805,"""Investment banker, corporate""",40.487701,-92.288597,19,4,1,68.32306639288159,59.75467931334883,0
kids_pets,4.03,Espanola,NM,35.9866,-106.0654,18408,Historic buildings inspector/conservation officer,35.455392,-105.703332,16,0,1,46.49144421629021,67.50805530048478,0
gas_transport,75.45,Ravenna,NE,41.0233,-98.9041,2202,"""Solicitor, Scotland""",41.416806,-99.407718,3,1,12,46.5242984257358,60.73568543339974,0
shopping_pos,6.64,Broomfield,CO,39.8854,-105.1139,92337,"""Engineer, electronics""",39.181477,-104.766304,11,1,12,53.19917864476386,83.75673012051999,0
shopping_pos,1061.88,Laguna Hills,CA,33.615,-117.7114,45303,Sales executive,34.021827,-118.134221,22,0,1,50.05886379192334,59.7672382761823,1
shopping_pos,24.04,Kansas City,MO,38.9621,-94.5959,545147,Counsellor,39.709742,-94.527375,12,1,12,33.11430527036276,83.3426158326442,0
shopping_net,188.87,Paradise Valley,AZ,33.5494,-111.9565,17047,Building surveyor,33.186203,-111.894494,8,0,12,85.91375770020534,40.79409842616472,0
grocery_pos,358.01,Daly City,CA,37.6787,-122.478,107941,"""Buyer, industrial""",38.028555,-121.606588,1,4,3,27.444216290212182,85.82953680820725,1
travel,3.53,Lakeport,CA,39.047,-122.9328,11256,Podiatrist,39.313968,-122.169927,23,6,12,48.19164955509925,72.14493741609304,0
home,26.14,Burlington,WA,48.4786,-122.3345,14871,Public house manager,47.990617,-122.386906,16,2,1,44.81587953456537,54.399877792518296,0
entertainment,39.46,Hawthorne,CA,33.9143,-118.3493,93193,"""Editor, magazine features""",34.76504,-118.791589,23,6,12,25.69199178644764,102.94540261710752,0
grocery_pos,99.56,Helm,CA,36.4992,-120.0936,123,Early years teacher,35.963541,-120.881776,7,0,12,47.88774811772758,92.4408049317824,0
health_fitness,9.99,Powell Butte,OR,44.2415,-121.0113,2016,Local government officer,45.214776,-120.042584,15,6,12,67.00616016427105,132.5448001986761,0
travel,1.11,Laramie,WY,41.4247,-105.4781,35371,"""Pilot, airline""",41.293576,-105.139081,14,4,12,32.31211498973306,31.830526175275136,0
grocery_pos,96.53,Meadville,MO,39.7795,-93.3014,964,Tourist information centre manager,39.819445,-93.611862,6,4,12,46.00684462696783,26.892064057466985,0
grocery_pos,90.5,Red River,NM,36.6659,-105.4694,606,"""Surveyor, land/geomatics""",36.102987,-105.248286,6,0,1,30.37371663244353,65.64810721656072,0
kids_pets,37.8,Holstein,NE,40.4542,-98.6538,331,Telecommunications researcher,39.764784,-98.567225,17,3,12,70.34907597535934,77.0123030718788,0
misc_pos,49.16,Blairstown,MO,38.5319,-93.9221,467,Agricultural consultant,39.464529,-94.608105,23,4,9,70.33264887063655,119.45122843969078,1
gas_transport,63.68,Mountain Center,CA,33.6401,-116.5567,1661,"""Therapist, music""",32.762112,-116.865307,1,5,1,30.2943189596167,101.76259526250315,0
gas_transport,97.23,Pueblo,CO,38.2352,-104.66,151815,Further education lecturer,37.310662,-103.847608,10,2,1,30.99520876112252,125.16718925696372,0
misc_net,9.78,Glendale,CA,34.1556,-118.2322,172817,Advertising account planner,33.541121,-118.071068,7,6,1,36.47638603696099,69.92848093774046,0
shopping_net,6.56,Cardwell,MO,36.0434,-90.2907,1120,Television floor manager,35.08684,-90.135674,2,2,1,61.74948665297741,107.28489593463586,0
kids_pets,76.53,June Lake,CA,37.7773,-119.0825,633,Health service manager,37.596376,-119.782762,19,2,12,93.30869267624914,64.82073141870816,0
shopping_pos,173.44,Tekoa,WA,47.2271,-117.0819,895,Clothing/textile technologist,46.79285,-117.285331,21,0,12,21.579739904175224,50.69002586757601,0
gas_transport,40.85,Llano,NM,36.1486,-105.6648,247,Architectural technologist,36.446565,-106.592783,10,2,1,57.19096509240247,89.5202935774592,0
grocery_pos,103.06,Wheaton,MO,36.7651,-94.0492,760,Production manager,37.084956,-95.045723,7,4,1,33.34428473648186,95.45534035142649,0
home,43.31,Santa Monica,CA,34.0287,-118.4924,92043,"""Civil engineer, contracting""",34.243894,-118.499917,14,4,1,57.69472963723477,23.938480425690305,0
shopping_net,30.7,Parks,AZ,35.2563,-111.95,759,"""Geologist, engineering""",34.542698,-112.636089,11,0,1,61.77960301163586,101.04973092304348,0
personal_care,54.36,Blairstown,MO,38.5319,-93.9221,467,Agricultural consultant,39.074527,-93.755539,21,4,12,70.58179329226557,62.0396051989344,0
grocery_pos,116.48,Greenview,CA,41.5403,-122.9366,308,Call centre manager,42.524219,-122.15704,7,0,12,62.27241615331965,126.94469034473204,0
home,13.78,Luray,MO,40.4931,-91.8912,519,Town planner,40.989509,-92.554443,17,6,1,52.8952772073922,78.54308544528855,0
grocery_net,51.82,Thompson,UT,38.9999,-109.615,46,"""Surveyor, minerals""",39.396042,-109.619847,0,2,1,31.696098562628336,44.05096079617904,0
entertainment,35.59,Lakeport,CA,39.047,-122.9328,11256,Podiatrist,38.820577,-123.181503,16,1,12,48.19712525667351,33.115502749712824,0
food_dining,36.0,Lakeport,CA,39.047,-122.9328,11256,Podiatrist,39.044981,-122.355921,16,4,12,48.18617385352498,49.81882204879391,0
misc_pos,825.37,Matthews,MO,36.7154,-89.6287,1019,Aeronautical engineer,36.912596,-90.20638,22,0,1,39.98631074606434,55.90513264819298,0
gas_transport,76.73,Orient,WA,48.8878,-118.2105,149,Special educational needs teacher,49.650282,-118.782188,8,3,1,40.57494866529774,94.38608141266444,0
shopping_net,1124.48,Red River,NM,36.6659,-105.4694,606,"""Surveyor, land/geomatics""",36.900262,-105.387072,1,6,3,31.482546201232037,27.07162408605761,1
shopping_pos,2.43,Redford,MO,37.3272,-91.0243,241,Investment analyst,36.663183,-91.773959,21,3,1,44.22450376454484,99.41834181142524,0
gas_transport,66.71,Moriarty,NM,34.9889,-106.0609,7268,"""Therapist, art""",35.480839,-105.620237,9,1,12,32.40246406570842,67.7789411022855,0
shopping_pos,152.19,Meadville,MO,39.7795,-93.3014,964,Tourist information centre manager,40.662462,-93.103901,9,1,1,44.04380561259411,99.60246623738422,0
grocery_pos,81.98,Hooper,NE,41.6414,-96.5232,1745,"""Engineer, automotive""",42.194911,-97.328913,2,0,1,45.07049965776865,90.73121689441372,0
personal_care,51.77,Campbell,NE,40.2967,-98.737,493,"""Surveyor, minerals""",39.426025,-97.949758,23,5,12,80.28473648186174,117.84623085382708,0
personal_care,52.83,Camden,MO,39.2048,-94.0259,464,Colour technologist,39.097705,-94.79636,22,2,10,61.38261464750171,67.49510297812161,1
travel,57.8,Monitor,WA,47.4852,-120.4158,584,Medical technical officer,47.198015,-120.472466,15,2,12,51.78097193702944,32.21769007615112,0
home,35.74,San Diego,CA,33.0067,-117.069,1241364,"""Pharmacist, hospital""",32.592603,-117.646495,16,6,12,60.824093086926766,70.94818265363976,0
grocery_net,70.23,Burbank,WA,46.1966,-118.9017,3684,Musician,46.739074,-119.250479,11,1,12,39.082819986310746,65.97003198646559,0
food_dining,8.25,Meredith,CO,39.3199,-106.6596,61,Public relations account executive,40.209483,-106.318712,15,2,12,81.15537303216975,103.11882656441124,0
gas_transport,53.57,Carlotta,CA,40.507,-123.9743,1139,"""Therapist, occupational""",41.110364,-124.648205,3,0,12,69.95208761122518,87.85219768961417,0
grocery_pos,121.73,Manville,WY,42.73,-104.7024,241,Educational psychologist,43.46865,-105.452896,7,3,1,38.08624229979466,102.2678833054153,0
shopping_net,88.98,Lonetree,WY,41.0552,-110.1603,49,Research scientist (physical sciences),40.835934,-109.338616,9,4,1,37.51950718685831,73.1923648407001,0
entertainment,68.55,Red Cliff,CO,39.4584,-106.3851,277,Human resources officer,40.264311,-107.377639,15,5,1,33.75770020533881,123.3163146313928,0
shopping_net,957.89,Jordan Valley,OR,42.8801,-117.281,641,Economist,42.055604,-117.641491,22,0,6,26.51882272416153,96.329846007471,1
personal_care,73.97,Dumont,CO,39.7532,-105.6356,565,Mental health nurse,38.776687,-105.206947,21,2,12,42.34360027378508,114.68237566040573,0
kids_pets,35.73,Lakeport,CA,39.047,-122.9328,11256,Podiatrist,38.861761,-122.280117,15,1,1,46.20396988364134,60.07878093316343,0
grocery_pos,188.23,Issaquah,WA,47.4974,-122.0107,50489,Osteopath,47.797501,-121.817218,10,2,1,34.861054072553046,36.38143770121346,0
shopping_pos,1.49,Fort Washakie,WY,43.0048,-108.8964,1645,Information systems manager,42.252227,-109.217847,14,0,12,34.861054072553046,87.71716554835872,0
gas_transport,35.27,Sutherland,NE,41.1558,-101.136,1789,Insurance broker,41.341091,-101.754652,3,2,1,36.889801505817935,55.67356032257312,0
home,70.71,Alva,WY,44.6873,-104.4414,110,"""Administrator, local government""",44.361826,-104.184784,19,2,1,45.63175906913073,41.516862239666665,0
grocery_pos,107.85,Bay City,OR,45.5197,-123.8761,1530,Colour technologist,45.744654,-124.745766,6,1,12,34.09719370294319,72.09805336617187,0
health_fitness,13.18,Burlington,WA,48.4786,-122.3345,14871,Public house manager,49.283304,-121.625048,19,1,12,46.8062970568104,103.42932352404614,0
grocery_net,39.35,San Diego,CA,32.7185,-117.1593,1241364,Comptroller,31.758758,-116.389989,7,4,12,33.07049965776865,128.93355558414558,0
kids_pets,1.96,Lamy,NM,35.4311,-105.9409,923,Public relations account executive,35.143194,-106.440505,18,1,1,54.54620123203286,55.50827916943886,0
kids_pets,12.97,Vancouver,WA,45.6892,-122.6616,299480,Teaching laboratory technician,45.951696,-122.892543,17,1,1,34.03422313483915,34.23786497965618,0
grocery_pos,304.2,Parks,AZ,35.2563,-111.95,759,"""Geologist, engineering""",34.475389,-112.902846,2,2,11,62.66666666666666,122.8696653690772,1
kids_pets,53.55,Honokaa,HI,20.0827,-155.488,4878,Physiotherapist,19.522161,-154.67763,20,1,12,54.072553045859,105.2262609426486,0
health_fitness,50.54,Tekoa,WA,47.2271,-117.0819,895,Clothing/textile technologist,47.93086,-117.072847,23,6,12,21.57700205338809,78.25748762749927,0
personal_care,39.49,Tomales,CA,38.2427,-122.9145,337,Occupational psychologist,39.197408,-122.987842,17,5,12,66.47775496235455,106.34918633689811,0
personal_care,60.74,Manley,NE,40.9207,-96.168,206,Human resources officer,40.532844,-95.629016,23,1,1,51.26351813826147,62.63222815736123,0
kids_pets,35.41,Riverton,WY,43.0351,-108.2024,19408,"""Lecturer, higher education""",42.825694,-107.892199,19,0,1,25.36071184120465,34.351077733590834,0
travel,62.76,Omaha,NE,41.2064,-95.9953,518429,"""Surveyor, land/geomatics""",41.457039,-96.315425,18,6,12,25.21560574948665,38.61567296683181,0
shopping_pos,875.77,Matthews,MO,36.7154,-89.6287,1019,Aeronautical engineer,36.470006,-88.646366,22,1,9,40.62149212867899,91.84680288035383,1
gas_transport,49.8,Hawthorne,CA,33.9143,-118.3493,93193,"""Editor, magazine features""",33.102353,-118.915105,6,0,12,25.69472963723477,104.4177194972937,0
shopping_pos,2.86,Phoenix,AZ,33.8155,-112.1202,1312922,Counselling psychologist,33.818536,-111.54979,17,5,12,21.073237508555785,52.69713259990662,0
grocery_net,119.43,Laramie,WY,41.4247,-105.4781,35371,"""Pilot, airline""",40.572371,-105.721669,2,1,1,30.349075975359344,96.95377498836297,0
travel,1.08,Espanola,NM,35.9866,-106.0654,18408,Historic buildings inspector/conservation officer,35.207583,-105.739892,18,6,1,46.48870636550308,91.48581827245972,0
health_fitness,73.73,Dumont,CO,39.7532,-105.6356,565,Mental health nurse,39.079046,-105.778496,20,6,12,42.33538672142368,75.96088720197305,0
shopping_pos,4.9,Red River,NM,36.6659,-105.4694,606,"""Surveyor, land/geomatics""",37.645348,-105.871262,18,6,1,30.35181382614648,114.584348691608,0
entertainment,68.37,Helm,CA,36.4992,-120.0936,123,Early years teacher,36.14664,-120.423662,18,5,12,47.88227241615332,49.10432187357119,0
home,156.59,Los Angeles,CA,34.0443,-118.2509,2383912,"""Journalist, newspaper""",33.117086,-117.464706,18,0,12,61.58247775496236,126.2298191791334,0
misc_net,67.92,Sacramento,CA,38.5662,-121.3286,757530,Magazine features editor,38.059334,-121.763106,8,1,1,39.6933607118412,67.9239953137953,0
grocery_pos,181.56,Rock Springs,WY,41.606,-109.23,27971,Music therapist,41.620988,-108.748186,1,1,12,36.41067761806981,40.0897118718532,0
shopping_pos,4.16,Utica,MO,39.7417,-93.6289,271,Land/geomatics surveyor,39.0889,-93.851768,21,0,1,46.72142368240931,75.07039035260827,0
shopping_net,260.49,Issaquah,WA,47.4974,-122.0107,50489,Osteopath,48.007925,-121.605592,19,2,1,34.841889117043124,64.3411591000664,0
home,29.3,North Loup,NE,41.4972,-98.7858,509,"""Nurse, children's""",41.503595,-98.537195,23,5,12,40.27926078028747,20.715917164915457,0
health_fitness,57.19,Port Costa,CA,38.046,-122.1866,198,Armed forces training and education officer,38.346615,-122.015328,22,0,1,59.81108829568789,36.62467552868187,0
food_dining,72.14,Portland,OR,45.5303,-122.7033,841711,"""Engineer, building services""",44.569516,-122.099883,0,6,12,57.73305954825462,116.87781460007646,0
personal_care,161.06,Redford,MO,37.3272,-91.0243,241,Investment analyst,38.183983,-91.814529,12,4,12,46.16290212183436,117.90871905263252,0
health_fitness,4.75,High Rolls Mountain Park,NM,32.9396,-105.8189,899,Naval architect,32.118186,-105.865484,14,3,1,51.38398357289528,91.44141674343386,0
shopping_pos,4.9,Red River,NM,36.6659,-105.4694,606,"""Surveyor, land/geomatics""",37.645348,-105.871262,18,6,1,30.35181382614648,114.584348691608,0
gas_transport,11.1,Red River,NM,36.6659,-105.4694,606,"""Surveyor, land/geomatics""",36.096814,-105.178782,2,0,3,31.485284052019164,68.41885267114284,1
misc_pos,17.21,High Rolls Mountain Park,NM,32.9396,-105.8189,899,Naval architect,32.280246,-106.808789,9,1,1,51.34017796030116,118.20277141756802,0
personal_care,23.62,Napa,CA,38.4549,-122.2564,94014,Airline pilot,38.856344,-121.351945,12,0,12,35.35386721423682,90.33585409843342,0
personal_care,56.34,Aurora,CO,39.6662,-104.835,389246,"""Scientist, marine""",39.583131,-104.769807,14,4,1,49.06228610540725,10.793311124278915,0
shopping_net,2.2,Wheaton,MO,36.7651,-94.0492,760,Production manager,36.442056,-93.683045,22,0,1,33.37166324435318,48.56540894561937,0
home,232.25,Issaquah,WA,47.4974,-122.0107,50489,Osteopath,48.472294,-121.312176,15,2,7,36.336755646817245,120.22360756301762,1
shopping_net,4.24,Moriarty,NM,34.9889,-106.0609,7268,"""Therapist, art""",34.039105,-105.260517,18,3,12,32.388774811772755,128.5748073711437,0
home,3.76,Powell Butte,OR,44.2415,-121.0113,2016,Local government officer,45.116326,-120.154806,13,5,12,67.00342231348391,118.52516936820788,0
home,15.74,Centerview,MO,38.7897,-93.8702,2368,Electronics engineer,39.531594,-94.764894,21,5,1,29.470225872689937,112.94027888465948,0
home,112.76,Hawthorne,CA,33.9143,-118.3493,93193,"""Editor, magazine features""",34.516022,-118.58135,15,2,1,23.707049965776864,70.22821322059114,0
misc_net,109.15,Napa,CA,38.4549,-122.2564,94014,Airline pilot,37.848915,-122.547778,11,1,12,35.35660506502396,72.03836238193726,0
shopping_net,147.33,Broomfield,CO,39.8854,-105.1139,92337,"""Engineer, electronics""",40.744282,-104.917019,2,6,12,53.1937029431896,96.95110689742246,0
shopping_net,19.99,Kansas City,MO,38.9621,-94.5959,545147,Counsellor,38.267377,-95.377906,17,1,1,31.159479808350444,102.87663610227251,0
food_dining,33.4,San Jose,CA,37.3304,-121.7913,973849,Geoscientist,36.720497,-121.183576,14,6,1,22.0041067761807,86.65943177391101,0
personal_care,11.79,Utica,MO,39.7417,-93.6289,271,Land/geomatics surveyor,38.821138,-92.85945,17,1,12,48.69815195071869,121.9163003601577,0
health_fitness,73.45,Loving,NM,32.274,-104.0914,1925,Educational psychologist,31.833015,-103.109332,20,6,12,68.5886379192334,104.74004966425706,0
shopping_pos,1.22,San Diego,CA,32.7185,-117.1593,1241364,Comptroller,31.816245,-117.278201,18,0,1,31.123887748117728,100.94709063034334,0
kids_pets,33.8,Independence,MO,39.1412,-94.3515,123373,"""Engineer, production""",39.229933,-94.991029,21,5,1,26.143737166324435,55.99546649636902,0
grocery_net,58.69,Independence,MO,39.1412,-94.3515,123373,"""Engineer, production""",39.322444,-95.154769,5,1,1,26.132785763175907,72.06145118719661,0
shopping_net,513.62,Newhall,CA,34.3795,-118.523,34882,Health physicist,33.556276,-117.891839,22,4,1,47.73442847364819,108.47575196016048,0
home,104.18,Meridian,ID,43.6498,-116.4306,84106,Intelligence analyst,43.354804,-116.154547,14,4,12,49.869952087611225,39.64469270077209,0
shopping_pos,851.59,Matthews,MO,36.7154,-89.6287,1019,Aeronautical engineer,37.191913,-88.872009,0,2,9,40.62422997946612,85.60602309176164,1
grocery_pos,124.86,Rocky Mount,MO,38.2911,-92.7059,1847,Tax inspector,39.058066,-91.859747,5,3,12,32.18069815195072,112.55456928215958,0
shopping_net,50.93,Carlotta,CA,40.507,-123.9743,1139,"""Therapist, occupational""",40.169993,-123.658108,4,0,12,69.95208761122518,46.07013792393806,0
grocery_pos,101.22,Centerview,MO,38.7897,-93.8702,2368,Electronics engineer,39.356538,-93.305281,8,6,1,29.472963723477072,79.69225512327533,0
shopping_pos,907.71,Rock Springs,WY,41.606,-109.23,27971,Music therapist,42.56334,-109.892098,7,6,8,35.006160164271044,119.65385767666533,1
shopping_pos,875.17,Albuquerque,NM,35.0561,-106.5506,641349,Charity officer,34.338973,-105.885555,23,2,2,52.054757015742645,100.27463741864258,1
shopping_pos,234.37,Daly City,CA,37.6787,-122.478,107941,"""Buyer, industrial""",38.395896,-123.438086,18,0,1,27.279945242984255,115.88526349687002,0
gas_transport,32.61,Wales,AK,64.7556,-165.6723,145,"""Administrator, education""",65.352083,-165.056705,3,2,1,79.16769336071184,72.33603118008318,0
shopping_net,1.01,Norwalk,CA,33.9056,-118.0818,105549,Firefighter,33.933125,-117.455657,12,4,12,47.2580424366872,57.85650739292089,0
gas_transport,17.45,Camden,MO,39.2048,-94.0259,464,Colour technologist,39.626565,-93.75182,0,3,10,61.385352498288846,52.47649539989738,1
home,38.37,Camden,MO,39.2048,-94.0259,464,Colour technologist,39.100461,-93.337773,18,0,12,61.58795345653662,60.45926134394374,0
gas_transport,58.95,Lowell,OR,43.921,-122.7806,1420,Systems analyst,43.743054,-122.918358,11,4,1,53.16632443531827,22.663076605063377,0
personal_care,62.72,Superior,AZ,33.2887,-111.0985,2872,Petroleum engineer,34.05299,-110.479625,14,4,12,33.16084873374401,102.48083141659365,0
food_dining,29.01,Manville,WY,42.73,-104.7024,241,Educational psychologist,42.372214,-103.828616,22,1,1,38.0807665982204,81.88846068917036,0
misc_pos,29.39,Athena,OR,45.8289,-118.4971,1302,Dealer,46.601841,-118.377392,7,2,1,42.24503764544832,86.43919603931879,0
shopping_pos,9.66,Malad City,ID,42.1808,-112.262,4154,Nature conservation officer,42.478667,-112.962248,9,6,12,58.93771389459275,66.41179629548874,0
gas_transport,54.0,Cascade Locks,OR,45.671,-121.8686,1288,Barrister,45.989271,-122.411797,3,6,12,84.65708418891171,54.98826660728099,0
kids_pets,20.1,Helm,CA,36.4992,-120.0936,123,Early years teacher,37.221085,-120.174354,14,2,9,46.59000684462697,80.59081533387649,1
grocery_pos,180.07,Colorado Springs,CO,38.8881,-104.6556,525713,Museum/gallery exhibitions officer,38.709629,-104.302344,5,0,1,26.702258726899384,36.48266891694854,0
gas_transport,70.23,Fort Washakie,WY,43.0048,-108.8964,1645,Information systems manager,42.437846,-108.856651,10,1,12,34.86379192334018,63.12597539008852,0
shopping_pos,878.13,Broomfield,CO,39.8854,-105.1139,92337,"""Engineer, electronics""",40.595614,-104.197929,23,1,5,52.58590006844627,110.8193494573958,1
misc_net,9.69,Thompson,UT,38.9999,-109.615,46,"""Surveyor, minerals""",39.475588,-109.382289,10,2,12,33.68925393566051,56.56373209985189,0
personal_care,35.0,Conway,WA,48.34,-122.3456,85,"""Research officer, political party""",49.318617,-123.280046,15,4,1,34.379192334017795,128.52761378123458,0
health_fitness,79.16,Meadville,MO,39.7795,-93.3014,964,Tourist information centre manager,40.100104,-93.133016,20,5,1,44.054757015742645,38.431392565534686,0
shopping_net,8.85,Rocky Mount,MO,38.2911,-92.7059,1847,Tax inspector,38.788484,-92.847839,12,6,12,32.16974674880219,56.66757140736051,0
food_dining,46.08,Thompson,UT,38.9999,-109.615,46,"""Surveyor, minerals""",38.603061,-110.511707,16,5,12,33.67830253251198,89.35987999398962,0
shopping_pos,6.38,Honokaa,HI,20.0827,-155.488,4878,Physiotherapist,20.447199,-156.29324,2,0,1,52.114989733059545,93.26328049178748,0
grocery_pos,341.3,Red River,NM,36.6659,-105.4694,606,"""Surveyor, land/geomatics""",35.793833,-106.268412,3,0,3,31.485284052019164,120.57806342795088,1
grocery_pos,17.95,Moab,UT,38.5677,-109.5271,9772,Location manager,37.631074,-110.325756,10,2,1,29.12525667351129,125.42115358172514,0
shopping_net,974.95,Fields Landing,CA,40.7268,-124.2174,276,"""Scientist, audiological""",40.154377,-124.538708,12,2,4,89.927446954141,69.21530318788358,1
grocery_pos,73.72,Redford,MO,37.3272,-91.0243,241,Investment analyst,36.94666,-90.651009,3,6,1,44.19438740588638,53.71612085848411,0
grocery_pos,230.11,Littleton,CO,39.5994,-105.0044,320420,Water engineer,39.525148,-104.7131,6,6,1,43.47433264887064,26.300879458021456,0
entertainment,28.11,Vinton,CA,40.0235,-120.7986,128,Education administrator,40.942924,-121.008724,19,4,12,54.84188911704312,103.76822397573255,0
grocery_pos,124.49,Browning,MO,40.029,-93.1607,602,Cytogeneticist,40.709282,-92.874866,7,0,1,64.52292950034223,79.42517452716893,0
shopping_pos,167.47,Fiddletown,CA,38.5234,-120.6763,832,Immigration officer,39.329004,-121.658949,9,6,1,31.67419575633128,123.48941665007904,0
health_fitness,16.6,Llano,NM,36.1486,-105.6648,247,Architectural technologist,35.69024,-106.066063,13,1,12,59.181382614647504,62.47643805335898,0
misc_net,1.85,June Lake,CA,37.7773,-119.0825,633,Health service manager,37.284253,-118.253677,1,5,12,93.2977412731006,91.3627232429956,0
grocery_pos,365.86,Independence,MO,39.1412,-94.3515,123373,"""Engineer, production""",39.057685,-94.871444,2,1,8,26.72689938398357,45.81846191651965,1
travel,8.45,Loving,NM,32.274,-104.0914,1925,Educational psychologist,31.708193,-104.608611,23,0,1,66.63655030800821,79.60799561524057,0
gas_transport,67.25,Centerview,MO,38.7897,-93.8702,2368,Electronics engineer,37.909083,-93.960286,0,6,1,29.472963723477072,98.23474419389076,0
health_fitness,11.08,Littleton,CO,39.5994,-105.0044,320420,Water engineer,38.819632,-105.456627,15,1,12,45.4154688569473,95.05798655102728,0
misc_net,3.16,Paauilo,HI,20.0271,-155.3697,1490,"""Scientist, research (maths)""",19.227848,-154.622387,8,1,12,29.71389459274469,118.42416824281904,0
home,66.62,Weeping Water,NE,40.8731,-96.1528,1517,Dealer,40.932246,-95.803751,14,0,1,67.16495550992471,30.06352329548585,0
shopping_pos,788.66,Conway,WA,48.34,-122.3456,85,"""Research officer, political party""",48.80396,-122.159966,23,0,6,34.75154004106776,53.36727439432304,1
health_fitness,31.41,High Rolls Mountain Park,NM,32.9396,-105.8189,899,Naval architect,32.893164,-106.203375,17,1,12,53.333333333333336,36.25803011540612,0
misc_net,779.23,Espanola,NM,35.9866,-106.0654,18408,Historic buildings inspector/conservation officer,36.651901,-106.992859,3,2,5,47.80013689253936,111.25236998650216,1
food_dining,55.55,Daly City,CA,37.6787,-122.478,107941,"""Buyer, industrial""",37.951444,-122.487115,14,6,12,29.232032854209447,30.338316821365588,0
food_dining,74.49,Powell Butte,OR,44.2415,-121.0113,2016,Local government officer,44.811533,-120.852155,18,1,12,67.0116358658453,64.62808103422908,0
home,13.35,Utica,MO,39.7417,-93.6289,271,Land/geomatics surveyor,39.169006,-93.500011,13,1,1,46.72416153319645,64.63495799625115,0
grocery_pos,93.85,Sutherland,NE,41.1558,-101.136,1789,Insurance broker,40.538802,-101.450806,6,3,12,38.88569472963724,73.53960143102927,0
home,62.21,Pueblo,CO,38.2352,-104.66,151815,Further education lecturer,39.221459,-103.842924,15,5,12,32.97741273100616,130.5760274261334,0
shopping_pos,9.97,Colorado Springs,CO,38.8881,-104.6556,525713,Museum/gallery exhibitions officer,38.958564,-105.172667,19,6,12,28.635181382614647,45.41153916188459,0
shopping_pos,87.19,Kent,OR,45.0838,-120.6649,60,Museum education officer,44.413258,-120.578974,11,4,1,76.77481177275838,74.8689940326309,0
home,64.98,Ruidoso,NM,33.3305,-105.6933,8874,Licensed conveyancer,33.770027,-105.251891,17,2,1,18.39835728952772,63.73236849109341,0
grocery_pos,273.92,Crownpoint,NM,35.7206,-108.0271,5662,IT consultant,35.453219,-108.621249,2,3,12,30.6776180698152,61.40494283749647,1
shopping_net,5.54,Grenada,CA,41.6125,-122.5258,589,Systems analyst,42.140632,-121.702807,1,6,12,75.01711156741958,89.9525390219412,0
grocery_pos,188.39,Rock Springs,WY,41.606,-109.23,27971,Music therapist,41.89009,-110.195029,10,1,1,34.43668720054757,86.06531511194103,0
food_dining,209.01,San Jose,CA,37.3304,-121.7913,973849,Science writer,37.471978,-121.18172,16,5,12,65.54140999315537,56.10032321850159,0
gas_transport,64.26,Malad City,ID,42.1808,-112.262,4154,Nature conservation officer,41.785311,-113.050652,5,4,1,56.95824777549623,78.632995789774,0
health_fitness,49.59,Laramie,WY,41.4247,-105.4781,35371,"""Pilot, airline""",41.879963,-104.984004,23,1,12,32.323066392881586,65.17565515098971,0
travel,500.99,Meadville,MO,39.7795,-93.3014,964,Tourist information centre manager,39.099483,-93.785,21,6,12,46.012320328542096,86.2679773813106,0
grocery_pos,208.05,Napa,CA,38.4549,-122.2564,94014,Airline pilot,38.856065,-121.432459,0,0,1,33.41820670773443,84.31231008888008,0
personal_care,103.82,Honokaa,HI,20.0827,-155.488,4878,Physiotherapist,20.171557,-154.803018,23,6,1,52.13141683778234,72.19439185869146,0
kids_pets,3.0,Wales,AK,64.7556,-165.6723,145,"""Administrator, education""",65.470822,-164.819958,15,2,1,79.18685831622176,88.96795292237543,0
shopping_pos,2.74,Altonah,UT,40.3207,-110.436,302,"""Sales professional, IT""",40.469118,-111.367562,17,4,1,28.9637234770705,80.59717993759281,0
grocery_pos,251.36,Ruidoso,NM,33.3305,-105.6933,8874,Licensed conveyancer,32.791126,-104.919269,2,4,9,20.109514031485283,93.80918212561744,1
personal_care,4.22,Burbank,WA,46.1966,-118.9017,3684,Musician,46.072573,-119.130678,18,1,12,39.082819986310746,22.394150242476044,0
kids_pets,17.65,Burbank,WA,46.1966,-118.9017,3684,Musician,45.60726,-118.807557,20,1,12,39.082819986310746,65.9352569656914,0
shopping_net,8.33,Sacramento,CA,38.5662,-121.3286,757530,Magazine features editor,38.518263,-120.736686,22,5,1,39.723477070499655,51.75449265559668,0
health_fitness,50.59,Port Costa,CA,38.046,-122.1866,198,Armed forces training and education officer,38.155705,-122.543943,23,0,1,59.81108829568789,33.56352753421789,0
shopping_net,1.06,Blairstown,MO,38.5319,-93.9221,467,Agricultural consultant,37.682398,-93.583224,9,1,1,68.61875427789185,99.00412159802296,0
food_dining,3.11,Wheaton,MO,36.7651,-94.0492,760,Production manager,36.494041,-94.025418,17,1,1,33.33607118412046,30.21500455011712,0
personal_care,45.24,Port Costa,CA,38.046,-122.1866,198,Armed forces training and education officer,38.269367,-121.840603,23,4,2,59.86036960985626,39.141599709058575,1
health_fitness,38.79,Kirtland Afb,NM,35.0203,-106.5503,310,"""Surveyor, land/geomatics""",35.685175,-106.949393,23,2,1,40.276522929500345,82.31485197511932,0
shopping_net,990.84,Craig,AK,55.4732,-133.1171,1920,Commissioning editor,55.480308,-133.312477,22,2,12,23.460643394934976,12.337737700294186,1
misc_pos,19.11,Rock Springs,WY,41.606,-109.23,27971,Music therapist,41.313299,-108.52521,10,5,12,36.40246406570842,67.14645167859514,0
shopping_pos,6.61,Lagrange,WY,41.6423,-104.1974,635,Product/process development scientist,40.974888,-104.190503,13,5,12,47.45516769336072,74.21506416354144,0
gas_transport,52.47,Crownpoint,NM,35.7206,-108.0271,5662,IT consultant,35.04717,-108.863715,5,0,1,29.78781656399726,106.58083840904362,0
health_fitness,121.5,Moab,UT,38.5677,-109.5271,9772,Location manager,38.543711,-108.916524,12,5,1,29.13347022587269,53.15933073442367,0
kids_pets,2.36,Kansas City,MO,38.9621,-94.5959,545147,Counsellor,39.162085,-94.74923,19,1,1,31.14031485284052,25.87954897897597,0
shopping_net,973.84,Kaktovik,AK,66.6933,-153.994,239,Careers information officer,66.145366,-154.681121,22,5,3,22.973305954825463,68.16330118202251,1
food_dining,65.77,Meadville,MO,39.7795,-93.3014,964,Tourist information centre manager,40.679968,-93.039104,22,6,12,46.012320328542096,102.57339681671871,0
shopping_pos,482.11,Cascade Locks,OR,45.671,-121.8686,1288,Barrister,44.694924,-122.669269,7,6,12,84.65708418891171,125.3684682867574,0
entertainment,12.94,Laguna Hills,CA,33.615,-117.7114,45303,Sales executive,33.846905,-117.88707,11,1,1,49.04585900068447,30.477168875431435,0
shopping_net,4.39,Meridian,ID,43.6498,-116.4306,84106,Intelligence analyst,43.494484,-117.121063,19,3,12,49.86721423682409,58.24390287198839,0
health_fitness,2.51,Santa Monica,CA,34.0287,-118.4924,92043,"""Civil engineer, contracting""",33.451865,-117.846921,23,0,1,57.72210814510609,87.61426766576245,0
grocery_pos,329.83,Parker Dam,CA,34.298,-114.156,126,Marketing executive,35.269747,-115.001724,1,6,1,26.305270362765228,132.81777635358395,1
kids_pets,152.61,Woods Cross,UT,40.8874,-111.9027,13983,Insurance broker,40.743432,-112.102357,18,5,1,39.43326488706366,23.207324776794632,0
gas_transport,62.04,Unionville,MO,40.4815,-92.9951,3805,"""Investment banker, corporate""",39.896963,-93.13652,9,3,12,70.2943189596167,66.0982857119966,0
food_dining,40.01,Pueblo,CO,38.2352,-104.66,151815,Further education lecturer,38.869074,-104.328228,16,6,12,32.98015058179329,76.15946427390702,0
home,6.74,Ashford,WA,46.7531,-121.9898,759,Video editor,46.952717,-122.468013,13,2,12,64.29295003422314,42.60369715588634,0
home,90.49,Arnold,MO,38.4305,-90.387,35439,Land/geomatics surveyor,39.061664,-89.457006,23,0,1,33.77138945927447,106.9119493194714,0
shopping_pos,767.23,Grenada,CA,41.6125,-122.5258,589,Systems analyst,42.341962,-122.779811,15,1,7,73.52772073921972,83.78606684449495,1
personal_care,82.57,Arnold,MO,38.4305,-90.387,35439,Land/geomatics surveyor,37.553363,-91.353462,22,1,12,35.748117727583846,129.17134612208525,0
grocery_pos,76.68,Iliff,CO,40.7692,-103.0968,648,Community arts worker,41.308944,-102.167765,8,5,1,49.28952772073922,98.3517547679253,0
grocery_pos,125.27,Redford,MO,37.3272,-91.0243,241,Investment analyst,38.152726,-90.904996,8,5,1,44.2299794661191,92.39179467545593,0
health_fitness,91.86,Lowell,OR,43.921,-122.7806,1420,Systems analyst,44.834724,-123.767304,12,5,12,55.12388774811773,128.34263746880873,0
shopping_net,6.48,Humboldt,AZ,34.5189,-112.2523,1179,"""Civil engineer, contracting""",33.676231,-112.389594,7,1,1,63.94798083504449,94.54944096159711,0
personal_care,74.9,Red Cliff,CO,39.4584,-106.3851,277,Human resources officer,39.795193,-106.962303,20,1,1,33.74674880219028,62.01746644551246,0
home,13.27,Tomales,CA,38.2427,-122.9145,337,Occupational psychologist,38.443821,-122.094472,20,5,1,64.52292950034223,74.93033763154014,0
personal_care,174.19,Burlington,WA,48.4786,-122.3345,14871,Public house manager,48.222912,-122.790267,19,3,1,44.818617385352496,44.07539955559788,0
kids_pets,53.22,Fields Landing,CA,40.7268,-124.2174,276,"""Scientist, audiological""",40.817832,-125.199415,23,6,1,89.67008898015058,83.3113593116863,0
gas_transport,75.74,Alva,WY,44.6873,-104.4414,110,"""Administrator, local government""",44.852898,-104.422672,5,2,12,47.6249144421629,18.472912404059468,0
kids_pets,42.13,Ashford,WA,46.7531,-121.9898,759,Video editor,45.818447,-121.927533,21,3,1,62.3025325119781,104.03874537333606,0
grocery_pos,153.37,Freedom,WY,43.0172,-111.0292,471,"""Education officer, museum""",43.443715,-110.133664,10,0,12,53.4072553045859,86.67850930359863,0
misc_net,3.79,Owensville,MO,38.3511,-91.4867,6703,Naval architect,39.117799,-91.605358,14,5,1,20.629705681040384,85.8720253488079,0
grocery_net,85.38,Burlington,WA,48.4786,-122.3345,14871,Public house manager,48.424306,-122.955927,1,2,1,44.83504449007529,46.22636272049897,0
misc_net,847.19,Fields Landing,CA,40.7268,-124.2174,276,"""Scientist, audiological""",40.315134,-123.581372,23,2,4,89.927446954141,70.60883122152106,1
food_dining,14.98,Fields Landing,CA,40.7268,-124.2174,276,"""Scientist, audiological""",40.866766,-123.5444,21,0,12,91.64681724845995,58.75061236393152,0
gas_transport,54.28,Colton,WA,46.5901,-117.1692,761,Chief Marketing Officer,45.965982,-117.122254,6,2,1,75.50992470910336,69.49247482363515,0
health_fitness,3.22,Altonah,UT,40.3207,-110.436,302,"""Sales professional, IT""",40.192585,-110.16026,18,0,1,29.010266940451743,27.3944751287443,0
grocery_pos,108.93,Paauilo,HI,20.0271,-155.3697,1490,"""Scientist, research (maths)""",19.386436,-155.099532,6,0,12,29.711156741957563,76.64714892796837,0
grocery_net,39.72,Espanola,NM,35.9866,-106.0654,18408,Historic buildings inspector/conservation officer,35.191762,-106.815061,8,6,1,46.48870636550308,111.3839141954149,0
kids_pets,5.12,Burlington,WA,48.4786,-122.3345,14871,Public house manager,48.216572,-122.432591,23,0,1,44.84873374401095,30.02441495161522,0
misc_net,837.95,Nelson,NE,40.201,-98.0684,732,Television/film/video producer,39.990728,-98.889052,21,5,10,62.82819986310746,73.61644686628857,1
entertainment,84.28,Tekoa,WA,47.2271,-117.0819,895,Clothing/textile technologist,46.637742,-116.99694,22,6,1,19.62217659137577,65.85036000803512,0
gas_transport,9.38,Malad City,ID,42.1808,-112.262,4154,Nature conservation officer,41.724405,-111.508607,11,3,11,58.79534565366188,80.35488570456108,1
grocery_pos,45.17,Pueblo,CO,38.2352,-104.66,151815,Further education lecturer,38.371984,-105.10131,10,6,12,32.98015058179329,41.40302851012397,0
grocery_pos,112.25,Thompson,UT,38.9999,-109.615,46,"""Surveyor, minerals""",39.525686,-110.128825,11,1,12,33.686516084873375,73.31411548109588,0
home,418.14,Luray,MO,40.4931,-91.8912,519,Town planner,40.750018,-92.027005,23,6,8,54.5242984257358,30.781559324460662,1
misc_pos,5.11,Owensville,MO,38.3511,-91.4867,6703,Naval architect,38.236244,-92.407673,19,3,12,22.598220396988363,81.3820096346015,0
gas_transport,70.23,Fort Washakie,WY,43.0048,-108.8964,1645,Information systems manager,42.437846,-108.856651,10,1,12,34.86379192334018,63.12597539008852,0
grocery_pos,120.19,Westerville,NE,41.4193,-99.3844,73,Product designer,40.544583,-99.295223,4,6,1,83.9233401779603,97.55171426825945,0
home,9.19,Clarksville,MO,39.3465,-90.9362,1146,Exercise physiologist,38.420685,-90.5857,19,2,12,91.73169062286104,107.32290449887915,0
food_dining,98.12,Phoenix,AZ,33.5623,-112.0559,1312922,Contractor,33.314688,-112.293556,12,2,12,39.18412046543463,35.275587056002195,0
health_fitness,55.85,Arnold,MO,38.4305,-90.387,35439,Land/geomatics surveyor,38.454074,-90.993429,19,2,1,33.75770020533881,52.87986903290224,0
misc_pos,66.43,Lowell,OR,43.921,-122.7806,1420,Systems analyst,44.584287,-122.077455,8,3,12,55.13757700205339,92.60554539489472,0
misc_net,659.87,Howells,NE,41.6964,-96.9858,1063,Research scientist (maths),41.043728,-97.376716,23,5,11,91.66050650239562,79.56778160529764,1
home,208.42,Daly City,CA,37.6787,-122.478,107941,"""Buyer, industrial""",38.292782,-123.094153,18,6,1,27.277207392197127,87.05402045242604,0
personal_care,18.95,Burlington,WA,48.4786,-122.3345,14871,Public house manager,49.234872,-121.376642,12,5,12,46.79808350444901,109.46275738273704,0
grocery_pos,222.44,Newhall,CA,34.3795,-118.523,34882,Health physicist,34.271926,-117.6799,1,6,12,49.67556468172484,78.34005836358972,0
misc_net,834.52,Cardwell,MO,36.0434,-90.2907,1120,Television floor manager,35.056914,-89.906683,22,4,7,62.27241615331965,115.06211394088184,1
health_fitness,35.55,Luray,MO,40.4931,-91.8912,519,Town planner,40.378814,-92.080233,17,3,1,52.90622861054072,20.43156894123332,0
misc_net,806.79,Camden,MO,39.2048,-94.0259,464,Colour technologist,38.741744,-94.696218,23,2,10,61.38261464750171,77.5175760149972,1
grocery_pos,111.51,June Lake,CA,37.7773,-119.0825,633,Health service manager,38.644786,-119.906805,10,2,1,91.35386721423684,120.37873519128014,0
grocery_pos,221.77,Newhall,CA,34.3795,-118.523,34882,Health physicist,34.792885,-118.026857,5,2,12,49.68377823408624,64.62000548558507,0
kids_pets,23.85,Greenview,CA,41.5403,-122.9366,308,Call centre manager,42.441398,-122.897097,19,0,12,62.27241615331965,100.2506962937167,0
food_dining,72.89,Kissee Mills,MO,36.6704,-93.0377,1201,"""Engineer, agricultural""",36.439654,-93.323736,14,0,1,38.8062970568104,36.208771275713225,0
shopping_net,9.06,Mesa,ID,44.6255,-116.4493,129,Cartographer,45.208826,-115.960549,0,0,12,55.0362765229295,75.42007469596362,0
health_fitness,73.66,Arnold,MO,38.4305,-90.387,35439,Land/geomatics surveyor,38.237064,-90.548561,20,4,12,35.73716632443532,25.714167664829663,0
grocery_pos,105.6,Meadville,MO,39.7795,-93.3014,964,Tourist information centre manager,39.430904,-93.347254,3,4,12,46.00684462696783,38.96065534570936,0
shopping_net,873.24,Tomales,CA,38.2427,-122.9145,337,Occupational psychologist,37.722091,-122.184361,22,4,5,64.86516084873374,86.29046042363409,1
misc_net,10.63,Redford,MO,37.3272,-91.0243,241,Investment analyst,38.146488,-90.356905,5,1,12,46.17385352498289,108.36726141092244,0
misc_pos,1.65,Moab,UT,38.5677,-109.5271,9772,Location manager,39.275339,-109.256945,21,3,12,31.082819986310746,82.08324562776322,0
gas_transport,76.08,Mound City,MO,40.1362,-95.2138,1631,Architect,40.644596,-94.593811,5,6,12,67.93429158110882,77.15403881661321,0
personal_care,61.05,Espanola,NM,35.9866,-106.0654,18408,Historic buildings inspector/conservation officer,35.286133,-106.567606,12,4,1,46.46406570841889,90.14622120997812,0
shopping_net,917.14,Llano,NM,36.1486,-105.6648,247,Architectural technologist,35.615616,-105.517696,22,6,10,58.96509240246407,60.72885135819072,1
home,85.44,Smith River,CA,41.9404,-124.1587,1930,Web designer,41.086086,-123.461579,17,5,1,35.564681724846,111.32407475026228,0
shopping_net,26.68,Mesa,ID,44.6255,-116.4493,129,Cartographer,45.053195,-115.534627,6,0,1,53.100616016427104,86.38707942275606,0
gas_transport,76.19,Kent,OR,45.0838,-120.6649,60,Museum education officer,45.69276,-119.926571,3,0,1,76.8021902806297,88.9344514733626,0
misc_pos,49.44,Syracuse,MO,38.6547,-92.8929,628,"""Radiographer, diagnostic""",38.842871,-93.127829,20,0,6,57.49486652977413,29.203862224005647,1
grocery_pos,204.02,Lakeport,CA,39.047,-122.9328,11256,Podiatrist,38.672639,-122.019758,7,5,1,46.25325119780972,89.34537110739801,0
shopping_pos,2.54,Laguna Hills,CA,33.615,-117.7114,45303,Sales executive,34.534606,-117.070081,6,6,1,49.059548254620125,118.08894854077396,0
shopping_net,209.12,Laramie,WY,41.4247,-105.4781,35371,"""Pilot, airline""",42.29099,-105.33004,13,4,1,30.357289527720734,97.104324404282,0
grocery_net,88.29,Sun City,CA,33.7467,-117.1721,54287,"""Designer, exhibition/display""",33.583248,-117.437438,2,3,1,46.28062970568104,30.550553998495705,0
home,39.95,Burlington,WA,48.4786,-122.3345,14871,Public house manager,47.90953,-123.034861,13,3,1,44.818617385352496,81.84700743833483,0
shopping_net,784.89,Burbank,WA,46.1966,-118.9017,3684,Musician,45.30827,-119.274337,12,0,12,39.08008213552361,102.92171741352706,0
health_fitness,6.59,Port Costa,CA,38.046,-122.1866,198,Armed forces training and education officer,37.980771,-122.493254,12,1,1,59.775496235455165,27.82685806556413,0
health_fitness,122.54,Phoenix,AZ,33.5623,-112.0559,1312922,Contractor,32.947132,-112.757523,17,1,12,39.181382614647504,94.52681465031992,0
food_dining,137.41,Browning,MO,40.029,-93.1607,602,Cytogeneticist,39.689893,-93.024818,13,1,12,66.46132785763176,39.45040478510358,0
grocery_net,92.07,Norwalk,CA,33.9056,-118.0818,105549,Firefighter,33.800971,-117.51948,8,1,1,45.31416837782341,53.21399241812728,0
kids_pets,71.07,Albuquerque,NM,35.0561,-106.5506,641349,Charity officer,35.280485,-105.710679,12,6,12,53.92470910335387,80.32020937966826,0
personal_care,23.23,North Loup,NE,41.4972,-98.7858,509,"""Nurse, children's""",42.062292,-99.647991,20,4,12,40.276522929500345,95.18009280522789,0
misc_net,112.69,Kissee Mills,MO,36.6704,-93.0377,1201,"""Engineer, agricultural""",36.535367,-93.487471,2,4,12,40.772073921971256,42.8649497846929,0
home,43.61,Colorado Springs,CO,38.8881,-104.6556,525713,Museum/gallery exhibitions officer,38.609244,-105.242446,21,1,1,26.68583162217659,59.59366267791337,0
misc_pos,37.03,Alva,WY,44.6873,-104.4414,110,"""Administrator, local government""",43.89411,-105.151487,1,4,1,45.65639972621492,104.75282384029396,0
shopping_net,26.68,Mesa,ID,44.6255,-116.4493,129,Cartographer,45.053195,-115.534627,6,0,1,53.100616016427104,86.38707942275606,0
kids_pets,6.77,Lowell,OR,43.921,-122.7806,1420,Systems analyst,44.457337,-122.916947,23,0,1,53.15537303216975,60.62065650553703,0
personal_care,34.74,Altonah,UT,40.3207,-110.436,302,"""Sales professional, IT""",40.453968,-110.96854,22,2,1,28.95824777549624,47.4754156401326,0
personal_care,6.48,Norwalk,CA,33.9056,-118.0818,105549,Firefighter,34.196357,-117.297427,20,6,1,45.327857631759066,79.16616946502354,0
food_dining,24.23,Newhall,CA,34.3795,-118.523,34882,Health physicist,35.285769,-118.132313,17,5,1,47.73716632443532,106.89512205248111,0
misc_pos,5.01,Espanola,NM,35.9866,-106.0654,18408,Historic buildings inspector/conservation officer,36.019163,-106.072795,15,4,1,46.46406570841889,3.6814402121013,0
health_fitness,28.01,Gardiner,OR,43.7857,-124.1437,260,"""Engineer, maintenance""",43.119717,-124.506651,13,3,1,62.35728952772074,79.63861455743283,0
grocery_pos,159.34,Mendon,UT,41.71,-111.9817,2078,"""Scientist, audiological""",42.139941,-111.870147,11,1,12,57.54688569472964,48.68989195261835,0
shopping_net,227.58,Greenview,CA,41.5403,-122.9366,308,Call centre manager,40.95409,-122.801374,11,1,12,62.27515400410677,66.15670091386912,0
kids_pets,71.63,Malad City,ID,42.1808,-112.262,4154,Nature conservation officer,42.419812,-112.678783,21,0,12,58.94045174537988,43.37355688396154,0
food_dining,55.04,Colorado Springs,CO,38.8881,-104.6556,525713,Museum/gallery exhibitions officer,39.064856,-105.515165,18,0,12,28.637919233401774,76.85886067388932,0
misc_net,2.55,Camden,MO,39.2048,-94.0259,464,Colour technologist,38.244206,-93.89709,10,6,12,61.58521560574949,107.39604936018144,0
food_dining,21.17,Kirk,CO,39.6171,-102.4776,207,Network engineer,38.871202,-102.803762,21,0,1,63.1129363449692,87.56676820276387,0
shopping_net,9.23,Glendale,CA,34.1556,-118.2322,172817,Advertising account planner,34.708327,-119.229282,18,1,12,38.417522245037645,110.17934379503524,0
gas_transport,34.69,Manley,NE,40.9207,-96.168,206,Human resources officer,40.604786,-96.249924,9,6,12,53.23203285420944,35.799229112801726,0
shopping_pos,8.88,Arnold,MO,38.4305,-90.387,35439,Land/geomatics surveyor,38.298722,-91.038003,19,6,12,35.742642026009584,58.61875564561015,0
misc_net,26.0,Centerview,MO,38.7897,-93.8702,2368,Electronics engineer,38.424715,-93.033649,3,5,1,29.508555783709788,83.25163423257024,0
shopping_net,5.11,Wheaton,MO,36.7651,-94.0492,760,Production manager,36.969418,-93.673874,15,4,12,35.318275154004105,40.38508014607353,0
kids_pets,16.09,Mound City,MO,40.1362,-95.2138,1631,Architect,39.657212,-95.762855,16,6,1,65.97946611909651,70.92681557435982,0
kids_pets,1.88,Thompson,UT,38.9999,-109.615,46,"""Surveyor, minerals""",38.836705,-109.341248,20,1,1,31.731690622861056,29.836215712028377,0
grocery_pos,29.98,Moriarty,NM,34.9889,-106.0609,7268,"""Therapist, art""",34.365198,-106.585231,1,0,12,32.39972621492129,84.31248831561194,0
misc_net,46.93,Superior,AZ,33.2887,-111.0985,2872,Petroleum engineer,33.387878,-112.00374,3,6,1,31.211498973305957,84.81357256550365,0
home,134.88,Phoenix,AZ,33.8155,-112.1202,1312922,Counselling psychologist,33.304977,-111.14447,20,0,1,19.143052703627653,106.75402276432315,0
home,31.99,Grenada,CA,41.6125,-122.5258,589,Systems analyst,42.138213,-122.136554,20,1,12,75.02258726899385,66.75166152487388,0
kids_pets,76.56,Louisiana,MO,39.4336,-91.0664,4593,"""Teacher, early years/pre""",40.273805,-92.04371,17,2,1,78.1409993155373,125.25132297994443,0
misc_pos,6.02,Norwalk,CA,33.9056,-118.0818,105549,Firefighter,33.548185,-117.853079,18,6,12,47.26351813826147,45.02104561473663,0
personal_care,83.65,Rocky Mount,MO,38.2911,-92.7059,1847,Tax inspector,38.281533,-92.869853,16,3,12,32.18069815195072,14.349239104757237,0
misc_net,761.63,Glendale,CA,34.1556,-118.2322,172817,"""Accountant, chartered""",33.348521,-117.32061,22,5,9,77.95482546201232,123.111684708737,1
home,36.2,Arnold,MO,38.4305,-90.387,35439,Land/geomatics surveyor,38.855111,-89.714164,16,0,1,33.790554414784395,75.12550687172718,0
gas_transport,62.4,Omaha,NE,41.2064,-95.9953,518429,"""Surveyor, land/geomatics""",41.178577,-96.929951,11,1,12,25.22108145106092,78.26708013644972,0
grocery_net,70.92,Littleton,CO,39.5994,-105.0044,320420,Water engineer,40.564981,-104.076586,1,6,1,43.43600273785079,133.26002764029468,0
shopping_net,50.93,Carlotta,CA,40.507,-123.9743,1139,"""Therapist, occupational""",40.169993,-123.658108,4,0,12,69.95208761122518,46.07013792393806,0
shopping_net,1055.28,Honokaa,HI,20.0827,-155.488,4878,Physiotherapist,20.263798,-155.011675,22,0,7,53.6290212183436,53.6391334949603,1
travel,9.68,Arnold,MO,38.4305,-90.387,35439,Land/geomatics surveyor,38.669443,-90.988047,16,2,12,35.75085557837098,58.63319682354126,0
shopping_pos,728.38,Manley,NE,40.9207,-96.168,206,Human resources officer,41.832424,-96.456685,23,5,7,51.81108829568789,104.201170032919,1
shopping_net,7.89,Red River,NM,36.6659,-105.4694,606,"""Surveyor, land/geomatics""",36.315491,-105.920903,17,6,1,30.33264887063655,56.10056668743516,0
shopping_pos,4.76,Superior,AZ,33.2887,-111.0985,2872,Petroleum engineer,33.618453,-111.575189,13,4,1,31.20602327173169,57.44751796312729,0
shopping_net,3.07,Littleton,CO,39.5994,-105.0044,320420,Water engineer,40.483278,-104.566406,19,2,1,43.44421629021218,105.11728793188924,0
kids_pets,75.18,Cascade Locks,OR,45.671,-121.8686,1288,Barrister,45.312039,-122.103297,20,5,12,84.65434633812457,43.90741817174064,0
food_dining,85.43,Burbank,WA,46.1966,-118.9017,3684,Musician,46.797306,-118.888003,18,5,12,39.07460643394935,66.80368720217601,0
misc_net,3.73,High Rolls Mountain Park,NM,32.9396,-105.8189,899,Naval architect,33.022663,-106.194256,3,2,1,51.36208076659822,36.209404487761255,0
shopping_net,9.51,Mountain Center,CA,33.6401,-116.5567,1661,"""Therapist, music""",34.119289,-117.283442,22,1,12,32.276522929500345,85.673860447483,0
shopping_pos,6.86,Red River,NM,36.6659,-105.4694,606,"""Surveyor, land/geomatics""",37.322231,-105.341589,16,0,1,30.37371663244353,73.85811798050554,0
food_dining,11.91,Lowell,OR,43.921,-122.7806,1420,Systems analyst,44.410499,-122.658012,15,6,12,55.12662559890486,55.30109267269749,0
travel,7.4,Honokaa,HI,20.0827,-155.488,4878,Physiotherapist,19.320019,-155.238571,18,3,12,54.07802874743327,88.73504162978205,0
health_fitness,66.24,Manville,WY,42.73,-104.7024,241,Educational psychologist,41.883295,-105.030444,21,0,1,38.05886379192334,97.93762226621357,0
kids_pets,11.15,Paauilo,HI,20.0271,-155.3697,1490,"""Scientist, research (maths)""",20.965633,-154.816771,20,5,1,27.731690622861056,119.19568382205526,0
gas_transport,81.23,Mountain Center,CA,33.6401,-116.5567,1661,"""Therapist, music""",33.213522,-116.352468,2,3,1,30.308008213552363,51.07972045543882,0
shopping_pos,1.21,Smith River,CA,41.9404,-124.1587,1930,Web designer,41.826572,-123.989964,21,2,1,35.57563312799452,18.850192715739773,0
grocery_pos,55.09,San Diego,CA,32.7185,-117.1593,1241364,Comptroller,33.550226,-116.769859,6,1,1,31.12662559890486,99.33848608058187,0
misc_pos,2.47,Manville,WY,42.73,-104.7024,241,Educational psychologist,41.800801,-104.14215,15,2,12,40.03832991101985,113.14023100422982,0
entertainment,278.86,Lakeport,CA,39.047,-122.9328,11256,Podiatrist,38.855611,-123.596358,19,0,1,46.25872689938399,61.19976560642447,0
home,87.58,Laguna Hills,CA,33.615,-117.7114,45303,Sales executive,34.383176,-118.561676,13,4,1,49.054072553045856,115.93017686377073,0
personal_care,73.59,Brainard,NE,41.1832,-96.9882,614,Associate Professor,40.534262,-96.494249,14,0,12,53.52498288843258,83.26138313414188,0
home,73.8,Fullerton,NE,41.366,-98.0054,1749,"""Surveyor, mining""",40.36714,-98.3466,20,4,12,47.63586584531143,114.7138263948904,0
misc_net,1.82,Sixes,OR,42.825,-124.4409,217,Retail merchandiser,43.121419,-125.238385,6,0,1,90.2861054072553,72.77354797401604,0
health_fitness,30.23,Browning,MO,40.029,-93.1607,602,Cytogeneticist,40.121819,-94.146525,17,6,1,64.50102669404518,84.5121487720395,0
shopping_pos,3.96,Smith River,CA,41.9404,-124.1587,1930,Web designer,42.641991,-123.623921,22,0,1,35.58932238193019,89.55973767979968,0
shopping_pos,878.13,Broomfield,CO,39.8854,-105.1139,92337,"""Engineer, electronics""",40.595614,-104.197929,23,1,5,52.58590006844627,110.8193494573958,1
gas_transport,65.26,Parker,CO,39.5102,-104.7216,84861,Materials engineer,39.523215,-104.028924,8,0,1,86.84736481861738,59.435298822149406,0
kids_pets,13.02,Greenview,CA,41.5403,-122.9366,308,Call centre manager,41.973127,-123.553032,23,3,12,62.28062970568104,70.21964623626032,0
shopping_net,1128.66,Kirtland,NM,36.741,-108.351,6910,TEFL teacher,37.46916,-108.8658,23,0,9,64.65434633812457,92.95104728149708,1
health_fitness,5.27,Parks,AZ,35.2563,-111.95,759,"""Geologist, engineering""",34.337072,-112.627921,17,6,12,63.75085557837098,119.49569105085251,0
kids_pets,7.11,Bay City,OR,45.5197,-123.8761,1530,Colour technologist,46.203571,-123.845234,15,4,12,34.08624229979466,76.08053672979393,0
misc_net,1.81,June Lake,CA,37.7773,-119.0825,633,Health service manager,37.562259,-119.582691,4,5,1,91.32375085557835,50.09916954144476,0
shopping_pos,187.37,Tekoa,WA,47.2271,-117.0819,895,Clothing/textile technologist,47.324704,-117.5106,21,4,1,19.59753593429158,34.11447018505947,0
travel,4.47,Corona,CA,33.8419,-117.6043,233717,Wellsite geologist,33.925597,-117.091192,14,6,1,52.64613278576318,48.270984993047946,0
food_dining,15.17,Paradise Valley,AZ,33.5494,-111.9565,17047,Building surveyor,34.144241,-111.620646,3,3,12,85.92197125256673,73.05428665793319,0
gas_transport,87.49,Indian Wells,CA,33.7163,-116.3381,4677,Learning mentor,33.910183,-116.31082,4,2,1,63.66050650239562,21.7056235622992,0
food_dining,2.34,Thompson,UT,38.9999,-109.615,46,"""Surveyor, minerals""",38.159237,-109.958691,18,6,12,33.68104038329911,98.13532139626946,0
grocery_net,70.22,Phoenix,AZ,33.5623,-112.0559,1312922,Contractor,33.269391,-111.182477,3,5,1,37.19917864476386,87.36359782044805,0
misc_pos,40.42,Fiddletown,CA,38.5234,-120.6763,832,Immigration officer,38.585726,-121.038162,11,0,12,33.61259411362081,32.220240676960664,0
travel,508.01,Athena,OR,45.8289,-118.4971,1302,Dealer,45.72346,-118.808523,19,6,1,42.23682409308692,26.84751837325841,0
kids_pets,20.17,Moriarty,NM,34.9889,-106.0609,7268,"""Therapist, art""",34.630637,-105.699715,19,4,10,31.20328542094456,51.713943810322725,1
shopping_pos,1526.91,Palmdale,CA,34.5715,-118.0231,171170,Chemical engineer,35.043491,-117.468909,2,3,1,55.62217659137577,72.90066428806095,0
entertainment,185.69,Phoenix,AZ,33.5623,-112.0559,1312922,Contractor,33.309463,-112.185675,17,1,12,39.181382614647504,30.58464474291647,0
kids_pets,75.1,Broomfield,CO,39.8854,-105.1139,92337,"""Engineer, electronics""",39.010708,-105.951756,14,6,12,53.1937029431896,120.97571835626248,0
misc_pos,9.54,High Rolls Mountain Park,NM,32.9396,-105.8189,899,Naval architect,32.182229,-105.162776,1,6,12,53.327857631759066,104.27467570696346,0
shopping_pos,1055.61,Claremont,CA,34.1092,-117.7183,35705,Wellsite geologist,35.079248,-116.843317,16,0,9,63.29911019849418,134.34646631505802,1
shopping_net,96.15,Athena,OR,45.8289,-118.4971,1302,Dealer,46.024588,-117.686247,8,5,1,42.21492128678987,66.3823743949571,0
grocery_pos,83.71,Manville,WY,42.73,-104.7024,241,Educational psychologist,42.951076,-105.668467,11,1,12,40.03559206023272,82.51319642713118,0
misc_net,759.4,Nelson,NE,40.201,-98.0684,732,Television/film/video producer,39.818414,-97.156936,23,5,10,62.82819986310746,88.5196414519562,1
health_fitness,59.94,Lake Oswego,OR,45.4093,-122.6847,42817,Planning and development surveyor,45.952888,-122.471434,15,5,1,36.62696783025325,62.673685589561686,0
entertainment,3.18,Sutherland,NE,41.1558,-101.136,1789,Insurance broker,41.252088,-100.153658,14,4,1,36.93360711841205,82.87645437219612,0
shopping_pos,5.89,Westerville,NE,41.4193,-99.3844,73,Product designer,41.702212,-99.576801,4,4,1,83.91786447638604,35.29713793411182,0
health_fitness,61.76,Moriarty,NM,34.9889,-106.0609,7268,"""Therapist, art""",34.81768,-106.193695,23,1,1,30.4476386036961,22.563846261010543,0
grocery_pos,299.46,Claremont,CA,34.1092,-117.7183,35705,Wellsite geologist,33.662604,-118.614102,0,0,9,63.29911019849418,96.4549553821136,1
personal_care,49.51,Yellowstone National Park,WY,44.7957,-110.6137,369,Materials engineer,45.08317,-109.769964,23,6,10,77.88637919233402,73.70223612060829,1
personal_care,111.92,Llano,NM,36.1486,-105.6648,247,Architectural technologist,35.3439,-105.349314,15,6,12,59.175906913073234,93.89896760406585,0
shopping_net,5.63,Gardiner,OR,43.7857,-124.1437,260,"""Engineer, maintenance""",43.199284,-123.807264,0,1,1,62.35181382614648,70.62874293765739,0
kids_pets,6.12,Newberg,OR,45.3099,-122.9685,28278,Research scientist (physical sciences),46.248458,-122.690474,21,4,1,41.46748802190281,106.56661734471764,0
shopping_net,932.73,Gardiner,OR,43.7857,-124.1437,260,"""Engineer, maintenance""",44.140302,-124.7273,14,4,2,63.45242984257358,61.12659080596663,1
shopping_net,32.62,Tomales,CA,38.2427,-122.9145,337,Occupational psychologist,38.846913,-122.157372,4,3,1,64.49828884325804,94.07131830756302,0
grocery_net,81.8,Colorado Springs,CO,38.8881,-104.6556,525713,Museum/gallery exhibitions officer,39.781597,-105.58894,10,2,12,28.643394934976044,127.72588745162078,0
misc_pos,39.5,Fort Washakie,WY,43.0048,-108.8964,1645,Freight forwarder,43.933714,-107.924372,7,6,12,44.83504449007529,129.6975865819523,0
personal_care,5.16,Fort Washakie,WY,43.0048,-108.8964,1645,Information systems manager,42.783201,-109.76902,20,5,1,32.91991786447639,75.23527668518085,0
food_dining,116.45,Lagrange,WY,41.6423,-104.1974,635,Product/process development scientist,41.439253,-103.445341,22,0,7,46.04243668720055,66.53936285760113,1
entertainment,161.88,Albuquerque,NM,35.1506,-106.569,641349,Civil Service administrator,34.581933,-105.853173,18,1,1,42.76249144421629,90.90331682669331,0
food_dining,69.71,Albuquerque,NM,35.0561,-106.5506,641349,Charity officer,35.712125,-105.912318,4,6,1,51.969883641341546,93.10939139274132,0
kids_pets,58.19,Phoenix,AZ,33.5623,-112.0559,1312922,Contractor,34.443759,-112.512297,19,3,1,37.21286789869952,106.6612024903536,0
shopping_pos,40.35,Colorado Springs,CO,38.8881,-104.6556,525713,Museum/gallery exhibitions officer,39.168256,-104.868744,15,4,1,26.67488021902806,36.18592618953066,0
health_fitness,74.6,Fort Washakie,WY,43.0048,-108.8964,1645,Freight forwarder,43.737751,-108.456041,19,0,12,44.837782340862425,88.93364547438816,0
shopping_net,14.89,Port Costa,CA,38.046,-122.1866,198,Armed forces training and education officer,37.871249,-121.840289,6,6,1,59.80835044490075,36.04745752429089,0
gas_transport,82.0,Indian Wells,CA,33.7163,-116.3381,4677,Learning mentor,33.448773,-116.880843,6,4,1,63.66598220396988,58.41834042826648,0
food_dining,3.24,Riverton,WY,43.0351,-108.2024,19408,"""Lecturer, higher education""",42.462588,-108.630054,16,0,1,25.36071184120465,72.60859420827201,0
gas_transport,59.45,Vinton,CA,40.0235,-120.7986,128,Education administrator,39.170146,-121.74758,0,6,12,54.847364818617386,124.95870069890184,0
shopping_net,1084.6,Buellton,CA,34.6209,-120.1922,5505,Nature conservation officer,34.069104,-119.606973,23,1,4,87.65776865160849,81.55615948344189,1
shopping_net,4.18,Napa,CA,38.4549,-122.2564,94014,Airline pilot,39.370173,-122.988919,19,4,12,35.34565366187543,119.89353117057269,0
grocery_pos,120.19,Westerville,NE,41.4193,-99.3844,73,Product designer,40.544583,-99.295223,4,6,1,83.9233401779603,97.55171426825945,0
misc_pos,6.39,Coulee Dam,WA,48.0379,-118.9419,1439,"""Pilot, airline""",48.640454,-118.771347,23,0,3,19.485284052019164,68.17650062715721,1
travel,7.26,June Lake,CA,37.7773,-119.0825,633,Health service manager,37.404205,-119.27573,14,6,1,91.36481861738535,44.843864639002994,0
home,44.17,Howells,NE,41.6964,-96.9858,1063,Research scientist (maths),42.291568,-96.006504,20,2,12,92.74469541409994,104.5430893215208,0
shopping_pos,5.92,Corona,CA,33.8419,-117.6043,233717,Wellsite geologist,34.192522,-116.663185,4,1,1,52.65160848733744,95.0975439693293,0
grocery_pos,69.53,Orient,WA,48.8878,-118.2105,149,Special educational needs teacher,48.75708,-118.511748,10,6,12,42.51882272416153,26.413506049035064,0
grocery_pos,147.56,Westerville,NE,41.4193,-99.3844,73,Product designer,42.363575,-100.274863,3,1,12,85.88364134154689,128.2851690602831,0
gas_transport,12.33,Parker,CO,39.5102,-104.7216,84861,Materials engineer,39.987488,-103.992964,1,2,10,87.61943874058863,81.83505715997165,1
home,190.82,Ashford,WA,46.7531,-121.9898,759,Video editor,46.091592,-122.368008,22,4,12,64.27926078028747,79.06268984386877,0
shopping_pos,1.74,Rocky Mount,MO,38.2911,-92.7059,1847,Tax inspector,37.61803,-92.255447,20,0,12,32.172484599589325,84.62312782850981,0
personal_care,14.73,Orient,WA,48.8878,-118.2105,149,Special educational needs teacher,48.839684,-117.76752,13,0,1,40.58590006844627,32.84257424673108,0
kids_pets,45.95,Williamsburg,MO,38.8874,-91.7689,710,Glass blower/designer,39.398452,-91.209276,18,5,1,48.27378507871321,74.55464812111813,0
misc_pos,200.96,Sacramento,CA,38.5662,-121.3286,757530,Magazine features editor,38.437759,-121.469521,12,1,12,41.667351129363446,18.82428298432871,0
misc_pos,19.09,Howells,NE,41.6964,-96.9858,1063,Research scientist (maths),42.276089,-96.676576,4,6,12,92.73648186173854,69.34033810319954,0
personal_care,66.51,Fort Washakie,WY,43.0048,-108.8964,1645,Freight forwarder,42.297063,-109.730027,15,5,12,44.83230663928816,104.12016023715744,0
personal_care,249.03,Issaquah,WA,47.4974,-122.0107,50489,Osteopath,46.635831,-122.882154,19,5,1,34.888432580424364,116.336439681531,0
shopping_net,5.41,Hatch,UT,37.7175,-112.4777,258,Geoscientist,37.084271,-113.361656,6,1,1,57.14168377823409,105.14087093156525,0
grocery_pos,286.62,Louisiana,MO,39.4336,-91.0664,4593,"""Teacher, early years/pre""",39.00411,-91.605984,1,3,4,79.46611909650925,66.64392425342594,1
shopping_net,70.86,Issaquah,WA,47.4974,-122.0107,50489,Osteopath,47.862085,-122.694385,18,1,12,36.83230663928816,65.30023705688666,0
entertainment,444.32,Williamsburg,MO,38.8874,-91.7689,710,Glass blower/designer,38.909501,-92.335997,22,4,8,48.92265571526352,49.13718112764472,1
grocery_pos,348.36,Lowell,OR,43.921,-122.7806,1420,Systems analyst,43.482349,-123.481414,2,2,2,53.256673511293634,74.51753292696796,1
grocery_pos,338.93,Corona,CA,33.8419,-117.6043,233717,Wellsite geologist,33.657321,-117.158468,4,4,5,54.00136892539357,46.04671869082154,1
health_fitness,8.21,Luray,MO,40.4931,-91.8912,519,Town planner,40.444283,-91.985369,13,6,12,54.86926762491444,9.639643795949482,0
gas_transport,40.82,Luray,MO,40.4931,-91.8912,519,Town planner,40.283543,-92.8022,6,0,1,52.89801505817933,80.59753403493377,0
misc_pos,48.62,Arnold,MO,38.4305,-90.387,35439,Land/geomatics surveyor,38.98982,-90.276157,17,1,1,33.79329226557152,62.93276456311458,0
grocery_net,73.28,Utica,MO,39.7417,-93.6289,271,Land/geomatics surveyor,39.532801,-93.934745,11,3,1,46.72963723477071,35.00668490514096,0
grocery_pos,103.81,Iliff,CO,40.7692,-103.0968,648,Community arts worker,41.339717,-102.612124,4,2,1,49.28131416837783,75.33951513490209,0
gas_transport,68.3,Sutherland,NE,41.1558,-101.136,1789,Insurance broker,40.258827,-100.948562,6,0,1,36.9034907597536,100.98238800429117,0
shopping_pos,911.88,Westfir,OR,43.7575,-122.481,597,Forensic psychologist,43.45003,-123.098151,14,4,11,58.45311430527036,60.317545844053065,1
misc_net,43.07,Tekoa,WA,47.2271,-117.0819,895,Clothing/textile technologist,46.570417,-116.267455,13,6,12,21.57700205338809,95.71222568397692,0
home,55.96,Laramie,WY,41.4247,-105.4781,35371,"""Pilot, airline""",40.539478,-105.761322,12,0,1,30.38466803559206,101.26244414709782,0
misc_net,2.13,Roseland,NE,40.4591,-98.5551,463,"""Nurse, mental health""",41.163806,-98.911408,8,6,12,72.57494866529774,83.90120198321422,0
shopping_pos,67.68,Browning,MO,40.029,-93.1607,602,Cytogeneticist,40.476568,-92.469512,6,1,1,64.48733744010951,76.92437137795855,0
grocery_net,50.35,Woods Cross,UT,40.8874,-111.9027,13983,Insurance broker,40.582203,-112.805505,3,1,12,41.37713894592745,83.29355901525133,0
shopping_net,2.68,Manley,NE,40.9207,-96.168,206,Human resources officer,40.89203,-95.928549,11,1,1,51.28268309377139,20.374167972247115,0
misc_net,6.0,Pueblo,CO,38.2352,-104.66,151815,Further education lecturer,38.864188,-104.397145,4,6,12,32.98015058179329,73.58078919703627,0
grocery_pos,90.99,Fort Washakie,WY,43.0048,-108.8964,1645,Freight forwarder,42.704488,-108.548732,10,0,1,42.90212183436002,43.797940554226784,0
personal_care,6.86,Ashford,WA,46.7531,-121.9898,759,Video editor,47.191597,-121.168739,22,2,1,62.338124572210816,79.1089375338668,0
entertainment,7.58,Red River,NM,36.6659,-105.4694,606,"""Surveyor, land/geomatics""",35.919509,-106.054868,23,3,12,32.2984257357974,98.19023025014629,0
home,62.25,Oakland,CA,37.7878,-122.1884,381459,Barista,37.822575,-122.693797,17,3,1,45.01848049281314,44.56968275841297,0
food_dining,8.91,Centerview,MO,38.7897,-93.8702,2368,Electronics engineer,39.124233,-94.306533,15,6,1,29.472963723477072,52.98248868806296,0
personal_care,177.46,American Fork,UT,40.3928,-111.7941,42384,Futures trader,41.298285,-110.879218,21,5,1,26.036960985626283,126.72559012697374,0
food_dining,44.07,Westerville,NE,41.4193,-99.3844,73,Product designer,40.527963,-99.28311,17,6,1,83.90417522245038,99.47625814383434,0
shopping_pos,1.33,Superior,AZ,33.2887,-111.0985,2872,Petroleum engineer,32.70151,-110.25414,16,6,1,31.211498973305957,102.29311964257651,0
personal_care,74.91,Sun City,CA,33.7467,-117.1721,54287,"""Designer, exhibition/display""",32.934153,-117.956428,22,1,12,48.26830937713895,116.0673508866364,0
kids_pets,33.72,Kansas City,MO,38.9621,-94.5959,545147,Counsellor,38.421155,-95.430643,23,5,12,33.106091718001366,94.16229684762526,0
food_dining,145.09,Norwalk,CA,33.9056,-118.0818,105549,Firefighter,33.069252,-117.341469,20,1,1,45.31416837782341,115.59429673125298,0
home,58.46,Spirit Lake,ID,47.9657,-116.868,4161,Production manager,47.743678,-117.081482,20,6,12,63.54277891854894,29.380296176162435,0
gas_transport,69.44,Carlotta,CA,40.507,-123.9743,1139,"""Therapist, occupational""",41.412529,-123.368301,7,6,1,68.01368925393567,112.81738105628165,0
grocery_pos,328.16,Humboldt,AZ,34.5189,-112.2523,1179,"""Civil engineer, contracting""",33.882956,-111.885046,1,5,9,64.64887063655031,78.36549706250773,1
travel,2.91,Tekoa,WA,47.2271,-117.0819,895,Clothing/textile technologist,47.099805,-116.987413,15,2,12,21.58521560574949,15.854976510228136,0
kids_pets,109.06,Powell Butte,OR,44.2415,-121.0113,2016,Local government officer,43.729748,-120.13096,12,1,1,65.01848049281314,90.54663034522125,0
food_dining,36.6,Moab,UT,38.5677,-109.5271,9772,Location manager,37.666227,-108.754492,14,1,1,29.10335386721424,120.89669235203183,0
food_dining,11.91,Lakeport,CA,39.047,-122.9328,11256,Podiatrist,39.03641,-122.863129,20,5,1,46.21492128678987,6.131190052080983,0
grocery_pos,259.65,Helm,CA,36.4992,-120.0936,123,Early years teacher,35.827576,-120.45237,22,1,9,46.58726899383984,81.32998295103529,1
kids_pets,3.97,Paradise Valley,AZ,33.5494,-111.9565,17047,Building surveyor,32.70832,-111.707814,19,4,1,83.96988364134155,96.34809089220616,0
shopping_net,6.52,Carlotta,CA,40.507,-123.9743,1139,"""Therapist, occupational""",41.141127,-123.269624,5,6,12,69.94934976043805,92.12779980932892,0
grocery_pos,161.33,Issaquah,WA,47.4974,-122.0107,50489,Osteopath,47.560809,-122.478065,3,3,12,36.837782340862425,35.791318757902964,0
grocery_pos,204.98,Burbank,WA,46.1966,-118.9017,3684,Musician,45.554693,-119.071559,3,6,12,39.07734428473648,72.57793828700288,0
food_dining,63.55,Kansas City,MO,38.9621,-94.5959,545147,Counsellor,39.159426,-93.626224,15,5,1,31.17043121149897,86.54919137735686,0
shopping_pos,80.89,Colton,WA,46.5901,-117.1692,761,Chief Marketing Officer,47.350784,-116.447448,10,0,12,77.49760438056126,100.7639991163352,0
shopping_pos,8.59,Kirk,CO,39.6171,-102.4776,207,Network engineer,40.202296,-101.737302,5,1,12,65.07049965776865,90.66976080270707,0
shopping_net,8.06,Redford,MO,37.3272,-91.0243,241,Investment analyst,36.563419,-90.11455,19,4,12,46.16290212183436,117.2557208242634,0
kids_pets,124.68,Vancouver,WA,45.6892,-122.6616,299480,Teaching laboratory technician,44.972877,-123.137947,13,0,1,34.03148528405202,87.92521332809916,0
misc_net,42.84,Port Costa,CA,38.046,-122.1866,198,Armed forces training and education officer,37.813812,-121.963732,0,0,12,61.74674880219028,32.38298978185941,0
shopping_pos,7.4,Conway,WA,48.34,-122.3456,85,"""Research officer, political party""",48.276525,-123.328178,16,3,1,34.35728952772074,73.01121099536192,0
health_fitness,1.41,Luray,MO,40.4931,-91.8912,519,Town planner,40.145584,-91.04302,14,1,12,54.87474332648871,81.63360784507616,0
personal_care,47.82,Meridian,ID,43.6498,-116.4306,84106,Intelligence analyst,44.605672,-116.364715,13,0,12,49.87816563997262,106.4181094261248,0
health_fitness,116.57,Ruidoso,NM,33.3305,-105.6933,8874,Licensed conveyancer,32.413091,-105.088749,17,0,12,20.366872005475702,116.5925816364586,0
health_fitness,75.33,Kissee Mills,MO,36.6704,-93.0377,1201,"""Engineer, agricultural""",36.681997,-93.5671,21,1,1,38.789869952087614,47.2299589834787,0
