category,amt,city,state,lat,long,city_pop,job,merch_lat,merch_long,trans_hour,trans_dayofweek,trans_month,customer_age,merchant_distance_km,is_fraud
kids_pets,25.575000000000003,Issaquah,WA,47.4974,-122.0107,50489,Osteopath,48.186298,-122.079857,18,2,12,36.83504449007529,76.7756358664609,0
health_fitness,115.455,Santa Monica,CA,34.0287,-118.4924,92043,"""Civil engineer, contracting""",33.912334,-118.181708,21,6,1,57.738535249828885,31.437313750992924,0
personal_care,257.565,Laguna Hills,CA,33.615,-117.7114,45303,Sales executive,33.544797,-116.796852,17,3,12,51.02532511978097,85.08066239837771,0
kids_pets,37.38,Sun City,CA,33.7467,-117.1721,54287,"""Designer, exhibition/display""",34.43631,-117.930864,19,4,12,48.257357973990416,103.73908276214016,0
shopping_pos,2.205,Red River,NM,36.6659,-105.4694,606,"""Surveyor, land/geomatics""",36.973062,-105.777026,18,4,12,32.30116358658453,43.77657927519567,0
grocery_pos,431.79,Valentine,NE,42.8062,-100.6215,4005,Network engineer,43.098764,-101.273137,1,5,9,74.48049281314168,62.21630165399659,1
health_fitness,97.27499999999999,Burlington,WA,48.4786,-122.3345,14871,Public house manager,49.162802,-122.844867,12,6,12,46.80082135523614,84.75975812418646,0
home,85.65,Issaquah,WA,47.4974,-122.0107,50489,Osteopath,47.237816,-122.411757,15,6,12,36.82683093771389,41.77844248600659,0
food_dining,13.155,Altonah,UT,40.3207,-110.436,302,"""Sales professional, IT""",40.7736,-109.817509,23,0,12,30.94592744695414,72.57451489226719,0
entertainment,109.455,Lonetree,WY,41.0552,-110.1603,49,Research scientist (physical sciences),40.775539,-110.923086,18,4,12,39.47433264887064,71.23999245104802,0
gas_transport,64.005,Blairstown,MO,38.5319,-93.9221,467,Agricultural consultant,38.719345,-94.579191,0,3,12,70.59822039698837,60.76766039784443,0
kids_pets,120.21000000000001,Newhall,CA,34.3795,-118.523,34882,Health physicist,35.290871,-119.462635,21,3,1,47.71252566735113,132.75529648128273,0
food_dining,59.565,Carlotta,CA,40.507,-123.9743,1139,"""Therapist, occupational""",40.847277,-123.625863,16,5,1,67.9917864476386,47.90645639385217,0
grocery_pos,550.92,American Fork,UT,40.3928,-111.7941,42384,Futures trader,39.571072,-110.913889,8,4,8,26.590006844626966,118.20726931597385,1
home,128.745,Meadville,MO,39.7795,-93.3014,964,Tourist information centre manager,39.682646,-94.042874,12,4,1,44.05201916495551,64.31490664415189,0
grocery_pos,156.84,Norwalk,CA,33.9056,-118.0818,105549,Firefighter,34.78363,-117.764342,5,4,1,45.3223819301848,101.88976043800416,0
misc_net,129.39000000000001,Carroll,NE,42.277,-97.1926,566,Metallurgist,42.299142,-96.42205,0,5,1,43.94250513347023,63.43210409613057,0
grocery_pos,149.505,Gardiner,OR,43.7857,-124.1437,260,"""Engineer, maintenance""",43.799688,-123.83318,9,4,1,62.34086242299794,24.97263408236473,0
grocery_pos,178.605,Kent,OR,45.0838,-120.6649,60,Museum education officer,45.299846,-120.74805,3,2,1,76.78850102669405,24.891195163901887,0
home,12.419999999999998,Monitor,WA,47.4852,-120.4158,584,Medical technical officer,46.736805,-121.373908,18,3,12,51.76454483230664,110.37221483344844,0
shopping_pos,11.385,Matthews,MO,36.7154,-89.6287,1019,Aeronautical engineer,36.290729,-88.998914,16,3,12,41.93018480492813,73.47436598463722,0
misc_net,987.2549999999999,Claremont,CA,34.1092,-117.7183,35705,Wellsite geologist,33.468022,-117.494752,23,6,9,63.29637234770705,74.22843603630625,1
kids_pets,24.464999999999996,Newhall,CA,34.3795,-118.523,34882,Health physicist,33.89204,-117.59413,21,3,1,47.71252566735113,101.22477725669656,0
gas_transport,72.09,Shedd,OR,44.453,-123.1065,917,Radio broadcast assistant,44.146573,-122.798668,11,6,12,25.472963723477072,41.96562373986108,0
personal_care,92.32499999999999,Loving,NM,32.274,-104.0914,1925,Educational psychologist,33.150109,-104.63792,14,0,1,66.63655030800821,110.02177139667604,0
kids_pets,124.51500000000001,Spirit Lake,ID,47.9657,-116.868,4161,Production manager,47.8883,-116.431587,14,5,12,63.540041067761805,33.63640711467682,0
grocery_net,64.57499999999999,Norwalk,CA,33.9056,-118.0818,105549,Firefighter,33.628133,-118.632582,11,3,1,45.31964407939768,59.5313532522257,0
gas_transport,17.64,Pleasant Hill,MO,38.7859,-94.244,12866,Information officer,39.177793,-94.570862,0,3,12,73.52224503764545,51.93390142164115,1
gas_transport,99.60000000000001,Rocky Mount,MO,38.2911,-92.7059,1847,Tax inspector,38.515773,-93.436614,9,5,1,30.21218343600274,68.3987546933329,0
gas_transport,83.985,Glendale,CA,34.1556,-118.2322,172817,Advertising account planner,33.778002,-119.013484,4,1,1,36.42436687200548,83.39142398313767,0
shopping_pos,12.315000000000001,Grenada,CA,41.6125,-122.5258,589,Systems analyst,40.841138,-122.483543,9,4,1,73.056810403833,85.84431008624429,0
misc_pos,82.17,Altonah,UT,40.3207,-110.436,302,"""Sales professional, IT""",40.281693,-110.081717,21,4,1,29.00205338809035,30.355832697807763,0
shopping_net,1722.1349999999998,Glendale,CA,34.1556,-118.2322,172817,Advertising account planner,33.877454,-118.317885,23,5,1,36.473648186173854,31.920756674520234,0
grocery_pos,453.70500000000004,Buellton,CA,34.6209,-120.1922,5505,Nature conservation officer,33.839538,-120.422469,1,1,4,87.65776865160849,89.42525246514315,1
kids_pets,301.15500000000003,Fort Washakie,WY,43.0048,-108.8964,1645,Information systems manager,42.667971,-108.563859,23,1,1,32.889801505817935,46.23847546547401,0
grocery_net,60.285,Orient,WA,48.8878,-118.2105,149,Special educational needs teacher,49.807705,-117.388555,11,3,12,42.52977412731006,118.35438430354716,0
health_fitness,126.81,Daly City,CA,37.6787,-122.478,107941,"""Buyer, industrial""",37.306357,-122.829992,12,5,12,29.229295003422312,51.75486340981617,0
shopping_pos,1737.2400000000002,Campbell,NE,40.2967,-98.737,493,"""Surveyor, minerals""",39.787016,-98.745168,23,4,5,78.67214236824093,56.67854015107919,1
misc_pos,11.76,Glendale,CA,34.1556,-118.2322,172817,"""Accountant, chartered""",33.847169,-119.038331,22,4,9,77.95208761122518,81.84372505316581,1
shopping_net,6.18,Norwalk,CA,33.9056,-118.0818,105549,Firefighter,34.386819,-118.389412,22,0,12,47.2662559890486,60.53568918869903,0
grocery_pos,428.82,San Diego,CA,32.7185,-117.1593,1241364,Comptroller,32.297113,-117.660065,1,1,1,31.16495550992471,66.3364903414205,1
gas_transport,102.97500000000001,Redford,MO,37.3272,-91.0243,241,Investment analyst,36.63393,-91.998016,6,4,12,46.16290212183436,115.85837257735608,0
grocery_pos,271.03499999999997,Littleton,CO,39.5994,-105.0044,320420,Water engineer,39.359554,-104.711468,5,6,1,43.43600273785079,36.651703169341744,0
home,27.525000000000002,San Diego,CA,33.0067,-117.069,1241364,"""Pharmacist, hospital""",33.579108,-117.338328,16,1,1,58.85557837097878,68.3944641609648,0
home,97.125,Unionville,MO,40.4815,-92.9951,3805,"""Investment banker, corporate""",40.259567,-92.953913,22,1,1,68.29568788501027,24.92327236258268,0
home,43.185,Hawthorne,CA,33.9143,-118.3493,93193,"""Editor, magazine features""",33.844886,-117.608085,23,4,12,25.68651608487337,68.85923412272632,0
food_dining,204.885,Port Costa,CA,38.046,-122.1866,198,Armed forces training and education officer,37.359362,-121.593036,23,3,12,61.73579739904175,92.49995147245356,0
shopping_pos,141.04500000000002,Blairsden-Graeagle,CA,39.8127,-120.6405,1725,Chartered legal executive (England and Wales),39.80068,-120.373539,8,6,1,51.61396303901437,22.84318020847589,0
food_dining,56.295,Weeping Water,NE,40.8731,-96.1528,1517,Dealer,41.853409,-95.560645,22,5,1,67.15947980835044,119.68364566385247,0
shopping_pos,146.49,Sprague,NE,40.6267,-96.7456,142,Chiropodist,41.547131,-96.213249,2,1,12,53.34976043805612,111.64851135536576,0
shopping_pos,205.32,Greenview,CA,41.5403,-122.9366,308,Call centre manager,41.101278,-122.549619,5,6,12,62.26967830253251,58.5445156471412,0
personal_care,165.285,Altonah,UT,40.3207,-110.436,302,"""Sales professional, IT""",40.703679,-110.131193,22,5,1,28.985626283367555,49.77427062189271,0
personal_care,96.85499999999999,Daly City,CA,37.6787,-122.478,107941,"""Buyer, industrial""",37.315189,-122.266147,18,6,1,27.2580424366872,44.53231876521592,0
travel,833.4300000000001,Dumont,CO,39.7532,-105.6356,565,Mental health nurse,39.735689,-106.149333,20,1,1,40.3668720054757,43.966326120656376,0
shopping_pos,213.06,Helm,CA,36.4992,-120.0936,123,Early years teacher,36.396593,-120.789394,4,0,12,47.88774811772758,63.27225994792936,0
entertainment,13.424999999999999,Meredith,CO,39.3199,-106.6596,61,Public relations account executive,39.320942,-105.824186,4,4,12,81.14168377823408,71.86381933528794,0
grocery_net,66.81,Burbank,WA,46.1966,-118.9017,3684,Musician,46.752533,-119.254857,0,2,1,37.11156741957564,67.4735130026056,0
grocery_net,124.64999999999999,Meridian,ID,43.6498,-116.4306,84106,Intelligence analyst,43.080802,-116.606894,8,6,1,47.93976728268309,64.8547929749128,0
food_dining,83.42999999999999,Arnold,MO,38.4305,-90.387,35439,Land/geomatics surveyor,38.196855,-89.646206,19,5,12,35.73990417522245,69.65774907609557,0
misc_net,4.365,Blairstown,MO,38.5319,-93.9221,467,Agricultural consultant,38.742702,-93.093334,1,2,1,68.60232717316906,75.70319490061094,0
grocery_pos,93.855,Arnold,MO,38.4305,-90.387,35439,Land/geomatics surveyor,37.441497,-90.174044,10,0,12,35.74537987679671,111.54657071646966,0
grocery_pos,166.59,Mendon,UT,41.71,-111.9817,2078,"""Scientist, audiological""",42.423281,-111.546176,4,6,12,57.541409993155376,87.08057947656326,0
misc_net,1137.78,Espanola,NM,35.9866,-106.0654,18408,Historic buildings inspector/conservation officer,36.469967,-106.467224,0,3,5,47.80287474332649,64.713905567184,1
gas_transport,107.94,Manville,WY,42.73,-104.7024,241,Educational psychologist,43.0363,-103.938242,4,6,12,40.03011635865845,70.96798836313012,0
shopping_pos,164.22,Redford,MO,37.3272,-91.0243,241,Investment analyst,37.305841,-90.744234,19,4,1,44.20807665982204,24.88073215483183,0
health_fitness,12.51,Wales,AK,64.7556,-165.6723,145,"""Administrator, education""",65.555525,-165.743491,17,0,12,81.13620807665983,89.00974860459061,0
shopping_net,1563.285,Kirk,CO,39.6171,-102.4776,207,Network engineer,39.312693,-103.16589,22,4,5,64.40793976728268,68.09397042365077,1
home,128.10000000000002,Dumont,CO,39.7532,-105.6356,565,Mental health nurse,40.300169,-105.746434,21,4,1,40.35592060232717,61.54796698895861,0
misc_pos,26.07,Independence,MO,39.1412,-94.3515,123373,"""Engineer, production""",38.593555,-95.333758,8,1,1,26.132785763175907,104.59387926368682,0
entertainment,118.56,Jordan Valley,OR,42.8801,-117.281,641,Economist,43.628308,-117.472283,15,1,1,25.10335386721424,84.62678832990768,0
kids_pets,21.81,Cascade Locks,OR,45.671,-121.8686,1288,Barrister,45.672881,-121.531571,23,3,1,82.69404517453799,26.187699814329587,0
gas_transport,84.345,Ruidoso,NM,33.3305,-105.6933,8874,Licensed conveyancer,34.043937,-106.192065,11,0,1,18.431211498973305,91.77598570427855,0
kids_pets,37.785000000000004,Phoenix,AZ,33.5623,-112.0559,1312922,Contractor,33.841815,-111.05691,23,2,1,37.19096509240247,97.49944976106922,0
grocery_pos,79.05000000000001,Espanola,NM,35.9866,-106.0654,18408,Historic buildings inspector/conservation officer,35.804611,-105.826592,8,6,12,48.4435318275154,29.53367330207387,0
entertainment,68.49,Indian Wells,CA,33.7163,-116.3381,4677,Learning mentor,34.546065,-116.789942,0,6,1,63.67145790554415,101.20514660972616,0
personal_care,23.82,Glendale,CA,34.1556,-118.2322,172817,Advertising account planner,34.970303,-118.895677,12,4,1,36.47091033538672,109.07615607541466,0
shopping_pos,1256.31,Sprague,NE,40.6267,-96.7456,142,Chiropodist,41.10998,-95.958421,20,4,7,52.87885010266941,85.25864599425176,1
kids_pets,176.82,Blairstown,MO,38.5319,-93.9221,467,Agricultural consultant,37.606012,-93.311789,23,4,12,70.58179329226557,115.9904136051788,0
home,173.47500000000002,Phoenix,AZ,33.5623,-112.0559,1312922,Contractor,32.598581,-111.558408,20,5,12,39.17316906228611,116.75517588771648,0
home,4.8149999999999995,Sutherland,NE,41.1558,-101.136,1789,Insurance broker,41.815518,-100.866348,21,6,12,38.87474332648871,76.71895202587088,0
home,319.95000000000005,Matthews,MO,36.7154,-89.6287,1019,Aeronautical engineer,36.060126,-89.131928,21,1,9,40.62149212867899,85.36037060876129,1
kids_pets,78.03,Clarksville,MO,39.3465,-90.9362,1146,Exercise physiologist,39.281385,-91.688712,12,3,1,89.76043805612593,65.14201799879936,0
shopping_pos,190.125,Meadville,MO,39.7795,-93.3014,964,Tourist information centre manager,40.319098,-92.579534,3,6,1,44.0766598220397,85.87993452066307,0
personal_care,53.80499999999999,Moab,UT,38.5677,-109.5271,9772,Location manager,39.119082,-110.066371,12,3,12,31.10198494182067,77.07284397602254,0
gas_transport,90.225,Yellowstone National Park,WY,44.7957,-110.6137,369,Materials engineer,45.68706,-109.891525,7,1,1,77.12525667351129,114.10739823763736,0
home,18.975,Syracuse,MO,38.6547,-92.8929,628,"""Radiographer, diagnostic""",38.382935,-93.834741,15,6,12,59.02532511978097,87.33368089403575,0
shopping_pos,10.11,Rocky Mount,MO,38.2911,-92.7059,1847,Tax inspector,37.684026,-93.099472,20,4,1,30.190280629705683,75.80484889336411,0
health_fitness,4.83,Altonah,UT,40.3207,-110.436,302,"""Sales professional, IT""",40.192585,-110.16026,18,0,1,29.010266940451743,27.3944751287443,0
shopping_net,5.61,Lakeport,CA,39.047,-122.9328,11256,Podiatrist,39.348165,-122.175162,17,3,1,46.247775496235455,73.37502668509792,0
personal_care,27.825000000000003,San Diego,CA,33.0067,-117.069,1241364,Chartered public finance accountant,32.611679,-116.922245,17,2,12,61.40451745379877,46.01580643447683,0
home,143.98499999999999,Fiddletown,CA,38.5234,-120.6763,832,Immigration officer,39.019655,-119.839781,23,1,12,33.61533196440794,91.12638930605802,0
health_fitness,111.21000000000001,Fiddletown,CA,38.5234,-120.6763,832,Immigration officer,38.080364,-120.457712,17,1,12,33.61533196440794,52.827050574996434,0
grocery_pos,179.52,Lowell,OR,43.921,-122.7806,1420,Systems analyst,43.368614,-122.878684,0,5,12,55.12388774811773,61.92747320344964,0
kids_pets,77.67,Fiddletown,CA,38.5234,-120.6763,832,Immigration officer,38.178471,-120.360422,14,6,12,33.609856262833674,47.22059165000899,0
shopping_net,18.54,Gardiner,OR,43.7857,-124.1437,260,"""Engineer, maintenance""",44.55837,-124.704357,7,1,12,64.32580424366871,96.85574707409168,0
health_fitness,18.72,Greenview,CA,41.5403,-122.9366,308,Call centre manager,42.38853,-122.08646,21,3,12,62.28062970568104,117.6279721062705,0
shopping_pos,10.965,Meredith,CO,39.3199,-106.6596,61,Public relations account executive,39.916145,-107.248718,5,0,12,81.14989733059548,83.31763450351826,0
shopping_net,165.03,Burbank,WA,46.1966,-118.9017,3684,Musician,46.083705,-118.188613,14,1,12,39.082819986310746,56.356611968482326,0
home,50.25,Carlotta,CA,40.507,-123.9743,1139,"""Therapist, occupational""",40.654315,-123.90736,22,1,12,69.95482546201232,17.328737798967165,0
shopping_net,9.855,Paauilo,HI,20.0271,-155.3697,1490,"""Scientist, research (maths)""",19.571576,-155.898594,18,2,12,29.71663244353183,75.01612173331692,0
health_fitness,103.57499999999999,Colton,WA,46.5901,-117.1692,761,Chief Marketing Officer,45.74751,-116.264893,13,1,12,77.5003422313484,116.73516868505956,0
home,76.44,Independence,MO,39.1412,-94.3515,123373,"""Engineer, production""",39.728784,-93.49938,23,2,1,26.09719370294319,98.10247818761393,0
gas_transport,108.01500000000001,Newberg,OR,45.3099,-122.9685,28278,Research scientist (physical sciences),46.020281,-122.377467,3,0,1,41.49486652977413,91.3719769691522,0
gas_transport,30.450000000000003,Mesa,ID,44.6255,-116.4493,129,Cartographer,43.846744,-117.39462,10,0,4,53.36892539356605,114.76029018018583,1
misc_net,184.785,Lake Oswego,OR,45.4093,-122.6847,42817,Planning and development surveyor,45.009594,-122.888368,6,1,12,38.59000684462697,47.222278428607545,0
shopping_net,148.26,Alva,WY,44.6873,-104.4414,110,"""Administrator, local government""",43.713272,-104.429041,9,6,1,45.68104038329911,108.31145251382502,0
kids_pets,55.785,Sutherland,NE,41.1558,-101.136,1789,Insurance broker,41.607599,-100.410871,18,2,1,36.90896646132786,78.63761625251932,0
grocery_pos,404.46,Seattle,WA,47.6633,-122.3022,837792,"""Development worker, international aid""",48.248724,-121.793531,1,5,11,62.61190965092403,75.31457309885386,1
gas_transport,105.81,Wheaton,MO,36.7651,-94.0492,760,Production manager,36.33507,-95.047743,2,0,12,35.3264887063655,101.20464279478284,0
misc_pos,6.51,Thompson,UT,38.9999,-109.615,46,"""Surveyor, minerals""",39.753388,-108.706739,20,3,12,33.67282683093772,114.5163653202074,0
grocery_net,57.42,Rock Springs,WY,41.606,-109.23,27971,Music therapist,41.196945,-109.132463,1,2,12,36.41341546885695,46.20662116360638,0
grocery_net,165.195,Burbank,WA,46.1966,-118.9017,3684,Musician,46.871007,-119.361706,2,5,12,39.07460643394935,82.83539212024696,0
food_dining,325.755,Campbell,NE,40.2967,-98.737,493,"""Surveyor, minerals""",39.460112,-98.055226,13,6,1,78.35181382614647,109.71729648380963,0
kids_pets,248.64,Superior,AZ,33.2887,-111.0985,2872,Petroleum engineer,32.77919,-111.559307,14,5,1,31.189596167008897,71.09856272944519,0
misc_net,47.835,American Fork,UT,40.3928,-111.7941,42384,Futures trader,41.340016,-112.343646,9,3,12,28.005475701574262,115.01649116232856,0
home,89.475,Sutherland,NE,41.1558,-101.136,1789,Insurance broker,41.022703,-100.611772,17,6,12,38.87474332648871,46.35922020239661,0
gas_transport,71.64,Camden,MO,39.2048,-94.0259,464,Colour technologist,38.91306,-93.563038,11,6,1,59.611225188227245,51.47349694134008,0
shopping_net,134.175,Fiddletown,CA,38.5234,-120.6763,832,Immigration officer,39.15911,-121.175845,9,6,1,31.67419575633128,82.87658764016405,0
food_dining,20.1,Independence,MO,39.1412,-94.3515,123373,"""Engineer, production""",39.414673,-94.257061,21,4,1,26.12183436002738,31.476533240018245,0
personal_care,35.43,Napa,CA,38.4549,-122.2564,94014,Airline pilot,38.856344,-121.351945,12,0,12,35.35386721423682,90.33585409843342,0
misc_pos,9.435,Moriarty,NM,34.9889,-106.0609,7268,"""Therapist, art""",35.313051,-105.44511,20,2,12,32.40520191649555,66.58494577201857,0
health_fitness,26.339999999999996,Llano,NM,36.1486,-105.6648,247,Architectural technologist,36.613138,-104.83968,21,5,1,57.23750855578371,90.1349658264797,0
gas_transport,75.15,Carlotta,CA,40.507,-123.9743,1139,"""Therapist, occupational""",39.821158,-124.754975,10,1,12,69.95482546201232,101.07649098533102,0
shopping_pos,1576.965,Sutherland,NE,41.1558,-101.136,1789,Insurance broker,42.080129,-101.566291,2,5,8,38.48870636550308,108.8265560371418,1
kids_pets,72.465,Newhall,CA,34.3795,-118.523,34882,Health physicist,35.200044,-118.365529,22,6,1,47.7015742642026,92.36653074461977,0
misc_pos,220.965,Burbank,WA,46.1966,-118.9017,3684,Musician,46.258152,-119.31703,3,0,1,37.14442162902122,32.67387380790673,0
shopping_pos,91.125,Meridian,ID,43.6498,-116.4306,84106,Intelligence analyst,43.17221,-117.343541,20,0,1,47.94250513347023,90.87501945363024,0
misc_net,30.03,Unionville,MO,40.4815,-92.9951,3805,"""Investment banker, corporate""",40.761089,-92.040368,0,5,1,68.30663928815879,86.36830077841323,0
shopping_net,14.924999999999999,Moab,UT,38.5677,-109.5271,9772,Location manager,39.414781,-110.498449,22,1,1,29.10335386721424,126.17047084420392,0
travel,4.785,Norwalk,CA,33.9056,-118.0818,105549,Firefighter,34.85876,-117.580457,22,6,1,45.327857631759066,115.540873862952,0
personal_care,96.84,Red River,NM,36.6659,-105.4694,606,"""Surveyor, land/geomatics""",37.488755,-104.895133,18,2,1,30.360027378507876,104.72374631357272,0
grocery_pos,306.28499999999997,Lake Oswego,OR,45.4093,-122.6847,42817,Planning and development surveyor,45.195711,-123.453103,4,0,1,36.65160848733744,64.61955606824122,0
kids_pets,41.55,Riverton,WY,43.0351,-108.2024,19408,"""Lecturer, higher education""",42.939571,-107.989348,15,3,1,25.349760438056126,20.326026820915686,0
grocery_pos,158.23499999999999,Nelson,NE,40.201,-98.0684,732,Television/film/video producer,40.980013,-98.121802,7,1,1,62.06981519507187,86.73957428834248,0
home,16.59,Utica,MO,39.7417,-93.6289,271,Land/geomatics surveyor,40.004795,-93.726656,17,3,1,46.71047227926078,30.4210275116256,0
gas_transport,95.895,Holstein,NE,40.4542,-98.6538,331,Telecommunications researcher,40.752962,-98.500099,8,2,12,70.36550308008214,35.66502318730085,0
home,216.315,Laramie,WY,41.4247,-105.4781,35371,"""Pilot, airline""",41.081761,-105.905642,21,0,12,32.32032854209446,52.26414385409403,0
entertainment,22.005,Camden,MO,39.2048,-94.0259,464,Colour technologist,39.112175,-93.112713,0,0,12,61.58795345653662,79.40612900513055,0
home,109.965,North Loup,NE,41.4972,-98.7858,509,"""Nurse, children's""",41.774415,-98.022688,16,5,1,38.30527036276523,70.51267657056502,0
grocery_pos,187.05,Meadville,MO,39.7795,-93.3014,964,Tourist information centre manager,40.388165,-93.58892,9,0,1,44.04106776180698,71.96501777959244,0
travel,13.919999999999998,Tekoa,WA,47.2271,-117.0819,895,Clothing/textile technologist,46.373809,-117.909614,15,2,12,21.58521560574949,113.89297601760876,0
shopping_pos,5.67,Hawthorne,CA,33.9143,-118.3493,93193,"""Editor, magazine features""",33.421189,-118.685821,20,4,12,25.68651608487337,63.05834035963246,0
grocery_pos,451.62,Sixes,OR,42.825,-124.4409,217,Retail merchandiser,42.28312,-124.636097,22,0,2,91.35934291581108,62.33949942528606,1
grocery_pos,126.75,Saint Louis,MO,38.6171,-90.4504,927396,Occupational hygienist,38.404314,-91.378398,1,4,1,58.85284052019165,84.13912924660393,0
home,74.49,Luray,MO,40.4931,-91.8912,519,Town planner,41.203672,-92.610404,17,6,12,54.86926762491444,99.51011959876224,0
personal_care,12.434999999999999,Freedom,WY,43.0172,-111.0292,471,"""Education officer, museum""",42.621833,-110.988931,16,6,12,53.40451745379877,44.08531798993469,0
entertainment,90.045,Rocky Mount,MO,38.2911,-92.7059,1847,Tax inspector,37.905362,-93.426974,19,2,1,30.223134839151268,76.29549256186014,0
gas_transport,95.4,Meadville,MO,39.7795,-93.3014,964,Tourist information centre manager,40.481485,-92.898082,5,2,1,44.04654346338125,85.25613427497107,0
personal_care,37.515,American Fork,UT,40.3928,-111.7941,42384,Futures trader,39.575024,-111.874632,23,5,8,26.5927446954141,91.1910243477665,1
misc_net,42.480000000000004,Roseland,NE,40.4591,-98.5551,463,"""Nurse, mental health""",40.81774,-97.875659,7,0,1,70.60369609856262,69.83579922524201,0
health_fitness,110.82,Meadville,MO,39.7795,-93.3014,964,Tourist information centre manager,39.043195,-93.064328,12,0,12,46.01505817932922,84.3684919047963,0
grocery_net,71.1,Issaquah,WA,47.4974,-122.0107,50489,Osteopath,46.812466,-122.330425,3,5,12,36.824093086926766,79.90598785564308,0
gas_transport,65.745,Utica,MO,39.7417,-93.6289,271,Land/geomatics surveyor,38.758382,-92.759653,8,6,12,48.69267624914442,132.50368843858604,0
food_dining,36.375,Mountain Center,CA,33.6401,-116.5567,1661,"""Therapist, music""",34.148819,-116.563435,14,1,12,32.276522929500345,56.570387415826175,0
gas_transport,115.095,Orient,WA,48.8878,-118.2105,149,Special educational needs teacher,49.650282,-118.782188,8,3,1,40.57494866529774,94.38608141266444,0
kids_pets,85.53,Altonah,UT,40.3207,-110.436,302,"""Sales professional, IT""",41.110106,-110.472521,21,4,12,30.937713894592743,87.83189030987687,0
shopping_pos,1263.105,Llano,NM,36.1486,-105.6648,247,Architectural technologist,36.807533,-106.651408,22,0,10,58.9678302532512,114.67208261239152,1
gas_transport,114.63,Yellowstone National Park,WY,44.7957,-110.6137,369,Materials engineer,44.314731,-110.176742,7,1,12,79.11841204654347,63.70964810679567,0
misc_pos,14.580000000000002,Vinton,CA,40.0235,-120.7986,128,Education administrator,40.96616,-120.367316,3,2,12,54.85557837097878,110.98169017085924,0
shopping_pos,3.09,Centerview,MO,38.7897,-93.8702,2368,Electronics engineer,37.851872,-94.695308,18,4,12,31.44147843942505,126.71052787633448,0
kids_pets,155.505,Meredith,CO,39.3199,-106.6596,61,Public relations account executive,39.657596,-106.061168,18,6,1,79.1731690622861,63.61785588238942,0
grocery_pos,178.155,June Lake,CA,37.7773,-119.0825,633,Health service manager,38.569877,-118.70031,10,1,12,93.305954825462,94.2502530414405,0
travel,6.3149999999999995,San Diego,CA,33.0067,-117.069,1241364,"""Pharmacist, hospital""",33.752533,-117.227443,17,6,12,60.824093086926766,84.22759803564071,0
grocery_net,149.835,Littleton,CO,39.5994,-105.0044,320420,Water engineer,39.567289,-104.233399,11,6,1,43.45516769336072,66.16926332340523,0
entertainment,28.185,San Diego,CA,33.0067,-117.069,1241364,Chartered public finance accountant,33.079034,-117.435037,8,6,1,59.441478439425055,35.05373734214296,0
kids_pets,216.42000000000002,Campbell,NE,40.2967,-98.737,493,"""Surveyor, minerals""",39.729104,-99.154033,12,6,1,78.35181382614647,72.42045162978258,0
health_fitness,120.63,Kansas City,MO,38.9621,-94.5959,545147,Counsellor,38.278169,-93.865895,15,3,1,31.145790554414784,99.02294144131722,0
entertainment,81.765,Wheaton,MO,36.7651,-94.0492,760,Production manager,36.050449,-94.432712,13,6,12,35.32375085557837,86.56015629804216,0
kids_pets,17.19,Smith River,CA,41.9404,-124.1587,1930,Web designer,41.535028,-124.491438,21,4,1,35.60027378507871,52.85830798835694,0
shopping_net,14.850000000000001,Burbank,WA,46.1966,-118.9017,3684,Musician,45.770484,-119.213857,16,6,12,39.07734428473648,53.16728212065055,0
shopping_net,9.18,High Rolls Mountain Park,NM,32.9396,-105.8189,899,Naval architect,33.093896,-105.569008,6,3,12,53.3388090349076,28.934843685080565,0
misc_net,15.794999999999998,Independence,MO,39.1412,-94.3515,123373,"""Engineer, production""",38.741285,-94.480095,2,6,1,26.10814510609172,45.83819720722857,0
personal_care,28.005000000000003,Brainard,NE,41.1832,-96.9882,614,Associate Professor,40.605811,-97.794165,22,2,12,53.530458590006845,93.33362563560316,0
kids_pets,30.315,Centerview,MO,38.7897,-93.8702,2368,Electronics engineer,38.527335,-94.342242,23,3,1,29.541409993155373,50.309698993719785,1
grocery_pos,465.15000000000003,Pleasant Hill,MO,38.7859,-94.244,12866,Information officer,39.581181,-95.004962,0,2,12,73.51950718685832,110.09791698423945,1
kids_pets,67.065,Independence,MO,39.1412,-94.3515,123373,"""Engineer, production""",38.69783,-93.849109,23,0,1,26.1492128678987,65.72339660837899,0
kids_pets,91.5,Blairstown,MO,38.5319,-93.9221,467,Agricultural consultant,38.492207,-94.291555,15,0,1,68.63518138261465,32.44692000529529,0
gas_transport,81.57000000000001,Lakeport,CA,39.047,-122.9328,11256,Podiatrist,38.914006,-122.784886,6,4,12,48.18617385352498,19.54892333208935,0
shopping_net,581.64,Sun City,CA,33.7467,-117.1721,54287,"""Designer, exhibition/display""",33.377598,-116.477299,13,6,1,46.30800821355236,76.34782783768625,0
grocery_pos,74.17500000000001,Norwalk,CA,33.9056,-118.0818,105549,Firefighter,33.131848,-117.466428,1,5,1,45.28678986995209,103.23124629726875,0
shopping_pos,6.645,Issaquah,WA,47.4974,-122.0107,50489,Osteopath,48.076539,-122.582352,21,2,1,34.861054072553046,77.27192056018403,0
grocery_net,19.424999999999997,Westerville,NE,41.4193,-99.3844,73,Product designer,40.701366,-98.890275,8,0,1,83.92607802874743,89.9400110496455,1
misc_net,12.120000000000001,Issaquah,WA,47.4974,-122.0107,50489,Osteopath,48.314554,-122.965632,9,3,1,34.8829568788501,115.42223569936948,0
grocery_pos,151.335,Wales,AK,64.7556,-165.6723,145,"""Administrator, education""",63.857007,-165.504563,0,1,12,81.13894592744695,100.24558127799226,0
food_dining,104.16,Littleton,CO,39.5994,-105.0044,320420,Water engineer,38.762032,-104.824256,16,0,12,45.412731006160165,94.39679307324916,0
entertainment,53.385000000000005,Lakeport,CA,39.047,-122.9328,11256,Podiatrist,38.820577,-123.181503,16,1,12,48.19712525667351,33.115502749712824,0
grocery_net,19.799999999999997,Westerville,NE,41.4193,-99.3844,73,Product designer,42.024265,-98.441592,2,0,1,83.92607802874743,103.18703152144136,1
health_fitness,32.25,Greenview,CA,41.5403,-122.9366,308,Call centre manager,41.828875,-122.199637,14,1,1,60.30116358658453,69.10081568731277,0
misc_net,1168.845,Espanola,NM,35.9866,-106.0654,18408,Historic buildings inspector/conservation officer,36.651901,-106.992859,3,2,5,47.80013689253936,111.25236998650216,1
misc_pos,44.925,Fort Washakie,WY,43.0048,-108.8964,1645,Freight forwarder,42.901596,-108.651231,0,3,12,44.84599589322382,23.017715836726502,0
grocery_pos,166.215,Carroll,NE,42.277,-97.1926,566,Metallurgist,41.743849,-96.35235,0,1,1,43.969883641341546,91.28955006000332,0
entertainment,33.945,Newhall,CA,34.3795,-118.523,34882,Health physicist,33.519144,-117.695279,13,6,12,49.67556468172484,122.397145338386,0
grocery_pos,109.59,Tekoa,WA,47.2271,-117.0819,895,Clothing/textile technologist,47.940715,-117.836693,6,0,1,19.6249144421629,97.47345442451108,0
misc_pos,11.774999999999999,Moriarty,NM,34.9889,-106.0609,7268,"""Therapist, art""",35.432054,-106.789316,23,0,1,30.444900752908968,82.507580254414,0
personal_care,41.505,Hooper,NE,41.6414,-96.5232,1745,"""Engineer, automotive""",42.531995,-97.128882,19,6,12,47.00342231348392,110.92723338146884,0
shopping_net,4.17,Espanola,NM,35.9866,-106.0654,18408,Historic buildings inspector/conservation officer,35.95936,-105.328474,13,1,12,48.44900752908966,66.38450507940789,0
health_fitness,17.009999999999998,Centerview,MO,38.7897,-93.8702,2368,Electronics engineer,38.598849,-93.651832,14,4,1,29.48665297741273,28.451995986553897,0
shopping_pos,158.94,Rock Springs,WY,41.606,-109.23,27971,Music therapist,41.731906,-108.55044,21,1,12,36.41067761806981,58.15602956188417,0
travel,8.565,Powell Butte,OR,44.2415,-121.0113,2016,Local government officer,44.665413,-120.435714,12,1,12,67.0116358658453,65.64346413904744,0
grocery_net,11.82,Palmdale,CA,34.5715,-118.0231,171170,Chemical engineer,33.96331,-118.912661,0,2,9,57.28678986995209,106.09213054077136,1
health_fitness,88.755,Omaha,NE,41.2064,-95.9953,518429,"""Surveyor, land/geomatics""",41.056251,-96.903795,13,0,1,23.263518138261464,77.89848533181252,0
personal_care,119.89500000000001,Manville,WY,42.73,-104.7024,241,Educational psychologist,43.320688,-105.313407,21,3,12,40.02190280629706,82.34629322192124,0
misc_net,527.88,Fields Landing,CA,40.7268,-124.2174,276,"""Scientist, audiological""",41.058561,-124.726211,10,1,12,91.6495550992471,56.48036345475471,0
shopping_pos,45.495,Independence,MO,39.1412,-94.3515,123373,"""Engineer, production""",39.393292,-93.365636,14,0,12,28.08487337440109,89.37918718538577,0
misc_pos,9.435,Moriarty,NM,34.9889,-106.0609,7268,"""Therapist, art""",35.313051,-105.44511,20,2,12,32.40520191649555,66.58494577201857,0
grocery_net,50.31,Meridian,ID,43.6498,-116.4306,84106,Intelligence analyst,44.434479,-117.043829,10,1,12,49.88090349075976,100.07661649298416,0
shopping_net,11.52,Rocky Mount,MO,38.2911,-92.7059,1847,Tax inspector,38.909169,-92.45964,16,1,1,30.220396988364133,71.98082008407147,0
home,74.92500000000001,Arnold,MO,38.4305,-90.387,35439,Land/geomatics surveyor,38.081369,-89.504318,17,5,1,33.78507871321013,86.29698426838189,0
travel,9.629999999999999,San Diego,CA,33.0067,-117.069,1241364,Chartered public finance accountant,33.475118,-117.067941,18,0,12,61.399041752224505,52.08579826139793,0
gas_transport,115.17,Orient,WA,48.8878,-118.2105,149,Special educational needs teacher,48.407078,-117.461923,7,4,1,40.57768651608488,76.6916056599552,0
shopping_pos,1302.51,Centerview,MO,38.7897,-93.8702,2368,Electronics engineer,37.89086,-93.584179,0,3,1,29.541409993155373,103.0122309811341,1
shopping_pos,176.02499999999998,Huntington Beach,CA,33.6773,-118.0051,190249,"""Therapist, horticultural""",34.055689,-117.787804,12,0,12,44.27926078028747,46.61344351977427,0
grocery_pos,463.155,Malad City,ID,42.1808,-112.262,4154,Nature conservation officer,41.475721,-111.446119,3,4,11,58.79808350444901,103.5201866166358,1
entertainment,3.57,Unionville,MO,40.4815,-92.9951,3805,"""Investment banker, corporate""",41.313693,-93.932723,1,1,12,70.28884325804243,121.54433587548252,0
home,86.41499999999999,Fiddletown,CA,38.5234,-120.6763,832,Immigration officer,37.896274,-120.73983,18,1,1,31.62217659137577,69.95379058199698,0
kids_pets,5.925000000000001,Rocky Mount,MO,38.2911,-92.7059,1847,Tax inspector,38.168684,-92.244802,22,3,12,32.18069815195072,42.51371385308545,0
shopping_net,3.9749999999999996,San Jose,CA,37.3304,-121.7913,973849,Geoscientist,36.421551,-121.439957,20,2,12,23.94798083504449,105.78093299389984,0
gas_transport,110.14500000000001,Athena,OR,45.8289,-118.4971,1302,Dealer,46.544202,-119.292294,8,4,12,44.18617385352498,100.3661576950442,0
grocery_pos,529.035,Yellowstone National Park,WY,44.7957,-110.6137,369,Materials engineer,45.642342,-111.116544,23,6,10,77.88637919233402,102.04838440722187,1
grocery_pos,109.125,Glendale,CA,34.1556,-118.2322,172817,Advertising account planner,33.935219,-118.123436,0,1,12,38.417522245037645,26.475041155047872,0
food_dining,108.21000000000001,Portland,OR,45.5303,-122.7033,841711,"""Engineer, building services""",44.569516,-122.099883,0,6,12,57.73305954825462,116.87781460007646,0
gas_transport,57.92999999999999,Sutherland,NE,41.1558,-101.136,1789,Insurance broker,41.177959,-101.84213,9,0,1,36.9034907597536,59.15922691129881,0
grocery_net,118.005,Fields Landing,CA,40.7268,-124.2174,276,"""Scientist, audiological""",40.924973,-125.118036,10,2,1,89.67830253251198,78.91896923101596,0
travel,7.98,Tomales,CA,38.2427,-122.9145,337,Occupational psychologist,37.888865,-122.785068,22,1,1,64.49281314168378,40.94377495880678,0
entertainment,3.63,Conway,WA,48.34,-122.3456,85,"""Research officer, political party""",48.555656,-122.487486,22,5,1,34.362765229295,26.163851492626502,0
food_dining,81.92999999999999,Helm,CA,36.4992,-120.0936,123,Early years teacher,36.743677,-119.24422,18,3,12,47.87679671457906,80.52918324460731,0
health_fitness,23.94,San Jose,CA,37.3304,-121.7913,973849,Geoscientist,36.671081,-122.485669,14,5,1,22.001368925393567,95.79610479486227,0
misc_pos,2.46,Ballwin,MO,38.577,-90.5255,92608,"""Engineer, communications""",38.358926,-89.61189,17,2,12,19.430527036276523,83.1532904424097,0
health_fitness,82.02,Sutherland,NE,41.1558,-101.136,1789,Insurance broker,41.816564,-101.786946,12,5,12,38.87200547570158,91.31438053633468,0
personal_care,48.989999999999995,Lakeport,CA,39.047,-122.9328,11256,Podiatrist,38.599598,-123.750259,13,1,1,46.223134839151264,86.54375162678889,0
shopping_pos,328.485,Burbank,WA,46.1966,-118.9017,3684,Musician,45.981147,-119.649818,18,1,1,37.1088295687885,62.46969074595248,0
gas_transport,103.92,Thompson,UT,38.9999,-109.615,46,"""Surveyor, minerals""",39.02913,-110.192456,10,0,12,33.68377823408624,49.99611621857554,0
health_fitness,117.12,Meadville,MO,39.7795,-93.3014,964,Tourist information centre manager,38.918519,-93.447007,18,3,1,44.049281314168375,96.55189268640882,0
shopping_pos,2.0999999999999996,Portland,OR,45.5303,-122.7033,841711,"""Engineer, building services""",46.52921,-122.179348,1,6,1,55.79739904175222,118.20896839363756,0
shopping_net,199.35000000000002,Phoenix,AZ,33.5623,-112.0559,1312922,Contractor,33.370134,-112.896243,18,2,1,37.22929500342232,80.82562817358179,0
entertainment,40.425,Moriarty,NM,34.9889,-106.0609,7268,"""Therapist, art""",35.432303,-105.638116,13,3,1,30.414784394250518,62.49975098331362,0
personal_care,66.78,Lakeport,CA,39.047,-122.9328,11256,Podiatrist,39.343623,-123.064182,12,0,12,48.19438740588638,34.87207594125933,0
misc_net,66.16499999999999,Altonah,UT,40.3207,-110.436,302,"""Sales professional, IT""",40.140745,-110.628606,7,1,12,30.94866529774127,25.84079526771038,0
entertainment,4.155,Eugene,OR,44.0385,-123.0614,191096,"""Scientist, physiological""",44.138723,-123.737414,0,1,12,56.73100616016427,55.12943418748618,0
misc_pos,315.07500000000005,Woods Cross,UT,40.8874,-111.9027,13983,Insurance broker,40.758872,-111.735189,7,5,12,41.36892539356605,20.072984439610096,0
home,121.19999999999999,Brainard,NE,41.1832,-96.9882,614,Associate Professor,40.543734,-96.117476,23,6,12,53.52224503764545,102.06488713390613,0
kids_pets,146.52,Fullerton,NE,41.366,-98.0054,1749,"""Surveyor, mining""",42.06473,-98.796028,19,6,1,45.667351129363446,101.69987518377872,0
travel,16.14,Superior,AZ,33.2887,-111.0985,2872,Petroleum engineer,34.16522,-110.415295,23,3,4,32.44900752908966,116.15169585410976,1
misc_net,5.550000000000001,Meredith,CO,39.3199,-106.6596,61,Public relations account executive,39.043377,-107.033106,1,5,1,79.17043121149898,44.517897213210205,0
shopping_net,1.5,Freedom,WY,43.0172,-111.0292,471,"""Education officer, museum""",42.398985,-110.409886,11,0,12,53.4072553045859,85.35851379910501,0
entertainment,111.16499999999999,Fiddletown,CA,38.5234,-120.6763,832,Immigration officer,37.882545,-120.286087,14,2,1,31.66324435318275,78.99690950120548,0
personal_care,22.095,Orient,WA,48.8878,-118.2105,149,Special educational needs teacher,48.839684,-117.76752,13,0,1,40.58590006844627,32.84257424673108,0
kids_pets,81.81,Helm,CA,36.4992,-120.0936,123,Early years teacher,36.549502,-119.925343,14,6,12,47.885010266940455,16.041604310619746,0
grocery_pos,531.045,Bay City,OR,45.5197,-123.8761,1530,Colour technologist,45.902121,-124.866313,2,1,3,33.31143052703628,87.86006780376852,1
personal_care,183.79500000000002,Norwalk,CA,33.9056,-118.0818,105549,Firefighter,33.452108,-118.079433,15,2,12,47.27173169062286,50.42648532333381,0
gas_transport,144.3,Glendale,CA,34.1556,-118.2322,172817,Advertising account planner,35.080819,-118.915933,3,6,1,36.45722108145106,120.41046924180648,0
gas_transport,84.495,San Jose,CA,37.3304,-121.7913,973849,Science writer,37.447518,-121.996423,2,0,1,63.572895277207394,22.31613191819185,0
gas_transport,71.775,Manley,NE,40.9207,-96.168,206,Human resources officer,41.63275,-96.373103,1,3,1,51.28815879534565,81.0101999298264,0
personal_care,3.57,Lamy,NM,35.4311,-105.9409,923,Public relations account executive,35.717327,-106.154266,16,1,1,54.52703627652293,37.22012015313864,0
food_dining,12.254999999999999,Blairsden-Graeagle,CA,39.8127,-120.6405,1725,Chartered legal executive (England and Wales),40.279919,-119.740301,15,1,1,51.63860369609856,92.577637298339,0
grocery_pos,103.53,Fullerton,NE,41.366,-98.0054,1749,"""Surveyor, mining""",41.889762,-98.336071,11,5,12,47.63860369609856,64.39878761849228,0
entertainment,353.625,Rock Springs,WY,41.606,-109.23,27971,Music therapist,41.239878,-109.706941,20,2,1,34.4394250513347,56.91013383736738,0
entertainment,31.095,Eugene,OR,44.0385,-123.0614,191096,"""Scientist, physiological""",44.796255,-122.582428,0,0,12,56.72826830937714,92.44742813875912,0
home,71.82000000000001,North Loup,NE,41.4972,-98.7858,509,"""Nurse, children's""",41.374597,-99.2267,13,1,1,38.33264887063656,39.2013167660909,0
health_fitness,263.01,June Lake,CA,37.7773,-119.0825,633,Health service manager,37.293494,-118.590558,23,6,1,91.34565366187545,69.1058729911211,0
shopping_net,11.82,Sixes,OR,42.825,-124.4409,217,Retail merchandiser,43.532193,-125.128056,1,2,1,90.29158110882958,96.37470030836695,0
gas_transport,104.385,High Rolls Mountain Park,NM,32.9396,-105.8189,899,Naval architect,33.257784,-106.496869,11,2,12,53.33607118412046,72.38882038955113,0
food_dining,27.599999999999998,Malad City,ID,42.1808,-112.262,4154,Nature conservation officer,41.955145,-111.458004,10,3,12,58.94866529774127,70.95091102462192,0
misc_pos,3.1049999999999995,Scotts Mills,OR,44.9897,-122.6187,1252,"""Engineer, petroleum""",45.196998,-122.650597,1,1,1,81.91923340177961,23.186078104215014,0
misc_net,1238.1750000000002,Tekoa,WA,47.2271,-117.0819,895,Clothing/textile technologist,46.65058,-116.3469,8,5,8,20.194387405886378,84.99030170156509,1
misc_pos,27.72,Thompson,UT,38.9999,-109.615,46,"""Surveyor, minerals""",38.754067,-109.331323,15,3,12,33.69199178644764,36.74558293100496,0
shopping_net,13.77,Superior,AZ,33.2887,-111.0985,2872,Petroleum engineer,34.19072,-111.794037,18,2,1,31.21971252566735,119.14755557067537,0
gas_transport,97.095,Holstein,NE,40.4542,-98.6538,331,Telecommunications researcher,40.422433,-97.892483,6,0,1,68.42436687200548,64.5275582603164,0
misc_pos,48.795,Kissee Mills,MO,36.6704,-93.0377,1201,"""Engineer, agricultural""",35.796259,-93.074065,1,4,1,38.79808350444901,97.25474984790613,0
misc_net,4.949999999999999,Riverton,WY,43.0351,-108.2024,19408,"""Lecturer, higher education""",42.849698,-107.453607,0,6,12,27.29363449691992,64.34282959603323,0
entertainment,147.345,Lagrange,WY,41.6423,-104.1974,635,Product/process development scientist,41.711267,-104.236464,12,3,12,47.46885694729637,8.326826576778158,0
misc_pos,13.455000000000002,San Jose,CA,37.3304,-121.7913,973849,Geoscientist,37.377443,-122.228172,23,5,6,22.403832991101982,38.96740663442929,1
gas_transport,147.165,Lakeport,CA,39.047,-122.9328,11256,Podiatrist,39.866535,-121.985741,7,5,12,48.18891170431211,122.1272636124111,0
entertainment,172.695,San Diego,CA,33.0067,-117.069,1241364,Chartered public finance accountant,32.45699,-117.058376,11,2,1,59.449691991786445,61.13304050664149,0
kids_pets,29.759999999999998,Hatch,UT,37.7175,-112.4777,258,Geoscientist,38.208483,-112.362635,17,4,12,59.08555783709788,55.518899081389215,0
health_fitness,140.505,Sacramento,CA,38.5662,-121.3286,757530,Magazine features editor,39.199571,-121.296995,16,2,1,39.676933607118414,70.4807512985624,0
home,44.085,Pueblo,CO,38.2352,-104.66,151815,Further education lecturer,38.719114,-104.098409,21,6,1,31.025325119780973,72.69942648627742,0
grocery_pos,116.01,Broomfield,CO,39.8854,-105.1139,92337,"""Engineer, electronics""",40.332728,-105.173678,5,5,12,53.19096509240247,49.99971935962576,0
shopping_net,9.254999999999999,High Rolls Mountain Park,NM,32.9396,-105.8189,899,Naval architect,33.390371,-105.941148,3,3,1,51.36481861738535,51.39883054714451,0
kids_pets,31.845,Hooper,NE,41.6414,-96.5232,1745,"""Engineer, automotive""",41.436458,-96.83658,23,2,1,45.01848049281314,34.63547179193067,0
home,110.26500000000001,Dumont,CO,39.7532,-105.6356,565,Mental health nurse,38.822952,-105.858464,21,4,1,40.39425051334703,105.20193862969552,0
gas_transport,92.205,Indian Wells,CA,33.7163,-116.3381,4677,Learning mentor,33.508605,-115.358546,3,0,12,65.64818617385353,93.6032099513952,0
kids_pets,202.53000000000003,Freedom,WY,43.0172,-111.0292,471,"""Education officer, museum""",43.175827,-111.383578,16,3,12,53.4154688569473,33.74967375756958,0
grocery_net,82.59,Glendale,CA,34.1556,-118.2322,172817,Advertising account planner,33.592719,-119.034105,3,2,12,38.42026009582478,96.9441371180974,0
shopping_net,3.9749999999999996,San Jose,CA,37.3304,-121.7913,973849,Geoscientist,36.421551,-121.439957,20,2,12,23.94798083504449,105.78093299389984,0
misc_pos,13.004999999999999,Glendale,CA,34.1556,-118.2322,172817,Advertising account planner,33.303328,-118.235219,22,1,12,38.417522245037645,94.76873375048534,0
food_dining,351.945,Campbell,NE,40.2967,-98.737,493,"""Surveyor, minerals""",39.906034,-99.579092,12,0,1,78.33538672142369,83.76631871125281,0
health_fitness,43.019999999999996,Sun City,CA,33.7467,-117.1721,54287,"""Designer, exhibition/display""",33.038379,-117.460837,16,1,12,48.26830937713895,83.19823200777095,0
gas_transport,104.385,High Rolls Mountain Park,NM,32.9396,-105.8189,899,Naval architect,33.257784,-106.496869,11,2,12,53.33607118412046,72.38882038955113,0
shopping_pos,5.9399999999999995,Greenview,CA,41.5403,-122.9366,308,Call centre manager,41.480759,-122.179744,1,6,12,62.26967830253251,63.36737943014137,0
food_dining,6.66,June Lake,CA,37.7773,-119.0825,633,Health service manager,37.854851,-118.170759,18,4,12,93.29500342231348,80.55181467831801,0
health_fitness,23.94,San Jose,CA,37.3304,-121.7913,973849,Geoscientist,36.671081,-122.485669,14,5,1,22.001368925393567,95.79610479486227,0
grocery_pos,125.89500000000001,Rocky Mount,MO,38.2911,-92.7059,1847,Tax inspector,39.158861,-92.458612,4,6,12,32.16974674880219,98.84638462145944,0
home,60.795,Wales,AK,64.7556,-165.6723,145,"""Administrator, education""",64.710046,-165.626095,12,0,12,81.13620807665983,5.519715780193526,0
health_fitness,177.405,Carlotta,CA,40.507,-123.9743,1139,"""Therapist, occupational""",39.568061,-124.213088,15,4,1,68.0082135523614,106.36582867350208,0
shopping_net,11.925,Independence,MO,39.1412,-94.3515,123373,"""Engineer, production""",38.363043,-93.83152,20,3,12,28.09308692676249,97.5706603397506,0
grocery_net,62.42999999999999,Oakland,CA,37.7878,-122.1884,381459,Barista,37.837234,-121.889645,11,3,1,45.03764544832307,26.81398344431937,0
home,30.119999999999997,Utica,MO,39.7417,-93.6289,271,Land/geomatics surveyor,40.720491,-92.830549,18,1,1,46.743326488706366,128.2115678691611,0
entertainment,112.72500000000001,Newhall,CA,34.3795,-118.523,34882,Health physicist,34.642587,-118.387262,18,3,12,49.686516084873375,31.787988766281167,0
gas_transport,126.97500000000001,Syracuse,MO,38.6547,-92.8929,628,"""Radiographer, diagnostic""",38.206674,-93.073007,11,3,12,59.0362765229295,52.23002539636244,0
misc_pos,6.09,Grenada,CA,41.6125,-122.5258,589,Systems analyst,41.347791,-121.582313,10,5,12,75.01437371663245,83.9278667201461,0
personal_care,65.61,Rocky Mount,MO,38.2911,-92.7059,1847,Tax inspector,37.438254,-93.264888,17,0,12,32.172484599589325,106.77500681442386,0
home,110.69999999999999,Fullerton,NE,41.366,-98.0054,1749,"""Surveyor, mining""",40.36714,-98.3466,20,4,12,47.63586584531143,114.7138263948904,0
gas_transport,92.94,Gardiner,OR,43.7857,-124.1437,260,"""Engineer, maintenance""",43.721068,-124.2904,4,0,12,64.32306639288159,13.80153793929444,0
grocery_pos,500.835,Sprague,NE,40.6267,-96.7456,142,Chiropodist,40.96852,-97.184621,22,4,7,52.87885010266941,53.01273084680346,1
kids_pets,199.42499999999998,Santa Monica,CA,34.0287,-118.4924,92043,"""Civil engineer, contracting""",33.874263,-118.475529,22,1,12,59.67967145790554,17.242973169528934,0
personal_care,32.61,Redford,MO,37.3272,-91.0243,241,Investment analyst,37.634788,-90.320325,13,1,12,46.17385352498289,70.91141223723727,0
personal_care,18.674999999999997,Issaquah,WA,47.4974,-122.0107,50489,Osteopath,47.317993,-122.735299,15,6,12,36.82683093771389,58.06340481553205,0
kids_pets,86.745,Grenada,CA,41.6125,-122.5258,589,Systems analyst,40.955857,-121.760021,20,2,12,75.02532511978097,97.08400877705672,0
misc_pos,14.235,Thompson,UT,38.9999,-109.615,46,"""Surveyor, minerals""",38.727361,-109.266336,19,1,1,31.71252566735113,42.77475743168247,0
home,407.355,Napa,CA,38.4549,-122.2564,94014,Airline pilot,38.497912,-122.921928,14,1,12,35.35660506502396,58.13153166776111,0
grocery_pos,527.4749999999999,American Fork,UT,40.3928,-111.7941,42384,Futures trader,40.590223,-112.644461,1,5,8,26.5927446954141,75.1856953756912,1
gas_transport,105.03,Red River,NM,36.6659,-105.4694,606,"""Surveyor, land/geomatics""",37.152572,-104.847091,9,2,1,30.360027378507876,77.39368805665534,0
gas_transport,104.77499999999999,Moriarty,NM,34.9889,-106.0609,7268,"""Therapist, art""",35.16954,-105.942697,8,1,1,30.4476386036961,22.78490831098168,0
gas_transport,78.30000000000001,Espanola,NM,35.9866,-106.0654,18408,Historic buildings inspector/conservation officer,35.744978,-106.872516,6,4,1,46.483230663928815,77.53387355726741,0
entertainment,131.325,Manley,NE,40.9207,-96.168,206,Human resources officer,40.599415,-95.769772,13,6,12,53.23203285420944,49.002606310671744,0
health_fitness,3.33,Port Costa,CA,38.046,-122.1866,198,Armed forces training and education officer,37.261879,-121.22151,20,0,1,59.79192334017796,121.73826155698868,0
misc_pos,6.165000000000001,Holstein,NE,40.4542,-98.6538,331,Telecommunications researcher,39.854297,-97.761852,1,0,1,68.40520191649556,100.9743314931068,0
grocery_net,72.92999999999999,Pueblo,CO,38.2352,-104.66,151815,Further education lecturer,38.184239,-103.973577,10,6,12,32.98015058179329,60.24086485800222,0
food_dining,57.675000000000004,Wales,AK,64.7556,-165.6723,145,"""Administrator, education""",64.290924,-165.481809,18,3,1,79.15126625598904,52.46671121155877,0
grocery_pos,195.45000000000002,Holstein,NE,40.4542,-98.6538,331,Telecommunications researcher,40.605189,-98.680127,1,2,12,70.36550308008214,16.936009895593887,0
gas_transport,11.145,Jelm,WY,41.0539,-106.0763,100,Public librarian,41.123003,-105.450543,3,4,7,45.21834360027378,53.00272504814606,1
health_fitness,80.4,Thompson,UT,38.9999,-109.615,46,"""Surveyor, minerals""",39.336177,-108.723914,21,4,12,33.67556468172484,85.43625383694082,0
misc_pos,546.885,Espanola,NM,35.9866,-106.0654,18408,Historic buildings inspector/conservation officer,36.577313,-105.887885,14,6,12,48.4435318275154,67.58403925916842,0
misc_pos,22.77,Red River,NM,36.6659,-105.4694,606,"""Surveyor, land/geomatics""",37.604205,-104.80876,13,3,1,30.34360027378508,119.6460321232744,0
shopping_net,12.0,Sprague,NE,40.6267,-96.7456,142,Chiropodist,41.032863,-96.679771,10,5,12,53.34154688569473,45.50160680243791,0
personal_care,55.89,San Jose,CA,37.3304,-121.7913,973849,Geoscientist,37.027699,-122.47387,23,3,12,23.9315537303217,69.20799633243897,0
grocery_pos,415.40999999999997,Arvada,CO,39.8422,-105.1097,122111,Hotel manager,39.42758,-105.544575,2,4,8,32.27104722792608,59.26506560710421,1
health_fitness,2.34,High Rolls Mountain Park,NM,32.9396,-105.8189,899,Naval architect,32.591766,-106.76607,15,5,12,53.32511978097194,96.6397786741594,0
entertainment,114.47999999999999,Williamsburg,MO,38.8874,-91.7689,710,Glass blower/designer,38.057782,-92.245802,22,0,1,48.31759069130732,101.160702287272,0
grocery_net,49.995,Wheaton,MO,36.7651,-94.0492,760,Production manager,37.697199,-94.408956,7,1,12,35.32922655715264,108.42790011048696,0
shopping_net,1560.3000000000002,Redford,MO,37.3272,-91.0243,241,Investment analyst,36.881689,-90.043172,3,5,1,45.22655715263518,100.12179078694032,1
kids_pets,35.49,Phoenix,AZ,33.5623,-112.0559,1312922,Contractor,33.288519,-111.382938,23,3,12,39.186858316221766,69.47784556091153,0
personal_care,104.23499999999999,Meadville,MO,39.7795,-93.3014,964,Tourist information centre manager,39.037125,-92.527709,18,0,1,44.04106776180698,105.98289044956056,0
gas_transport,58.56,Orient,WA,48.8878,-118.2105,149,Special educational needs teacher,48.712451,-118.844906,11,2,1,40.55304585900068,50.39050875731563,0
food_dining,46.32,Burbank,WA,46.1966,-118.9017,3684,Musician,47.169021,-118.790273,18,6,12,39.07734428473648,108.46183193424405,0
personal_care,30.884999999999998,Laramie,WY,41.4247,-105.4781,35371,"""Pilot, airline""",40.822551,-104.742327,18,0,1,30.34633812457221,91.001190147519,0
misc_net,1124.8799999999999,Albuquerque,NM,35.0561,-106.5506,641349,Charity officer,34.113082,-107.405093,22,3,2,52.05749486652977,130.82109005480703,1
personal_care,30.839999999999996,North Loup,NE,41.4972,-98.7858,509,"""Nurse, children's""",42.20284,-98.759135,23,1,4,39.578370978781656,78.49466503167451,1
food_dining,97.48499999999999,Dumont,CO,39.7532,-105.6356,565,Mental health nurse,38.753905,-106.446706,20,3,1,40.39151266255989,131.24043327090425,0
shopping_net,641.22,Newhall,CA,34.3795,-118.523,34882,Health physicist,35.038726,-119.090677,19,0,1,47.723477070499655,89.8097706133318,0
home,11.685,Lagrange,WY,41.6423,-104.1974,635,Product/process development scientist,40.827472,-104.49978,13,5,1,45.51950718685831,94.06655241305968,0
food_dining,21.36,Mesa,ID,44.6255,-116.4493,129,Cartographer,44.976495,-116.716538,20,5,1,53.09514031485284,44.36010505392664,0
gas_transport,16.725,Red Cliff,CO,39.4584,-106.3851,277,Human resources officer,39.570466,-107.319323,4,0,5,34.12731006160164,81.10300156155667,1
gas_transport,87.81,Browning,MO,40.029,-93.1607,602,Cytogeneticist,40.05266,-93.461539,8,3,1,64.49281314168378,25.744977513286944,0
home,215.28000000000003,Azusa,CA,34.1248,-117.9031,59705,Civil Service fast streamer,33.649262,-118.563629,20,0,1,35.54277891854894,80.70620123959424,0
health_fitness,148.305,Rocky Mount,MO,38.2911,-92.7059,1847,Tax inspector,37.975595,-92.078887,12,1,1,30.220396988364133,65.10178429008279,0
health_fitness,99.885,Kansas City,MO,38.9621,-94.5959,545147,Counsellor,39.832773,-94.160598,16,1,12,33.11430527036276,103.78838341488957,0
health_fitness,70.995,Blairsden-Graeagle,CA,39.8127,-120.6405,1725,Chartered legal executive (England and Wales),40.082104,-120.878583,23,0,12,53.59069130732375,36.18413343543653,0
shopping_net,53.16,Santa Monica,CA,34.0287,-118.4924,92043,"""Civil engineer, contracting""",34.941227,-118.682847,0,0,1,57.70294318959617,102.95876791496616,0
misc_net,2.4899999999999998,Omaha,NE,41.2064,-95.9953,518429,"""Surveyor, land/geomatics""",41.333742,-96.524691,20,6,12,25.21560574948665,46.45442091210603,0
shopping_net,5.235,Phoenix,AZ,33.5623,-112.0559,1312922,Contractor,33.866541,-112.505892,14,1,1,37.18822724161533,53.63578746730687,0
misc_pos,56.535,Athena,OR,45.8289,-118.4971,1302,Dealer,45.491092,-117.588614,8,3,12,44.20260095824778,79.97320318801367,0
home,1.83,Port Costa,CA,38.046,-122.1866,198,Armed forces training and education officer,38.395587,-121.262565,18,1,12,61.74948665297741,89.59358993105322,0
kids_pets,99.84,San Diego,CA,33.0067,-117.069,1241364,"""Pharmacist, hospital""",33.95359,-116.52419,19,5,12,60.82135523613963,116.78543126854773,0
grocery_pos,461.84999999999997,Freedom,WY,43.0172,-111.0292,471,"""Education officer, museum""",42.17995,-111.767221,23,0,6,52.851471594798085,110.97825970800191,1
personal_care,70.545,Claremont,CA,34.1092,-117.7183,35705,Wellsite geologist,33.601712,-116.800029,21,6,1,62.66392881587954,101.85422590191206,0
grocery_pos,450.93,San Jose,CA,37.3304,-121.7913,973849,Geoscientist,36.36812,-122.729783,2,4,6,22.40109514031485,135.72739916154052,1
gas_transport,115.005,Indian Wells,CA,33.7163,-116.3381,4677,Learning mentor,32.867542,-115.621535,11,5,1,63.70704996577687,115.5108010995979,0
misc_net,7.23,Port Costa,CA,38.046,-122.1866,198,Armed forces training and education officer,38.66693,-123.026269,11,5,12,61.74127310061601,100.6348519827178,0
travel,13.919999999999998,Tekoa,WA,47.2271,-117.0819,895,Clothing/textile technologist,46.373809,-117.909614,15,2,12,21.58521560574949,113.89297601760876,0
home,68.655,Utica,MO,39.7417,-93.6289,271,Land/geomatics surveyor,40.293629,-92.654355,14,0,12,48.695414099931554,103.21665018528364,0
shopping_net,4.635,Cardwell,MO,36.0434,-90.2907,1120,Television floor manager,35.41302,-90.701371,9,6,1,61.74127310061601,79.29367010273745,0
grocery_pos,277.605,Independence,MO,39.1412,-94.3515,123373,"""Engineer, production""",40.028568,-94.785622,8,0,1,26.11088295687885,105.45077737956144,0
gas_transport,66.92999999999999,Mesa,ID,44.6255,-116.4493,129,Cartographer,45.188646,-115.63872,2,4,1,53.073237508555785,89.42075347604667,0
shopping_pos,1618.62,Sutherland,NE,41.1558,-101.136,1789,Insurance broker,41.779142,-100.942277,23,4,8,38.48596851471595,71.16707983955168,1
entertainment,42.3,Owensville,MO,38.3511,-91.4867,6703,Naval architect,37.892743,-92.100085,12,1,12,22.611909650924023,74.00442813326674,0
grocery_net,193.04999999999998,Orient,WA,48.8878,-118.2105,149,Special educational needs teacher,49.161262,-118.352977,1,1,12,42.5242984257358,32.13322453728019,0
entertainment,108.93,Meadville,MO,39.7795,-93.3014,964,Tourist information centre manager,40.355081,-92.66499,23,6,1,44.05749486652977,83.83919354574789,0
grocery_pos,241.26,Laramie,WY,41.4247,-105.4781,35371,"""Pilot, airline""",42.30399,-105.50957,1,1,1,30.349075975359344,97.80730901836554,0
grocery_pos,109.125,Glendale,CA,34.1556,-118.2322,172817,Advertising account planner,33.935219,-118.123436,0,1,12,38.417522245037645,26.475041155047872,0
misc_pos,51.795,Dumont,CO,39.7532,-105.6356,565,Mental health nurse,38.862097,-106.550682,2,1,12,42.34086242299794,126.55548228643111,0
misc_pos,50.97,Fiddletown,CA,38.5234,-120.6763,832,Immigration officer,39.208151,-119.685349,2,0,1,31.638603696098563,114.70774843544834,0
grocery_pos,304.17,Laramie,WY,41.4247,-105.4781,35371,"""Pilot, airline""",41.913847,-106.030161,1,1,12,32.323066392881586,71.14073060512963,0
shopping_net,1675.1999999999998,Ravenna,NE,41.0233,-98.9041,2202,"""Solicitor, Scotland""",41.192006,-99.230584,23,5,1,44.56125941136208,33.168233053490965,1
health_fitness,45.375,Browning,MO,40.029,-93.1607,602,Cytogeneticist,40.838796,-94.020826,13,4,1,64.47638603696099,115.79023802368884,0
grocery_pos,234.66,Camden,MO,39.2048,-94.0259,464,Colour technologist,39.323709,-93.81294,2,0,1,59.6331279945243,22.60434391000333,0
shopping_pos,221.49,Fiddletown,CA,38.5234,-120.6763,832,Immigration officer,39.513508,-120.925603,22,1,12,33.61533196440794,112.18176855479616,0
grocery_pos,228.32999999999998,Wales,AK,64.7556,-165.6723,145,"""Administrator, education""",65.426393,-166.522522,2,0,1,79.20054757015743,84.54994663936172,0
home,16.905,Arnold,MO,38.4305,-90.387,35439,Land/geomatics surveyor,38.244047,-90.943217,14,0,1,33.80971937029432,52.75672557417646,0
food_dining,80.955,Athena,OR,45.8289,-118.4971,1302,Dealer,45.101842,-118.35613,15,0,12,44.19438740588638,81.58917137327633,0
home,36.974999999999994,Parks,AZ,35.2563,-111.95,759,"""Geologist, engineering""",35.937643,-111.105955,20,5,12,63.748117727583846,107.53451512122328,0
kids_pets,184.065,Glendale,CA,34.1556,-118.2322,172817,Advertising account planner,34.031076,-118.309845,22,0,12,38.41478439425051,15.58343937855924,0
shopping_net,4.0649999999999995,Paauilo,HI,20.0271,-155.3697,1490,"""Scientist, research (maths)""",20.545271,-155.506856,12,1,12,29.71389459274469,59.36720753890792,0
shopping_net,1304.58,Seattle,WA,47.5412,-122.275,837792,Systems developer,48.027705,-121.919191,22,6,10,83.8384668035592,60.27571566139148,1
gas_transport,87.0,Rocky Mount,MO,38.2911,-92.7059,1847,Tax inspector,39.150549,-92.315214,3,3,12,32.18069815195072,101.39850536017,0
shopping_net,16.725,Meridian,ID,43.6498,-116.4306,84106,Intelligence analyst,44.112616,-116.781936,19,0,12,49.87816563997262,58.66261395548264,0
grocery_pos,308.64,Kansas City,MO,38.9621,-94.5959,545147,Counsellor,39.511175,-94.760973,7,1,1,31.1211498973306,62.68771642084589,0
kids_pets,40.410000000000004,Brainard,NE,41.1832,-96.9882,614,Associate Professor,40.913713,-97.179471,20,2,12,53.530458590006845,33.9883003911256,0
health_fitness,31.02,Dumont,CO,39.7532,-105.6356,565,Mental health nurse,39.299107,-104.754169,22,5,3,41.54688569472964,90.90981070141262,1
home,138.615,Freedom,WY,43.0172,-111.0292,471,"""Education officer, museum""",42.727535,-110.890955,22,2,12,53.412731006160165,34.122644263173946,0
shopping_pos,231.40500000000003,Red Cliff,CO,39.4584,-106.3851,277,Human resources officer,40.002816,-106.256982,10,4,1,33.7741273100616,61.51971794104649,0
kids_pets,123.84,Laguna Hills,CA,33.615,-117.7114,45303,Sales executive,32.87904,-117.998157,17,1,1,49.04585900068447,86.07007864116402,0
grocery_pos,184.29,Kent,OR,45.0838,-120.6649,60,Museum education officer,44.189625,-121.655209,4,1,1,76.74743326488706,126.59030005758513,0
shopping_net,1711.08,La Grande,OR,45.3304,-118.0852,16955,"""Engineer, site""",44.916768,-117.690038,23,4,2,57.64818617385352,55.46716895846764,1
entertainment,90.045,Rocky Mount,MO,38.2911,-92.7059,1847,Tax inspector,37.905362,-93.426974,19,2,1,30.223134839151268,76.29549256186014,0
shopping_pos,3.09,Centerview,MO,38.7897,-93.8702,2368,Electronics engineer,37.851872,-94.695308,18,4,12,31.44147843942505,126.71052787633448,0
kids_pets,64.785,Aurora,CO,39.6662,-104.835,389246,"""Scientist, marine""",40.005035,-105.115084,17,3,12,51.05270362765229,44.62573306886244,0
entertainment,102.945,Lonetree,WY,41.0552,-110.1603,49,Research scientist (physical sciences),40.399766,-109.434364,21,2,1,37.53319644079398,95.14961291142556,0
gas_transport,67.875,Brainard,NE,41.1832,-96.9882,614,Associate Professor,40.46088,-97.744329,10,3,12,53.53319644079398,102.46467154333972,0
home,75.78,Crownpoint,NM,35.7206,-108.0271,5662,IT consultant,35.039057,-108.182159,21,2,12,31.72895277207392,77.07689853908734,0
travel,8.879999999999999,Paradise Valley,AZ,33.5494,-111.9565,17047,Building surveyor,34.451882,-112.873939,23,6,1,83.95619438740589,131.23508446722718,0
shopping_net,1509.8700000000001,Scotts Mills,OR,44.9897,-122.6187,1252,"""Engineer, petroleum""",44.69061,-123.429961,23,0,7,82.43394934976044,72.09320300008211,1
kids_pets,41.955,Blairsden-Graeagle,CA,39.8127,-120.6405,1725,Chartered legal executive (England and Wales),39.058521,-120.419672,12,0,1,51.61670088980151,85.97844291189682,0
gas_transport,93.0,Conway,WA,48.34,-122.3456,85,"""Research officer, political party""",47.746605,-122.671999,4,6,1,34.34633812457221,70.30259952071991,0
gas_transport,111.60000000000001,Mountain Center,CA,33.6401,-116.5567,1661,"""Therapist, music""",33.011954,-116.93814,8,1,1,30.28336755646817,78.32294090934701,0
gas_transport,102.99,Mesa,ID,44.6255,-116.4493,129,Cartographer,45.172769,-116.730854,2,5,12,55.03080082135524,64.76834804503588,0
grocery_pos,142.68,Matthews,MO,36.7154,-89.6287,1019,Aeronautical engineer,36.63074,-90.363765,8,3,12,41.93018480492813,66.22875812450744,0
personal_care,9.72,Norwalk,CA,33.9056,-118.0818,105549,Firefighter,34.196357,-117.297427,20,6,1,45.327857631759066,79.16616946502354,0
shopping_pos,142.215,Phoenix,AZ,33.5623,-112.0559,1312922,Contractor,33.142637,-111.806381,15,1,1,37.18822724161533,52.10253578682733,0
personal_care,75.82499999999999,Blairstown,MO,38.5319,-93.9221,467,Agricultural consultant,38.049549,-94.340454,17,3,1,68.64339493497604,64.88281984525227,0
grocery_pos,98.77499999999999,Orient,WA,48.8878,-118.2105,149,Special educational needs teacher,48.765842,-117.958571,5,6,12,42.51882272416153,22.891387537311434,0
grocery_pos,179.565,Smith River,CA,41.9404,-124.1587,1930,Web designer,40.972577,-123.316564,1,5,12,37.53867214236824,128.4766819331614,0
shopping_pos,2.535,Littleton,CO,39.5994,-105.0044,320420,Water engineer,39.337818,-104.28629,20,6,12,45.40999315537303,68.15973030172317,0
personal_care,150.97500000000002,Manley,NE,40.9207,-96.168,206,Human resources officer,40.660881,-96.014685,12,2,12,53.24024640657084,31.642566092909107,0
home,204.315,Norwalk,CA,33.9056,-118.0818,105549,Firefighter,33.811805,-118.359859,15,0,1,45.31143052703628,27.71278944103706,0
entertainment,812.8050000000001,Ashford,WA,46.7531,-121.9898,759,Video editor,47.095762,-122.573655,23,6,3,63.49897330595483,58.461124445115225,1
shopping_pos,10.515,Superior,AZ,33.2887,-111.0985,2872,Petroleum engineer,33.008996,-111.293603,17,6,1,31.211498973305957,36.01713314813033,0
gas_transport,88.215,Nelson,NE,40.201,-98.0684,732,Television/film/video producer,41.082645,-97.614764,1,1,12,64.04380561259411,105.24090993495496,0
shopping_net,12.915,Manville,WY,42.73,-104.7024,241,Educational psychologist,42.127461,-103.977187,14,4,12,40.02464065708419,89.61924203785833,0
shopping_pos,11.43,Redford,MO,37.3272,-91.0243,241,Investment analyst,38.290179,-91.250965,16,2,1,44.20260095824778,108.91404606422456,0
grocery_net,67.875,Williamsburg,MO,38.8874,-91.7689,710,Glass blower/designer,38.724645,-91.810658,10,1,12,50.25598904859685,18.45570987267189,0
misc_net,507.72,Stayton,OR,44.8021,-122.7624,9587,"""Engineer, biomedical""",44.244239,-122.119536,3,5,1,50.8227241615332,80.28224531114837,0
health_fitness,130.365,Kansas City,MO,38.9621,-94.5959,545147,Counsellor,39.314553,-93.929669,21,1,1,31.159479808350444,69.55194139446243,0
grocery_pos,230.055,Freedom,WY,43.0172,-111.0292,471,"""Education officer, museum""",43.443715,-110.133664,10,0,12,53.4072553045859,86.67850930359863,0
kids_pets,164.385,Littleton,CO,39.5994,-105.0044,320420,Water engineer,39.478962,-104.43495,14,2,1,43.44421629021218,50.6346742022464,0
shopping_pos,3.915,Rocky Mount,MO,38.2911,-92.7059,1847,Tax inspector,37.895114,-93.474789,15,6,12,32.16974674880219,80.41263330488675,0
gas_transport,94.42500000000001,Espanola,NM,35.9866,-106.0654,18408,Historic buildings inspector/conservation officer,35.248571,-105.958012,1,3,12,48.45448323066393,82.63717062263399,0
shopping_pos,12.450000000000001,Fort Washakie,WY,43.0048,-108.8964,1645,Information systems manager,42.711172,-108.979687,23,5,1,32.91991786447639,33.348250990829584,0
kids_pets,39.18,Unionville,MO,40.4815,-92.9951,3805,"""Investment banker, corporate""",41.015796,-92.796424,19,3,1,68.32032854209446,61.723286338309855,0
misc_net,47.835,American Fork,UT,40.3928,-111.7941,42384,Futures trader,41.340016,-112.343646,9,3,12,28.005475701574262,115.01649116232856,0
personal_care,31.275000000000002,Rock Springs,WY,41.606,-109.23,27971,Music therapist,41.329394,-108.724039,16,6,12,36.40520191649555,52.18468195945234,0
entertainment,11.16,Sutherland,NE,41.1558,-101.136,1789,Insurance broker,41.93211,-101.231691,20,3,12,38.86652977412731,86.6882899174847,0
entertainment,169.27499999999998,San Jose,CA,37.3304,-121.7913,973849,Geoscientist,36.659207,-121.383889,13,0,12,23.942505133470227,82.94117443523933,0
grocery_pos,202.875,Spirit Lake,ID,47.9657,-116.868,4161,Production manager,47.662382,-116.430819,4,0,12,63.54551676933607,46.93852099803271,0
travel,6.36,Iliff,CO,40.7692,-103.0968,648,Community arts worker,40.22735,-102.447784,12,0,12,51.26899383983573,81.49645621147643,0
entertainment,51.150000000000006,Huntington Beach,CA,33.6773,-118.0051,190249,"""Therapist, horticultural""",34.153307,-118.932321,22,2,1,42.29158110882957,100.6083415464876,0
gas_transport,120.375,Bay City,OR,45.5197,-123.8761,1530,Colour technologist,45.950373,-123.143847,10,0,1,32.139630390143736,74.31711429840638,0
personal_care,19.634999999999998,Centerview,MO,38.7897,-93.8702,2368,Electronics engineer,39.703506,-94.628383,23,1,1,29.49760438056126,120.77704332654282,0
home,63.92999999999999,Indian Wells,CA,33.7163,-116.3381,4677,Learning mentor,32.84874,-116.617382,19,6,12,65.64544832306639,99.9002997121607,0
personal_care,95.64,Glendale,CA,34.1556,-118.2322,172817,Advertising account planner,33.23811,-118.410928,22,1,12,38.417522245037645,103.3513725875188,0
gas_transport,77.355,Carlotta,CA,40.507,-123.9743,1139,"""Therapist, occupational""",40.556556,-124.887658,0,1,1,68.01916495550992,77.38690639774748,0
personal_care,45.165,Burbank,WA,46.1966,-118.9017,3684,Musician,45.224163,-119.438699,23,0,12,39.08008213552361,115.88987772406412,0
grocery_pos,421.79999999999995,Buellton,CA,34.6209,-120.1922,5505,Nature conservation officer,34.190851,-120.581868,2,1,4,87.65776865160849,59.70470221855651,1
food_dining,47.19,Greenview,CA,41.5403,-122.9366,308,Call centre manager,41.289388,-122.849057,22,0,1,60.336755646817245,28.839383330169703,0
misc_net,1298.82,Eugene,OR,44.0385,-123.0614,191096,"""Scientist, physiological""",44.871443,-123.782105,23,3,4,55.04996577686516,108.85879515987476,1
gas_transport,97.215,Parks,AZ,35.2563,-111.95,759,"""Geologist, engineering""",36.032534,-112.031285,5,1,12,63.75633127994524,86.62523512853626,0
gas_transport,85.065,Blairstown,MO,38.5319,-93.9221,467,Agricultural consultant,38.260406,-94.642938,8,5,12,70.5845311430527,69.69622481457168,0
shopping_net,11.52,Daly City,CA,37.6787,-122.478,107941,"""Buyer, industrial""",36.988085,-122.574711,15,5,12,29.229295003422312,77.26743425624205,0
entertainment,116.565,Alva,WY,44.6873,-104.4414,110,"""Administrator, local government""",45.195884,-103.846112,22,2,1,45.67008898015058,73.43895740134761,0
home,141.465,Meadville,MO,39.7795,-93.3014,964,Tourist information centre manager,38.976692,-93.694302,13,2,12,46.02053388090349,95.44204767521376,0
grocery_net,106.38,Littleton,CO,39.5994,-105.0044,320420,Water engineer,40.564981,-104.076586,1,6,1,43.43600273785079,133.26002764029468,0
health_fitness,152.77499999999998,Rock Springs,WY,41.606,-109.23,27971,Music therapist,41.782094,-108.238612,19,6,1,34.469541409993155,84.6113104817038,0
kids_pets,127.68,Eugene,OR,44.0385,-123.0614,191096,"""Scientist, physiological""",44.488522,-122.910843,12,3,1,54.76249144421629,51.45629910444608,0
shopping_pos,6.584999999999999,Smith River,CA,41.9404,-124.1587,1930,Web designer,42.130959,-124.248603,18,1,1,35.553730321697465,22.45240483784706,0
grocery_pos,439.27500000000003,Aurora,CO,39.6662,-104.835,389246,"""Scientist, marine""",40.477301,-104.170544,2,6,10,49.83436002737851,106.44609770357076,1
home,72.495,Honokaa,HI,20.0827,-155.488,4878,Physiotherapist,20.746671,-155.981353,22,3,1,52.12320328542094,89.96741513685694,0
gas_transport,33.33,Vinton,CA,40.0235,-120.7986,128,Education administrator,41.009368,-120.223271,0,2,1,53.9356605065024,119.92660754724297,1
shopping_net,13.725000000000001,Phoenix,AZ,33.5623,-112.0559,1312922,Contractor,33.060314,-112.082264,13,1,1,37.22655715263518,55.87203306867211,0
grocery_pos,158.865,Rocky Mount,MO,38.2911,-92.7059,1847,Tax inspector,37.966005,-93.175151,11,0,12,32.172484599589325,54.69380126306547,0
misc_net,1044.435,Meadville,MO,39.7795,-93.3014,964,Tourist information centre manager,39.868586,-92.549576,22,4,2,44.12867898699521,64.96475039128677,1
home,109.635,Claremont,CA,34.1092,-117.7183,35705,Wellsite geologist,34.094094,-117.07348,17,1,12,64.62422997946612,59.39501775418567,0
shopping_net,8.235,Fields Landing,CA,40.7268,-124.2174,276,"""Scientist, audiological""",41.651866,-123.706981,1,0,12,91.64681724845995,111.37692521020531,0
home,120.14999999999999,Superior,AZ,33.2887,-111.0985,2872,Petroleum engineer,33.931415,-110.542269,16,5,12,33.163586584531146,88.09491349505333,0
grocery_pos,324.09000000000003,Newhall,CA,34.3795,-118.523,34882,Health physicist,33.616801,-118.147821,9,1,12,49.68104038329911,91.58944670270358,0
shopping_net,8.129999999999999,Oakland,CA,37.7878,-122.1884,381459,Barista,37.047341,-122.262106,13,4,1,45.02121834360028,82.59217981477252,0
grocery_pos,480.78,Norwalk,CA,33.9056,-118.0818,105549,Firefighter,34.84076,-117.832896,2,1,4,46.55989048596852,106.46456867721538,1
grocery_pos,149.77499999999998,Santa Monica,CA,34.0287,-118.4924,92043,"""Civil engineer, contracting""",34.338354,-119.366451,2,2,1,57.70841889117043,87.4619530056957,0
food_dining,42.87,Fields Landing,CA,40.7268,-124.2174,276,"""Scientist, audiological""",41.609111,-123.422432,16,1,12,91.6495550992471,118.54524392082904,0
gas_transport,89.685,Fields Landing,CA,40.7268,-124.2174,276,"""Scientist, audiological""",39.904903,-124.273507,3,4,12,91.63860369609856,91.51449147993928,0
shopping_pos,6.779999999999999,Smith River,CA,41.9404,-124.1587,1930,Web designer,40.981262,-124.698497,17,5,12,37.53867214236824,115.7482941509554,0
grocery_pos,428.22,Paradise Valley,AZ,33.5494,-111.9565,17047,Building surveyor,33.662636,-112.920904,1,6,10,85.71937029431896,90.19642865287732,1
personal_care,75.405,Sun City,CA,33.7467,-117.1721,54287,"""Designer, exhibition/display""",32.800555,-117.180543,18,3,12,48.27378507871321,105.2094516408552,0
food_dining,190.755,Sutherland,NE,41.1558,-101.136,1789,Insurance broker,41.550923,-100.194191,23,4,8,38.48596851471595,90.05516309383918,1
home,90.375,Riverton,WY,43.0351,-108.2024,19408,"""Lecturer, higher education""",43.574281,-108.154064,12,0,12,27.29637234770705,60.08163395343333,0
personal_care,209.17499999999998,Azusa,CA,34.1248,-117.9031,59705,Civil Service fast streamer,34.88921,-118.050136,18,2,1,35.56741957563313,86.05965287203175,0
kids_pets,55.785,Sutherland,NE,41.1558,-101.136,1789,Insurance broker,41.607599,-100.410871,18,2,1,36.90896646132786,78.63761625251932,0
misc_net,25.485,Camden,MO,39.2048,-94.0259,464,Colour technologist,38.885336,-94.739773,11,6,1,59.64955509924709,71.15136437319194,0
gas_transport,120.64500000000001,Norwalk,CA,33.9056,-118.0818,105549,Firefighter,34.515383,-118.050574,1,1,12,47.26899383983573,67.8655468363644,0
grocery_pos,564.345,Matthews,MO,36.7154,-89.6287,1019,Aeronautical engineer,36.378288,-90.041597,2,2,9,40.62422997946612,52.58879021445719,1
entertainment,51.885000000000005,Rocky Mount,MO,38.2911,-92.7059,1847,Tax inspector,38.223946,-92.362138,21,3,12,32.18069815195072,30.930185482537524,0
health_fitness,106.455,Brashear,MO,40.1959,-92.4333,805,Private music teacher,40.898219,-91.584596,20,5,1,48.544832306639286,106.02287342224376,0
gas_transport,100.125,Hatch,UT,37.7175,-112.4777,258,Geoscientist,37.925467,-111.602416,8,5,1,57.11430527036276,80.28331345089431,0
shopping_net,4.4399999999999995,Humboldt,AZ,34.5189,-112.2523,1179,"""Civil engineer, contracting""",34.137921,-111.611563,3,3,1,63.95345653661875,72.5007075666521,0
grocery_net,49.995,Wheaton,MO,36.7651,-94.0492,760,Production manager,37.697199,-94.408956,7,1,12,35.32922655715264,108.42790011048696,0
home,111.255,Lonetree,WY,41.0552,-110.1603,49,Research scientist (physical sciences),40.171559,-109.488541,23,0,12,39.48254620123203,113.44322945266003,0
shopping_net,11.58,San Diego,CA,33.0067,-117.069,1241364,Chartered public finance accountant,32.844452,-117.698985,8,1,1,59.408624229979466,61.50471096118356,0
gas_transport,126.12,Monitor,WA,47.4852,-120.4158,584,Medical technical officer,48.111978,-120.830831,8,2,1,49.82614647501711,76.27778233210859,0
personal_care,26.505000000000003,Issaquah,WA,47.4974,-122.0107,50489,Osteopath,48.201024,-121.146051,12,6,12,36.82683093771389,101.41050850827436,0
personal_care,7.785,Red River,NM,36.6659,-105.4694,606,"""Surveyor, land/geomatics""",36.546908,-104.525924,20,4,12,32.30116358658453,85.24906533945781,0
misc_net,14.055,Sutherland,NE,41.1558,-101.136,1789,Insurance broker,41.976806,-101.434009,5,0,1,36.9034907597536,94.5982091214821,0
grocery_pos,108.375,Norwalk,CA,33.9056,-118.0818,105549,Firefighter,34.121066,-117.855068,2,1,12,47.26899383983573,31.792196272034893,0
health_fitness,25.740000000000002,Cascade Locks,OR,45.671,-121.8686,1288,Barrister,46.48763,-122.004047,19,1,1,82.70773442847364,91.4040799578514,0
gas_transport,105.345,Fort Washakie,WY,43.0048,-108.8964,1645,Information systems manager,42.437846,-108.856651,10,1,12,34.86379192334018,63.12597539008852,0
grocery_pos,187.53,Cascade Locks,OR,45.671,-121.8686,1288,Barrister,44.722584,-121.195677,1,1,12,84.66255989048597,117.90481290731653,0
entertainment,63.885000000000005,Jelm,WY,41.0539,-106.0763,100,Public librarian,41.02208,-106.548701,13,1,12,46.70499657768652,39.77859603942458,0
travel,5.6850000000000005,Vinton,CA,40.0235,-120.7986,128,Education administrator,39.790971,-120.306958,19,3,12,54.85831622176591,49.265300707784725,0
shopping_pos,4.83,Holstein,NE,40.4542,-98.6538,331,Telecommunications researcher,41.279347,-98.569758,10,1,1,68.40793976728268,92.02390456341516,0
shopping_net,343.59000000000003,Superior,AZ,33.2887,-111.0985,2872,Petroleum engineer,33.977657,-111.885569,19,1,1,31.17864476386037,105.72785738382773,0
personal_care,110.385,Brainard,NE,41.1832,-96.9882,614,Associate Professor,40.534262,-96.494249,14,0,12,53.52498288843258,83.26138313414188,0
misc_pos,59.849999999999994,Meredith,CO,39.3199,-106.6596,61,Public relations account executive,38.754707,-106.956311,10,1,1,79.17864476386038,67.8704939147034,0
gas_transport,74.78999999999999,Mesa,ID,44.6255,-116.4493,129,Cartographer,44.897431,-117.275166,1,2,1,53.08692676249144,71.87423628507833,0
gas_transport,105.14999999999999,Lowell,OR,43.921,-122.7806,1420,Systems analyst,44.674103,-122.989604,2,1,1,53.177275838466805,85.37712054330044,0
food_dining,33.36,Sprague,NE,40.6267,-96.7456,142,Chiropodist,41.541313,-96.390918,21,5,1,51.36755646817249,105.95556648222882,0
grocery_net,46.86,Lake Oswego,OR,45.4093,-122.6847,42817,Planning and development surveyor,46.056597,-122.338667,3,1,1,36.63518138261465,76.82342957569539,0
home,10.649999999999999,Wales,AK,64.7556,-165.6723,145,"""Administrator, education""",64.118365,-165.742653,15,0,12,81.13620807665983,70.9376479861261,0
shopping_pos,13.71,Conway,WA,48.34,-122.3456,85,"""Research officer, political party""",48.869213,-121.83423,20,0,1,34.36824093086927,69.83214256677256,0
misc_pos,13.049999999999999,San Diego,CA,33.0067,-117.069,1241364,Chartered public finance accountant,33.400869,-116.456702,5,3,12,61.4072553045859,71.87743693953425,0
shopping_pos,8.64,Carlotta,CA,40.507,-123.9743,1139,"""Therapist, occupational""",40.497603,-123.638624,1,6,12,69.94934976043805,28.40074578048788,0
shopping_pos,8.19,Laguna Hills,CA,33.615,-117.7114,45303,Sales executive,33.031567,-117.291122,2,6,12,51.01437371663244,75.72016849145088,0
home,100.08,Centerview,MO,38.7897,-93.8702,2368,Electronics engineer,38.124728,-93.391159,19,4,1,29.505817932922657,84.89504178507391,0
grocery_pos,131.415,Sutherland,NE,41.1558,-101.136,1789,Insurance broker,40.403898,-101.022827,4,2,12,38.8829568788501,84.14894703164266,0
shopping_net,1575.6000000000001,Laguna Hills,CA,33.615,-117.7114,45303,Sales executive,33.37144,-118.360377,23,0,1,50.05886379192334,65.99334920930897,1
home,130.02,Red Cliff,CO,39.4584,-106.3851,277,Human resources officer,38.962183,-106.258672,19,2,1,33.74948665297741,56.24170310358186,0
gas_transport,113.01,Santa Monica,CA,34.0287,-118.4924,92043,"""Civil engineer, contracting""",34.764044,-117.688958,2,6,12,59.67419575633128,110.0902434974816,0
entertainment,39.150000000000006,Parker,CO,39.5102,-104.7216,84861,Materials engineer,39.520305,-105.210315,2,2,1,86.8145106091718,41.937908403614905,0
grocery_pos,389.445,Pleasant Hill,MO,38.7859,-94.244,12866,Information officer,38.601233,-94.617059,3,2,12,73.51950718685832,38.33938424826094,1
entertainment,46.019999999999996,Newberg,OR,45.3099,-122.9685,28278,Research scientist (physical sciences),45.51857,-123.349498,19,3,12,43.43874058863792,37.72000345415464,0
food_dining,212.145,Kirk,CO,39.6171,-102.4776,207,Network engineer,40.213466,-101.980323,21,6,1,63.09103353867214,78.71473021154887,0
kids_pets,219.87,Indian Wells,CA,33.7163,-116.3381,4677,Learning mentor,33.481631,-115.778028,19,0,12,65.64818617385353,58.06589221980179,0
entertainment,197.31,Jelm,WY,41.0539,-106.0763,100,Public librarian,41.704298,-106.558663,22,3,12,46.71047227926078,82.76478769502121,0
gas_transport,95.895,Athena,OR,45.8289,-118.4971,1302,Dealer,46.292691,-118.530777,0,2,12,44.19986310746064,51.63662481517372,0
travel,14.76,Santa Monica,CA,34.0287,-118.4924,92043,"""Civil engineer, contracting""",34.884587,-118.053407,12,5,1,57.73579739904175,103.33122742493748,0
home,58.650000000000006,Newhall,CA,34.3795,-118.523,34882,Health physicist,35.138746,-117.979857,18,6,12,49.67556468172484,97.92488297989468,0
shopping_net,4732.14,Red River,NM,36.6659,-105.4694,606,"""Surveyor, land/geomatics""",36.956953,-106.250277,12,6,12,32.3066392881588,76.68071165306702,0
home,90.81,Mound City,MO,40.1362,-95.2138,1631,Architect,39.733437,-94.513749,19,1,1,65.98494182067077,74.62062129005025,0
personal_care,11.399999999999999,Arvada,CO,39.8422,-105.1097,122111,Hotel manager,40.18826,-104.148523,23,0,12,33.60164271047228,90.44798642007,0
personal_care,11.31,Rocky Mount,MO,38.2911,-92.7059,1847,Tax inspector,38.230077,-93.039229,20,0,1,30.217659137577,29.883666609827674,0
gas_transport,91.215,Kirtland Afb,NM,35.0203,-106.5503,310,"""Surveyor, land/geomatics""",34.451317,-105.579355,0,4,1,40.26283367556468,108.97023153753192,0
home,8.265,Greenview,CA,41.5403,-122.9366,308,Call centre manager,41.652392,-122.709142,12,3,12,62.28062970568104,22.65195331607108,0
personal_care,98.88,Indian Wells,CA,33.7163,-116.3381,4677,Learning mentor,33.927717,-115.569694,17,4,1,63.70431211498973,74.77471622245385,0
home,108.27000000000001,Dumont,CO,39.7532,-105.6356,565,Mental health nurse,39.038853,-105.698018,15,1,12,42.34086242299794,79.6126309114961,0
travel,2.7750000000000004,Cascade Locks,OR,45.671,-121.8686,1288,Barrister,46.086817,-121.101384,14,0,1,82.70499657768652,75.26661292941228,0
personal_care,34.92,Wheaton,MO,36.7651,-94.0492,760,Production manager,36.144123,-94.10011,15,1,1,33.33607118412046,69.19944983763712,0
home,392.68500000000006,Fort Washakie,WY,43.0048,-108.8964,1645,Information systems manager,42.20423,-109.34123,22,5,3,33.034907597535934,96.17596630838044,1
shopping_pos,202.035,Fiddletown,CA,38.5234,-120.6763,832,Immigration officer,38.024205,-121.094802,2,4,1,31.668720054757017,66.45122496600656,0
grocery_pos,323.61,Superior,AZ,33.2887,-111.0985,2872,Petroleum engineer,33.31249,-111.443804,1,2,1,31.1813826146475,32.20031333566432,0
home,62.114999999999995,Indian Wells,CA,33.7163,-116.3381,4677,Learning mentor,32.752409,-116.464598,14,0,1,63.6933607118412,107.82356360288448,0
food_dining,6.404999999999999,North Loup,NE,41.4972,-98.7858,509,"""Nurse, children's""",42.340427,-98.655233,14,4,1,38.34086242299794,94.38281884025096,0
entertainment,225.435,Oakland,CA,37.7878,-122.1884,381459,Barista,37.627231,-122.826916,21,6,12,46.98151950718686,58.94015170977079,0
grocery_net,97.77000000000001,Iliff,CO,40.7692,-103.0968,648,Community arts worker,40.528505,-103.918164,6,5,1,49.327857631759066,74.28332141038628,0
home,110.98499999999999,Meredith,CO,39.3199,-106.6596,61,Public relations account executive,39.988361,-107.488697,19,1,1,79.17864476386038,102.77497948962376,0
grocery_pos,275.25,Newhall,CA,34.3795,-118.523,34882,Health physicist,34.004312,-119.052997,8,4,12,49.67008898015058,64.16166722035875,0
shopping_pos,233.04000000000002,Fort Washakie,WY,43.0048,-108.8964,1645,Freight forwarder,42.378432,-109.177098,2,4,1,42.87474332648871,73.32982890905774,0
misc_net,283.695,Santa Monica,CA,34.0287,-118.4924,92043,"""Civil engineer, contracting""",34.513833,-118.277952,7,5,12,59.67145790554415,57.43075058694824,0
grocery_pos,67.605,Norwalk,CA,33.9056,-118.0818,105549,Firefighter,33.425463,-118.699866,10,6,1,45.28952772073922,78.24390597163459,0
gas_transport,32.94,Cascade Locks,OR,45.671,-121.8686,1288,Barrister,44.840338,-121.99807,3,5,11,84.5201916495551,92.91966034735322,1
health_fitness,17.009999999999998,Centerview,MO,38.7897,-93.8702,2368,Electronics engineer,38.598849,-93.651832,14,4,1,29.48665297741273,28.451995986553897,0
shopping_net,124.72500000000001,Fort Washakie,WY,43.0048,-108.8964,1645,Freight forwarder,42.348768,-108.561046,1,2,12,44.84325804243669,77.92866984869076,0
shopping_pos,13.184999999999999,Fullerton,NE,41.366,-98.0054,1749,"""Surveyor, mining""",41.423397,-97.273626,17,6,12,47.6413415468857,61.37374110746765,0
home,152.565,Cascade Locks,OR,45.671,-121.8686,1288,Barrister,45.453653,-122.35807,21,1,12,84.66255989048597,45.12350011036939,0
shopping_pos,2.235,Fort Washakie,WY,43.0048,-108.8964,1645,Information systems manager,42.252227,-109.217847,14,0,12,34.861054072553046,87.71716554835872,0
health_fitness,60.12,Utica,MO,39.7417,-93.6289,271,Land/geomatics surveyor,39.505404,-94.073322,22,6,12,48.69267624914442,46.25170054795296,0
shopping_net,1985.6100000000001,Sun City,CA,33.7467,-117.1721,54287,"""Designer, exhibition/display""",34.394362,-116.94011,19,0,1,46.29158110882957,75.11987911127277,0
personal_care,12.03,Roseland,NE,40.4591,-98.5551,463,"""Nurse, mental health""",40.179548,-97.93895,21,6,1,70.6009582477755,60.78648732238746,0
entertainment,204.645,Mesa,ID,44.6255,-116.4493,129,Cartographer,45.1528,-116.250539,20,3,12,55.044490075290895,60.687795365357374,0
misc_pos,76.02,Scotts Mills,OR,44.9897,-122.6187,1252,"""Engineer, petroleum""",45.50318,-122.969065,23,0,7,82.43394934976044,63.3430361329175,1
shopping_pos,1311.435,Campbell,NE,40.2967,-98.737,493,"""Surveyor, minerals""",39.98626,-98.881492,22,4,5,78.67214236824093,36.63932428179953,1
kids_pets,3.54,Kansas City,MO,38.9621,-94.5959,545147,Counsellor,39.162085,-94.74923,19,1,1,31.14031485284052,25.87954897897597,0
gas_transport,80.355,Carlotta,CA,40.507,-123.9743,1139,"""Therapist, occupational""",39.935116,-123.997417,6,3,12,69.96030116358658,63.6208811225754,0
personal_care,46.695,Rocky Mount,MO,38.2911,-92.7059,1847,Tax inspector,37.604577,-92.027023,22,0,12,32.172484599589325,96.80312794904717,0
entertainment,51.795,Manville,WY,42.73,-104.7024,241,Educational psychologist,42.75787,-104.278903,18,0,1,38.09719370294319,34.721693675384024,0
entertainment,12.03,Hooper,NE,41.6414,-96.5232,1745,"""Engineer, automotive""",40.710738,-96.186405,18,0,1,45.0321697467488,107.25500855322564,0
shopping_net,13.575000000000001,Kirtland Afb,NM,35.0203,-106.5503,310,"""Surveyor, land/geomatics""",34.801342,-105.727551,15,4,1,40.26283367556468,78.87362491808203,0
personal_care,293.71500000000003,Lake Oswego,OR,45.4093,-122.6847,42817,Planning and development surveyor,45.210805,-123.302431,14,5,12,38.58179329226557,53.10992017788356,0
travel,2.73,Howells,NE,41.6964,-96.9858,1063,Research scientist (maths),42.643403,-96.879872,20,3,12,92.74743326488706,105.66314554999776,0
misc_net,787.0500000000001,Orient,WA,48.8878,-118.2105,149,Special educational needs teacher,48.558202,-117.39344,7,3,12,42.52977412731006,70.25238565139054,0
kids_pets,139.815,Ballwin,MO,38.577,-90.5255,92608,"""Engineer, communications""",37.582973,-91.142185,20,4,1,17.44284736481862,123.00533298050154,0
health_fitness,110.64000000000001,Lonetree,WY,41.0552,-110.1603,49,Research scientist (physical sciences),41.50133,-110.207805,21,4,12,39.47433264887064,49.76597173870506,0
kids_pets,62.835,Freedom,WY,43.0172,-111.0292,471,"""Education officer, museum""",43.283669,-111.64564,13,0,12,53.4072553045859,58.12643225034229,0
food_dining,13.799999999999999,Glendale,CA,34.1556,-118.2322,172817,Advertising account planner,34.460722,-118.134138,19,4,1,36.4517453798768,35.10319326526471,0
gas_transport,94.125,Mountain Center,CA,33.6401,-116.5567,1661,"""Therapist, music""",33.553284,-116.01521,5,0,12,32.27378507871321,51.07343816339733,0
grocery_pos,144.96,Manville,WY,42.73,-104.7024,241,Educational psychologist,41.971391,-104.665181,4,2,12,40.03832991101985,84.40890045653825,0
misc_pos,99.64500000000001,Lowell,OR,43.921,-122.7806,1420,Systems analyst,44.584287,-122.077455,8,3,12,55.13757700205339,92.60554539489472,0
grocery_pos,280.74,Littleton,CO,39.5994,-105.0044,320420,Water engineer,40.417532,-104.79374,8,1,12,45.4154688569473,92.7244344319368,0
health_fitness,59.82000000000001,Espanola,NM,35.9866,-106.0654,18408,Historic buildings inspector/conservation officer,35.062973,-106.975785,12,0,12,48.446269678302535,131.6629546521491,0
kids_pets,30.405,Hubbell,NE,40.0456,-97.4735,121,Set designer,39.465551,-98.369363,14,0,2,22.89390828199863,100.12344157879193,1
gas_transport,120.14999999999999,Colton,WA,46.5901,-117.1692,761,Chief Marketing Officer,46.345869,-116.54045,9,6,1,75.55920602327173,55.28362513003236,0
misc_pos,49.394999999999996,San Diego,CA,33.0067,-117.069,1241364,Chartered public finance accountant,32.170466,-116.335263,2,1,1,59.42778918548939,115.6354134634975,0
personal_care,175.785,Superior,AZ,33.2887,-111.0985,2872,Petroleum engineer,34.256076,-111.902607,19,1,12,33.17180013689254,130.74599320481568,0
misc_net,7.86,Huslia,AK,65.6899,-156.292,277,"""Engineer, civil (consulting)""",65.602228,-156.945195,10,6,1,53.16632443531827,31.49781564187761,0
shopping_pos,8.084999999999999,Newberg,OR,45.3099,-122.9685,28278,Research scientist (physical sciences),46.008528,-123.3345,15,3,1,41.503080082135526,82.72742042518392,0
travel,10.875,Lamy,NM,35.4311,-105.9409,923,Public relations account executive,36.341812,-105.427952,23,0,12,56.51745379876797,111.31126535040168,0
food_dining,94.755,Superior,AZ,33.2887,-111.0985,2872,Petroleum engineer,33.467681,-110.725325,20,0,1,31.195071868583163,39.95945754282853,0
entertainment,114.47999999999999,Williamsburg,MO,38.8874,-91.7689,710,Glass blower/designer,38.057782,-92.245802,22,0,1,48.31759069130732,101.160702287272,0
misc_pos,2.5949999999999998,Westfir,OR,43.7575,-122.481,597,Forensic psychologist,43.551387,-122.943197,8,6,1,57.65366187542779,43.6799229229628,0
shopping_pos,5.61,Sun City,CA,33.7467,-117.1721,54287,"""Designer, exhibition/display""",33.712875,-116.26752,23,3,12,48.27378507871321,83.73707662888013,0
personal_care,53.80499999999999,Moab,UT,38.5677,-109.5271,9772,Location manager,39.119082,-110.066371,12,3,12,31.10198494182067,77.07284397602254,0
health_fitness,45.345,Browning,MO,40.029,-93.1607,602,Cytogeneticist,40.121819,-94.146525,17,6,1,64.50102669404518,84.5121487720395,0
gas_transport,107.64000000000001,Cascade Locks,OR,45.671,-121.8686,1288,Barrister,45.693756,-121.949044,4,1,1,82.70773442847364,6.742109032435106,0
kids_pets,120.18,Newhall,CA,34.3795,-118.523,34882,Health physicist,34.162221,-119.349517,22,4,12,49.67008898015058,79.69845837254354,0
health_fitness,34.665,Sun City,CA,33.7467,-117.1721,54287,"""Designer, exhibition/display""",34.645096,-117.275318,18,0,12,48.26557152635181,100.347103269723,0
shopping_net,120.07499999999999,Vancouver,WA,45.6892,-122.6616,299480,Teaching laboratory technician,46.351528,-122.663192,14,5,12,35.98083504449008,73.64761595636804,0
entertainment,151.54500000000002,Lake Oswego,OR,45.4093,-122.6847,42817,Planning and development surveyor,46.29139,-123.276919,21,6,1,36.610540725530456,108.27812121265332,0
kids_pets,152.04,Lowell,OR,43.921,-122.7806,1420,Systems analyst,43.092743,-122.66033,23,0,1,53.1937029431896,92.60731040457948,0
home,50.42999999999999,Laramie,WY,41.4247,-105.4781,35371,"""Pilot, airline""",41.649681,-104.801225,23,0,1,30.38466803559206,61.642172237994856,0
gas_transport,77.355,Carlotta,CA,40.507,-123.9743,1139,"""Therapist, occupational""",40.556556,-124.887658,0,1,1,68.01916495550992,77.38690639774748,0
grocery_pos,552.675,Burlington,WA,48.4786,-122.3345,14871,Public house manager,47.882096,-123.191171,0,1,6,46.26967830253251,91.83446971184756,1
food_dining,1.56,Centerview,MO,38.7897,-93.8702,2368,Electronics engineer,39.068917,-94.847778,18,0,1,29.51403148528405,90.08037623632973,0
grocery_pos,126.24,Thompson,UT,38.9999,-109.615,46,"""Surveyor, minerals""",38.571171,-108.899249,1,5,1,31.704312114989733,78.23913632235109,0
grocery_net,79.38,San Jose,CA,37.3304,-121.7913,973849,Geoscientist,36.94515,-122.340227,5,6,12,23.939767282683093,64.82827859834957,0
shopping_pos,2290.3650000000002,Palmdale,CA,34.5715,-118.0231,171170,Chemical engineer,35.043491,-117.468909,2,3,1,55.62217659137577,72.90066428806095,0
home,148.48499999999999,Kansas City,MO,38.9621,-94.5959,545147,Counsellor,38.003874,-93.797039,19,5,1,31.17043121149897,127.23060346506485,0
gas_transport,95.07000000000001,Luray,MO,40.4931,-91.8912,519,Town planner,41.110775,-91.654349,11,4,1,52.92813141683778,71.51711676284904,0
grocery_pos,51.525000000000006,Norwalk,CA,33.9056,-118.0818,105549,Firefighter,34.11812,-117.592445,8,2,12,47.27173169062286,50.92016121887561,0
entertainment,105.84,Rock Springs,WY,41.606,-109.23,27971,Music therapist,40.943613,-108.600657,20,1,1,34.43668720054757,90.50355257307734,0
entertainment,46.155,Weeping Water,NE,40.8731,-96.1528,1517,Dealer,40.257489,-95.859649,16,5,1,67.17864476386038,72.79397199518364,0
kids_pets,103.27499999999999,Issaquah,WA,47.4974,-122.0107,50489,Osteopath,48.321374,-121.78628,22,1,1,34.83915126625599,93.13598742006413,0
entertainment,19.875,Norwalk,CA,33.9056,-118.0818,105549,Firefighter,34.403249,-117.147889,19,3,12,47.27446954140999,102.2097561781725,0
misc_net,41.595,Newberg,OR,45.3099,-122.9685,28278,Research scientist (physical sciences),45.363063,-122.430836,22,6,1,41.47296372347707,42.43938497858085,0
home,22.335,Daly City,CA,37.6787,-122.478,107941,"""Buyer, industrial""",37.524622,-121.484231,16,6,12,29.232032854209447,89.20786459877928,0
misc_pos,39.375,Paauilo,HI,20.0271,-155.3697,1490,"""Scientist, research (maths)""",20.45113,-155.05433,13,6,1,27.772758384668037,57.49504162473354,0
entertainment,4.71,Honokaa,HI,20.0827,-155.488,4878,Physiotherapist,20.995398,-155.369362,3,1,1,52.07939767282683,102.23644673392762,0
food_dining,38.115,Superior,AZ,33.2887,-111.0985,2872,Petroleum engineer,33.009593,-110.799751,23,0,1,31.195071868583163,41.67425142669336,0
gas_transport,122.445,Glendale,CA,34.1556,-118.2322,172817,Advertising account planner,34.371013,-119.220842,2,5,1,36.45448323066393,93.9582288253429,0
grocery_pos,143.415,Portland,OR,45.5303,-122.7033,841711,"""Engineer, building services""",46.046949,-123.537622,1,4,1,55.75359342915811,86.51653237483721,0
food_dining,54.0,Lakeport,CA,39.047,-122.9328,11256,Podiatrist,39.044981,-122.355921,16,4,12,48.18617385352498,49.81882204879391,0
personal_care,76.485,Indian Wells,CA,33.7163,-116.3381,4677,Learning mentor,34.144606,-115.864554,18,6,1,63.67145790554415,64.62914672539362,0
personal_care,115.815,Fiddletown,CA,38.5234,-120.6763,832,Immigration officer,37.618531,-120.165947,23,4,1,31.668720054757017,110.08861890629991,0
grocery_pos,202.875,Spirit Lake,ID,47.9657,-116.868,4161,Production manager,47.662382,-116.430819,4,0,12,63.54551676933607,46.93852099803271,0
gas_transport,78.255,Port Costa,CA,38.046,-122.1866,198,Armed forces training and education officer,37.511784,-121.636693,8,1,1,59.79466119096509,76.57857682311048,0
grocery_pos,218.79000000000002,Tomales,CA,38.2427,-122.9145,337,Occupational psychologist,39.156701,-121.918745,4,6,1,64.52566735112936,133.40013478527973,0
grocery_pos,309.57,Superior,AZ,33.2887,-111.0985,2872,Petroleum engineer,32.642667,-111.742112,11,4,12,33.16084873374401,93.624417956923,0
grocery_pos,186.52499999999998,Meredith,CO,39.3199,-106.6596,61,Public relations account executive,38.640927,-106.161151,8,6,12,81.14715947980835,86.92680732542267,0
grocery_net,74.625,Athena,OR,45.8289,-118.4971,1302,Dealer,46.463673,-119.370406,2,0,12,44.19438740588638,97.50943720389172,0
health_fitness,330.705,Sprague,NE,40.6267,-96.7456,142,Chiropodist,40.046736,-97.272968,18,6,1,51.408624229979466,78.46517171869435,0
gas_transport,89.13,June Lake,CA,37.7773,-119.0825,633,Health service manager,38.61417,-119.998221,6,0,12,93.30321697467488,122.7303208052305,0
food_dining,12.375,Meredith,CO,39.3199,-106.6596,61,Public relations account executive,40.209483,-106.318712,15,2,12,81.15537303216975,103.11882656441124,0
personal_care,188.685,Mendon,UT,41.71,-111.9817,2078,"""Scientist, audiological""",42.265886,-112.634301,21,3,12,57.5523613963039,82.0354578404386,0
grocery_pos,123.87,Thompson,UT,38.9999,-109.615,46,"""Surveyor, minerals""",39.141819,-109.397842,10,0,12,33.68377823408624,24.5045440475226,0
misc_pos,5.205,Red River,NM,36.6659,-105.4694,606,"""Surveyor, land/geomatics""",36.602989,-104.581864,23,3,12,32.2984257357974,79.50233397276158,0
shopping_pos,6.0,Centerview,MO,38.7897,-93.8702,2368,Electronics engineer,39.097427,-93.374791,14,1,1,29.45927446954141,54.83159630617348,0
shopping_pos,47.565,Lakeport,CA,39.047,-122.9328,11256,Podiatrist,38.06446,-123.418731,19,5,12,48.18891170431211,117.13917608416686,0
grocery_net,73.47,Albuquerque,NM,35.1506,-106.569,641349,Civil Service administrator,36.029361,-105.716869,10,3,12,44.72279260780287,124.43804268754953,0
shopping_net,14.174999999999999,Blairsden-Graeagle,CA,39.8127,-120.6405,1725,Chartered legal executive (England and Wales),40.104245,-120.603534,0,0,12,53.59069130732375,32.57106927377499,0
kids_pets,61.905,Phoenix,AZ,33.5623,-112.0559,1312922,Contractor,33.028403,-111.646542,16,6,12,39.175906913073234,70.51189365075382,0
gas_transport,81.24,Glendale,CA,34.1556,-118.2322,172817,Advertising account planner,33.356323,-118.631544,10,5,12,38.40930869267625,96.23830820440202,0
home,363.9,Conway,WA,48.34,-122.3456,85,"""Research officer, political party""",47.794046,-121.459584,22,0,6,34.75154004106776,89.5529806406675,1
misc_net,3.6450000000000005,Hawthorne,CA,33.9143,-118.3493,93193,"""Editor, magazine features""",33.971583,-119.181641,4,1,1,23.72347707049966,77.04420126633403,0
grocery_pos,196.215,Carlotta,CA,40.507,-123.9743,1139,"""Therapist, occupational""",40.277497,-124.363758,0,4,1,67.96988364134155,41.70259346074696,0
entertainment,198.435,Carlotta,CA,40.507,-123.9743,1139,"""Therapist, occupational""",40.034132,-124.254824,16,2,12,69.95756331279945,57.7161000364742,0
shopping_pos,10.995000000000001,Kirk,CO,39.6171,-102.4776,207,Network engineer,40.406441,-102.602944,10,5,12,65.06228610540725,88.41746541286064,0
grocery_pos,494.745,Parker Dam,CA,34.298,-114.156,126,Marketing executive,35.269747,-115.001724,1,6,1,26.305270362765228,132.81777635358395,1
entertainment,28.185,San Diego,CA,33.0067,-117.069,1241364,Chartered public finance accountant,33.079034,-117.435037,8,6,1,59.441478439425055,35.05373734214296,0
grocery_net,60.345,Laramie,WY,41.4247,-105.4781,35371,"""Pilot, airline""",42.26555,-104.539159,7,6,12,32.31759069130732,121.61721349956102,0
personal_care,113.41499999999999,Fort Washakie,WY,43.0048,-108.8964,1645,Freight forwarder,42.771321,-109.218413,14,6,1,42.899383983572896,36.908836691391386,0
shopping_net,4.68,Rocky Mount,MO,38.2911,-92.7059,1847,Tax inspector,38.714423,-92.194372,20,0,1,30.236824093086927,64.78461514881116,0
home,156.27,Meridian,ID,43.6498,-116.4306,84106,Intelligence analyst,43.354804,-116.154547,14,4,12,49.869952087611225,39.64469270077209,0
travel,6.93,Hatch,UT,37.7175,-112.4777,258,Geoscientist,38.242796,-113.364223,19,1,12,59.096509240246405,97.20587922935978,0
food_dining,20.355,Greenview,CA,41.5403,-122.9366,308,Call centre manager,41.147628,-122.952271,22,3,12,62.26146475017112,43.68272785713123,0
grocery_pos,307.635,Colorado Springs,CO,38.8881,-104.6556,525713,Museum/gallery exhibitions officer,39.463014,-105.23926,6,1,12,28.640657084188916,81.35044001719312,0
grocery_pos,413.625,Laguna Hills,CA,33.615,-117.7114,45303,Sales executive,34.302416,-117.169899,1,0,1,50.05886379192334,91.30612241691274,1
food_dining,9.3,Sacramento,CA,38.5662,-121.3286,757530,Magazine features editor,39.124308,-120.68118,12,1,12,41.667351129363446,83.63558247910152,0
misc_net,53.595,Carlotta,CA,40.507,-123.9743,1139,"""Therapist, occupational""",39.603942,-124.815502,8,0,1,68.0164271047228,123.32404826613624,0
kids_pets,86.49,Honokaa,HI,20.0827,-155.488,4878,Physiotherapist,19.829151,-156.471122,23,0,1,52.134154688569474,106.55158620561876,0
personal_care,2.8649999999999998,Mountain Center,CA,33.6401,-116.5567,1661,"""Therapist, music""",33.534422,-115.752856,17,1,1,30.28336755646817,75.38161916336774,0
grocery_pos,67.605,Norwalk,CA,33.9056,-118.0818,105549,Firefighter,33.425463,-118.699866,10,6,1,45.28952772073922,78.24390597163459,0
grocery_pos,333.6,Kansas City,MO,38.9621,-94.5959,545147,Counsellor,38.274294,-94.747439,4,4,12,33.10335386721424,77.60540398278225,0
entertainment,205.04999999999998,Meredith,CO,39.3199,-106.6596,61,Public relations account executive,38.867049,-106.172453,1,6,1,79.21149897330595,65.59734773897743,0
entertainment,105.85499999999999,Fiddletown,CA,38.5234,-120.6763,832,Immigration officer,38.208901,-120.66471,12,5,1,31.652292950034223,34.98528835694126,0
home,25.380000000000003,Greenview,CA,41.5403,-122.9366,308,Call centre manager,40.592815,-122.835766,15,6,12,62.26967830253251,105.69409506431408,0
gas_transport,137.47500000000002,Manville,WY,42.73,-104.7024,241,Educational psychologist,43.473108,-105.670578,8,1,1,38.0807665982204,114.04388397934729,0
misc_net,35.505,Kent,OR,45.0838,-120.6649,60,Museum education officer,45.340418,-120.889002,9,1,12,78.74058863791923,33.50226699552883,0
misc_net,13.53,Greenview,CA,41.5403,-122.9366,308,Call centre manager,40.669097,-123.56002,10,5,12,62.26694045174538,110.05756440191404,0
grocery_pos,127.62,Alva,WY,44.6873,-104.4414,110,"""Administrator, local government""",44.078922,-103.475212,4,0,1,45.64544832306639,102.3301918120373,0
entertainment,55.845,Grenada,CA,41.6125,-122.5258,589,Systems analyst,42.294571,-121.621903,23,4,12,75.0116358658453,106.48466518239108,0
personal_care,32.22,Lake Oswego,OR,45.4093,-122.6847,42817,Planning and development surveyor,45.299985,-122.538645,23,0,7,38.14647501711157,16.67321469149066,1
grocery_pos,150.555,Sutherland,NE,41.1558,-101.136,1789,Insurance broker,41.016825,-101.208731,3,3,1,36.930869267624914,16.612072030465868,0
home,20.325000000000003,Westfir,OR,43.7575,-122.481,597,Forensic psychologist,43.743066,-121.889109,20,2,1,57.661875427789184,47.56934122728709,0
food_dining,52.11,Aurora,CO,39.6662,-104.835,389246,"""Scientist, marine""",40.105958,-105.831232,9,0,1,49.08966461327858,98.06137752410278,0
shopping_net,1460.25,Lonetree,WY,41.0552,-110.1603,49,Research scientist (physical sciences),40.698682,-110.489824,23,4,3,37.69199178644764,48.36460410633001,1
grocery_pos,482.64,Kent,OR,45.0838,-120.6649,60,Museum education officer,45.748081,-119.749367,0,4,9,77.44558521560575,102.77331968097114,1
home,36.81,Sacramento,CA,38.5662,-121.3286,757530,Magazine features editor,38.608123,-120.961983,21,1,1,39.6933607118412,32.20427496332352,0
shopping_pos,7.86,North Loup,NE,41.4972,-98.7858,509,"""Nurse, children's""",42.146007,-98.839966,12,0,12,40.284736481861735,72.28353319496868,0
shopping_net,4.035,Orient,WA,48.8878,-118.2105,149,Special educational needs teacher,48.61955,-117.30229,20,4,12,42.51334702258727,72.95682867677003,0
misc_pos,26.25,Littleton,CO,39.5994,-105.0044,320420,Water engineer,38.758534,-105.847771,7,6,1,43.47433264887064,118.43347999338036,0
entertainment,891.135,Fort Washakie,WY,43.0048,-108.8964,1645,Information systems manager,42.468523,-109.687147,23,5,3,33.034907597535934,87.90004967278122,1
kids_pets,24.765,Hooper,NE,41.6414,-96.5232,1745,"""Engineer, automotive""",41.653702,-97.183706,21,4,12,46.99794661190965,54.89839108151357,0
grocery_pos,142.56,Manville,WY,42.73,-104.7024,241,Educational psychologist,42.258504,-105.205418,1,6,1,38.07529089664613,66.70496141799467,0
shopping_net,1.815,Blairstown,MO,38.5319,-93.9221,467,Agricultural consultant,38.807096,-93.201488,5,6,12,70.58726899383984,69.6437984786498,0
entertainment,257.54999999999995,Vancouver,WA,45.6892,-122.6616,299480,Teaching laboratory technician,45.818109,-123.100912,18,1,1,34.03422313483915,36.9756704908663,0
home,220.755,Issaquah,WA,47.4974,-122.0107,50489,Osteopath,46.578503,-122.50029,12,3,12,36.837782340862425,108.70356220621304,0
grocery_pos,264.33,Laramie,WY,41.4247,-105.4781,35371,"""Pilot, airline""",40.909588,-104.612073,6,6,12,32.31759069130732,92.38896137842804,0
shopping_net,162.60000000000002,Dumont,CO,39.7532,-105.6356,565,Mental health nurse,40.726822,-105.123779,7,6,1,40.36139630390144,116.65249929877444,0
shopping_net,2.88,Lakeport,CA,39.047,-122.9328,11256,Podiatrist,38.519133,-123.181343,18,1,1,46.20396988364134,62.524769580125856,0
gas_transport,131.835,High Rolls Mountain Park,NM,32.9396,-105.8189,899,Naval architect,32.362326,-106.326331,2,2,12,53.33607118412046,79.85763565157687,0
kids_pets,82.69500000000001,Meadville,MO,39.7795,-93.3014,964,Tourist information centre manager,40.371731,-93.705926,22,0,1,44.06023271731691,74.30539246114743,0
entertainment,102.945,Lonetree,WY,41.0552,-110.1603,49,Research scientist (physical sciences),40.399766,-109.434364,21,2,1,37.53319644079398,95.14961291142556,0
shopping_net,26.759999999999998,Superior,AZ,33.2887,-111.0985,2872,Petroleum engineer,32.615584,-111.088174,19,1,1,31.21697467488022,74.85328512648287,0
kids_pets,164.385,Littleton,CO,39.5994,-105.0044,320420,Water engineer,39.478962,-104.43495,14,2,1,43.44421629021218,50.6346742022464,0
home,195.36,Napa,CA,38.4549,-122.2564,94014,Airline pilot,37.57348,-122.175675,23,2,12,35.35934291581109,98.26423018197468,0
grocery_net,142.51500000000001,Lowell,OR,43.921,-122.7806,1420,Systems analyst,43.144572,-123.550742,0,0,1,53.1937029431896,106.33872914742632,0
gas_transport,13.77,Valentine,NE,42.8062,-100.6215,4005,Network engineer,42.795521,-100.37868,5,5,9,74.48049281314168,19.84623814958912,1
grocery_pos,524.415,Lagrange,WY,41.6423,-104.1974,635,Product/process development scientist,42.551748,-103.733937,3,0,7,46.04243668720055,108.11385165848527,1
entertainment,6.39,Gardiner,OR,43.7857,-124.1437,260,"""Engineer, maintenance""",43.371761,-124.461336,16,2,12,64.32854209445586,52.6614040944008,0
food_dining,91.57499999999999,Rock Springs,WY,41.606,-109.23,27971,Music therapist,42.035048,-109.281095,14,5,1,34.4476386036961,47.89547561077869,0
kids_pets,70.635,Blairstown,MO,38.5319,-93.9221,467,Agricultural consultant,39.187648,-93.646264,19,4,12,70.58179329226557,76.72758129466149,0
misc_net,1208.94,Kaktovik,AK,66.6933,-153.994,239,Careers information officer,66.591565,-153.91991,23,4,3,22.97056810403833,11.77451738187228,1
shopping_pos,3.7800000000000002,Lake Oswego,OR,45.4093,-122.6847,42817,Planning and development surveyor,44.611976,-121.745076,19,5,12,38.58179329226557,115.39520075634574,0
gas_transport,20.535,Orient,WA,48.8878,-118.2105,149,Special educational needs teacher,48.173571,-118.479952,4,4,12,42.455852156057496,81.85944464811058,1
shopping_net,1512.84,Ruidoso,NM,33.3305,-105.6933,8874,Licensed conveyancer,33.290521,-106.014594,23,4,9,20.109514031485283,30.18579752913973,1
shopping_pos,1.545,Redford,MO,37.3272,-91.0243,241,Investment analyst,36.737515,-91.100135,23,1,12,46.17385352498289,65.91460902065567,0
gas_transport,158.94,Hatch,UT,37.7175,-112.4777,258,Geoscientist,37.854119,-113.131253,10,2,1,57.125256673511295,59.4079826684296,0
home,59.745,Utica,MO,39.7417,-93.6289,271,Land/geomatics surveyor,39.713152,-94.412864,21,1,1,46.72416153319645,67.11895947712583,0
grocery_pos,155.565,Fiddletown,CA,38.5234,-120.6763,832,Immigration officer,38.671455,-119.99219,7,5,12,33.607118412046546,61.68916774758937,0
health_fitness,97.5,Jelm,WY,41.0539,-106.0763,100,Public librarian,41.343146,-105.426977,14,1,12,46.70499657768652,63.133108305104834,0
travel,1.935,Lake Oswego,OR,45.4093,-122.6847,42817,Planning and development surveyor,45.949799,-122.50334,16,6,12,38.5845311430527,61.7301441852303,0
grocery_pos,127.455,Hooper,NE,41.6414,-96.5232,1745,"""Engineer, automotive""",42.368085,-95.847261,11,0,1,45.07049965776865,98.22651131517804,0
health_fitness,69.9,Kent,OR,45.0838,-120.6649,60,Museum education officer,44.966539,-121.206645,13,6,12,78.73511293634498,44.528575407258295,0
grocery_net,143.47500000000002,Indian Wells,CA,33.7163,-116.3381,4677,Learning mentor,34.702627,-117.027332,8,5,1,63.68788501026694,126.66976720666628,0
shopping_net,95.4,Burlington,WA,48.4786,-122.3345,14871,Public house manager,47.694962,-122.872227,19,0,1,44.82956878850103,95.85402250921892,0
travel,13.919999999999998,Luray,MO,40.4931,-91.8912,519,Town planner,39.609029,-91.586041,12,1,1,52.90075290896646,101.67756738991078,0
shopping_net,15.99,Grenada,CA,41.6125,-122.5258,589,Systems analyst,41.15812,-122.868391,8,0,12,75.0198494182067,58.04856447713457,0
shopping_pos,12.36,North Loup,NE,41.4972,-98.7858,509,"""Nurse, children's""",41.919457,-98.877932,19,0,1,38.34907597535934,47.57163269826266,0
kids_pets,132.945,Bay City,OR,45.5197,-123.8761,1530,Colour technologist,45.436643,-123.960131,22,1,1,32.10403832991102,11.323410838836928,0
shopping_net,1398.615,Aurora,CO,39.7656,-104.7069,389246,Industrial/product designer,39.97618,-105.346222,22,0,3,80.62970568104038,59.372561900624014,1
gas_transport,17.88,Carroll,NE,42.277,-97.1926,566,Metallurgist,43.008607,-97.29989,1,5,2,45.073237508555785,81.82292996019837,1
home,75.78,Crownpoint,NM,35.7206,-108.0271,5662,IT consultant,35.039057,-108.182159,21,2,12,31.72895277207392,77.07689853908734,0
home,419.97,Orient,WA,48.8878,-118.2105,149,Special educational needs teacher,49.583769,-117.628561,15,5,1,40.54209445585216,88.17026735587278,0
misc_net,1202.7450000000001,Albuquerque,NM,35.0561,-106.5506,641349,Charity officer,34.487789,-105.783679,22,2,2,52.054757015742645,94.34093289429607,1
grocery_pos,190.72500000000002,Weeping Water,NE,40.8731,-96.1528,1517,Dealer,40.565596,-95.846223,3,6,12,69.13620807665983,42.85680326965298,0
gas_transport,88.635,North Loup,NE,41.4972,-98.7858,509,"""Nurse, children's""",41.659914,-99.572139,8,1,12,40.28747433264887,67.86291697997169,0
misc_net,209.10000000000002,Tomales,CA,38.2427,-122.9145,337,Occupational psychologist,38.899153,-122.720763,1,0,1,64.54757015742642,74.91214581171941,0
kids_pets,124.51500000000001,Spirit Lake,ID,47.9657,-116.868,4161,Production manager,47.8883,-116.431587,14,5,12,63.540041067761805,33.63640711467682,0
home,108.52499999999999,Holstein,NE,40.4542,-98.6538,331,Telecommunications researcher,40.468904,-99.558319,18,1,1,68.38877481177276,76.54099837609418,0
shopping_net,435.255,Albuquerque,NM,35.1506,-106.569,641349,Civil Service administrator,34.174924,-106.28284,16,5,12,44.709103353867214,111.60224729432704,0
misc_pos,237.60000000000002,Daly City,CA,37.6787,-122.478,107941,"""Buyer, industrial""",37.684055,-122.517939,4,3,12,29.24298425735797,3.564799823849884,0
grocery_pos,175.095,San Diego,CA,33.0067,-117.069,1241364,Chartered public finance accountant,33.073699,-117.881487,9,1,12,61.40177960301163,76.10001739141788,0
entertainment,4.455,Lakeport,CA,39.047,-122.9328,11256,Podiatrist,39.622852,-122.639029,14,6,12,48.19164955509925,68.83606760738304,0
shopping_pos,1245.09,Fort Washakie,WY,43.0048,-108.8964,1645,Information systems manager,42.739276,-107.975363,22,5,3,33.034907597535934,80.65483177146241,1
grocery_pos,134.16,Paradise Valley,AZ,33.5494,-111.9565,17047,Building surveyor,33.0824,-112.675229,0,0,12,85.91375770020534,84.59695939310578,0
misc_pos,31.32,San Diego,CA,33.0067,-117.069,1241364,Chartered public finance accountant,33.553825,-117.497598,8,1,12,61.40177960301163,72.72240245304765,0
misc_net,106.56,Unionville,MO,40.4815,-92.9951,3805,"""Investment banker, corporate""",41.205873,-92.067397,1,5,12,70.28062970568104,112.1482000337494,0
misc_pos,10.47,Centerview,MO,38.7897,-93.8702,2368,Electronics engineer,37.939911,-93.016388,20,5,12,31.444216290212182,120.29015396693596,0
home,211.23,Centerview,MO,38.7897,-93.8702,2368,Electronics engineer,37.902883,-93.579282,23,3,12,31.457905544147845,101.82069479549888,0
grocery_pos,154.72500000000002,Paauilo,HI,20.0271,-155.3697,1490,"""Scientist, research (maths)""",19.04251,-154.724642,1,5,1,27.750855578370977,128.66845265675786,0
travel,6.36,Iliff,CO,40.7692,-103.0968,648,Community arts worker,40.22735,-102.447784,12,0,12,51.26899383983573,81.49645621147643,0
shopping_net,7.23,Paauilo,HI,20.0271,-155.3697,1490,"""Scientist, research (maths)""",19.830098,-154.819761,20,6,12,29.70841889117043,61.52065246671906,0
kids_pets,7.755,Fullerton,NE,41.366,-98.0054,1749,"""Surveyor, mining""",41.25964,-97.014764,15,1,12,47.64681724845996,83.57875502204776,0
health_fitness,143.685,Howells,NE,41.6964,-96.9858,1063,Research scientist (maths),40.857899,-97.163879,18,1,12,92.7419575633128,94.41710837038302,0
entertainment,86.955,Newberg,OR,45.3099,-122.9685,28278,Research scientist (physical sciences),45.487542,-123.469824,14,0,12,43.449691991786445,43.843784846869,0
shopping_pos,5.13,Superior,AZ,33.2887,-111.0985,2872,Petroleum engineer,33.434516,-111.679594,12,0,1,31.195071868583163,56.350233502013936,0
shopping_pos,12.54,Hawthorne,CA,33.9143,-118.3493,93193,"""Editor, magazine features""",33.869616,-117.800441,22,2,12,25.700205338809035,50.90371359259446,0
misc_pos,10.44,Orient,WA,48.8878,-118.2105,149,Special educational needs teacher,49.064176,-117.820959,21,3,1,40.57494866529774,34.53904009064207,0
gas_transport,68.625,Altonah,UT,40.3207,-110.436,302,"""Sales professional, IT""",40.950461,-110.952428,5,1,1,28.993839835728952,82.47780283880797,0
health_fitness,21.78,Phoenix,AZ,33.5623,-112.0559,1312922,Contractor,33.582095,-112.92843,21,1,12,39.181382614647504,80.8665413860793,0
shopping_net,339.495,June Lake,CA,37.7773,-119.0825,633,Health service manager,36.819789,-119.670559,1,1,1,91.31279945242984,118.49666419539226,0
entertainment,2.0100000000000002,Luray,MO,40.4931,-91.8912,519,Town planner,39.524546,-91.291355,16,0,12,54.87200547570158,119.20041012687336,0
travel,8.34,Lowell,OR,43.921,-122.7806,1420,Systems analyst,44.806908,-122.644792,23,5,12,55.12388774811773,99.09825688046882,0
health_fitness,19.77,Burlington,WA,48.4786,-122.3345,14871,Public house manager,49.283304,-121.625048,19,1,12,46.8062970568104,103.42932352404614,0
misc_pos,5.625,Greenview,CA,41.5403,-122.9366,308,Call centre manager,41.991769,-122.337845,5,1,1,60.30116358658453,70.61238050415766,0
grocery_net,18.0,Fields Landing,CA,40.7268,-124.2174,276,"""Scientist, audiological""",41.531019,-123.891251,2,2,4,89.927446954141,93.50405946371498,1
gas_transport,35.055,Red River,NM,36.6659,-105.4694,606,"""Surveyor, land/geomatics""",35.78726,-106.374256,0,1,1,30.338124572210816,127.01469253262668,0
gas_transport,95.34,Scotts Mills,OR,44.9897,-122.6187,1252,"""Engineer, petroleum""",45.109147,-122.247194,2,1,12,83.89322381930185,32.06516694425837,0
shopping_pos,1256.31,Sprague,NE,40.6267,-96.7456,142,Chiropodist,41.10998,-95.958421,20,4,7,52.87885010266941,85.25864599425176,1
kids_pets,98.08500000000001,Colorado Springs,CO,38.8881,-104.6556,525713,Museum/gallery exhibitions officer,39.502116,-105.261674,12,6,12,28.635181382614647,85.9611304053604,0
shopping_net,62.010000000000005,Burlington,WA,48.4786,-122.3345,14871,Public house manager,48.302079,-122.042672,18,3,12,46.81177275838467,29.14785163990528,0
shopping_pos,7.695,Claremont,CA,34.1092,-117.7183,35705,Wellsite geologist,33.934804,-117.694414,10,0,1,62.66666666666666,19.51649805133374,0
kids_pets,98.28,Corona,CA,33.8419,-117.6043,233717,Wellsite geologist,34.000428,-117.013522,19,1,1,52.65160848733744,57.29040413563701,0
shopping_net,1687.3650000000002,Kissee Mills,MO,36.6704,-93.0377,1201,"""Engineer, agricultural""",36.994339,-92.217299,22,6,11,39.64681724845996,81.4164720007381,1
misc_net,2.175,Roseland,NE,40.4591,-98.5551,463,"""Nurse, mental health""",40.337277,-99.460786,11,1,12,72.58042436687201,77.88154269379876,0
misc_pos,60.55499999999999,Littleton,CO,39.5994,-105.0044,320420,Water engineer,40.189373,-105.18001,13,4,12,45.40451745379877,67.29090271443327,0
shopping_net,1625.8200000000002,Nelson,NE,40.201,-98.0684,732,Television/film/video producer,40.033848,-97.383007,23,5,10,62.82819986310746,61.17317243621552,1
health_fitness,74.49,Meredith,CO,39.3199,-106.6596,61,Public relations account executive,38.664546,-105.768916,16,1,12,81.15263518138262,105.99763373664476,0
grocery_pos,147.04500000000002,Helm,CA,36.4992,-120.0936,123,Early years teacher,35.707662,-119.167404,4,3,12,47.89596167008898,121.1205426715522,0
misc_net,4.7700000000000005,Cardwell,MO,36.0434,-90.2907,1120,Television floor manager,36.753937,-91.101249,7,1,1,61.70841889117043,107.26097861258386,0
shopping_net,8.504999999999999,Kirk,CO,39.6171,-102.4776,207,Network engineer,39.430908,-101.551965,6,5,12,65.06228610540725,82.04738125767916,0
misc_net,14.205000000000002,Camden,MO,39.2048,-94.0259,464,Colour technologist,38.978418,-93.830221,9,4,1,59.6249144421629,30.312487680235417,0
entertainment,183.405,Rock Springs,WY,41.606,-109.23,27971,Music therapist,42.043136,-110.102144,21,0,1,34.45311430527036,87.09227332356328,0
food_dining,79.995,Meredith,CO,39.3199,-106.6596,61,Public relations account executive,38.980969,-106.927968,18,6,12,81.14715947980835,44.22518473313948,0
kids_pets,140.60999999999999,Red River,NM,36.6659,-105.4694,606,"""Surveyor, land/geomatics""",36.881983,-106.104744,14,3,12,32.31759069130732,61.47806933721618,0
shopping_net,1525.23,Lonetree,WY,41.0552,-110.1603,49,Research scientist (physical sciences),41.721338,-109.350232,23,4,3,37.69199178644764,100.26577541652692,1
misc_pos,1085.955,Bay City,OR,45.5197,-123.8761,1530,Colour technologist,45.002922,-124.500256,0,1,3,33.31143052703628,75.42114114066449,1
grocery_net,65.92500000000001,Phoenix,AZ,33.5623,-112.0559,1312922,Contractor,33.210558,-113.002537,5,4,1,37.23477070499658,96.19996265293068,0
personal_care,129.3,Newhall,CA,34.3795,-118.523,34882,Health physicist,33.905828,-118.276772,12,6,1,47.72073921971253,57.33761320818142,0
home,9.149999999999999,Lowell,OR,43.921,-122.7806,1420,Systems analyst,43.859837,-123.073815,13,5,12,55.12388774811773,24.461097418201696,0
entertainment,7.68,Sutherland,NE,41.1558,-101.136,1789,Insurance broker,41.612711,-100.453066,21,1,12,38.88021902806297,76.33804079380378,0
health_fitness,133.41,Burlington,WA,48.4786,-122.3345,14871,Public house manager,48.755426,-122.531732,17,1,12,46.8062970568104,34.02518881915232,0
kids_pets,18.0,Ashford,WA,46.7531,-121.9898,759,Video editor,47.137348,-121.832324,20,2,1,62.338124572210816,44.36724837735847,0
gas_transport,125.76,Indian Wells,CA,33.7163,-116.3381,4677,Learning mentor,34.69965,-116.281634,5,2,1,63.69883641341547,109.46674631699528,0
shopping_pos,53.519999999999996,Sun City,CA,33.7467,-117.1721,54287,"""Designer, exhibition/display""",33.974125,-116.31792,17,5,1,46.30527036276523,82.82617375718242,0
kids_pets,62.835,Freedom,WY,43.0172,-111.0292,471,"""Education officer, museum""",43.283669,-111.64564,13,0,12,53.4072553045859,58.12643225034229,0
gas_transport,52.215,Paauilo,HI,20.0271,-155.3697,1490,"""Scientist, research (maths)""",20.232561,-155.115656,6,3,12,29.71937029431896,35.0058637394833,0
misc_net,54.495,Howells,NE,41.6964,-96.9858,1063,Research scientist (maths),42.303784,-97.02709,3,0,12,92.73921971252568,67.62414571903496,0
entertainment,205.68,Lakeport,CA,39.047,-122.9328,11256,Podiatrist,38.347255,-122.386934,22,2,12,48.19986310746064,91.09405668346976,0
gas_transport,104.82,Smith River,CA,41.9404,-124.1587,1930,Web designer,42.652109,-123.670145,6,3,12,37.5523613963039,88.75509036725742,0
personal_care,64.14,Azusa,CA,34.1248,-117.9031,59705,Civil Service fast streamer,34.551991,-117.99252,13,2,12,37.52224503764545,48.20576873475029,0
personal_care,29.325000000000003,Manville,WY,42.73,-104.7024,241,Educational psychologist,41.9222,-105.235723,23,3,8,39.657768651608485,99.95198300299056,1
food_dining,31.77,Phoenix,AZ,33.5623,-112.0559,1312922,Contractor,33.168951,-111.391547,13,0,1,37.242984257357975,75.62738442138142,0
shopping_net,1512.84,Ruidoso,NM,33.3305,-105.6933,8874,Licensed conveyancer,33.290521,-106.014594,23,4,9,20.109514031485283,30.18579752913973,1
entertainment,33.644999999999996,Omaha,NE,41.2064,-95.9953,518429,"""Surveyor, land/geomatics""",40.959853,-96.060773,19,0,12,25.218343600273784,27.95859400959836,0
gas_transport,77.775,Tekoa,WA,47.2271,-117.0819,895,Clothing/textile technologist,47.959967,-117.117553,8,6,1,19.603011635865844,81.5349347409316,0
food_dining,5.324999999999999,Orient,WA,48.8878,-118.2105,149,Special educational needs teacher,48.668852,-119.055676,12,3,12,42.52977412731006,66.54302676763275,0
personal_care,77.83500000000001,Lakeport,CA,39.047,-122.9328,11256,Podiatrist,38.677766,-122.125907,16,3,1,46.247775496235455,81.0333618762238,0
shopping_pos,3.42,Centerview,MO,38.7897,-93.8702,2368,Electronics engineer,38.87774,-93.68454,22,3,12,31.43874058863792,18.826765262298167,0
kids_pets,175.665,Meredith,CO,39.3199,-106.6596,61,Public relations account executive,38.949145,-105.813614,12,3,1,79.20328542094455,83.80688533012727,0
home,66.96000000000001,Claremont,CA,34.1092,-117.7183,35705,Wellsite geologist,33.265127,-116.887234,14,0,12,64.62149212867898,121.33121546575008,0
food_dining,170.29500000000002,Wendel,CA,40.3406,-120.2824,104,"""Teacher, adult education""",39.627179,-120.493212,22,6,1,30.42573579739904,81.33665499285014,1
gas_transport,88.845,Unionville,MO,40.4815,-92.9951,3805,"""Investment banker, corporate""",41.469865,-93.668859,10,6,1,68.34770704996578,123.60147280792845,0
shopping_pos,6.495,Redford,MO,37.3272,-91.0243,241,Investment analyst,37.397678,-90.84043,17,1,1,44.19986310746064,18.04124443229805,0
entertainment,41.55,June Lake,CA,37.7773,-119.0825,633,Health service manager,38.130066,-119.710773,10,2,1,91.31553730321696,67.62446415859158,0
misc_pos,17.82,Napa,CA,38.4549,-122.2564,94014,Airline pilot,38.952413,-121.778901,5,6,1,33.37713894592745,69.117613656693,0
gas_transport,10.26,Riverton,WY,43.0351,-108.2024,19408,"""Lecturer, higher education""",43.707644,-107.326056,1,2,5,25.711156741957563,103.0040775088438,1
misc_net,9.285,Hooper,NE,41.6414,-96.5232,1745,"""Engineer, automotive""",41.200243,-95.796853,0,5,12,47.00068446269678,77.93759285737941,0
health_fitness,3.0749999999999997,Fullerton,NE,41.366,-98.0054,1749,"""Surveyor, mining""",41.367531,-98.986953,18,3,1,45.659137577002056,81.91150053677254,0
home,14.940000000000001,Kent,OR,45.0838,-120.6649,60,Museum education officer,44.999107,-121.196903,19,5,12,78.73237508555783,42.84701662941351,0
home,63.33,Blairstown,MO,38.5319,-93.9221,467,Agricultural consultant,38.185092,-93.012724,20,1,12,70.5927446954141,88.17075692532687,0
misc_pos,854.76,Spirit Lake,ID,47.9657,-116.868,4161,Production manager,47.797669,-117.531193,11,1,12,63.5482546201232,52.86864003812621,0
shopping_net,1594.4250000000002,Ravenna,NE,41.0233,-98.9041,2202,"""Solicitor, Scotland""",41.942402,-98.005584,22,6,1,44.563997262149215,126.67497087267849,1
health_fitness,82.815,Centerview,MO,38.7897,-93.8702,2368,Electronics engineer,38.479923,-93.302918,16,0,12,31.449691991786448,60.11951411683359,0
shopping_net,251.19,Mound City,MO,40.1362,-95.2138,1631,Architect,39.432225,-95.262296,11,3,12,67.94524298425736,78.38805369132754,0
food_dining,76.395,Louisiana,MO,39.4336,-91.0664,4593,"""Teacher, early years/pre""",39.51598,-91.212713,5,3,12,80.13689253935661,15.544167251765977,0
personal_care,78.58500000000001,Thompson,UT,38.9999,-109.615,46,"""Surveyor, minerals""",39.885504,-110.029083,16,2,12,33.68925393566051,104.697405019588,0
grocery_pos,255.195,Meridian,ID,43.6498,-116.4306,84106,Intelligence analyst,43.144884,-116.535366,0,1,12,49.88090349075976,56.77857726187892,0
grocery_pos,564.885,Red River,NM,36.6659,-105.4694,606,"""Surveyor, land/geomatics""",36.165232,-105.197509,2,6,3,31.482546201232037,60.75567570667478,1
grocery_pos,386.445,La Grande,OR,45.3304,-118.0852,16955,"""Engineer, site""",46.026023,-117.409519,22,3,2,57.64544832306639,93.47965546642446,1
shopping_pos,4.875,Fullerton,NE,41.366,-98.0054,1749,"""Surveyor, mining""",40.383833,-98.281661,22,0,1,45.67008898015058,111.65456708811008,0
shopping_net,249.52499999999998,Orient,WA,48.8878,-118.2105,149,Special educational needs teacher,49.389526,-117.247173,13,0,12,42.521560574948666,89.57307799343789,0
home,120.14999999999999,Superior,AZ,33.2887,-111.0985,2872,Petroleum engineer,33.931415,-110.542269,16,5,12,33.163586584531146,88.09491349505333,0
misc_pos,7.7250000000000005,Rocky Mount,MO,38.2911,-92.7059,1847,Tax inspector,38.624647,-93.589631,13,4,1,30.209445585215605,85.4203485894741,0
entertainment,70.365,Fields Landing,CA,40.7268,-124.2174,276,"""Scientist, audiological""",41.608267,-124.764095,21,6,1,89.70841889117042,108.17055791396918,0
entertainment,193.23,Broomfield,CO,39.8854,-105.1139,92337,"""Engineer, electronics""",39.803243,-104.635981,7,5,12,53.19096509240247,41.812063093410025,0
gas_transport,84.30000000000001,Port Costa,CA,38.046,-122.1866,198,Armed forces training and education officer,38.66721,-122.268609,1,6,12,61.74401095140315,69.44453253473831,0
home,22.23,Hatch,UT,37.7175,-112.4777,258,Geoscientist,37.524831,-113.253457,23,5,1,57.15263518138261,71.60350678646785,0
home,15.434999999999999,Campbell,NE,40.2967,-98.737,493,"""Surveyor, minerals""",41.156579,-97.788352,13,6,12,80.28747433264887,124.62735422267195,0
health_fitness,64.515,Luray,MO,40.4931,-91.8912,519,Town planner,41.048674,-92.155282,23,3,1,52.92539356605065,65.65775555617068,0
shopping_pos,10.47,Wheaton,MO,36.7651,-94.0492,760,Production manager,35.830664,-93.329757,17,4,1,33.36344969199179,122.28198861107796,0
misc_net,1270.83,Los Angeles,CA,34.0443,-118.2509,2383912,"""Journalist, newspaper""",34.384248,-117.544112,21,4,2,60.7501711156742,75.18355749868891,1
grocery_pos,78.645,Sacramento,CA,38.5662,-121.3286,757530,Magazine features editor,37.68816,-121.826301,10,4,12,41.65639972621492,106.89918824153956,0
grocery_pos,154.665,Tomales,CA,38.2427,-122.9145,337,Occupational psychologist,38.90195,-123.772579,5,5,1,64.50376454483231,104.58546045213664,0
home,85.845,Lowell,OR,43.921,-122.7806,1420,Systems analyst,43.847824,-122.210107,12,0,12,55.12936344969199,46.4390900285803,0
shopping_pos,7.41,Sun City,CA,33.7467,-117.1721,54287,"""Designer, exhibition/display""",34.288116,-117.635829,18,0,12,48.26557152635181,73.83114515557999,0
kids_pets,69.91499999999999,Williamsburg,MO,38.8874,-91.7689,710,Glass blower/designer,39.789688,-91.820402,15,5,1,48.29295003422313,100.42755897707696,0
food_dining,284.01,Sutherland,NE,41.1558,-101.136,1789,Insurance broker,40.732042,-101.09569,12,1,12,38.88021902806297,47.241216922135166,0
gas_transport,70.44,Newhall,CA,34.3795,-118.523,34882,Health physicist,34.346613,-118.948504,11,4,1,47.715263518138265,39.227346611752665,0
gas_transport,112.42500000000001,Fort Washakie,WY,43.0048,-108.8964,1645,Freight forwarder,43.009306,-108.398711,10,2,1,42.888432580424364,40.4718696418637,0
kids_pets,115.755,Red River,NM,36.6659,-105.4694,606,"""Surveyor, land/geomatics""",36.216534,-106.28973,12,4,12,32.30116358658453,88.77690969695155,0
shopping_pos,8.625,Centerview,MO,38.7897,-93.8702,2368,Electronics engineer,38.806973,-94.208528,14,4,12,31.44147843942505,29.382482166871075,0
shopping_pos,823.7549999999999,Kansas City,MO,38.9621,-94.5959,545147,Counsellor,39.814052,-94.487054,20,0,12,33.11156741957564,95.1934143476608,0
personal_care,20.685,Superior,AZ,33.2887,-111.0985,2872,Petroleum engineer,32.631235,-110.940243,21,6,12,33.16632443531827,74.58285809497104,0
personal_care,6.404999999999999,Glendale,CA,34.1556,-118.2322,172817,Advertising account planner,34.222772,-118.896962,13,1,12,38.417522245037645,61.59851820675046,0
home,5.88,June Lake,CA,37.7773,-119.0825,633,Health service manager,37.226628,-119.123214,15,2,12,93.30869267624914,61.33717188035584,0
entertainment,194.34,Espanola,NM,35.9866,-106.0654,18408,Historic buildings inspector/conservation officer,36.815541,-105.66379,15,5,12,48.440793976728266,98.9340021941952,0
misc_net,14.16,Conway,WA,48.34,-122.3456,85,"""Research officer, political party""",47.5082,-122.646146,5,3,1,34.338124572210816,95.16427335209056,0
personal_care,7.68,Port Costa,CA,38.046,-122.1866,198,Armed forces training and education officer,37.159819,-122.073009,12,1,12,61.74948665297741,99.04560599101812,0
grocery_pos,150.0,Santa Monica,CA,34.0287,-118.4924,92043,"""Civil engineer, contracting""",34.533162,-117.835876,1,5,1,57.6974674880219,82.37113058678639,0
shopping_pos,75.765,Superior,AZ,33.2887,-111.0985,2872,Petroleum engineer,32.890781,-110.658786,19,1,12,33.17180013689254,60.29763527278418,0
shopping_net,4.71,Cascade Locks,OR,45.671,-121.8686,1288,Barrister,45.999905,-121.124629,7,3,1,82.67488021902807,68.26049438623906,0
personal_care,47.67,Newberg,OR,45.3099,-122.9685,28278,Research scientist (physical sciences),45.3,-122.690321,16,4,12,43.441478439425055,21.783393375751608,0
food_dining,13.515,Glendale,CA,34.1556,-118.2322,172817,Advertising account planner,34.468676,-117.958582,15,5,12,38.40930869267625,42.93527753719376,0
kids_pets,6.449999999999999,Sun City,CA,33.7467,-117.1721,54287,"""Designer, exhibition/display""",33.149717,-116.522206,13,1,12,48.26830937713895,89.67779772253466,0
misc_net,10.515,Phoenix,AZ,33.8155,-112.1202,1312922,Counselling psychologist,32.843788,-111.705021,19,3,1,19.132101300479125,114.72769362334692,0
kids_pets,54.974999999999994,Stayton,OR,44.8021,-122.7624,9587,"""Engineer, biomedical""",44.255476,-123.565228,15,5,1,50.8227241615332,88.00236480320261,0
home,184.605,Redford,MO,37.3272,-91.0243,241,Investment analyst,36.877011,-90.610954,17,4,1,44.20807665982204,62.04538123121022,0
food_dining,97.875,Alva,WY,44.6873,-104.4414,110,"""Administrator, local government""",44.296595,-103.732963,23,5,12,47.61396303901437,71.02879974355004,0
grocery_pos,135.22500000000002,Alva,WY,44.6873,-104.4414,110,"""Administrator, local government""",44.992069,-105.059461,11,1,12,47.62217659137577,59.356635316656856,0
entertainment,61.71,North Loup,NE,41.4972,-98.7858,509,"""Nurse, children's""",40.77523,-98.176168,18,6,1,38.34633812457221,95.13782971848052,0
shopping_pos,13.544999999999998,Sun City,CA,33.7467,-117.1721,54287,"""Designer, exhibition/display""",33.063926,-117.827211,15,0,12,48.26557152635181,97.27198010300636,0
kids_pets,134.655,Manley,NE,40.9207,-96.168,206,Human resources officer,40.77597,-96.689685,12,2,1,51.28542094455853,46.73827634594124,0
kids_pets,32.355000000000004,Honokaa,HI,20.0827,-155.488,4878,Physiotherapist,20.110856,-156.101424,18,3,1,52.0848733744011,64.13302317993971,0
shopping_net,5.7299999999999995,Hawthorne,CA,33.9143,-118.3493,93193,"""Editor, magazine features""",33.508998,-117.948964,14,1,1,23.704312114989733,58.328937125428446,0
personal_care,111.14999999999999,Meadville,MO,39.7795,-93.3014,964,Tourist information centre manager,40.129984,-94.072912,18,3,12,46.02327173169062,76.4413310657506,0
food_dining,157.23,Rock Springs,WY,41.606,-109.23,27971,Music therapist,41.723323,-108.794632,1,0,8,35.00889801505818,38.44611917314781,1
personal_care,5.13,Wheaton,MO,36.7651,-94.0492,760,Production manager,35.765235,-93.988874,22,1,12,35.32922655715264,111.31138258017522,0
grocery_net,55.83,Fort Washakie,WY,43.0048,-108.8964,1645,Information systems manager,43.463304,-109.754608,0,2,12,34.86652977412731,86.2145646482711,0
home,11.834999999999999,Sutherland,NE,41.1558,-101.136,1789,Insurance broker,40.781805,-101.998753,19,6,12,38.87474332648871,83.52455080277967,0
grocery_net,82.74,Lonetree,WY,41.0552,-110.1603,49,Research scientist (physical sciences),42.048653,-110.988676,7,1,1,37.530458590006845,130.20795098248087,0
gas_transport,78.87,Wheaton,MO,36.7651,-94.0492,760,Production manager,37.401421,-94.137922,7,1,12,35.32922655715264,71.19201872797566,0
shopping_pos,207.495,Meadville,MO,39.7795,-93.3014,964,Tourist information centre manager,38.956205,-92.652696,5,5,12,46.00958247775496,107.19266393646252,0
home,116.08500000000001,Ravenna,NE,41.0233,-98.9041,2202,"""Solicitor, Scotland""",40.529536,-99.757262,13,3,1,44.55578370978782,90.41700812204442,0
grocery_pos,190.875,Gardiner,OR,43.7857,-124.1437,260,"""Engineer, maintenance""",44.022695,-124.392837,7,1,12,64.32580424366871,33.05835859981046,0
gas_transport,116.67,Blairstown,MO,38.5319,-93.9221,467,Agricultural consultant,37.534596,-93.844389,0,0,12,70.59000684462697,111.10379742197225,0
food_dining,2.325,Orient,WA,48.8878,-118.2105,149,Special educational needs teacher,49.038418,-118.477395,17,3,1,40.53661875427789,25.69317553654166,0
grocery_net,97.77000000000001,Iliff,CO,40.7692,-103.0968,648,Community arts worker,40.528505,-103.918164,6,5,1,49.327857631759066,74.28332141038628,0
kids_pets,92.37,Fiddletown,CA,38.5234,-120.6763,832,Immigration officer,38.451132,-121.476096,21,1,1,31.64134154688569,70.07424665932457,0
home,144.165,Albuquerque,NM,35.0561,-106.5506,641349,Charity officer,34.106858,-105.693551,18,6,1,51.950718685831625,131.51765697990865,0
home,196.005,Moriarty,NM,34.9889,-106.0609,7268,"""Therapist, art""",35.341891,-105.400601,15,4,12,32.39151266255989,71.71618022197015,0
shopping_net,12.96,Freedom,WY,43.0172,-111.0292,471,"""Education officer, museum""",43.23123,-110.805255,0,4,1,51.42505133470226,29.94533410331523,0
misc_pos,83.655,Arnold,MO,38.4305,-90.387,35439,Land/geomatics surveyor,39.234913,-91.239311,12,2,12,35.75085557837098,115.97706842505964,0
home,26.52,Woods Cross,UT,40.8874,-111.9027,13983,Insurance broker,41.192662,-112.82219,23,5,1,39.41409993155373,84.25577989572378,0
misc_pos,58.724999999999994,Athena,OR,45.8289,-118.4971,1302,Dealer,44.904239,-118.263194,2,1,12,44.19712525667351,104.42864504319388,0
home,283.90500000000003,Redford,MO,37.3272,-91.0243,241,Investment analyst,37.499192,-90.732086,20,2,12,46.17659137577002,32.12179973949199,0
home,42.900000000000006,June Lake,CA,37.7773,-119.0825,633,Health service manager,38.656774,-118.523158,14,6,1,91.32648870636552,109.32152733013976,0
gas_transport,91.215,Moriarty,NM,34.9889,-106.0609,7268,"""Therapist, art""",34.698679,-105.291403,4,5,12,32.394250513347025,77.28342868833823,0
shopping_pos,6.045,Corona,CA,33.8419,-117.6043,233717,Wellsite geologist,33.968226,-117.358492,11,6,1,52.64613278576318,26.68189605427562,0
kids_pets,13.605,Lagrange,WY,41.6423,-104.1974,635,Product/process development scientist,40.931939,-104.093965,14,0,1,45.48665297741273,79.45990212821292,0
misc_net,96.81,Moriarty,NM,34.9889,-106.0609,7268,"""Therapist, art""",35.174244,-106.072575,4,2,1,30.431211498973305,20.63667543397668,0
grocery_net,50.685,Orient,WA,48.8878,-118.2105,149,Special educational needs teacher,48.575319,-118.32814,0,0,1,40.58590006844627,35.80150549708541,0
misc_pos,49.485,Fiddletown,CA,38.5234,-120.6763,832,Immigration officer,39.288228,-121.328417,11,3,1,31.64681724845996,102.0615110329044,0
health_fitness,53.235,Tomales,CA,38.2427,-122.9145,337,Occupational psychologist,39.060633,-122.324209,21,3,1,64.49828884325804,104.3999541681822,0
kids_pets,156.60000000000002,Portland,OR,45.5303,-122.7033,841711,"""Engineer, building services""",45.147753,-122.268812,21,0,12,57.73579739904175,54.430282641327786,0
misc_net,96.75,Azusa,CA,34.1248,-117.9031,59705,Civil Service fast streamer,34.718726,-117.03607,7,1,1,35.54551676933607,103.37314622608736,0
gas_transport,30.615000000000002,Ashford,WA,46.7531,-121.9898,759,Video editor,47.504665,-121.899874,1,0,3,63.50171115674196,83.84664179315273,1
health_fitness,79.30499999999999,Mound City,MO,40.1362,-95.2138,1631,Architect,40.356116,-94.238774,19,6,1,65.97946611909651,86.28965774798512,0
entertainment,35.46,Arnold,MO,38.4305,-90.387,35439,Land/geomatics surveyor,39.332697,-89.767425,20,1,1,33.7741273100616,113.75422498738638,0
shopping_net,13.965,Red River,NM,36.6659,-105.4694,606,"""Surveyor, land/geomatics""",35.898987,-106.463406,22,2,1,30.360027378507876,123.329710483337,0
shopping_net,1645.6349999999998,Wappapello,MO,36.9766,-90.2848,2601,Research scientist (medical),36.209763,-90.790159,22,1,10,62.25598904859685,96.46841598321896,1
home,39.644999999999996,Superior,AZ,33.2887,-111.0985,2872,Petroleum engineer,33.024403,-110.137985,22,6,1,31.211498973305957,94.11978962801956,0
misc_pos,2.46,Espanola,NM,35.9866,-106.0654,18408,Historic buildings inspector/conservation officer,36.373008,-105.434337,15,4,1,46.50239561943874,71.09258573407884,0
home,114.99,Fiddletown,CA,38.5234,-120.6763,832,Immigration officer,37.781652,-119.970043,12,5,12,33.607118412046546,103.03526989391,0
grocery_net,90.045,North Loup,NE,41.4972,-98.7858,509,"""Nurse, children's""",41.469288,-98.363229,6,6,12,40.28199863107461,35.33737413538287,0
personal_care,116.955,Jordan Valley,OR,42.8801,-117.281,641,Economist,43.767823,-117.020298,18,1,1,25.12251882272416,100.93775690876372,0
shopping_pos,75.16499999999999,Vinton,CA,40.0235,-120.7986,128,Education administrator,39.36782,-121.283019,9,0,1,52.87611225188228,83.86506867813155,0
misc_net,741.135,Napa,CA,38.4549,-122.2564,94014,Airline pilot,38.265923,-122.984774,8,0,12,35.35386721423682,66.89317791755842,0
grocery_pos,208.15500000000003,Sutherland,NE,41.1558,-101.136,1789,Insurance broker,41.35778,-101.850711,6,0,1,36.941820670773446,63.82592203771959,0
misc_pos,8.115,Laguna Hills,CA,33.615,-117.7114,45303,Sales executive,33.45639,-118.384361,3,3,1,49.07049965776865,64.8191567146983,0
shopping_pos,9.315,Oakland,CA,37.7878,-122.1884,381459,Barista,37.119189,-122.80786,13,1,12,46.98699520876112,92.28889264501386,0
shopping_pos,8.43,Espanola,NM,35.9866,-106.0654,18408,Historic buildings inspector/conservation officer,36.301505,-105.872692,21,2,1,46.458590006844624,39.05810936680414,0
home,6.375,Tomales,CA,38.2427,-122.9145,337,Occupational psychologist,38.689372,-122.116935,13,6,1,64.52566735112936,85.37256882420704,0
grocery_pos,149.77499999999998,Santa Monica,CA,34.0287,-118.4924,92043,"""Civil engineer, contracting""",34.338354,-119.366451,2,2,1,57.70841889117043,87.4619530056957,0
entertainment,30.93,Port Costa,CA,38.046,-122.1866,198,Armed forces training and education officer,37.718635,-121.520593,13,3,1,59.78097193702944,68.85874014204558,0
gas_transport,116.115,Littleton,CO,39.5994,-105.0044,320420,Water engineer,39.150873,-105.342816,5,1,1,43.441478439425055,57.73674458833707,0
personal_care,27.03,Laramie,WY,41.4247,-105.4781,35371,"""Pilot, airline""",41.100101,-105.358195,18,6,1,30.362765229295004,37.45936731500496,0
shopping_pos,1.665,Daly City,CA,37.6787,-122.478,107941,"""Buyer, industrial""",38.643905,-121.892516,23,4,1,27.252566735112936,118.9073023484955,0
personal_care,54.449999999999996,Altonah,UT,40.3207,-110.436,302,"""Sales professional, IT""",40.217885,-110.802646,22,1,1,28.974674880219027,33.141752032693056,0
personal_care,69.55499999999999,Lagrange,WY,41.6423,-104.1974,635,Product/process development scientist,41.870182,-104.004062,14,4,12,47.45242984257358,29.987932614571257,0
food_dining,196.07999999999998,Phoenix,AZ,33.5623,-112.0559,1312922,Contractor,34.08559,-111.774108,16,3,1,37.1937029431896,63.74427511551222,0
grocery_pos,133.29,Orient,WA,48.8878,-118.2105,149,Special educational needs teacher,48.092487,-118.225929,7,0,12,42.521560574948666,88.44207937246858,0
travel,2.985,Mound City,MO,40.1362,-95.2138,1631,Architect,40.744775,-94.669183,16,0,9,67.6495550992471,81.87494407317122,1
shopping_pos,11.325,Claremont,CA,34.1092,-117.7183,35705,Wellsite geologist,34.08948,-118.554041,4,5,1,62.64202600958248,76.98339877541743,0
personal_care,21.945,Hatch,UT,37.7175,-112.4777,258,Geoscientist,38.178582,-111.767136,19,0,1,57.13894592744696,80.68786899222972,0
shopping_pos,9.615,Phoenix,AZ,33.5623,-112.0559,1312922,Contractor,33.284636,-111.194669,17,6,1,37.20191649555099,85.68283155717998,0
gas_transport,84.495,San Jose,CA,37.3304,-121.7913,973849,Science writer,37.447518,-121.996423,2,0,1,63.572895277207394,22.31613191819185,0
health_fitness,58.11,Redford,MO,37.3272,-91.0243,241,Investment analyst,36.383472,-91.925482,18,6,1,44.2135523613963,132.06230598344354,0
shopping_pos,4.875,Fullerton,NE,41.366,-98.0054,1749,"""Surveyor, mining""",40.383833,-98.281661,22,0,1,45.67008898015058,111.65456708811008,0
shopping_net,1548.6150000000002,Jelm,WY,41.0539,-106.0763,100,Public librarian,40.332791,-107.063818,0,3,7,45.215605749486656,115.58867350815532,1
kids_pets,23.625,Clarksville,MO,39.3465,-90.9362,1146,Exercise physiologist,40.214488,-91.843727,23,0,1,89.7905544147844,123.81079532539496,0
grocery_net,79.38,San Jose,CA,37.3304,-121.7913,973849,Geoscientist,36.94515,-122.340227,5,6,12,23.939767282683093,64.82827859834957,0
shopping_pos,2.6550000000000002,Mesa,ID,44.6255,-116.4493,129,Cartographer,44.214566,-117.410312,0,3,12,55.044490075290895,88.95408702890623,0
grocery_pos,93.855,Arnold,MO,38.4305,-90.387,35439,Land/geomatics surveyor,37.441497,-90.174044,10,0,12,35.74537987679671,111.54657071646966,0
gas_transport,68.1,Scotts Mills,OR,44.9897,-122.6187,1252,"""Engineer, petroleum""",44.464716,-122.250841,1,5,12,83.88501026694045,65.20903085477893,0
gas_transport,51.0,Gardiner,OR,43.7857,-124.1437,260,"""Engineer, maintenance""",43.785309,-124.712635,2,3,12,64.33127994524298,45.67149758802113,0
grocery_pos,485.835,Phoenix,AZ,33.5623,-112.0559,1312922,Contractor,33.267296,-111.112268,5,6,10,37.94934976043805,93.5241419191286,1
gas_transport,10.845,Phoenix,AZ,33.8155,-112.1202,1312922,Counselling psychologist,32.914517,-111.336653,1,3,10,20.876112251882272,123.82118235878204,1
gas_transport,87.855,Kirtland Afb,NM,35.0203,-106.5503,310,"""Surveyor, land/geomatics""",35.327937,-105.651848,3,0,12,42.24503764544832,88.53630366415985,0
shopping_pos,26.73,Laguna Hills,CA,33.615,-117.7114,45303,Sales executive,33.142935,-118.010162,10,3,12,51.02532511978097,59.37073634719584,0
shopping_pos,9.69,Orient,WA,48.8878,-118.2105,149,Special educational needs teacher,48.874692,-118.461092,14,3,1,40.53661875427789,18.382210947517795,0
shopping_pos,7.86,Laramie,WY,41.4247,-105.4781,35371,"""Pilot, airline""",41.729169,-105.896188,21,6,1,30.362765229295004,48.53469755784623,0
shopping_net,212.16,Newhall,CA,34.3795,-118.523,34882,Health physicist,34.984949,-118.220002,12,4,12,49.67008898015058,72.80071125972917,0
grocery_pos,545.7750000000001,Huslia,AK,65.6899,-156.292,277,"""Engineer, civil (consulting)""",65.69231,-157.280348,0,1,5,54.55167693360712,45.24101026929096,1
shopping_pos,1256.31,Sprague,NE,40.6267,-96.7456,142,Chiropodist,41.10998,-95.958421,20,4,7,52.87885010266941,85.25864599425176,1
home,57.12,North Loup,NE,41.4972,-98.7858,509,"""Nurse, children's""",41.494867,-99.060749,22,6,1,38.30800821355236,22.900635862372265,0
home,390.67499999999995,Bay City,OR,45.5197,-123.8761,1530,Colour technologist,44.864116,-123.145669,22,0,3,33.308692676249144,92.68313002386272,1
kids_pets,282.09000000000003,Malad City,ID,42.1808,-112.262,4154,Nature conservation officer,42.950748,-112.696817,17,1,12,58.94318959616701,92.72416911623937,0
health_fitness,191.715,Jelm,WY,41.0539,-106.0763,100,Public librarian,41.286783,-106.629324,22,6,1,44.74469541409993,53.04034811673706,0
food_dining,100.695,Indian Wells,CA,33.7163,-116.3381,4677,Learning mentor,33.060166,-116.996212,7,4,12,65.63997262149213,95.16434709714407,0
kids_pets,63.36,Independence,MO,39.1412,-94.3515,123373,"""Engineer, production""",39.360249,-94.435932,20,4,12,28.076659822039694,25.419015466674253,0
entertainment,127.47,Lowell,OR,43.921,-122.7806,1420,Systems analyst,43.77531,-122.538436,22,0,12,55.12936344969199,25.289406423359445,0
health_fitness,18.195,Laramie,WY,41.4247,-105.4781,35371,"""Pilot, airline""",41.888756,-105.760742,15,6,12,32.31759069130732,56.692103910722274,0
home,211.74,Santa Monica,CA,34.0287,-118.4924,92043,"""Civil engineer, contracting""",33.340497,-119.262197,18,1,1,57.7056810403833,104.54186066981306,0
health_fitness,61.935,Newhall,CA,34.3795,-118.523,34882,Health physicist,35.140141,-117.938224,21,1,1,47.68788501026694,100.03659167635088,0
entertainment,149.385,Fullerton,NE,41.366,-98.0054,1749,"""Surveyor, mining""",40.580755,-97.870938,20,6,12,47.6413415468857,88.04192417465967,0
shopping_pos,3.09,Centerview,MO,38.7897,-93.8702,2368,Electronics engineer,37.851872,-94.695308,18,4,12,31.44147843942505,126.71052787633448,0
food_dining,61.949999999999996,Phoenix,AZ,33.5623,-112.0559,1312922,Contractor,32.832673,-112.311469,20,6,1,37.20191649555099,84.54390987323352,0
misc_pos,48.045,Dumont,CO,39.7532,-105.6356,565,Mental health nurse,40.186824,-105.040833,9,3,12,42.34633812457221,69.95530453964162,0
grocery_pos,172.665,Tomales,CA,38.2427,-122.9145,337,Occupational psychologist,39.162446,-123.62944,11,4,12,66.47501711156742,119.61646862778817,0
grocery_pos,184.29,Kent,OR,45.0838,-120.6649,60,Museum education officer,44.189625,-121.655209,4,1,1,76.74743326488706,126.59030005758513,0
misc_net,1246.0500000000002,Camden,MO,39.2048,-94.0259,464,Colour technologist,39.191741,-93.640388,23,3,10,61.385352498288846,33.25204247382911,1
health_fitness,76.515,Thompson,UT,38.9999,-109.615,46,"""Surveyor, minerals""",39.187113,-109.942686,14,5,12,33.67830253251198,35.11518095688149,0
gas_transport,75.03,Mendon,UT,41.71,-111.9817,2078,"""Scientist, audiological""",41.583666,-112.869027,3,0,1,55.58932238193019,75.05483997734109,0
shopping_net,5.415,Hawthorne,CA,33.9143,-118.3493,93193,"""Editor, magazine features""",33.782844,-118.724153,16,4,12,25.68651608487337,37.576761563195575,0
health_fitness,28.11,Fiddletown,CA,38.5234,-120.6763,832,Immigration officer,38.739669,-121.391936,22,0,9,32.34770704996578,66.6514592286335,1
shopping_net,251.19,Mound City,MO,40.1362,-95.2138,1631,Architect,39.432225,-95.262296,11,3,12,67.94524298425736,78.38805369132754,0
kids_pets,25.71,Conway,WA,48.34,-122.3456,85,"""Research officer, political party""",47.55354,-122.202947,22,0,1,34.34907597535934,88.09339234916797,0
personal_care,36.464999999999996,Norwalk,CA,33.9056,-118.0818,105549,Firefighter,33.111999,-118.580152,12,6,1,45.30869267624914,99.6084394431857,0
misc_pos,51.795,Dumont,CO,39.7532,-105.6356,565,Mental health nurse,38.862097,-106.550682,2,1,12,42.34086242299794,126.55548228643111,0
home,5.64,Powell Butte,OR,44.2415,-121.0113,2016,Local government officer,45.116326,-120.154806,13,5,12,67.00342231348391,118.52516936820788,0
travel,12.96,Moriarty,NM,34.9889,-106.0609,7268,"""Therapist, art""",34.478914,-106.537265,22,5,1,30.420260095824776,71.48888011969453,0
entertainment,96.73499999999999,Tomales,CA,38.2427,-122.9145,337,Occupational psychologist,38.946431,-122.937136,15,1,1,64.53114305270363,78.27604040508344,0
grocery_pos,66.99,Riverton,WY,43.0351,-108.2024,19408,"""Lecturer, higher education""",42.94189,-108.90063,1,3,12,27.30458590006845,57.7304777925392,0
kids_pets,80.16,Matthews,MO,36.7154,-89.6287,1019,Aeronautical engineer,36.63211,-88.795852,14,6,12,41.9192334017796,74.85148165971009,0
misc_net,1032.8700000000001,Valentine,NE,42.8062,-100.6215,4005,Network engineer,42.164946,-99.934982,22,5,9,74.48049281314168,90.84742159696152,1
shopping_net,1502.04,Espanola,NM,35.9866,-106.0654,18408,Historic buildings inspector/conservation officer,36.327189,-105.718466,23,2,5,47.80013689253936,49.03496818168455,1
gas_transport,66.33,Wales,AK,64.7556,-165.6723,145,"""Administrator, education""",63.836637,-165.141429,2,1,1,79.16495550992471,105.34166499428537,0
shopping_pos,6.42,Independence,MO,39.1412,-94.3515,123373,"""Engineer, production""",40.022848,-93.423578,15,6,12,28.082135523613964,126.23069071347064,0
grocery_pos,450.99,Fort Washakie,WY,43.0048,-108.8964,1645,Freight forwarder,42.951412,-109.354886,0,0,12,43.841204654346335,37.76807957677084,1
food_dining,88.725,Lowell,OR,43.921,-122.7806,1420,Systems analyst,44.379191,-123.140551,13,0,1,53.15537303216975,58.48488683790472,0
grocery_pos,126.75,Saint Louis,MO,38.6171,-90.4504,927396,Occupational hygienist,38.404314,-91.378398,1,4,1,58.85284052019165,84.13912924660393,0
kids_pets,23.19,Owensville,MO,38.3511,-91.4867,6703,Naval architect,38.595367,-91.728106,21,0,1,20.635181382614647,34.342110352606525,0
grocery_pos,176.37,Luray,MO,40.4931,-91.8912,519,Town planner,40.848212,-91.820007,11,5,1,52.930869267624914,39.94053755390851,0
personal_care,40.755,Brashear,MO,40.1959,-92.4333,805,Private music teacher,39.204356,-91.781043,13,5,12,50.49965776865161,123.57092904682912,0
travel,3.75,Unionville,MO,40.4815,-92.9951,3805,"""Investment banker, corporate""",41.197871,-92.753711,21,0,1,68.33127994524298,82.20429715512368,0
shopping_pos,5.5200000000000005,Independence,MO,39.1412,-94.3515,123373,"""Engineer, production""",39.781996,-93.929888,21,6,1,26.10814510609172,79.91891453496079,0
food_dining,45.195,Llano,NM,36.1486,-105.6648,247,Architectural technologist,36.913853,-105.665152,14,3,1,57.1937029431896,85.09225701152258,0
grocery_pos,178.02,Wheaton,MO,36.7651,-94.0492,760,Production manager,37.505747,-93.683481,6,6,12,35.32375085557837,88.50718443733062,0
grocery_pos,90.09,Hawthorne,CA,33.9143,-118.3493,93193,"""Editor, magazine features""",32.989346,-117.680936,2,6,12,25.69199178644764,120.09545854407502,0
misc_pos,277.275,Meridian,ID,43.6498,-116.4306,84106,Intelligence analyst,44.303702,-116.375004,23,5,1,47.898699520876114,72.846545829371,0
grocery_pos,277.17,Napa,CA,38.4549,-122.2564,94014,Airline pilot,37.594145,-121.654659,7,3,12,35.36208076659822,109.26457059695387,0
home,350.295,Altonah,UT,40.3207,-110.436,302,"""Sales professional, IT""",39.706422,-109.485988,23,5,6,30.42299794661191,105.88235238490932,1
travel,12.690000000000001,Vancouver,WA,45.6892,-122.6616,299480,Teaching laboratory technician,44.751442,-122.224319,13,0,12,35.98631074606434,109.75414252161582,0
kids_pets,9.495000000000001,Sutherland,NE,41.1558,-101.136,1789,Insurance broker,41.647041,-100.803399,18,5,12,38.87200547570158,61.2640414486896,0
shopping_pos,1313.655,Matthews,MO,36.7154,-89.6287,1019,Aeronautical engineer,36.470006,-88.646366,22,1,9,40.62149212867899,91.84680288035383,1
misc_pos,7.199999999999999,Kirtland Afb,NM,35.0203,-106.5503,310,"""Surveyor, land/geomatics""",34.087632,-107.161995,21,6,1,40.28747433264887,117.8696066808749,0
shopping_pos,6.87,Shedd,OR,44.453,-123.1065,917,Radio broadcast assistant,45.244958,-123.034806,13,3,12,25.4839151266256,88.24288655206712,0
shopping_net,13.845,Glendale,CA,34.1556,-118.2322,172817,Advertising account planner,34.708327,-119.229282,18,1,12,38.417522245037645,110.17934379503524,0
home,56.519999999999996,Sun City,CA,33.7467,-117.1721,54287,"""Designer, exhibition/display""",33.820904,-116.930624,14,1,12,48.26830937713895,23.793376721104384,0
shopping_pos,1.83,San Diego,CA,32.7185,-117.1593,1241364,Comptroller,31.816245,-117.278201,18,0,1,31.123887748117728,100.94709063034334,0
misc_net,10.004999999999999,Port Costa,CA,38.046,-122.1866,198,Armed forces training and education officer,37.566595,-122.995999,11,2,1,59.79739904175222,88.87078264655983,0
grocery_pos,223.32,Loving,NM,32.274,-104.0914,1925,Educational psychologist,32.096081,-104.876537,10,6,1,66.63381245722108,76.4900768293886,0
food_dining,36.57,Phoenix,AZ,33.5623,-112.0559,1312922,Contractor,33.311558,-111.251543,14,1,1,37.22655715263518,79.67468532059775,0
